     2.00           CLOCK DATA                              RINEX VERSION / TYPE
CCRNXC V5.5         AIUB                04-SEP-26 18:38     PGM / RUN BY / DATE 
CODE RAPID PRECISE CLOCK INFORMATION                        COMMENT             
BASED ON CODE AND PHASE MEASUREMENTS                        COMMENT             
MERGED CLOCK INFORMATION FROM 5-MINUTE AND                  COMMENT             
30-SECOND CLOCK CORRECTIONS                                 COMMENT             
   GPS                                                      TIME SYSTEM ID      
G GPSEST V5.5       IGS20_2425                              SYS / PCVS APPLIED  
G GPSEST V5.5       CODE.BIA @ ftp.aiub.unibe.ch/CODE/      SYS / DCBS APPLIED  
COD  Center for Orbit Determination in Europe               ANALYSIS CENTER     
     1                                                      # OF CLK REF        
MGUE 41558M001                           0.000000000000E+00 ANALYSIS CLK REF    
                                                            END OF HEADER       
AS G01  2026 09 03 03 28 00.000000  1    0.181528740969E-03                              
AS G02  2026 09 03 03 28 00.000000  1    0.168965340173E-03                              
AS G03  2026 09 03 03 28 00.000000  1    0.288897375470E-03                              
AS G05  2026 09 03 03 28 00.000000  1   -0.236486459831E-03                              
AS G06  2026 09 03 03 28 00.000000  1   -0.533952606275E-03                              
AS G07  2026 09 03 03 28 00.000000  1   -0.221228896742E-03                              
AS G08  2026 09 03 03 28 00.000000  1    0.356961393865E-03                              
AS G09  2026 09 03 03 28 00.000000  1    0.687325794752E-03                              
AS G10  2026 09 03 03 28 00.000000  1   -0.540114161750E-03                              
AS G12  2026 09 03 03 28 00.000000  1   -0.602924096686E-03                              
AS G13  2026 09 03 03 28 00.000000  1    0.437259836933E-03                              
AS G15  2026 09 03 03 28 00.000000  1    0.441637451435E-03                              
AS G17  2026 09 03 03 28 00.000000  1   -0.196479761932E-03                              
AS G19  2026 09 03 03 28 00.000000  1    0.704936237098E-03                              
AS G20  2026 09 03 03 28 00.000000  1    0.276667389218E-03                              
AS G21  2026 09 03 03 28 00.000000  1    0.370866523981E-03                              
AS G22  2026 09 03 03 28 00.000000  1    0.725044832252E-04                              
AS G23  2026 09 03 03 28 00.000000  1    0.685407789154E-03                              
AS G24  2026 09 03 03 28 00.000000  1    0.190273922268E-03                              
AS G27  2026 09 03 03 28 00.000000  1    0.450958392758E-06                              
AS G30  2026 09 03 03 28 00.000000  1    0.351171878467E-03                              
AS G01  2026 09 03 03 28 30.000000  1    0.181528459695E-03                              
AS G02  2026 09 03 03 28 30.000000  1    0.168965514826E-03                              
AS G03  2026 09 03 03 28 30.000000  1    0.288896759479E-03                              
AS G05  2026 09 03 03 28 30.000000  1   -0.236486438672E-03                              
AS G06  2026 09 03 03 28 30.000000  1   -0.533952269097E-03                              
AS G07  2026 09 03 03 28 30.000000  1   -0.221228930112E-03                              
AS G08  2026 09 03 03 28 30.000000  1    0.356961085255E-03                              
AS G09  2026 09 03 03 28 30.000000  1    0.687325541581E-03                              
AS G10  2026 09 03 03 28 30.000000  1   -0.540113940703E-03                              
AS G12  2026 09 03 03 28 30.000000  1   -0.602924025411E-03                              
AS G13  2026 09 03 03 28 30.000000  1    0.437259979512E-03                              
AS G15  2026 09 03 03 28 30.000000  1    0.441637449451E-03                              
AS G17  2026 09 03 03 28 30.000000  1   -0.196479836513E-03                              
AS G19  2026 09 03 03 28 30.000000  1    0.704936227154E-03                              
AS G20  2026 09 03 03 28 30.000000  1    0.276667671732E-03                              
AS G21  2026 09 03 03 28 30.000000  1    0.370866291637E-03                              
AS G22  2026 09 03 03 28 30.000000  1    0.725048487362E-04                              
AS G23  2026 09 03 03 28 30.000000  1    0.685407907583E-03                              
AS G24  2026 09 03 03 28 30.000000  1    0.190274447256E-03                              
AS G27  2026 09 03 03 28 30.000000  1    0.450969181195E-06                              
AS G30  2026 09 03 03 28 30.000000  1    0.351172257095E-03                              
AS G01  2026 09 03 03 29 00.000000  1    0.181528171706E-03                              
AS G02  2026 09 03 03 29 00.000000  1    0.168965769520E-03                              
AS G03  2026 09 03 03 29 00.000000  1    0.288896135093E-03                              
AS G05  2026 09 03 03 29 00.000000  1   -0.236486426325E-03                              
AS G06  2026 09 03 03 29 00.000000  1   -0.533951949060E-03                              
AS G07  2026 09 03 03 29 00.000000  1   -0.221229098550E-03                              
AS G08  2026 09 03 03 29 00.000000  1    0.356960769379E-03                              
AS G09  2026 09 03 03 29 00.000000  1    0.687325277229E-03                              
AS G10  2026 09 03 03 29 00.000000  1   -0.540113723172E-03                              
AS G12  2026 09 03 03 29 00.000000  1   -0.602924202865E-03                              
AS G13  2026 09 03 03 29 00.000000  1    0.437260127413E-03                              
AS G15  2026 09 03 03 29 00.000000  1    0.441637580549E-03                              
AS G17  2026 09 03 03 29 00.000000  1   -0.196480070645E-03                              
AS G19  2026 09 03 03 29 00.000000  1    0.704936235322E-03                              
AS G20  2026 09 03 03 29 00.000000  1    0.276667944363E-03                              
AS G21  2026 09 03 03 29 00.000000  1    0.370866053895E-03                              
AS G22  2026 09 03 03 29 00.000000  1    0.725050957799E-04                              
AS G23  2026 09 03 03 29 00.000000  1    0.685408015610E-03                              
AS G24  2026 09 03 03 29 00.000000  1    0.190274971969E-03                              
AS G27  2026 09 03 03 29 00.000000  1    0.450956236386E-06                              
AS G30  2026 09 03 03 29 00.000000  1    0.351172633770E-03                              
AS G01  2026 09 03 03 29 30.000000  1    0.181527908604E-03                              
AS G02  2026 09 03 03 29 30.000000  1    0.168965945832E-03                              
AS G03  2026 09 03 03 29 30.000000  1    0.288895519947E-03                              
AS G05  2026 09 03 03 29 30.000000  1   -0.236486423669E-03                              
AS G06  2026 09 03 03 29 30.000000  1   -0.533951622529E-03                              
AS G07  2026 09 03 03 29 30.000000  1   -0.221229244871E-03                              
AS G08  2026 09 03 03 29 30.000000  1    0.356960464579E-03                              
AS G09  2026 09 03 03 29 30.000000  1    0.687325008993E-03                              
AS G10  2026 09 03 03 29 30.000000  1   -0.540113504398E-03                              
AS G12  2026 09 03 03 29 30.000000  1   -0.602924178412E-03                              
AS G13  2026 09 03 03 29 30.000000  1    0.437260276451E-03                              
AS G15  2026 09 03 03 29 30.000000  1    0.441637660237E-03                              
AS G17  2026 09 03 03 29 30.000000  1   -0.196480332646E-03                              
AS G19  2026 09 03 03 29 30.000000  1    0.704936210364E-03                              
AS G20  2026 09 03 03 29 30.000000  1    0.276668215763E-03                              
AS G21  2026 09 03 03 29 30.000000  1    0.370865814390E-03                              
AS G22  2026 09 03 03 29 30.000000  1    0.725053373584E-04                              
AS G23  2026 09 03 03 29 30.000000  1    0.685408122239E-03                              
AS G24  2026 09 03 03 29 30.000000  1    0.190275498435E-03                              
AS G27  2026 09 03 03 29 30.000000  1    0.451052132973E-06                              
AS G30  2026 09 03 03 29 30.000000  1    0.351173004697E-03                              
AS G01  2026 09 03 03 30 00.000000  2    0.181527629286E-03  0.935549956932E-11          
AS G02  2026 09 03 03 30 00.000000  2    0.168966096161E-03  0.928826977740E-11          
AS G03  2026 09 03 03 30 00.000000  2    0.288894906361E-03  0.960296046216E-11          
AS G05  2026 09 03 03 30 00.000000  2   -0.236486543627E-03  0.955137444617E-11          
AS G06  2026 09 03 03 30 00.000000  2   -0.533951296687E-03  0.964663466229E-11          
AS G07  2026 09 03 03 30 00.000000  2   -0.221229348347E-03  0.938298762381E-11          
AS G08  2026 09 03 03 30 00.000000  2    0.356960158826E-03  0.926840097419E-11          
AS G09  2026 09 03 03 30 00.000000  2    0.687324755660E-03  0.964534784123E-11          
AS G10  2026 09 03 03 30 00.000000  2   -0.540113283052E-03  0.930419929023E-11          
AS G12  2026 09 03 03 30 00.000000  2   -0.602924049212E-03  0.944458223777E-11          
AS G13  2026 09 03 03 30 00.000000  2    0.437260421818E-03  0.944832310007E-11          
AS G15  2026 09 03 03 30 00.000000  2    0.441637704321E-03  0.960859126787E-11          
AS G17  2026 09 03 03 30 00.000000  2   -0.196480398182E-03  0.951873531585E-11          
AS G19  2026 09 03 03 30 00.000000  2    0.704936152205E-03  0.966121424549E-11          
AS G20  2026 09 03 03 30 00.000000  2    0.276668484927E-03  0.951029023407E-11          
AS G21  2026 09 03 03 30 00.000000  2    0.370865577783E-03  0.951986998762E-11          
AS G22  2026 09 03 03 30 00.000000  2    0.725056271233E-04  0.945550075305E-11          
AS G23  2026 09 03 03 30 00.000000  2    0.685408237257E-03  0.937593610206E-11          
AS G24  2026 09 03 03 30 00.000000  2    0.190276018454E-03  0.982294808019E-11          
AS G27  2026 09 03 03 30 00.000000  2    0.451108997140E-06  0.930052166711E-11          
AS G30  2026 09 03 03 30 00.000000  2    0.351173366013E-03  0.938632362646E-11          
AS G01  2026 09 03 03 30 30.000000  1    0.181527353067E-03                              
AS G02  2026 09 03 03 30 30.000000  1    0.168966277845E-03                              
AS G03  2026 09 03 03 30 30.000000  1    0.288894282449E-03                              
AS G05  2026 09 03 03 30 30.000000  1   -0.236486579298E-03                              
AS G06  2026 09 03 03 30 30.000000  1   -0.533950975951E-03                              
AS G07  2026 09 03 03 30 30.000000  1   -0.221229446823E-03                              
AS G08  2026 09 03 03 30 30.000000  1    0.356959855821E-03                              
AS G09  2026 09 03 03 30 30.000000  1    0.687324497112E-03                              
AS G10  2026 09 03 03 30 30.000000  1   -0.540113067951E-03                              
AS G12  2026 09 03 03 30 30.000000  1   -0.602923972296E-03                              
AS G13  2026 09 03 03 30 30.000000  1    0.437260564986E-03                              
AS G15  2026 09 03 03 30 30.000000  1    0.441637762184E-03                              
AS G17  2026 09 03 03 30 30.000000  1   -0.196480609392E-03                              
AS G19  2026 09 03 03 30 30.000000  1    0.704936096461E-03                              
AS G20  2026 09 03 03 30 30.000000  1    0.276668756097E-03                              
AS G21  2026 09 03 03 30 30.000000  1    0.370865351318E-03                              
AS G22  2026 09 03 03 30 30.000000  1    0.725059300915E-04                              
AS G23  2026 09 03 03 30 30.000000  1    0.685408354032E-03                              
AS G24  2026 09 03 03 30 30.000000  1    0.190276542305E-03                              
AS G27  2026 09 03 03 30 30.000000  1    0.451090083559E-06                              
AS G30  2026 09 03 03 30 30.000000  1    0.351173743965E-03                              
AS G01  2026 09 03 03 31 00.000000  1    0.181527095073E-03                              
AS G02  2026 09 03 03 31 00.000000  1    0.168966440340E-03                              
AS G03  2026 09 03 03 31 00.000000  1    0.288893663862E-03                              
AS G05  2026 09 03 03 31 00.000000  1   -0.236486527809E-03                              
AS G06  2026 09 03 03 31 00.000000  1   -0.533950648367E-03                              
AS G07  2026 09 03 03 31 00.000000  1   -0.221229642611E-03                              
AS G08  2026 09 03 03 31 00.000000  1    0.356959560025E-03                              
AS G09  2026 09 03 03 31 00.000000  1    0.687324229066E-03                              
AS G10  2026 09 03 03 31 00.000000  1   -0.540112861801E-03                              
AS G12  2026 09 03 03 31 00.000000  1   -0.602924039841E-03                              
AS G13  2026 09 03 03 31 00.000000  1    0.437260723625E-03                              
AS G15  2026 09 03 03 31 00.000000  1    0.441637843272E-03                              
AS G17  2026 09 03 03 31 00.000000  1   -0.196480809757E-03                              
AS G19  2026 09 03 03 31 00.000000  1    0.704936016471E-03                              
AS G20  2026 09 03 03 31 00.000000  1    0.276669034398E-03                              
AS G21  2026 09 03 03 31 00.000000  1    0.370865122551E-03                              
AS G22  2026 09 03 03 31 00.000000  1    0.725062717457E-04                              
AS G23  2026 09 03 03 31 00.000000  1    0.685408468848E-03                              
AS G24  2026 09 03 03 31 00.000000  1    0.190277061633E-03                              
AS G27  2026 09 03 03 31 00.000000  1    0.451138801029E-06                              
AS G30  2026 09 03 03 31 00.000000  1    0.351174130301E-03                              
AS G01  2026 09 03 03 31 30.000000  1    0.181526823483E-03                              
AS G02  2026 09 03 03 31 30.000000  1    0.168966668203E-03                              
AS G03  2026 09 03 03 31 30.000000  1    0.288893042946E-03                              
AS G05  2026 09 03 03 31 30.000000  1   -0.236486547530E-03                              
AS G06  2026 09 03 03 31 30.000000  1   -0.533950324978E-03                              
AS G07  2026 09 03 03 31 30.000000  1   -0.221229711580E-03                              
AS G08  2026 09 03 03 31 30.000000  1    0.356959250604E-03                              
AS G09  2026 09 03 03 31 30.000000  1    0.687323974550E-03                              
AS G10  2026 09 03 03 31 30.000000  1   -0.540112640625E-03                              
AS G12  2026 09 03 03 31 30.000000  1   -0.602924006653E-03                              
AS G13  2026 09 03 03 31 30.000000  1    0.437260877122E-03                              
AS G15  2026 09 03 03 31 30.000000  1    0.441637962514E-03                              
AS G17  2026 09 03 03 31 30.000000  1   -0.196481041654E-03                              
AS G19  2026 09 03 03 31 30.000000  1    0.704935979856E-03                              
AS G20  2026 09 03 03 31 30.000000  1    0.276669311708E-03                              
AS G21  2026 09 03 03 31 30.000000  1    0.370864891698E-03                              
AS G22  2026 09 03 03 31 30.000000  1    0.725065167737E-04                              
AS G23  2026 09 03 03 31 30.000000  1    0.685408571068E-03                              
AS G24  2026 09 03 03 31 30.000000  1    0.190277591258E-03                              
AS G27  2026 09 03 03 31 30.000000  1    0.451201116470E-06                              
AS G30  2026 09 03 03 31 30.000000  1    0.351174499654E-03                              
AS G01  2026 09 03 03 32 00.000000  1    0.181526550626E-03                              
AS G02  2026 09 03 03 32 00.000000  1    0.168966888500E-03                              
AS G03  2026 09 03 03 32 00.000000  1    0.288892419128E-03                              
AS G05  2026 09 03 03 32 00.000000  1   -0.236486550759E-03                              
AS G06  2026 09 03 03 32 00.000000  1   -0.533950002705E-03                              
AS G07  2026 09 03 03 32 00.000000  1   -0.221229798780E-03                              
AS G08  2026 09 03 03 32 00.000000  1    0.356958945720E-03                              
AS G09  2026 09 03 03 32 00.000000  1    0.687323710601E-03                              
AS G10  2026 09 03 03 32 00.000000  1   -0.540112436072E-03                              
AS G12  2026 09 03 03 32 00.000000  1   -0.602923924359E-03                              
AS G13  2026 09 03 03 32 00.000000  1    0.437261018837E-03                              
AS G15  2026 09 03 03 32 00.000000  1    0.441638127515E-03                              
AS G17  2026 09 03 03 32 00.000000  1   -0.196481254325E-03                              
AS G19  2026 09 03 03 32 00.000000  1    0.704936014027E-03                              
AS G20  2026 09 03 03 32 00.000000  1    0.276669578940E-03                              
AS G21  2026 09 03 03 32 00.000000  1    0.370864659142E-03                              
AS G22  2026 09 03 03 32 00.000000  1    0.725068208712E-04                              
AS G23  2026 09 03 03 32 00.000000  1    0.685408685050E-03                              
AS G24  2026 09 03 03 32 00.000000  1    0.190278114806E-03                              
AS G27  2026 09 03 03 32 00.000000  1    0.451129392492E-06                              
AS G30  2026 09 03 03 32 00.000000  1    0.351174865044E-03                              
AS G01  2026 09 03 03 32 30.000000  1    0.181526284292E-03                              
AS G02  2026 09 03 03 32 30.000000  1    0.168967179254E-03                              
AS G03  2026 09 03 03 32 30.000000  1    0.288891802520E-03                              
AS G05  2026 09 03 03 32 30.000000  1   -0.236486480250E-03                              
AS G06  2026 09 03 03 32 30.000000  1   -0.533949681452E-03                              
AS G07  2026 09 03 03 32 30.000000  1   -0.221229852263E-03                              
AS G08  2026 09 03 03 32 30.000000  1    0.356958633571E-03                              
AS G09  2026 09 03 03 32 30.000000  1    0.687323557830E-03                              
AS G10  2026 09 03 03 32 30.000000  1   -0.540112224319E-03                              
AS G12  2026 09 03 03 32 30.000000  1   -0.602923918109E-03                              
AS G13  2026 09 03 03 32 30.000000  1    0.437261160131E-03                              
AS G15  2026 09 03 03 32 30.000000  1    0.441638168956E-03                              
AS G17  2026 09 03 03 32 30.000000  1   -0.196481397581E-03                              
AS G19  2026 09 03 03 32 30.000000  1    0.704935994467E-03                              
AS G20  2026 09 03 03 32 30.000000  1    0.276669855755E-03                              
AS G21  2026 09 03 03 32 30.000000  1    0.370864419735E-03                              
AS G22  2026 09 03 03 32 30.000000  1    0.725069162441E-04                              
AS G23  2026 09 03 03 32 30.000000  1    0.685408798148E-03                              
AS G24  2026 09 03 03 32 30.000000  1    0.190278632317E-03                              
AS G27  2026 09 03 03 32 30.000000  1    0.451027160681E-06                              
AS G30  2026 09 03 03 32 30.000000  1    0.351175242653E-03                              
AS G01  2026 09 03 03 33 00.000000  1    0.181526008353E-03                              
AS G02  2026 09 03 03 33 00.000000  1    0.168967468336E-03                              
AS G03  2026 09 03 03 33 00.000000  1    0.288891174229E-03                              
AS G05  2026 09 03 03 33 00.000000  1   -0.236486546715E-03                              
AS G06  2026 09 03 03 33 00.000000  1   -0.533949358053E-03                              
AS G07  2026 09 03 03 33 00.000000  1   -0.221230023791E-03                              
AS G08  2026 09 03 03 33 00.000000  1    0.356958328556E-03                              
AS G09  2026 09 03 03 33 00.000000  1    0.687323287716E-03                              
AS G10  2026 09 03 03 33 00.000000  1   -0.540112014980E-03                              
AS G12  2026 09 03 03 33 00.000000  1   -0.602924042865E-03                              
AS G13  2026 09 03 03 33 00.000000  1    0.437261304334E-03                              
AS G15  2026 09 03 03 33 00.000000  1    0.441638290996E-03                              
AS G17  2026 09 03 03 33 00.000000  1   -0.196481429979E-03                              
AS G19  2026 09 03 03 33 00.000000  1    0.704936088763E-03                              
AS G20  2026 09 03 03 33 00.000000  1    0.276670139135E-03                              
AS G21  2026 09 03 03 33 00.000000  1    0.370864199524E-03                              
AS G22  2026 09 03 03 33 00.000000  1    0.725070335635E-04                              
AS G23  2026 09 03 03 33 00.000000  1    0.685408902517E-03                              
AS G24  2026 09 03 03 33 00.000000  1    0.190279150375E-03                              
AS G27  2026 09 03 03 33 00.000000  1    0.450967062680E-06                              
AS G30  2026 09 03 03 33 00.000000  1    0.351175615058E-03                              
AS G01  2026 09 03 03 33 30.000000  1    0.181525729826E-03                              
AS G02  2026 09 03 03 33 30.000000  1    0.168967532239E-03                              
AS G03  2026 09 03 03 33 30.000000  1    0.288890562218E-03                              
AS G05  2026 09 03 03 33 30.000000  1   -0.236486591583E-03                              
AS G06  2026 09 03 03 33 30.000000  1   -0.533949024864E-03                              
AS G07  2026 09 03 03 33 30.000000  1   -0.221230133209E-03                              
AS G08  2026 09 03 03 33 30.000000  1    0.356958013764E-03                              
AS G09  2026 09 03 03 33 30.000000  1    0.687323033583E-03                              
AS G10  2026 09 03 03 33 30.000000  1   -0.540111805587E-03                              
AS G12  2026 09 03 03 33 30.000000  1   -0.602923912644E-03                              
AS G13  2026 09 03 03 33 30.000000  1    0.437261450141E-03                              
AS G15  2026 09 03 03 33 30.000000  1    0.441638472205E-03                              
AS G17  2026 09 03 03 33 30.000000  1   -0.196481459872E-03                              
AS G19  2026 09 03 03 33 30.000000  1    0.704936107262E-03                              
AS G20  2026 09 03 03 33 30.000000  1    0.276670410475E-03                              
AS G21  2026 09 03 03 33 30.000000  1    0.370863966615E-03                              
AS G22  2026 09 03 03 33 30.000000  1    0.725073056326E-04                              
AS G23  2026 09 03 03 33 30.000000  1    0.685409013672E-03                              
AS G24  2026 09 03 03 33 30.000000  1    0.190279668431E-03                              
AS G27  2026 09 03 03 33 30.000000  1    0.450886564826E-06                              
AS G30  2026 09 03 03 33 30.000000  1    0.351175981610E-03                              
AS G01  2026 09 03 03 34 00.000000  1    0.181525449990E-03                              
AS G02  2026 09 03 03 34 00.000000  1    0.168967731394E-03                              
AS G03  2026 09 03 03 34 00.000000  1    0.288889935085E-03                              
AS G05  2026 09 03 03 34 00.000000  1   -0.236486506635E-03                              
AS G06  2026 09 03 03 34 00.000000  1   -0.533948710680E-03                              
AS G07  2026 09 03 03 34 00.000000  1   -0.221230242007E-03                              
AS G08  2026 09 03 03 34 00.000000  1    0.356957712220E-03                              
AS G09  2026 09 03 03 34 00.000000  1    0.687322778423E-03                              
AS G10  2026 09 03 03 34 00.000000  1   -0.540111591140E-03                              
AS G12  2026 09 03 03 34 00.000000  1   -0.602923931724E-03                              
AS G13  2026 09 03 03 34 00.000000  1    0.437261598367E-03                              
AS G15  2026 09 03 03 34 00.000000  1    0.441638568998E-03                              
AS G17  2026 09 03 03 34 00.000000  1   -0.196481600337E-03                              
AS G19  2026 09 03 03 34 00.000000  1    0.704936188706E-03                              
AS G20  2026 09 03 03 34 00.000000  1    0.276670684298E-03                              
AS G21  2026 09 03 03 34 00.000000  1    0.370863727032E-03                              
AS G22  2026 09 03 03 34 00.000000  1    0.725075792100E-04                              
AS G23  2026 09 03 03 34 00.000000  1    0.685409128257E-03                              
AS G24  2026 09 03 03 34 00.000000  1    0.190280198485E-03                              
AS G27  2026 09 03 03 34 00.000000  1    0.450835463588E-06                              
AS G30  2026 09 03 03 34 00.000000  1    0.351176358083E-03                              
AS G01  2026 09 03 03 34 30.000000  1    0.181525175845E-03                              
AS G02  2026 09 03 03 34 30.000000  1    0.168967973027E-03                              
AS G03  2026 09 03 03 34 30.000000  1    0.288889313890E-03                              
AS G05  2026 09 03 03 34 30.000000  1   -0.236486483129E-03                              
AS G06  2026 09 03 03 34 30.000000  1   -0.533948403161E-03                              
AS G07  2026 09 03 03 34 30.000000  1   -0.221230304814E-03                              
AS G08  2026 09 03 03 34 30.000000  1    0.356957394928E-03                              
AS G09  2026 09 03 03 34 30.000000  1    0.687322511176E-03                              
AS G10  2026 09 03 03 34 30.000000  1   -0.540111386310E-03                              
AS G12  2026 09 03 03 34 30.000000  1   -0.602923849100E-03                              
AS G13  2026 09 03 03 34 30.000000  1    0.437261732318E-03                              
AS G15  2026 09 03 03 34 30.000000  1    0.441638747437E-03                              
AS G17  2026 09 03 03 34 30.000000  1   -0.196481767420E-03                              
AS G19  2026 09 03 03 34 30.000000  1    0.704936229909E-03                              
AS G20  2026 09 03 03 34 30.000000  1    0.276670952252E-03                              
AS G21  2026 09 03 03 34 30.000000  1    0.370863478199E-03                              
AS G22  2026 09 03 03 34 30.000000  1    0.725079070430E-04                              
AS G23  2026 09 03 03 34 30.000000  1    0.685409234365E-03                              
AS G24  2026 09 03 03 34 30.000000  1    0.190280715743E-03                              
AS G27  2026 09 03 03 34 30.000000  1    0.450683193687E-06                              
AS G30  2026 09 03 03 34 30.000000  1    0.351176719529E-03                              
AS G01  2026 09 03 03 35 00.000000  2    0.181524895590E-03  0.939661313341E-11          
AS G02  2026 09 03 03 35 00.000000  2    0.168968211106E-03  0.933377726803E-11          
AS G03  2026 09 03 03 35 00.000000  2    0.288888689510E-03  0.967648530280E-11          
AS G05  2026 09 03 03 35 00.000000  2   -0.236486560032E-03  0.958882378660E-11          
AS G06  2026 09 03 03 35 00.000000  2   -0.533948074563E-03  0.969681499001E-11          
AS G07  2026 09 03 03 35 00.000000  2   -0.221230440197E-03  0.943733956892E-11          
AS G08  2026 09 03 03 35 00.000000  2    0.356957083858E-03  0.931778609655E-11          
AS G09  2026 09 03 03 35 00.000000  2    0.687322231414E-03  0.969116351353E-11          
AS G10  2026 09 03 03 35 00.000000  2   -0.540111169823E-03  0.935387050269E-11          
AS G12  2026 09 03 03 35 00.000000  2   -0.602923775646E-03  0.949405371894E-11          
AS G13  2026 09 03 03 35 00.000000  2    0.437261871695E-03  0.949832970890E-11          
AS G15  2026 09 03 03 35 00.000000  2    0.441638938325E-03  0.965780197138E-11          
AS G17  2026 09 03 03 35 00.000000  2   -0.196481862387E-03  0.955391592426E-11          
AS G19  2026 09 03 03 35 00.000000  2    0.704936165545E-03  0.970807321466E-11          
AS G20  2026 09 03 03 35 00.000000  2    0.276671211630E-03  0.956005596571E-11          
AS G21  2026 09 03 03 35 00.000000  2    0.370863236868E-03  0.956220614428E-11          
AS G22  2026 09 03 03 35 00.000000  2    0.725082415714E-04  0.949642307778E-11          
AS G23  2026 09 03 03 35 00.000000  2    0.685409343631E-03  0.943469344270E-11          
AS G24  2026 09 03 03 35 00.000000  2    0.190281230751E-03  0.990077360246E-11          
AS G27  2026 09 03 03 35 00.000000  2    0.450618926469E-06  0.935318172263E-11          
AS G30  2026 09 03 03 35 00.000000  2    0.351177093832E-03  0.943661132707E-11          
AS G01  2026 09 03 03 35 30.000000  1    0.181524620120E-03                              
AS G02  2026 09 03 03 35 30.000000  1    0.168968369288E-03                              
AS G03  2026 09 03 03 35 30.000000  1    0.288888067544E-03                              
AS G05  2026 09 03 03 35 30.000000  1   -0.236486505645E-03                              
AS G06  2026 09 03 03 35 30.000000  1   -0.533947749923E-03                              
AS G07  2026 09 03 03 35 30.000000  1   -0.221230554739E-03                              
AS G08  2026 09 03 03 35 30.000000  1    0.356956781321E-03                              
AS G09  2026 09 03 03 35 30.000000  1    0.687321969130E-03                              
AS G10  2026 09 03 03 35 30.000000  1   -0.540110956229E-03                              
AS G12  2026 09 03 03 35 30.000000  1   -0.602923752159E-03                              
AS G13  2026 09 03 03 35 30.000000  1    0.437262019940E-03                              
AS G15  2026 09 03 03 35 30.000000  1    0.441639034278E-03                              
AS G17  2026 09 03 03 35 30.000000  1   -0.196481972269E-03                              
AS G19  2026 09 03 03 35 30.000000  1    0.704936172804E-03                              
AS G20  2026 09 03 03 35 30.000000  1    0.276671489387E-03                              
AS G21  2026 09 03 03 35 30.000000  1    0.370863012051E-03                              
AS G22  2026 09 03 03 35 30.000000  1    0.725085202350E-04                              
AS G23  2026 09 03 03 35 30.000000  1    0.685409455271E-03                              
AS G24  2026 09 03 03 35 30.000000  1    0.190281745458E-03                              
AS G27  2026 09 03 03 35 30.000000  1    0.450743670658E-06                              
AS G30  2026 09 03 03 35 30.000000  1    0.351177464158E-03                              
AS G01  2026 09 03 03 36 00.000000  1    0.181524353269E-03                              
AS G02  2026 09 03 03 36 00.000000  1    0.168968505597E-03                              
AS G03  2026 09 03 03 36 00.000000  1    0.288887445471E-03                              
AS G05  2026 09 03 03 36 00.000000  1   -0.236486453127E-03                              
AS G06  2026 09 03 03 36 00.000000  1   -0.533947432861E-03                              
AS G07  2026 09 03 03 36 00.000000  1   -0.221230730967E-03                              
AS G08  2026 09 03 03 36 00.000000  1    0.356956459636E-03                              
AS G09  2026 09 03 03 36 00.000000  1    0.687321710281E-03                              
AS G10  2026 09 03 03 36 00.000000  1   -0.540110747004E-03                              
AS G12  2026 09 03 03 36 00.000000  1   -0.602923760505E-03                              
AS G13  2026 09 03 03 36 00.000000  1    0.437262164831E-03                              
AS G15  2026 09 03 03 36 00.000000  1    0.441639154208E-03                              
AS G17  2026 09 03 03 36 00.000000  1   -0.196482139158E-03                              
AS G19  2026 09 03 03 36 00.000000  1    0.704936125790E-03                              
AS G20  2026 09 03 03 36 00.000000  1    0.276671767989E-03                              
AS G21  2026 09 03 03 36 00.000000  1    0.370862771541E-03                              
AS G22  2026 09 03 03 36 00.000000  1    0.725088138664E-04                              
AS G23  2026 09 03 03 36 00.000000  1    0.685409557835E-03                              
AS G24  2026 09 03 03 36 00.000000  1    0.190282275506E-03                              
AS G27  2026 09 03 03 36 00.000000  1    0.450782072452E-06                              
AS G30  2026 09 03 03 36 00.000000  1    0.351177834803E-03                              
AS G01  2026 09 03 03 36 30.000000  1    0.181524076693E-03                              
AS G02  2026 09 03 03 36 30.000000  1    0.168968828524E-03                              
AS G03  2026 09 03 03 36 30.000000  1    0.288886816016E-03                              
AS G05  2026 09 03 03 36 30.000000  1   -0.236486465824E-03                              
AS G06  2026 09 03 03 36 30.000000  1   -0.533947106738E-03                              
AS G07  2026 09 03 03 36 30.000000  1   -0.221230728484E-03                              
AS G08  2026 09 03 03 36 30.000000  1    0.356956159352E-03                              
AS G09  2026 09 03 03 36 30.000000  1    0.687321455363E-03                              
AS G10  2026 09 03 03 36 30.000000  1   -0.540110527801E-03                              
AS G12  2026 09 03 03 36 30.000000  1   -0.602923730801E-03                              
AS G13  2026 09 03 03 36 30.000000  1    0.437262307510E-03                              
AS G15  2026 09 03 03 36 30.000000  1    0.441638990512E-03                              
AS G17  2026 09 03 03 36 30.000000  1   -0.196482323526E-03                              
AS G19  2026 09 03 03 36 30.000000  1    0.704936017630E-03                              
AS G20  2026 09 03 03 36 30.000000  1    0.276672041131E-03                              
AS G21  2026 09 03 03 36 30.000000  1    0.370862533079E-03                              
AS G22  2026 09 03 03 36 30.000000  1    0.725089388004E-04                              
AS G23  2026 09 03 03 36 30.000000  1    0.685409664807E-03                              
AS G24  2026 09 03 03 36 30.000000  1    0.190282796492E-03                              
AS G27  2026 09 03 03 36 30.000000  1    0.450752713466E-06                              
AS G30  2026 09 03 03 36 30.000000  1    0.351178198875E-03                              
AS G01  2026 09 03 03 37 00.000000  1    0.181523816875E-03                              
AS G02  2026 09 03 03 37 00.000000  1    0.168969112752E-03                              
AS G03  2026 09 03 03 37 00.000000  1    0.288886190572E-03                              
AS G05  2026 09 03 03 37 00.000000  1   -0.236486510187E-03                              
AS G06  2026 09 03 03 37 00.000000  1   -0.533946784890E-03                              
AS G07  2026 09 03 03 37 00.000000  1   -0.221230845090E-03                              
AS G08  2026 09 03 03 37 00.000000  1    0.356955844637E-03                              
AS G09  2026 09 03 03 37 00.000000  1    0.687321203337E-03                              
AS G10  2026 09 03 03 37 00.000000  1   -0.540110325159E-03                              
AS G12  2026 09 03 03 37 00.000000  1   -0.602923680271E-03                              
AS G13  2026 09 03 03 37 00.000000  1    0.437262454178E-03                              
AS G15  2026 09 03 03 37 00.000000  1    0.441638978289E-03                              
AS G17  2026 09 03 03 37 00.000000  1   -0.196482529092E-03                              
AS G19  2026 09 03 03 37 00.000000  1    0.704935983693E-03                              
AS G20  2026 09 03 03 37 00.000000  1    0.276672313164E-03                              
AS G21  2026 09 03 03 37 00.000000  1    0.370862306428E-03                              
AS G22  2026 09 03 03 37 00.000000  1    0.725091656996E-04                              
AS G23  2026 09 03 03 37 00.000000  1    0.685409775026E-03                              
AS G24  2026 09 03 03 37 00.000000  1    0.190283308650E-03                              
AS G27  2026 09 03 03 37 00.000000  1    0.450878872288E-06                              
AS G30  2026 09 03 03 37 00.000000  1    0.351178573823E-03                              
AS G01  2026 09 03 03 37 30.000000  1    0.181523550965E-03                              
AS G02  2026 09 03 03 37 30.000000  1    0.168969398622E-03                              
AS G03  2026 09 03 03 37 30.000000  1    0.288885575005E-03                              
AS G05  2026 09 03 03 37 30.000000  1   -0.236486731595E-03                              
AS G06  2026 09 03 03 37 30.000000  1   -0.533946460279E-03                              
AS G07  2026 09 03 03 37 30.000000  1   -0.221230949817E-03                              
AS G08  2026 09 03 03 37 30.000000  1    0.356955544581E-03                              
AS G09  2026 09 03 03 37 30.000000  1    0.687320935138E-03                              
AS G10  2026 09 03 03 37 30.000000  1   -0.540110102435E-03                              
AS G12  2026 09 03 03 37 30.000000  1   -0.602923607267E-03                              
AS G13  2026 09 03 03 37 30.000000  1    0.437262607557E-03                              
AS G15  2026 09 03 03 37 30.000000  1    0.441639130808E-03                              
AS G17  2026 09 03 03 37 30.000000  1   -0.196482671061E-03                              
AS G19  2026 09 03 03 37 30.000000  1    0.704936050335E-03                              
AS G20  2026 09 03 03 37 30.000000  1    0.276672586636E-03                              
AS G21  2026 09 03 03 37 30.000000  1    0.370862080893E-03                              
AS G22  2026 09 03 03 37 30.000000  1    0.725093882166E-04                              
AS G23  2026 09 03 03 37 30.000000  1    0.685409898347E-03                              
AS G24  2026 09 03 03 37 30.000000  1    0.190283838575E-03                              
AS G27  2026 09 03 03 37 30.000000  1    0.450815768119E-06                              
AS G30  2026 09 03 03 37 30.000000  1    0.351178942437E-03                              
AS G01  2026 09 03 03 38 00.000000  1    0.181523280649E-03                              
AS G02  2026 09 03 03 38 00.000000  1    0.168969562365E-03                              
AS G03  2026 09 03 03 38 00.000000  1    0.288884965158E-03                              
AS G05  2026 09 03 03 38 00.000000  1   -0.236486721494E-03                              
AS G06  2026 09 03 03 38 00.000000  1   -0.533946125761E-03                              
AS G07  2026 09 03 03 38 00.000000  1   -0.221231040050E-03                              
AS G08  2026 09 03 03 38 00.000000  1    0.356955233572E-03                              
AS G09  2026 09 03 03 38 00.000000  1    0.687320675782E-03                              
AS G10  2026 09 03 03 38 00.000000  1   -0.540109889751E-03                              
AS G12  2026 09 03 03 38 00.000000  1   -0.602923556086E-03                              
AS G13  2026 09 03 03 38 00.000000  1    0.437262759984E-03                              
AS G15  2026 09 03 03 38 00.000000  1    0.441639262138E-03                              
AS G17  2026 09 03 03 38 00.000000  1   -0.196482889527E-03                              
AS G19  2026 09 03 03 38 00.000000  1    0.704936121719E-03                              
AS G20  2026 09 03 03 38 00.000000  1    0.276672866230E-03                              
AS G21  2026 09 03 03 38 00.000000  1    0.370861841602E-03                              
AS G22  2026 09 03 03 38 00.000000  1    0.725096682670E-04                              
AS G23  2026 09 03 03 38 00.000000  1    0.685410000280E-03                              
AS G24  2026 09 03 03 38 00.000000  1    0.190284358620E-03                              
AS G27  2026 09 03 03 38 00.000000  1    0.450833915992E-06                              
AS G30  2026 09 03 03 38 00.000000  1    0.351179316090E-03                              
AS G01  2026 09 03 03 38 30.000000  1    0.181523020431E-03                              
AS G02  2026 09 03 03 38 30.000000  1    0.168969768794E-03                              
AS G03  2026 09 03 03 38 30.000000  1    0.288884350786E-03                              
AS G05  2026 09 03 03 38 30.000000  1   -0.236486756258E-03                              
AS G06  2026 09 03 03 38 30.000000  1   -0.533945802464E-03                              
AS G07  2026 09 03 03 38 30.000000  1   -0.221231130115E-03                              
AS G08  2026 09 03 03 38 30.000000  1    0.356954932612E-03                              
AS G09  2026 09 03 03 38 30.000000  1    0.687320417390E-03                              
AS G10  2026 09 03 03 38 30.000000  1   -0.540109662980E-03                              
AS G12  2026 09 03 03 38 30.000000  1   -0.602923561228E-03                              
AS G13  2026 09 03 03 38 30.000000  1    0.437262919945E-03                              
AS G15  2026 09 03 03 38 30.000000  1    0.441639320739E-03                              
AS G17  2026 09 03 03 38 30.000000  1   -0.196483190453E-03                              
AS G19  2026 09 03 03 38 30.000000  1    0.704936093636E-03                              
AS G20  2026 09 03 03 38 30.000000  1    0.276673145243E-03                              
AS G21  2026 09 03 03 38 30.000000  1    0.370861616086E-03                              
AS G22  2026 09 03 03 38 30.000000  1    0.725098883077E-04                              
AS G23  2026 09 03 03 38 30.000000  1    0.685410118030E-03                              
AS G24  2026 09 03 03 38 30.000000  1    0.190284884185E-03                              
AS G27  2026 09 03 03 38 30.000000  1    0.450828489978E-06                              
AS G30  2026 09 03 03 38 30.000000  1    0.351179691989E-03                              
AS G01  2026 09 03 03 39 00.000000  1    0.181522734312E-03                              
AS G02  2026 09 03 03 39 00.000000  1    0.168969942633E-03                              
AS G03  2026 09 03 03 39 00.000000  1    0.288883724571E-03                              
AS G05  2026 09 03 03 39 00.000000  1   -0.236486739064E-03                              
AS G06  2026 09 03 03 39 00.000000  1   -0.533945478682E-03                              
AS G07  2026 09 03 03 39 00.000000  1   -0.221231165353E-03                              
AS G08  2026 09 03 03 39 00.000000  1    0.356954631690E-03                              
AS G09  2026 09 03 03 39 00.000000  1    0.687320162856E-03                              
AS G10  2026 09 03 03 39 00.000000  1   -0.540109439564E-03                              
AS G12  2026 09 03 03 39 00.000000  1   -0.602923667944E-03                              
AS G13  2026 09 03 03 39 00.000000  1    0.437263060249E-03                              
AS G15  2026 09 03 03 39 00.000000  1    0.441639344137E-03                              
AS G17  2026 09 03 03 39 00.000000  1   -0.196483380023E-03                              
AS G19  2026 09 03 03 39 00.000000  1    0.704936125434E-03                              
AS G20  2026 09 03 03 39 00.000000  1    0.276673422832E-03                              
AS G21  2026 09 03 03 39 00.000000  1    0.370861388704E-03                              
AS G22  2026 09 03 03 39 00.000000  1    0.725101498701E-04                              
AS G23  2026 09 03 03 39 00.000000  1    0.685410232282E-03                              
AS G24  2026 09 03 03 39 00.000000  1    0.190285399947E-03                              
AS G27  2026 09 03 03 39 00.000000  1    0.450835371039E-06                              
AS G30  2026 09 03 03 39 00.000000  1    0.351180059473E-03                              
AS G01  2026 09 03 03 39 30.000000  1    0.181522454869E-03                              
AS G02  2026 09 03 03 39 30.000000  1    0.168970066097E-03                              
AS G03  2026 09 03 03 39 30.000000  1    0.288883104988E-03                              
AS G05  2026 09 03 03 39 30.000000  1   -0.236486839914E-03                              
AS G06  2026 09 03 03 39 30.000000  1   -0.533945152490E-03                              
AS G07  2026 09 03 03 39 30.000000  1   -0.221231319969E-03                              
AS G08  2026 09 03 03 39 30.000000  1    0.356954320473E-03                              
AS G09  2026 09 03 03 39 30.000000  1    0.687319890736E-03                              
AS G10  2026 09 03 03 39 30.000000  1   -0.540109215929E-03                              
AS G12  2026 09 03 03 39 30.000000  1   -0.602923624269E-03                              
AS G13  2026 09 03 03 39 30.000000  1    0.437263206399E-03                              
AS G15  2026 09 03 03 39 30.000000  1    0.441639393167E-03                              
AS G17  2026 09 03 03 39 30.000000  1   -0.196483455559E-03                              
AS G19  2026 09 03 03 39 30.000000  1    0.704936105561E-03                              
AS G20  2026 09 03 03 39 30.000000  1    0.276673692953E-03                              
AS G21  2026 09 03 03 39 30.000000  1    0.370861152550E-03                              
AS G22  2026 09 03 03 39 30.000000  1    0.725104681804E-04                              
AS G23  2026 09 03 03 39 30.000000  1    0.685410339847E-03                              
AS G24  2026 09 03 03 39 30.000000  1    0.190285913117E-03                              
AS G27  2026 09 03 03 39 30.000000  1    0.450813652613E-06                              
AS G30  2026 09 03 03 39 30.000000  1    0.351180433492E-03                              
AS G01  2026 09 03 03 40 00.000000  2    0.181522190894E-03  0.901103458899E-11          
AS G02  2026 09 03 03 40 00.000000  2    0.168970279157E-03  0.895278739760E-11          
AS G03  2026 09 03 03 40 00.000000  2    0.288882495682E-03  0.926933015602E-11          
AS G05  2026 09 03 03 40 00.000000  2   -0.236486805114E-03  0.920626917428E-11          
AS G06  2026 09 03 03 40 00.000000  2   -0.533944827958E-03  0.933538092445E-11          
AS G07  2026 09 03 03 40 00.000000  2   -0.221231356122E-03  0.907048312608E-11          
AS G08  2026 09 03 03 40 00.000000  2    0.356954021764E-03  0.893985332352E-11          
AS G09  2026 09 03 03 40 00.000000  2    0.687319639846E-03  0.932249369740E-11          
AS G10  2026 09 03 03 40 00.000000  2   -0.540109006025E-03  0.897663006880E-11          
AS G12  2026 09 03 03 40 00.000000  2   -0.602923635053E-03  0.911902121755E-11          
AS G13  2026 09 03 03 40 00.000000  2    0.437263361613E-03  0.912766173707E-11          
AS G15  2026 09 03 03 40 00.000000  2    0.441639599591E-03  0.929324648590E-11          
AS G17  2026 09 03 03 40 00.000000  2   -0.196483476958E-03  0.916968722398E-11          
AS G19  2026 09 03 03 40 00.000000  2    0.704936098969E-03  0.934020207161E-11          
AS G20  2026 09 03 03 40 00.000000  2    0.276673981848E-03  0.919201810724E-11          
AS G21  2026 09 03 03 40 00.000000  2    0.370860926122E-03  0.918396913968E-11          
AS G22  2026 09 03 03 40 00.000000  2    0.725107108477E-04  0.911546652098E-11          
AS G23  2026 09 03 03 40 00.000000  2    0.685410443884E-03  0.906860848221E-11          
AS G24  2026 09 03 03 40 00.000000  2    0.190286436846E-03  0.955314706046E-11          
AS G27  2026 09 03 03 40 00.000000  2    0.450967986161E-06  0.897899035227E-11          
AS G30  2026 09 03 03 40 00.000000  2    0.351180810986E-03  0.906027472597E-11          
AS G01  2026 09 03 03 40 30.000000  1    0.181521925471E-03                              
AS G02  2026 09 03 03 40 30.000000  1    0.168970512878E-03                              
AS G03  2026 09 03 03 40 30.000000  1    0.288881878383E-03                              
AS G05  2026 09 03 03 40 30.000000  1   -0.236486816626E-03                              
AS G06  2026 09 03 03 40 30.000000  1   -0.533944503872E-03                              
AS G07  2026 09 03 03 40 30.000000  1   -0.221231469100E-03                              
AS G08  2026 09 03 03 40 30.000000  1    0.356953708391E-03                              
AS G09  2026 09 03 03 40 30.000000  1    0.687319380777E-03                              
AS G10  2026 09 03 03 40 30.000000  1   -0.540108779742E-03                              
AS G12  2026 09 03 03 40 30.000000  1   -0.602923744033E-03                              
AS G13  2026 09 03 03 40 30.000000  1    0.437263508715E-03                              
AS G15  2026 09 03 03 40 30.000000  1    0.441639689883E-03                              
AS G17  2026 09 03 03 40 30.000000  1   -0.196483379287E-03                              
AS G19  2026 09 03 03 40 30.000000  1    0.704936130484E-03                              
AS G20  2026 09 03 03 40 30.000000  1    0.276674249789E-03                              
AS G21  2026 09 03 03 40 30.000000  1    0.370860690809E-03                              
AS G22  2026 09 03 03 40 30.000000  1    0.725109740845E-04                              
AS G23  2026 09 03 03 40 30.000000  1    0.685410546688E-03                              
AS G24  2026 09 03 03 40 30.000000  1    0.190286955218E-03                              
AS G27  2026 09 03 03 40 30.000000  1    0.451070908100E-06                              
AS G30  2026 09 03 03 40 30.000000  1    0.351181183955E-03                              
AS G01  2026 09 03 03 41 00.000000  1    0.181521642191E-03                              
AS G02  2026 09 03 03 41 00.000000  1    0.168970796296E-03                              
AS G03  2026 09 03 03 41 00.000000  1    0.288881252013E-03                              
AS G05  2026 09 03 03 41 00.000000  1   -0.236486884120E-03                              
AS G06  2026 09 03 03 41 00.000000  1   -0.533944182335E-03                              
AS G07  2026 09 03 03 41 00.000000  1   -0.221231559698E-03                              
AS G08  2026 09 03 03 41 00.000000  1    0.356953410320E-03                              
AS G09  2026 09 03 03 41 00.000000  1    0.687319117734E-03                              
AS G10  2026 09 03 03 41 00.000000  1   -0.540108574726E-03                              
AS G12  2026 09 03 03 41 00.000000  1   -0.602923691811E-03                              
AS G13  2026 09 03 03 41 00.000000  1    0.437263654866E-03                              
AS G15  2026 09 03 03 41 00.000000  1    0.441639879990E-03                              
AS G17  2026 09 03 03 41 00.000000  1   -0.196483443616E-03                              
AS G19  2026 09 03 03 41 00.000000  1    0.704936156337E-03                              
AS G20  2026 09 03 03 41 00.000000  1    0.276674529908E-03                              
AS G21  2026 09 03 03 41 00.000000  1    0.370860459481E-03                              
AS G22  2026 09 03 03 41 00.000000  1    0.725113221040E-04                              
AS G23  2026 09 03 03 41 00.000000  1    0.685410660675E-03                              
AS G24  2026 09 03 03 41 00.000000  1    0.190287472172E-03                              
AS G27  2026 09 03 03 41 00.000000  1    0.451009501363E-06                              
AS G30  2026 09 03 03 41 00.000000  1    0.351181560547E-03                              
AS G01  2026 09 03 03 41 30.000000  1    0.181521371141E-03                              
AS G02  2026 09 03 03 41 30.000000  1    0.168970988846E-03                              
AS G03  2026 09 03 03 41 30.000000  1    0.288880642640E-03                              
AS G05  2026 09 03 03 41 30.000000  1   -0.236486888902E-03                              
AS G06  2026 09 03 03 41 30.000000  1   -0.533943857597E-03                              
AS G07  2026 09 03 03 41 30.000000  1   -0.221231691963E-03                              
AS G08  2026 09 03 03 41 30.000000  1    0.356953093456E-03                              
AS G09  2026 09 03 03 41 30.000000  1    0.687318850287E-03                              
AS G10  2026 09 03 03 41 30.000000  1   -0.540108361529E-03                              
AS G12  2026 09 03 03 41 30.000000  1   -0.602923591241E-03                              
AS G13  2026 09 03 03 41 30.000000  1    0.437263802751E-03                              
AS G15  2026 09 03 03 41 30.000000  1    0.441639981196E-03                              
AS G17  2026 09 03 03 41 30.000000  1   -0.196483636917E-03                              
AS G19  2026 09 03 03 41 30.000000  1    0.704936032359E-03                              
AS G20  2026 09 03 03 41 30.000000  1    0.276674798436E-03                              
AS G21  2026 09 03 03 41 30.000000  1    0.370860192926E-03                              
AS G22  2026 09 03 03 41 30.000000  1    0.725116472165E-04                              
AS G23  2026 09 03 03 41 30.000000  1    0.685410781613E-03                              
AS G24  2026 09 03 03 41 30.000000  1    0.190287987762E-03                              
AS G27  2026 09 03 03 41 30.000000  1    0.450892371655E-06                              
AS G30  2026 09 03 03 41 30.000000  1    0.351181933548E-03                              
AS G01  2026 09 03 03 42 00.000000  1    0.181521093010E-03                              
AS G02  2026 09 03 03 42 00.000000  1    0.168971183559E-03                              
AS G03  2026 09 03 03 42 00.000000  1    0.288880012635E-03                              
AS G05  2026 09 03 03 42 00.000000  1   -0.236486889533E-03                              
AS G06  2026 09 03 03 42 00.000000  1   -0.533943540075E-03                              
AS G07  2026 09 03 03 42 00.000000  1   -0.221231850093E-03                              
AS G08  2026 09 03 03 42 00.000000  1    0.356952780748E-03                              
AS G09  2026 09 03 03 42 00.000000  1    0.687318587095E-03                              
AS G10  2026 09 03 03 42 00.000000  1   -0.540108143214E-03                              
AS G12  2026 09 03 03 42 00.000000  1   -0.602923481369E-03                              
AS G13  2026 09 03 03 42 00.000000  1    0.437263950809E-03                              
AS G15  2026 09 03 03 42 00.000000  1    0.441640063626E-03                              
AS G17  2026 09 03 03 42 00.000000  1   -0.196483759650E-03                              
AS G19  2026 09 03 03 42 00.000000  1    0.704936101783E-03                              
AS G20  2026 09 03 03 42 00.000000  1    0.276675063151E-03                              
AS G21  2026 09 03 03 42 00.000000  1    0.370859943545E-03                              
AS G22  2026 09 03 03 42 00.000000  1    0.725118480349E-04                              
AS G23  2026 09 03 03 42 00.000000  1    0.685410878425E-03                              
AS G24  2026 09 03 03 42 00.000000  1    0.190288503052E-03                              
AS G27  2026 09 03 03 42 00.000000  1    0.450794287629E-06                              
AS G30  2026 09 03 03 42 00.000000  1    0.351182299649E-03                              
AS G01  2026 09 03 03 42 30.000000  1    0.181520820174E-03                              
AS G02  2026 09 03 03 42 30.000000  1    0.168971427777E-03                              
AS G03  2026 09 03 03 42 30.000000  1    0.288879391194E-03                              
AS G05  2026 09 03 03 42 30.000000  1   -0.236487052812E-03                              
AS G06  2026 09 03 03 42 30.000000  1   -0.533943221699E-03                              
AS G07  2026 09 03 03 42 30.000000  1   -0.221232023403E-03                              
AS G08  2026 09 03 03 42 30.000000  1    0.356952473213E-03                              
AS G09  2026 09 03 03 42 30.000000  1    0.687318326939E-03                              
AS G10  2026 09 03 03 42 30.000000  1   -0.540107926135E-03                              
AS G12  2026 09 03 03 42 30.000000  1   -0.602923383039E-03                              
AS G13  2026 09 03 03 42 30.000000  1    0.437264096515E-03                              
AS G15  2026 09 03 03 42 30.000000  1    0.441640122848E-03                              
AS G17  2026 09 03 03 42 30.000000  1   -0.196483866326E-03                              
AS G19  2026 09 03 03 42 30.000000  1    0.704936210089E-03                              
AS G20  2026 09 03 03 42 30.000000  1    0.276675336571E-03                              
AS G21  2026 09 03 03 42 30.000000  1    0.370859708081E-03                              
AS G22  2026 09 03 03 42 30.000000  1    0.725120309172E-04                              
AS G23  2026 09 03 03 42 30.000000  1    0.685410993754E-03                              
AS G24  2026 09 03 03 42 30.000000  1    0.190289014193E-03                              
AS G27  2026 09 03 03 42 30.000000  1    0.450760782239E-06                              
AS G30  2026 09 03 03 42 30.000000  1    0.351182667467E-03                              
AS G01  2026 09 03 03 43 00.000000  1    0.181520534222E-03                              
AS G02  2026 09 03 03 43 00.000000  1    0.168971556834E-03                              
AS G03  2026 09 03 03 43 00.000000  1    0.288878763988E-03                              
AS G05  2026 09 03 03 43 00.000000  1   -0.236487033022E-03                              
AS G06  2026 09 03 03 43 00.000000  1   -0.533942885113E-03                              
AS G07  2026 09 03 03 43 00.000000  1   -0.221232173605E-03                              
AS G08  2026 09 03 03 43 00.000000  1    0.356952164441E-03                              
AS G09  2026 09 03 03 43 00.000000  1    0.687318065784E-03                              
AS G10  2026 09 03 03 43 00.000000  1   -0.540107716492E-03                              
AS G12  2026 09 03 03 43 00.000000  1   -0.602923411969E-03                              
AS G13  2026 09 03 03 43 00.000000  1    0.437264243641E-03                              
AS G15  2026 09 03 03 43 00.000000  1    0.441640187317E-03                              
AS G17  2026 09 03 03 43 00.000000  1   -0.196484105133E-03                              
AS G19  2026 09 03 03 43 00.000000  1    0.704936262671E-03                              
AS G20  2026 09 03 03 43 00.000000  1    0.276675625356E-03                              
AS G21  2026 09 03 03 43 00.000000  1    0.370859475172E-03                              
AS G22  2026 09 03 03 43 00.000000  1    0.725121671763E-04                              
AS G23  2026 09 03 03 43 00.000000  1    0.685411109489E-03                              
AS G24  2026 09 03 03 43 00.000000  1    0.190289534480E-03                              
AS G27  2026 09 03 03 43 00.000000  1    0.450762983713E-06                              
AS G30  2026 09 03 03 43 00.000000  1    0.351183032423E-03                              
AS G01  2026 09 03 03 43 30.000000  1    0.181520271009E-03                              
AS G02  2026 09 03 03 43 30.000000  1    0.168971783390E-03                              
AS G03  2026 09 03 03 43 30.000000  1    0.288878144457E-03                              
AS G05  2026 09 03 03 43 30.000000  1   -0.236486959689E-03                              
AS G06  2026 09 03 03 43 30.000000  1   -0.533942557671E-03                              
AS G07  2026 09 03 03 43 30.000000  1   -0.221232240489E-03                              
AS G08  2026 09 03 03 43 30.000000  1    0.356951855722E-03                              
AS G09  2026 09 03 03 43 30.000000  1    0.687317802028E-03                              
AS G10  2026 09 03 03 43 30.000000  1   -0.540107500560E-03                              
AS G12  2026 09 03 03 43 30.000000  1   -0.602923503685E-03                              
AS G13  2026 09 03 03 43 30.000000  1    0.437264392855E-03                              
AS G15  2026 09 03 03 43 30.000000  1    0.441640252616E-03                              
AS G17  2026 09 03 03 43 30.000000  1   -0.196484283631E-03                              
AS G19  2026 09 03 03 43 30.000000  1    0.704936194116E-03                              
AS G20  2026 09 03 03 43 30.000000  1    0.276675893090E-03                              
AS G21  2026 09 03 03 43 30.000000  1    0.370859233903E-03                              
AS G22  2026 09 03 03 43 30.000000  1    0.725124850809E-04                              
AS G23  2026 09 03 03 43 30.000000  1    0.685411220368E-03                              
AS G24  2026 09 03 03 43 30.000000  1    0.190290056550E-03                              
AS G27  2026 09 03 03 43 30.000000  1    0.450683045490E-06                              
AS G30  2026 09 03 03 43 30.000000  1    0.351183409419E-03                              
AS G01  2026 09 03 03 44 00.000000  1    0.181519992320E-03                              
AS G02  2026 09 03 03 44 00.000000  1    0.168971984852E-03                              
AS G03  2026 09 03 03 44 00.000000  1    0.288877526305E-03                              
AS G05  2026 09 03 03 44 00.000000  1   -0.236486867734E-03                              
AS G06  2026 09 03 03 44 00.000000  1   -0.533942238121E-03                              
AS G07  2026 09 03 03 44 00.000000  1   -0.221232313041E-03                              
AS G08  2026 09 03 03 44 00.000000  1    0.356951543892E-03                              
AS G09  2026 09 03 03 44 00.000000  1    0.687317532761E-03                              
AS G10  2026 09 03 03 44 00.000000  1   -0.540107291246E-03                              
AS G12  2026 09 03 03 44 00.000000  1   -0.602923481783E-03                              
AS G13  2026 09 03 03 44 00.000000  1    0.437264537191E-03                              
AS G15  2026 09 03 03 44 00.000000  1    0.441640232178E-03                              
AS G17  2026 09 03 03 44 00.000000  1   -0.196484210223E-03                              
AS G19  2026 09 03 03 44 00.000000  1    0.704936053653E-03                              
AS G20  2026 09 03 03 44 00.000000  1    0.276676173689E-03                              
AS G21  2026 09 03 03 44 00.000000  1    0.370859007627E-03                              
AS G22  2026 09 03 03 44 00.000000  1    0.725128508421E-04                              
AS G23  2026 09 03 03 44 00.000000  1    0.685411327760E-03                              
AS G24  2026 09 03 03 44 00.000000  1    0.190290584759E-03                              
AS G27  2026 09 03 03 44 00.000000  1    0.450580190071E-06                              
AS G30  2026 09 03 03 44 00.000000  1    0.351183774676E-03                              
AS G01  2026 09 03 03 44 30.000000  1    0.181519714047E-03                              
AS G02  2026 09 03 03 44 30.000000  1    0.168972133600E-03                              
AS G03  2026 09 03 03 44 30.000000  1    0.288876907270E-03                              
AS G05  2026 09 03 03 44 30.000000  1   -0.236486766236E-03                              
AS G06  2026 09 03 03 44 30.000000  1   -0.533941920523E-03                              
AS G07  2026 09 03 03 44 30.000000  1   -0.221232439253E-03                              
AS G08  2026 09 03 03 44 30.000000  1    0.356951239010E-03                              
AS G09  2026 09 03 03 44 30.000000  1    0.687317269172E-03                              
AS G10  2026 09 03 03 44 30.000000  1   -0.540107075887E-03                              
AS G12  2026 09 03 03 44 30.000000  1   -0.602923436613E-03                              
AS G13  2026 09 03 03 44 30.000000  1    0.437264689107E-03                              
AS G15  2026 09 03 03 44 30.000000  1    0.441640265078E-03                              
AS G17  2026 09 03 03 44 30.000000  1   -0.196484315098E-03                              
AS G19  2026 09 03 03 44 30.000000  1    0.704936055722E-03                              
AS G20  2026 09 03 03 44 30.000000  1    0.276676444470E-03                              
AS G21  2026 09 03 03 44 30.000000  1    0.370858768196E-03                              
AS G22  2026 09 03 03 44 30.000000  1    0.725131313126E-04                              
AS G23  2026 09 03 03 44 30.000000  1    0.685411444633E-03                              
AS G24  2026 09 03 03 44 30.000000  1    0.190291109588E-03                              
AS G27  2026 09 03 03 44 30.000000  1    0.450585010236E-06                              
AS G30  2026 09 03 03 44 30.000000  1    0.351184153469E-03                              
AS G01  2026 09 03 03 45 00.000000  2    0.181519419129E-03  0.933349887572E-11          
AS G02  2026 09 03 03 45 00.000000  2    0.168972409859E-03  0.928185165059E-11          
AS G03  2026 09 03 03 45 00.000000  2    0.288876297619E-03  0.959218571110E-11          
AS G05  2026 09 03 03 45 00.000000  2   -0.236486865654E-03  0.952332892842E-11          
AS G06  2026 09 03 03 45 00.000000  2   -0.533941601637E-03  0.965794594824E-11          
AS G07  2026 09 03 03 45 00.000000  2   -0.221232540781E-03  0.940616408460E-11          
AS G08  2026 09 03 03 45 00.000000  2    0.356950928827E-03  0.927327479713E-11          
AS G09  2026 09 03 03 45 00.000000  2    0.687317010638E-03  0.964438700368E-11          
AS G10  2026 09 03 03 45 00.000000  2   -0.540106866876E-03  0.931044715359E-11          
AS G12  2026 09 03 03 45 00.000000  2   -0.602923450210E-03  0.944914190250E-11          
AS G13  2026 09 03 03 45 00.000000  2    0.437264828964E-03  0.945935956309E-11          
AS G15  2026 09 03 03 45 00.000000  2    0.441640372173E-03  0.961256707821E-11          
AS G17  2026 09 03 03 45 00.000000  2   -0.196484482004E-03  0.948404992953E-11          
AS G19  2026 09 03 03 45 00.000000  2    0.704936026984E-03  0.966038592562E-11          
AS G20  2026 09 03 03 45 00.000000  2    0.276676709778E-03  0.951969864426E-11          
AS G21  2026 09 03 03 45 00.000000  2    0.370858537902E-03  0.950839552236E-11          
AS G22  2026 09 03 03 45 00.000000  2    0.725134063823E-04  0.943748394508E-11          
AS G23  2026 09 03 03 45 00.000000  2    0.685411548859E-03  0.941172963969E-11          
AS G24  2026 09 03 03 45 00.000000  2    0.190291615998E-03  0.989608541063E-11          
AS G27  2026 09 03 03 45 00.000000  2    0.450619282509E-06  0.931615846361E-11          
AS G30  2026 09 03 03 45 00.000000  2    0.351184515702E-03  0.939075417533E-11          
AS G01  2026 09 03 03 45 30.000000  1    0.181519146367E-03                              
AS G02  2026 09 03 03 45 30.000000  1    0.168972639820E-03                              
AS G03  2026 09 03 03 45 30.000000  1    0.288875684946E-03                              
AS G05  2026 09 03 03 45 30.000000  1   -0.236487079052E-03                              
AS G06  2026 09 03 03 45 30.000000  1   -0.533941269760E-03                              
AS G07  2026 09 03 03 45 30.000000  1   -0.221232606986E-03                              
AS G08  2026 09 03 03 45 30.000000  1    0.356950627801E-03                              
AS G09  2026 09 03 03 45 30.000000  1    0.687316757516E-03                              
AS G10  2026 09 03 03 45 30.000000  1   -0.540106652982E-03                              
AS G12  2026 09 03 03 45 30.000000  1   -0.602923444091E-03                              
AS G13  2026 09 03 03 45 30.000000  1    0.437264980453E-03                              
AS G15  2026 09 03 03 45 30.000000  1    0.441640596231E-03                              
AS G17  2026 09 03 03 45 30.000000  1   -0.196484692757E-03                              
AS G19  2026 09 03 03 45 30.000000  1    0.704936035115E-03                              
AS G20  2026 09 03 03 45 30.000000  1    0.276676984533E-03                              
AS G21  2026 09 03 03 45 30.000000  1    0.370858313272E-03                              
AS G22  2026 09 03 03 45 30.000000  1    0.725136296133E-04                              
AS G23  2026 09 03 03 45 30.000000  1    0.685411662789E-03                              
AS G24  2026 09 03 03 45 30.000000  1    0.190292138438E-03                              
AS G27  2026 09 03 03 45 30.000000  1    0.450625337171E-06                              
AS G30  2026 09 03 03 45 30.000000  1    0.351184883022E-03                              
AS G01  2026 09 03 03 46 00.000000  1    0.181518887455E-03                              
AS G02  2026 09 03 03 46 00.000000  1    0.168972891234E-03                              
AS G03  2026 09 03 03 46 00.000000  1    0.288875073298E-03                              
AS G05  2026 09 03 03 46 00.000000  1   -0.236487139270E-03                              
AS G06  2026 09 03 03 46 00.000000  1   -0.533940937192E-03                              
AS G07  2026 09 03 03 46 00.000000  1   -0.221232707019E-03                              
AS G08  2026 09 03 03 46 00.000000  1    0.356950319602E-03                              
AS G09  2026 09 03 03 46 00.000000  1    0.687316499673E-03                              
AS G10  2026 09 03 03 46 00.000000  1   -0.540106430648E-03                              
AS G12  2026 09 03 03 46 00.000000  1   -0.602923407786E-03                              
AS G13  2026 09 03 03 46 00.000000  1    0.437265128505E-03                              
AS G15  2026 09 03 03 46 00.000000  1    0.441640711379E-03                              
AS G17  2026 09 03 03 46 00.000000  1   -0.196484876708E-03                              
AS G19  2026 09 03 03 46 00.000000  1    0.704935989729E-03                              
AS G20  2026 09 03 03 46 00.000000  1    0.276677259439E-03                              
AS G21  2026 09 03 03 46 00.000000  1    0.370858085844E-03                              
AS G22  2026 09 03 03 46 00.000000  1    0.725138886265E-04                              
AS G23  2026 09 03 03 46 00.000000  1    0.685411779392E-03                              
AS G24  2026 09 03 03 46 00.000000  1    0.190292652735E-03                              
AS G27  2026 09 03 03 46 00.000000  1    0.450769771568E-06                              
AS G30  2026 09 03 03 46 00.000000  1    0.351185259022E-03                              
AS G01  2026 09 03 03 46 30.000000  1    0.181518593825E-03                              
AS G02  2026 09 03 03 46 30.000000  1    0.168973069787E-03                              
AS G03  2026 09 03 03 46 30.000000  1    0.288874446007E-03                              
AS G05  2026 09 03 03 46 30.000000  1   -0.236487127932E-03                              
AS G06  2026 09 03 03 46 30.000000  1   -0.533940612866E-03                              
AS G07  2026 09 03 03 46 30.000000  1   -0.221232845606E-03                              
AS G08  2026 09 03 03 46 30.000000  1    0.356950000042E-03                              
AS G09  2026 09 03 03 46 30.000000  1    0.687316229066E-03                              
AS G10  2026 09 03 03 46 30.000000  1   -0.540106200437E-03                              
AS G12  2026 09 03 03 46 30.000000  1   -0.602923381186E-03                              
AS G13  2026 09 03 03 46 30.000000  1    0.437265280994E-03                              
AS G15  2026 09 03 03 46 30.000000  1    0.441640716395E-03                              
AS G17  2026 09 03 03 46 30.000000  1   -0.196485134775E-03                              
AS G19  2026 09 03 03 46 30.000000  1    0.704936012009E-03                              
AS G20  2026 09 03 03 46 30.000000  1    0.276677527949E-03                              
AS G21  2026 09 03 03 46 30.000000  1    0.370857844194E-03                              
AS G22  2026 09 03 03 46 30.000000  1    0.725141581694E-04                              
AS G23  2026 09 03 03 46 30.000000  1    0.685411887869E-03                              
AS G24  2026 09 03 03 46 30.000000  1    0.190293166875E-03                              
AS G27  2026 09 03 03 46 30.000000  1    0.450654301227E-06                              
AS G30  2026 09 03 03 46 30.000000  1    0.351185616120E-03                              
AS G01  2026 09 03 03 47 00.000000  1    0.181518307756E-03                              
AS G02  2026 09 03 03 47 00.000000  1    0.168973243257E-03                              
AS G03  2026 09 03 03 47 00.000000  1    0.288873825378E-03                              
AS G05  2026 09 03 03 47 00.000000  1   -0.236487047823E-03                              
AS G06  2026 09 03 03 47 00.000000  1   -0.533940204702E-03                              
AS G07  2026 09 03 03 47 00.000000  1   -0.221232893864E-03                              
AS G08  2026 09 03 03 47 00.000000  1    0.356949698179E-03                              
AS G09  2026 09 03 03 47 00.000000  1    0.687315963298E-03                              
AS G10  2026 09 03 03 47 00.000000  1   -0.540106001261E-03                              
AS G12  2026 09 03 03 47 00.000000  1   -0.602923320614E-03                              
AS G13  2026 09 03 03 47 00.000000  1    0.437265427780E-03                              
AS G15  2026 09 03 03 47 00.000000  1    0.441640636491E-03                              
AS G17  2026 09 03 03 47 00.000000  1   -0.196485406478E-03                              
AS G19  2026 09 03 03 47 00.000000  1    0.704936005364E-03                              
AS G20  2026 09 03 03 47 00.000000  1    0.276677803994E-03                              
AS G21  2026 09 03 03 47 00.000000  1    0.370857605445E-03                              
AS G22  2026 09 03 03 47 00.000000  1    0.725145342988E-04                              
AS G23  2026 09 03 03 47 00.000000  1    0.685411994524E-03                              
AS G24  2026 09 03 03 47 00.000000  1    0.190293685399E-03                              
AS G27  2026 09 03 03 47 00.000000  1    0.450624349375E-06                              
AS G30  2026 09 03 03 47 00.000000  1    0.351185981286E-03                              
AS G01  2026 09 03 03 47 30.000000  1    0.181518021464E-03                              
AS G02  2026 09 03 03 47 30.000000  1    0.168973362699E-03                              
AS G03  2026 09 03 03 47 30.000000  1    0.288873208200E-03                              
AS G05  2026 09 03 03 47 30.000000  1   -0.236487092809E-03                              
AS G06  2026 09 03 03 47 30.000000  1   -0.533939879050E-03                              
AS G07  2026 09 03 03 47 30.000000  1   -0.221232938059E-03                              
AS G08  2026 09 03 03 47 30.000000  1    0.356949380659E-03                              
AS G09  2026 09 03 03 47 30.000000  1    0.687315705342E-03                              
AS G10  2026 09 03 03 47 30.000000  1   -0.540105780341E-03                              
AS G12  2026 09 03 03 47 30.000000  1   -0.602923265874E-03                              
AS G13  2026 09 03 03 47 30.000000  1    0.437265573155E-03                              
AS G15  2026 09 03 03 47 30.000000  1    0.441640736467E-03                              
AS G17  2026 09 03 03 47 30.000000  1   -0.196485681351E-03                              
AS G19  2026 09 03 03 47 30.000000  1    0.704935996316E-03                              
AS G20  2026 09 03 03 47 30.000000  1    0.276678079660E-03                              
AS G21  2026 09 03 03 47 30.000000  1    0.370857355656E-03                              
AS G22  2026 09 03 03 47 30.000000  1    0.725147468101E-04                              
AS G23  2026 09 03 03 47 30.000000  1    0.685412102870E-03                              
AS G24  2026 09 03 03 47 30.000000  1    0.190294195511E-03                              
AS G27  2026 09 03 03 47 30.000000  1    0.450548762352E-06                              
AS G30  2026 09 03 03 47 30.000000  1    0.351186353354E-03                              
AS G01  2026 09 03 03 48 00.000000  1    0.181517750112E-03                              
AS G02  2026 09 03 03 48 00.000000  1    0.168973624005E-03                              
AS G03  2026 09 03 03 48 00.000000  1    0.288872587425E-03                              
AS G05  2026 09 03 03 48 00.000000  1   -0.236487059304E-03                              
AS G06  2026 09 03 03 48 00.000000  1   -0.533939562989E-03                              
AS G07  2026 09 03 03 48 00.000000  1   -0.221233048414E-03                              
AS G08  2026 09 03 03 48 00.000000  1    0.356949070980E-03                              
AS G09  2026 09 03 03 48 00.000000  1    0.687315439761E-03                              
AS G10  2026 09 03 03 48 00.000000  1   -0.540105561689E-03                              
AS G12  2026 09 03 03 48 00.000000  1   -0.602923136574E-03                              
AS G13  2026 09 03 03 48 00.000000  1    0.437265718119E-03                              
AS G15  2026 09 03 03 48 00.000000  1    0.441640957632E-03                              
AS G17  2026 09 03 03 48 00.000000  1   -0.196485716950E-03                              
AS G19  2026 09 03 03 48 00.000000  1    0.704935906106E-03                              
AS G20  2026 09 03 03 48 00.000000  1    0.276678351761E-03                              
AS G21  2026 09 03 03 48 00.000000  1    0.370857138643E-03                              
AS G22  2026 09 03 03 48 00.000000  1    0.725150416110E-04                              
AS G23  2026 09 03 03 48 00.000000  1    0.685412204772E-03                              
AS G24  2026 09 03 03 48 00.000000  1    0.190294720369E-03                              
AS G27  2026 09 03 03 48 00.000000  1    0.450531766584E-06                              
AS G30  2026 09 03 03 48 00.000000  1    0.351186724289E-03                              
AS G01  2026 09 03 03 48 30.000000  1    0.181517476251E-03                              
AS G02  2026 09 03 03 48 30.000000  1    0.168973870046E-03                              
AS G03  2026 09 03 03 48 30.000000  1    0.288871974799E-03                              
AS G05  2026 09 03 03 48 30.000000  1   -0.236487018966E-03                              
AS G06  2026 09 03 03 48 30.000000  1   -0.533939240589E-03                              
AS G07  2026 09 03 03 48 30.000000  1   -0.221233220149E-03                              
AS G08  2026 09 03 03 48 30.000000  1    0.356948769759E-03                              
AS G09  2026 09 03 03 48 30.000000  1    0.687315171931E-03                              
AS G10  2026 09 03 03 48 30.000000  1   -0.540105351110E-03                              
AS G12  2026 09 03 03 48 30.000000  1   -0.602923144711E-03                              
AS G13  2026 09 03 03 48 30.000000  1    0.437265870939E-03                              
AS G15  2026 09 03 03 48 30.000000  1    0.441641053655E-03                              
AS G17  2026 09 03 03 48 30.000000  1   -0.196485799122E-03                              
AS G19  2026 09 03 03 48 30.000000  1    0.704935857777E-03                              
AS G20  2026 09 03 03 48 30.000000  1    0.276678628132E-03                              
AS G21  2026 09 03 03 48 30.000000  1    0.370856914490E-03                              
AS G22  2026 09 03 03 48 30.000000  1    0.725154098222E-04                              
AS G23  2026 09 03 03 48 30.000000  1    0.685412323049E-03                              
AS G24  2026 09 03 03 48 30.000000  1    0.190295243663E-03                              
AS G27  2026 09 03 03 48 30.000000  1    0.450675858111E-06                              
AS G30  2026 09 03 03 48 30.000000  1    0.351187092823E-03                              
AS G01  2026 09 03 03 49 00.000000  1    0.181517184987E-03                              
AS G02  2026 09 03 03 49 00.000000  1    0.168974178432E-03                              
AS G03  2026 09 03 03 49 00.000000  1    0.288871353969E-03                              
AS G05  2026 09 03 03 49 00.000000  1   -0.236486949266E-03                              
AS G06  2026 09 03 03 49 00.000000  1   -0.533938910457E-03                              
AS G07  2026 09 03 03 49 00.000000  1   -0.221233280021E-03                              
AS G08  2026 09 03 03 49 00.000000  1    0.356948452717E-03                              
AS G09  2026 09 03 03 49 00.000000  1    0.687314907774E-03                              
AS G10  2026 09 03 03 49 00.000000  1   -0.540105131933E-03                              
AS G12  2026 09 03 03 49 00.000000  1   -0.602923186484E-03                              
AS G13  2026 09 03 03 49 00.000000  1    0.437266011078E-03                              
AS G15  2026 09 03 03 49 00.000000  1    0.441641177883E-03                              
AS G17  2026 09 03 03 49 00.000000  1   -0.196485942637E-03                              
AS G19  2026 09 03 03 49 00.000000  1    0.704935955564E-03                              
AS G20  2026 09 03 03 49 00.000000  1    0.276678904712E-03                              
AS G21  2026 09 03 03 49 00.000000  1    0.370856670930E-03                              
AS G22  2026 09 03 03 49 00.000000  1    0.725157152426E-04                              
AS G23  2026 09 03 03 49 00.000000  1    0.685412426725E-03                              
AS G24  2026 09 03 03 49 00.000000  1    0.190295752553E-03                              
AS G27  2026 09 03 03 49 00.000000  1    0.450720580199E-06                              
AS G30  2026 09 03 03 49 00.000000  1    0.351187465577E-03                              
AS G01  2026 09 03 03 49 30.000000  1    0.181516909657E-03                              
AS G02  2026 09 03 03 49 30.000000  1    0.168974410020E-03                              
AS G03  2026 09 03 03 49 30.000000  1    0.288870739341E-03                              
AS G05  2026 09 03 03 49 30.000000  1   -0.236486912354E-03                              
AS G06  2026 09 03 03 49 30.000000  1   -0.533938588493E-03                              
AS G07  2026 09 03 03 49 30.000000  1   -0.221233286902E-03                              
AS G08  2026 09 03 03 49 30.000000  1    0.356948143091E-03                              
AS G09  2026 09 03 03 49 30.000000  1    0.687314635460E-03                              
AS G10  2026 09 03 03 49 30.000000  1   -0.540104919699E-03                              
AS G12  2026 09 03 03 49 30.000000  1   -0.602923248184E-03                              
AS G13  2026 09 03 03 49 30.000000  1    0.437266150944E-03                              
AS G15  2026 09 03 03 49 30.000000  1    0.441641297803E-03                              
AS G17  2026 09 03 03 49 30.000000  1   -0.196485958935E-03                              
AS G19  2026 09 03 03 49 30.000000  1    0.704936003913E-03                              
AS G20  2026 09 03 03 49 30.000000  1    0.276679174380E-03                              
AS G21  2026 09 03 03 49 30.000000  1    0.370856427394E-03                              
AS G22  2026 09 03 03 49 30.000000  1    0.725160587781E-04                              
AS G23  2026 09 03 03 49 30.000000  1    0.685412533388E-03                              
AS G24  2026 09 03 03 49 30.000000  1    0.190296269006E-03                              
AS G27  2026 09 03 03 49 30.000000  1    0.450657555601E-06                              
AS G30  2026 09 03 03 49 30.000000  1    0.351187831032E-03                              
AS G01  2026 09 03 03 50 00.000000  2    0.181516646219E-03  0.939752714723E-11          
AS G02  2026 09 03 03 50 00.000000  2    0.168974632754E-03  0.935154317672E-11          
AS G03  2026 09 03 03 50 00.000000  2    0.288870122239E-03  0.965943594549E-11          
AS G05  2026 09 03 03 50 00.000000  2   -0.236486963221E-03  0.958537534460E-11          
AS G06  2026 09 03 03 50 00.000000  2   -0.533938269892E-03  0.973112359403E-11          
AS G07  2026 09 03 03 50 00.000000  2   -0.221233233509E-03  0.951012323739E-11          
AS G08  2026 09 03 03 50 00.000000  2    0.356947829329E-03  0.934623642101E-11          
AS G09  2026 09 03 03 50 00.000000  2    0.687314375501E-03  0.971344844295E-11          
AS G10  2026 09 03 03 50 00.000000  2   -0.540104698734E-03  0.938408938458E-11          
AS G12  2026 09 03 03 50 00.000000  2   -0.602923056557E-03  0.952255408274E-11          
AS G13  2026 09 03 03 50 00.000000  2    0.437266301978E-03  0.955310695609E-11          
AS G15  2026 09 03 03 50 00.000000  2    0.441641570051E-03  0.968100227259E-11          
AS G17  2026 09 03 03 50 00.000000  2   -0.196485931415E-03  0.954373798012E-11          
AS G19  2026 09 03 03 50 00.000000  2    0.704936227376E-03  0.972652776044E-11          
AS G20  2026 09 03 03 50 00.000000  2    0.276679452959E-03  0.959323343357E-11          
AS G21  2026 09 03 03 50 00.000000  2    0.370856195172E-03  0.957532011725E-11          
AS G22  2026 09 03 03 50 00.000000  2    0.725164909779E-04  0.950098116887E-11          
AS G23  2026 09 03 03 50 00.000000  2    0.685412647253E-03  0.949958879762E-11          
AS G24  2026 09 03 03 50 00.000000  2    0.190296794106E-03  0.997832834877E-11          
AS G27  2026 09 03 03 50 00.000000  2    0.450597137906E-06  0.939295734698E-11          
AS G30  2026 09 03 03 50 00.000000  2    0.351188193560E-03  0.946233706750E-11          
AS G01  2026 09 03 03 50 30.000000  1    0.181516359226E-03                              
AS G02  2026 09 03 03 50 30.000000  1    0.168974834347E-03                              
AS G03  2026 09 03 03 50 30.000000  1    0.288869494597E-03                              
AS G05  2026 09 03 03 50 30.000000  1   -0.236487005816E-03                              
AS G06  2026 09 03 03 50 30.000000  1   -0.533937948805E-03                              
AS G07  2026 09 03 03 50 30.000000  1   -0.221233295542E-03                              
AS G08  2026 09 03 03 50 30.000000  1    0.356947515754E-03                              
AS G09  2026 09 03 03 50 30.000000  1    0.687314133643E-03                              
AS G10  2026 09 03 03 50 30.000000  1   -0.540104491260E-03                              
AS G12  2026 09 03 03 50 30.000000  1   -0.602923142405E-03                              
AS G13  2026 09 03 03 50 30.000000  1    0.437266437812E-03                              
AS G15  2026 09 03 03 50 30.000000  1    0.441641762516E-03                              
AS G17  2026 09 03 03 50 30.000000  1   -0.196485949712E-03                              
AS G19  2026 09 03 03 50 30.000000  1    0.704936337608E-03                              
AS G20  2026 09 03 03 50 30.000000  1    0.276679725321E-03                              
AS G21  2026 09 03 03 50 30.000000  1    0.370855957198E-03                              
AS G22  2026 09 03 03 50 30.000000  1    0.725167323558E-04                              
AS G23  2026 09 03 03 50 30.000000  1    0.685412747124E-03                              
AS G24  2026 09 03 03 50 30.000000  1    0.190297315794E-03                              
AS G27  2026 09 03 03 50 30.000000  1    0.450669633305E-06                              
AS G30  2026 09 03 03 50 30.000000  1    0.351188565998E-03                              
AS G01  2026 09 03 03 51 00.000000  1    0.181516059548E-03                              
AS G02  2026 09 03 03 51 00.000000  1    0.168975130224E-03                              
AS G03  2026 09 03 03 51 00.000000  1    0.288868870304E-03                              
AS G05  2026 09 03 03 51 00.000000  1   -0.236487002082E-03                              
AS G06  2026 09 03 03 51 00.000000  1   -0.533937617784E-03                              
AS G07  2026 09 03 03 51 00.000000  1   -0.221233399940E-03                              
AS G08  2026 09 03 03 51 00.000000  1    0.356947204028E-03                              
AS G09  2026 09 03 03 51 00.000000  1    0.687313868391E-03                              
AS G10  2026 09 03 03 51 00.000000  1   -0.540104285463E-03                              
AS G12  2026 09 03 03 51 00.000000  1   -0.602923202953E-03                              
AS G13  2026 09 03 03 51 00.000000  1    0.437266583250E-03                              
AS G15  2026 09 03 03 51 00.000000  1    0.441641794348E-03                              
AS G17  2026 09 03 03 51 00.000000  1   -0.196486047259E-03                              
AS G19  2026 09 03 03 51 00.000000  1    0.704936246339E-03                              
AS G20  2026 09 03 03 51 00.000000  1    0.276679993742E-03                              
AS G21  2026 09 03 03 51 00.000000  1    0.370855709182E-03                              
AS G22  2026 09 03 03 51 00.000000  1    0.725169542795E-04                              
AS G23  2026 09 03 03 51 00.000000  1    0.685412847585E-03                              
AS G24  2026 09 03 03 51 00.000000  1    0.190297829419E-03                              
AS G27  2026 09 03 03 51 00.000000  1    0.450668026996E-06                              
AS G30  2026 09 03 03 51 00.000000  1    0.351188938060E-03                              
AS G01  2026 09 03 03 51 30.000000  1    0.181515789563E-03                              
AS G02  2026 09 03 03 51 30.000000  1    0.168975270814E-03                              
AS G03  2026 09 03 03 51 30.000000  1    0.288868255220E-03                              
AS G05  2026 09 03 03 51 30.000000  1   -0.236487011744E-03                              
AS G06  2026 09 03 03 51 30.000000  1   -0.533937296063E-03                              
AS G07  2026 09 03 03 51 30.000000  1   -0.221233588012E-03                              
AS G08  2026 09 03 03 51 30.000000  1    0.356946900567E-03                              
AS G09  2026 09 03 03 51 30.000000  1    0.687313610785E-03                              
AS G10  2026 09 03 03 51 30.000000  1   -0.540104068344E-03                              
AS G12  2026 09 03 03 51 30.000000  1   -0.602923172379E-03                              
AS G13  2026 09 03 03 51 30.000000  1    0.437266722058E-03                              
AS G15  2026 09 03 03 51 30.000000  1    0.441641774545E-03                              
AS G17  2026 09 03 03 51 30.000000  1   -0.196486241583E-03                              
AS G19  2026 09 03 03 51 30.000000  1    0.704936135170E-03                              
AS G20  2026 09 03 03 51 30.000000  1    0.276680262184E-03                              
AS G21  2026 09 03 03 51 30.000000  1    0.370855466928E-03                              
AS G22  2026 09 03 03 51 30.000000  1    0.725171181864E-04                              
AS G23  2026 09 03 03 51 30.000000  1    0.685412956521E-03                              
AS G24  2026 09 03 03 51 30.000000  1    0.190298347652E-03                              
AS G27  2026 09 03 03 51 30.000000  1    0.450648264331E-06                              
AS G30  2026 09 03 03 51 30.000000  1    0.351189307724E-03                              
AS G01  2026 09 03 03 52 00.000000  1    0.181515511576E-03                              
AS G02  2026 09 03 03 52 00.000000  1    0.168975355559E-03                              
AS G03  2026 09 03 03 52 00.000000  1    0.288867638342E-03                              
AS G05  2026 09 03 03 52 00.000000  1   -0.236486978195E-03                              
AS G06  2026 09 03 03 52 00.000000  1   -0.533936967292E-03                              
AS G07  2026 09 03 03 52 00.000000  1   -0.221233776377E-03                              
AS G08  2026 09 03 03 52 00.000000  1    0.356946596155E-03                              
AS G09  2026 09 03 03 52 00.000000  1    0.687313351577E-03                              
AS G10  2026 09 03 03 52 00.000000  1   -0.540103847056E-03                              
AS G12  2026 09 03 03 52 00.000000  1   -0.602923248459E-03                              
AS G13  2026 09 03 03 52 00.000000  1    0.437266864095E-03                              
AS G15  2026 09 03 03 52 00.000000  1    0.441641796015E-03                              
AS G17  2026 09 03 03 52 00.000000  1   -0.196486435574E-03                              
AS G19  2026 09 03 03 52 00.000000  1    0.704936003266E-03                              
AS G20  2026 09 03 03 52 00.000000  1    0.276680539701E-03                              
AS G21  2026 09 03 03 52 00.000000  1    0.370855237424E-03                              
AS G22  2026 09 03 03 52 00.000000  1    0.725173685752E-04                              
AS G23  2026 09 03 03 52 00.000000  1    0.685413066328E-03                              
AS G24  2026 09 03 03 52 00.000000  1    0.190298860015E-03                              
AS G27  2026 09 03 03 52 00.000000  1    0.450480817506E-06                              
AS G30  2026 09 03 03 52 00.000000  1    0.351189687001E-03                              
AS G01  2026 09 03 03 52 30.000000  1    0.181515227574E-03                              
AS G02  2026 09 03 03 52 30.000000  1    0.168975642968E-03                              
AS G03  2026 09 03 03 52 30.000000  1    0.288867016778E-03                              
AS G05  2026 09 03 03 52 30.000000  1   -0.236486938060E-03                              
AS G06  2026 09 03 03 52 30.000000  1   -0.533936644300E-03                              
AS G07  2026 09 03 03 52 30.000000  1   -0.221233970955E-03                              
AS G08  2026 09 03 03 52 30.000000  1    0.356946286503E-03                              
AS G09  2026 09 03 03 52 30.000000  1    0.687313076993E-03                              
AS G10  2026 09 03 03 52 30.000000  1   -0.540103639691E-03                              
AS G12  2026 09 03 03 52 30.000000  1   -0.602923168386E-03                              
AS G13  2026 09 03 03 52 30.000000  1    0.437267016930E-03                              
AS G15  2026 09 03 03 52 30.000000  1    0.441641770472E-03                              
AS G17  2026 09 03 03 52 30.000000  1   -0.196486647762E-03                              
AS G19  2026 09 03 03 52 30.000000  1    0.704935920429E-03                              
AS G20  2026 09 03 03 52 30.000000  1    0.276680818082E-03                              
AS G21  2026 09 03 03 52 30.000000  1    0.370854992977E-03                              
AS G22  2026 09 03 03 52 30.000000  1    0.725175297202E-04                              
AS G23  2026 09 03 03 52 30.000000  1    0.685413171980E-03                              
AS G24  2026 09 03 03 52 30.000000  1    0.190299399004E-03                              
AS G27  2026 09 03 03 52 30.000000  1    0.450561452530E-06                              
AS G30  2026 09 03 03 52 30.000000  1    0.351190060256E-03                              
AS G01  2026 09 03 03 53 00.000000  1    0.181514965358E-03                              
AS G02  2026 09 03 03 53 00.000000  1    0.168975975389E-03                              
AS G03  2026 09 03 03 53 00.000000  1    0.288866395393E-03                              
AS G05  2026 09 03 03 53 00.000000  1   -0.236486941688E-03                              
AS G06  2026 09 03 03 53 00.000000  1   -0.533936326239E-03                              
AS G07  2026 09 03 03 53 00.000000  1   -0.221234149701E-03                              
AS G08  2026 09 03 03 53 00.000000  1    0.356945976457E-03                              
AS G09  2026 09 03 03 53 00.000000  1    0.687312820916E-03                              
AS G10  2026 09 03 03 53 00.000000  1   -0.540103428197E-03                              
AS G12  2026 09 03 03 53 00.000000  1   -0.602923022959E-03                              
AS G13  2026 09 03 03 53 00.000000  1    0.437267163888E-03                              
AS G15  2026 09 03 03 53 00.000000  1    0.441641872508E-03                              
AS G17  2026 09 03 03 53 00.000000  1   -0.196486959150E-03                              
AS G19  2026 09 03 03 53 00.000000  1    0.704935945918E-03                              
AS G20  2026 09 03 03 53 00.000000  1    0.276681076440E-03                              
AS G21  2026 09 03 03 53 00.000000  1    0.370854759805E-03                              
AS G22  2026 09 03 03 53 00.000000  1    0.725177620583E-04                              
AS G23  2026 09 03 03 53 00.000000  1    0.685413286447E-03                              
AS G24  2026 09 03 03 53 00.000000  1    0.190299913495E-03                              
AS G27  2026 09 03 03 53 00.000000  1    0.450601497773E-06                              
AS G30  2026 09 03 03 53 00.000000  1    0.351190425238E-03                              
AS G01  2026 09 03 03 53 30.000000  1    0.181514699533E-03                              
AS G02  2026 09 03 03 53 30.000000  1    0.168976267016E-03                              
AS G03  2026 09 03 03 53 30.000000  1    0.288865768415E-03                              
AS G05  2026 09 03 03 53 30.000000  1   -0.236486953997E-03                              
AS G06  2026 09 03 03 53 30.000000  1   -0.533935997915E-03                              
AS G07  2026 09 03 03 53 30.000000  1   -0.221234245357E-03                              
AS G08  2026 09 03 03 53 30.000000  1    0.356945669779E-03                              
AS G09  2026 09 03 03 53 30.000000  1    0.687312571906E-03                              
AS G10  2026 09 03 03 53 30.000000  1   -0.540103218940E-03                              
AS G12  2026 09 03 03 53 30.000000  1   -0.602922992706E-03                              
AS G13  2026 09 03 03 53 30.000000  1    0.437267306584E-03                              
AS G15  2026 09 03 03 53 30.000000  1    0.441641986517E-03                              
AS G17  2026 09 03 03 53 30.000000  1   -0.196487092918E-03                              
AS G19  2026 09 03 03 53 30.000000  1    0.704935908361E-03                              
AS G20  2026 09 03 03 53 30.000000  1    0.276681346567E-03                              
AS G21  2026 09 03 03 53 30.000000  1    0.370854524946E-03                              
AS G22  2026 09 03 03 53 30.000000  1    0.725180513875E-04                              
AS G23  2026 09 03 03 53 30.000000  1    0.685413404554E-03                              
AS G24  2026 09 03 03 53 30.000000  1    0.190300445731E-03                              
AS G27  2026 09 03 03 53 30.000000  1    0.450575608127E-06                              
AS G30  2026 09 03 03 53 30.000000  1    0.351190797629E-03                              
AS G01  2026 09 03 03 54 00.000000  1    0.181514407666E-03                              
AS G02  2026 09 03 03 54 00.000000  1    0.168976413580E-03                              
AS G03  2026 09 03 03 54 00.000000  1    0.288865151666E-03                              
AS G05  2026 09 03 03 54 00.000000  1   -0.236486979133E-03                              
AS G06  2026 09 03 03 54 00.000000  1   -0.533935676502E-03                              
AS G07  2026 09 03 03 54 00.000000  1   -0.221234390108E-03                              
AS G08  2026 09 03 03 54 00.000000  1    0.356945350087E-03                              
AS G09  2026 09 03 03 54 00.000000  1    0.687312309027E-03                              
AS G10  2026 09 03 03 54 00.000000  1   -0.540103006357E-03                              
AS G12  2026 09 03 03 54 00.000000  1   -0.602922967103E-03                              
AS G13  2026 09 03 03 54 00.000000  1    0.437267443432E-03                              
AS G15  2026 09 03 03 54 00.000000  1    0.441642066011E-03                              
AS G17  2026 09 03 03 54 00.000000  1   -0.196487228270E-03                              
AS G19  2026 09 03 03 54 00.000000  1    0.704935900946E-03                              
AS G20  2026 09 03 03 54 00.000000  1    0.276681623558E-03                              
AS G21  2026 09 03 03 54 00.000000  1    0.370854288278E-03                              
AS G22  2026 09 03 03 54 00.000000  1    0.725182794910E-04                              
AS G23  2026 09 03 03 54 00.000000  1    0.685413513887E-03                              
AS G24  2026 09 03 03 54 00.000000  1    0.190300957306E-03                              
AS G27  2026 09 03 03 54 00.000000  1    0.450672529157E-06                              
AS G30  2026 09 03 03 54 00.000000  1    0.351191170392E-03                              
AS G01  2026 09 03 03 54 30.000000  1    0.181514137986E-03                              
AS G02  2026 09 03 03 54 30.000000  1    0.168976639616E-03                              
AS G03  2026 09 03 03 54 30.000000  1    0.288864519967E-03                              
AS G05  2026 09 03 03 54 30.000000  1   -0.236487067191E-03                              
AS G06  2026 09 03 03 54 30.000000  1   -0.533935358138E-03                              
AS G07  2026 09 03 03 54 30.000000  1   -0.221234499111E-03                              
AS G08  2026 09 03 03 54 30.000000  1    0.356945046478E-03                              
AS G09  2026 09 03 03 54 30.000000  1    0.687312039378E-03                              
AS G10  2026 09 03 03 54 30.000000  1   -0.540102800270E-03                              
AS G12  2026 09 03 03 54 30.000000  1   -0.602922930114E-03                              
AS G13  2026 09 03 03 54 30.000000  1    0.437267589215E-03                              
AS G15  2026 09 03 03 54 30.000000  1    0.441642119900E-03                              
AS G17  2026 09 03 03 54 30.000000  1   -0.196487441285E-03                              
AS G19  2026 09 03 03 54 30.000000  1    0.704935947016E-03                              
AS G20  2026 09 03 03 54 30.000000  1    0.276681899278E-03                              
AS G21  2026 09 03 03 54 30.000000  1    0.370854055600E-03                              
AS G22  2026 09 03 03 54 30.000000  1    0.725184785150E-04                              
AS G23  2026 09 03 03 54 30.000000  1    0.685413625851E-03                              
AS G24  2026 09 03 03 54 30.000000  1    0.190301475833E-03                              
AS G27  2026 09 03 03 54 30.000000  1    0.450784586856E-06                              
AS G30  2026 09 03 03 54 30.000000  1    0.351191540112E-03                              
AS G01  2026 09 03 03 55 00.000000  2    0.181513862662E-03  0.901111758928E-11          
AS G02  2026 09 03 03 55 00.000000  2    0.168976728126E-03  0.896742828386E-11          
AS G03  2026 09 03 03 55 00.000000  2    0.288863911610E-03  0.927926367992E-11          
AS G05  2026 09 03 03 55 00.000000  2   -0.236487099172E-03  0.920034060785E-11          
AS G06  2026 09 03 03 55 00.000000  2   -0.533935031472E-03  0.936653023675E-11          
AS G07  2026 09 03 03 55 00.000000  2   -0.221234646853E-03  0.911965934631E-11          
AS G08  2026 09 03 03 55 00.000000  2    0.356944735860E-03  0.896509776358E-11          
AS G09  2026 09 03 03 55 00.000000  2    0.687311781177E-03  0.934732203270E-11          
AS G10  2026 09 03 03 55 00.000000  2   -0.540102591495E-03  0.900451993583E-11          
AS G12  2026 09 03 03 55 00.000000  2   -0.602922847035E-03  0.914859481875E-11          
AS G13  2026 09 03 03 55 00.000000  2    0.437267747619E-03  0.916214720199E-11          
AS G15  2026 09 03 03 55 00.000000  2    0.441642160117E-03  0.930987114609E-11          
AS G17  2026 09 03 03 55 00.000000  2   -0.196487676813E-03  0.915684444420E-11          
AS G19  2026 09 03 03 55 00.000000  2    0.704935924587E-03  0.935092535884E-11          
AS G20  2026 09 03 03 55 00.000000  2    0.276682173883E-03  0.922274935142E-11          
AS G21  2026 09 03 03 55 00.000000  2    0.370853829786E-03  0.919664587890E-11          
AS G22  2026 09 03 03 55 00.000000  2    0.725187433193E-04  0.911614312519E-11          
AS G23  2026 09 03 03 55 00.000000  2    0.685413735464E-03  0.914201452802E-11          
AS G24  2026 09 03 03 55 00.000000  2    0.190302000411E-03  0.959177008378E-11          
AS G27  2026 09 03 03 55 00.000000  2    0.450803623363E-06  0.901662195920E-11          
AS G30  2026 09 03 03 55 00.000000  2    0.351191913900E-03  0.908377808218E-11          
AS G01  2026 09 03 03 55 30.000000  1    0.181513582644E-03                              
AS G02  2026 09 03 03 55 30.000000  1    0.168976927086E-03                              
AS G03  2026 09 03 03 55 30.000000  1    0.288863289024E-03                              
AS G05  2026 09 03 03 55 30.000000  1   -0.236487181494E-03                              
AS G06  2026 09 03 03 55 30.000000  1   -0.533934696613E-03                              
AS G07  2026 09 03 03 55 30.000000  1   -0.221234669878E-03                              
AS G08  2026 09 03 03 55 30.000000  1    0.356944427425E-03                              
AS G09  2026 09 03 03 55 30.000000  1    0.687311520285E-03                              
AS G10  2026 09 03 03 55 30.000000  1   -0.540102365788E-03                              
AS G12  2026 09 03 03 55 30.000000  1   -0.602922819562E-03                              
AS G13  2026 09 03 03 55 30.000000  1    0.437267895013E-03                              
AS G15  2026 09 03 03 55 30.000000  1    0.441642260767E-03                              
AS G17  2026 09 03 03 55 30.000000  1   -0.196487606480E-03                              
AS G19  2026 09 03 03 55 30.000000  1    0.704935820388E-03                              
AS G20  2026 09 03 03 55 30.000000  1    0.276682440595E-03                              
AS G21  2026 09 03 03 55 30.000000  1    0.370853594653E-03                              
AS G22  2026 09 03 03 55 30.000000  1    0.725189664487E-04                              
AS G23  2026 09 03 03 55 30.000000  1    0.685413840595E-03                              
AS G24  2026 09 03 03 55 30.000000  1    0.190302514979E-03                              
AS G27  2026 09 03 03 55 30.000000  1    0.450797140108E-06                              
AS G30  2026 09 03 03 55 30.000000  1    0.351192280194E-03                              
AS G01  2026 09 03 03 56 00.000000  1    0.181513316015E-03                              
AS G02  2026 09 03 03 56 00.000000  1    0.168977184589E-03                              
AS G03  2026 09 03 03 56 00.000000  1    0.288862664396E-03                              
AS G05  2026 09 03 03 56 00.000000  1   -0.236487035878E-03                              
AS G06  2026 09 03 03 56 00.000000  1   -0.533934374953E-03                              
AS G07  2026 09 03 03 56 00.000000  1   -0.221234702404E-03                              
AS G08  2026 09 03 03 56 00.000000  1    0.356944126077E-03                              
AS G09  2026 09 03 03 56 00.000000  1    0.687311272888E-03                              
AS G10  2026 09 03 03 56 00.000000  1   -0.540102147134E-03                              
AS G12  2026 09 03 03 56 00.000000  1   -0.602922757415E-03                              
AS G13  2026 09 03 03 56 00.000000  1    0.437268043315E-03                              
AS G15  2026 09 03 03 56 00.000000  1    0.441642297399E-03                              
AS G17  2026 09 03 03 56 00.000000  1   -0.196487731880E-03                              
AS G19  2026 09 03 03 56 00.000000  1    0.704935965649E-03                              
AS G20  2026 09 03 03 56 00.000000  1    0.276682716767E-03                              
AS G21  2026 09 03 03 56 00.000000  1    0.370853363074E-03                              
AS G22  2026 09 03 03 56 00.000000  1    0.725193074490E-04                              
AS G23  2026 09 03 03 56 00.000000  1    0.685413952753E-03                              
AS G24  2026 09 03 03 56 00.000000  1    0.190303035103E-03                              
AS G27  2026 09 03 03 56 00.000000  1    0.450621785848E-06                              
AS G30  2026 09 03 03 56 00.000000  1    0.351192664391E-03                              
AS G01  2026 09 03 03 56 30.000000  1    0.181513050025E-03                              
AS G02  2026 09 03 03 56 30.000000  1    0.168977459381E-03                              
AS G03  2026 09 03 03 56 30.000000  1    0.288862053509E-03                              
AS G05  2026 09 03 03 56 30.000000  1   -0.236487130052E-03                              
AS G06  2026 09 03 03 56 30.000000  1   -0.533934044095E-03                              
AS G07  2026 09 03 03 56 30.000000  1   -0.221234808147E-03                              
AS G08  2026 09 03 03 56 30.000000  1    0.356943814650E-03                              
AS G09  2026 09 03 03 56 30.000000  1    0.687311016525E-03                              
AS G10  2026 09 03 03 56 30.000000  1   -0.540101926194E-03                              
AS G12  2026 09 03 03 56 30.000000  1   -0.602922788943E-03                              
AS G13  2026 09 03 03 56 30.000000  1    0.437268192724E-03                              
AS G15  2026 09 03 03 56 30.000000  1    0.441642341156E-03                              
AS G17  2026 09 03 03 56 30.000000  1   -0.196487824687E-03                              
AS G19  2026 09 03 03 56 30.000000  1    0.704935984892E-03                              
AS G20  2026 09 03 03 56 30.000000  1    0.276683008259E-03                              
AS G21  2026 09 03 03 56 30.000000  1    0.370853133057E-03                              
AS G22  2026 09 03 03 56 30.000000  1    0.725195441077E-04                              
AS G23  2026 09 03 03 56 30.000000  1    0.685414058371E-03                              
AS G24  2026 09 03 03 56 30.000000  1    0.190303574506E-03                              
AS G27  2026 09 03 03 56 30.000000  1    0.450614274566E-06                              
AS G30  2026 09 03 03 56 30.000000  1    0.351193036299E-03                              
AS G01  2026 09 03 03 57 00.000000  1    0.181512778453E-03                              
AS G02  2026 09 03 03 57 00.000000  1    0.168977670898E-03                              
AS G03  2026 09 03 03 57 00.000000  1    0.288861438334E-03                              
AS G05  2026 09 03 03 57 00.000000  1   -0.236487232556E-03                              
AS G06  2026 09 03 03 57 00.000000  1   -0.533933718998E-03                              
AS G07  2026 09 03 03 57 00.000000  1   -0.221234992788E-03                              
AS G08  2026 09 03 03 57 00.000000  1    0.356943507214E-03                              
AS G09  2026 09 03 03 57 00.000000  1    0.687310759952E-03                              
AS G10  2026 09 03 03 57 00.000000  1   -0.540101710512E-03                              
AS G12  2026 09 03 03 57 00.000000  1   -0.602922855593E-03                              
AS G13  2026 09 03 03 57 00.000000  1    0.437268340584E-03                              
AS G15  2026 09 03 03 57 00.000000  1    0.441642526416E-03                              
AS G17  2026 09 03 03 57 00.000000  1   -0.196487903427E-03                              
AS G19  2026 09 03 03 57 00.000000  1    0.704935901273E-03                              
AS G20  2026 09 03 03 57 00.000000  1    0.276683274621E-03                              
AS G21  2026 09 03 03 57 00.000000  1    0.370852882814E-03                              
AS G22  2026 09 03 03 57 00.000000  1    0.725197029271E-04                              
AS G23  2026 09 03 03 57 00.000000  1    0.685414172831E-03                              
AS G24  2026 09 03 03 57 00.000000  1    0.190304091959E-03                              
AS G27  2026 09 03 03 57 00.000000  1    0.450601056480E-06                              
AS G30  2026 09 03 03 57 00.000000  1    0.351193404053E-03                              
AS G01  2026 09 03 03 57 30.000000  1    0.181512508425E-03                              
AS G02  2026 09 03 03 57 30.000000  1    0.168977865888E-03                              
AS G03  2026 09 03 03 57 30.000000  1    0.288860816738E-03                              
AS G05  2026 09 03 03 57 30.000000  1   -0.236487241362E-03                              
AS G06  2026 09 03 03 57 30.000000  1   -0.533933390055E-03                              
AS G07  2026 09 03 03 57 30.000000  1   -0.221235114152E-03                              
AS G08  2026 09 03 03 57 30.000000  1    0.356943188334E-03                              
AS G09  2026 09 03 03 57 30.000000  1    0.687310500904E-03                              
AS G10  2026 09 03 03 57 30.000000  1   -0.540101489930E-03                              
AS G12  2026 09 03 03 57 30.000000  1   -0.602922841721E-03                              
AS G13  2026 09 03 03 57 30.000000  1    0.437268482237E-03                              
AS G15  2026 09 03 03 57 30.000000  1    0.441642580146E-03                              
AS G17  2026 09 03 03 57 30.000000  1   -0.196487981976E-03                              
AS G19  2026 09 03 03 57 30.000000  1    0.704935865293E-03                              
AS G20  2026 09 03 03 57 30.000000  1    0.276683553929E-03                              
AS G21  2026 09 03 03 57 30.000000  1    0.370852653683E-03                              
AS G22  2026 09 03 03 57 30.000000  1    0.725199803692E-04                              
AS G23  2026 09 03 03 57 30.000000  1    0.685414284767E-03                              
AS G24  2026 09 03 03 57 30.000000  1    0.190304602266E-03                              
AS G27  2026 09 03 03 57 30.000000  1    0.450624930485E-06                              
AS G30  2026 09 03 03 57 30.000000  1    0.351193780902E-03                              
AS G01  2026 09 03 03 58 00.000000  1    0.181512226173E-03                              
AS G02  2026 09 03 03 58 00.000000  1    0.168978046574E-03                              
AS G03  2026 09 03 03 58 00.000000  1    0.288860198514E-03                              
AS G05  2026 09 03 03 58 00.000000  1   -0.236487145565E-03                              
AS G06  2026 09 03 03 58 00.000000  1   -0.533933065846E-03                              
AS G07  2026 09 03 03 58 00.000000  1   -0.221235160473E-03                              
AS G08  2026 09 03 03 58 00.000000  1    0.356942886042E-03                              
AS G09  2026 09 03 03 58 00.000000  1    0.687310228739E-03                              
AS G10  2026 09 03 03 58 00.000000  1   -0.540101281303E-03                              
AS G12  2026 09 03 03 58 00.000000  1   -0.602922874206E-03                              
AS G13  2026 09 03 03 58 00.000000  1    0.437268621789E-03                              
AS G15  2026 09 03 03 58 00.000000  1    0.441642509963E-03                              
AS G17  2026 09 03 03 58 00.000000  1   -0.196488114619E-03                              
AS G19  2026 09 03 03 58 00.000000  1    0.704935902038E-03                              
AS G20  2026 09 03 03 58 00.000000  1    0.276683834344E-03                              
AS G21  2026 09 03 03 58 00.000000  1    0.370852432240E-03                              
AS G22  2026 09 03 03 58 00.000000  1    0.725202825876E-04                              
AS G23  2026 09 03 03 58 00.000000  1    0.685414396842E-03                              
AS G24  2026 09 03 03 58 00.000000  1    0.190305136485E-03                              
AS G27  2026 09 03 03 58 00.000000  1    0.450644982685E-06                              
AS G30  2026 09 03 03 58 00.000000  1    0.351194154860E-03                              
AS G01  2026 09 03 03 58 30.000000  1    0.181511963127E-03                              
AS G02  2026 09 03 03 58 30.000000  1    0.168978229484E-03                              
AS G03  2026 09 03 03 58 30.000000  1    0.288859581750E-03                              
AS G05  2026 09 03 03 58 30.000000  1   -0.236487007535E-03                              
AS G06  2026 09 03 03 58 30.000000  1   -0.533932745366E-03                              
AS G07  2026 09 03 03 58 30.000000  1   -0.221235136529E-03                              
AS G08  2026 09 03 03 58 30.000000  1    0.356942580547E-03                              
AS G09  2026 09 03 03 58 30.000000  1    0.687309972471E-03                              
AS G10  2026 09 03 03 58 30.000000  1   -0.540101078727E-03                              
AS G12  2026 09 03 03 58 30.000000  1   -0.602922988013E-03                              
AS G13  2026 09 03 03 58 30.000000  1    0.437268767909E-03                              
AS G15  2026 09 03 03 58 30.000000  1    0.441642529196E-03                              
AS G17  2026 09 03 03 58 30.000000  1   -0.196488203001E-03                              
AS G19  2026 09 03 03 58 30.000000  1    0.704935833240E-03                              
AS G20  2026 09 03 03 58 30.000000  1    0.276684108198E-03                              
AS G21  2026 09 03 03 58 30.000000  1    0.370852201955E-03                              
AS G22  2026 09 03 03 58 30.000000  1    0.725206260460E-04                              
AS G23  2026 09 03 03 58 30.000000  1    0.685414497914E-03                              
AS G24  2026 09 03 03 58 30.000000  1    0.190305650838E-03                              
AS G27  2026 09 03 03 58 30.000000  1    0.450745539949E-06                              
AS G30  2026 09 03 03 58 30.000000  1    0.351194521754E-03                              
AS G01  2026 09 03 03 59 00.000000  1    0.181511678420E-03                              
AS G02  2026 09 03 03 59 00.000000  1    0.168978450438E-03                              
AS G03  2026 09 03 03 59 00.000000  1    0.288858947701E-03                              
AS G05  2026 09 03 03 59 00.000000  1   -0.236487000080E-03                              
AS G06  2026 09 03 03 59 00.000000  1   -0.533932425163E-03                              
AS G07  2026 09 03 03 59 00.000000  1   -0.221235253055E-03                              
AS G08  2026 09 03 03 59 00.000000  1    0.356942264796E-03                              
AS G09  2026 09 03 03 59 00.000000  1    0.687309704494E-03                              
AS G10  2026 09 03 03 59 00.000000  1   -0.540100859846E-03                              
AS G12  2026 09 03 03 59 00.000000  1   -0.602922986815E-03                              
AS G13  2026 09 03 03 59 00.000000  1    0.437268911478E-03                              
AS G15  2026 09 03 03 59 00.000000  1    0.441642681569E-03                              
AS G17  2026 09 03 03 59 00.000000  1   -0.196488396861E-03                              
AS G19  2026 09 03 03 59 00.000000  1    0.704935858571E-03                              
AS G20  2026 09 03 03 59 00.000000  1    0.276684388205E-03                              
AS G21  2026 09 03 03 59 00.000000  1    0.370851952467E-03                              
AS G22  2026 09 03 03 59 00.000000  1    0.725209843661E-04                              
AS G23  2026 09 03 03 59 00.000000  1    0.685414611767E-03                              
AS G24  2026 09 03 03 59 00.000000  1    0.190306162731E-03                              
AS G27  2026 09 03 03 59 00.000000  1    0.450833204443E-06                              
AS G30  2026 09 03 03 59 00.000000  1    0.351194885696E-03                              
AS G01  2026 09 03 03 59 30.000000  1    0.181511405773E-03                              
AS G02  2026 09 03 03 59 30.000000  1    0.168978656804E-03                              
AS G03  2026 09 03 03 59 30.000000  1    0.288858325713E-03                              
AS G05  2026 09 03 03 59 30.000000  1   -0.236487066093E-03                              
AS G06  2026 09 03 03 59 30.000000  1   -0.533932102835E-03                              
AS G07  2026 09 03 03 59 30.000000  1   -0.221235398275E-03                              
AS G08  2026 09 03 03 59 30.000000  1    0.356941953229E-03                              
AS G09  2026 09 03 03 59 30.000000  1    0.687309435411E-03                              
AS G10  2026 09 03 03 59 30.000000  1   -0.540100631695E-03                              
AS G12  2026 09 03 03 59 30.000000  1   -0.602922948123E-03                              
AS G13  2026 09 03 03 59 30.000000  1    0.437269057315E-03                              
AS G15  2026 09 03 03 59 30.000000  1    0.441642778241E-03                              
AS G17  2026 09 03 03 59 30.000000  1   -0.196488660600E-03                              
AS G19  2026 09 03 03 59 30.000000  1    0.704935904826E-03                              
AS G20  2026 09 03 03 59 30.000000  1    0.276684663590E-03                              
AS G21  2026 09 03 03 59 30.000000  1    0.370851713168E-03                              
AS G22  2026 09 03 03 59 30.000000  1    0.725211942709E-04                              
AS G23  2026 09 03 03 59 30.000000  1    0.685414710277E-03                              
AS G24  2026 09 03 03 59 30.000000  1    0.190306680866E-03                              
AS G27  2026 09 03 03 59 30.000000  1    0.450719516158E-06                              
AS G30  2026 09 03 03 59 30.000000  1    0.351195256576E-03                              
AS G01  2026 09 03 04 00 00.000000  2    0.181511123788E-03  0.921493279611E-11          
AS G02  2026 09 03 04 00 00.000000  2    0.168978880686E-03  0.917616245971E-11          
AS G03  2026 09 03 04 00 00.000000  2    0.288857713333E-03  0.948306090609E-11          
AS G05  2026 09 03 04 00 00.000000  2   -0.236487090957E-03  0.940118260914E-11          
AS G06  2026 09 03 04 00 00.000000  2   -0.533931789118E-03  0.957104170801E-11          
AS G07  2026 09 03 04 00 00.000000  2   -0.221235543578E-03  0.933805240151E-11          
AS G08  2026 09 03 04 00 00.000000  2    0.356941647674E-03  0.917717471566E-11          
AS G09  2026 09 03 04 00 00.000000  2    0.687309161309E-03  0.954585595416E-11          
AS G10  2026 09 03 04 00 00.000000  2   -0.540100432633E-03  0.921758395545E-11          
AS G12  2026 09 03 04 00 00.000000  2   -0.602922860918E-03  0.936004778212E-11          
AS G13  2026 09 03 04 00 00.000000  2    0.437269201041E-03  0.937539838599E-11          
AS G15  2026 09 03 04 00 00.000000  2    0.441642839379E-03  0.951379212952E-11          
AS G17  2026 09 03 04 00 00.000000  2   -0.196488766515E-03  0.935512454233E-11          
AS G19  2026 09 03 04 00 00.000000  2    0.704935903688E-03  0.954954186662E-11          
AS G20  2026 09 03 04 00 00.000000  2    0.276684937644E-03  0.943306775122E-11          
AS G21  2026 09 03 04 00 00.000000  2    0.370851471544E-03  0.940333781680E-11          
AS G22  2026 09 03 04 00 00.000000  2    0.725214028798E-04  0.931899961451E-11          
AS G23  2026 09 03 04 00 00.000000  2    0.685414814711E-03  0.937288618494E-11          
AS G24  2026 09 03 04 00 00.000000  2    0.190307196529E-03  0.978636295797E-11          
AS G27  2026 09 03 04 00 00.000000  2    0.450641064872E-06  0.923325399106E-11          
AS G30  2026 09 03 04 00 00.000000  2    0.351195622159E-03  0.929426992848E-11          
AS G01  2026 09 03 04 00 30.000000  1    0.181510843975E-03                              
AS G02  2026 09 03 04 00 30.000000  1    0.168979085331E-03                              
AS G03  2026 09 03 04 00 30.000000  1    0.288857086175E-03                              
AS G05  2026 09 03 04 00 30.000000  1   -0.236487219230E-03                              
AS G06  2026 09 03 04 00 30.000000  1   -0.533931461308E-03                              
AS G07  2026 09 03 04 00 30.000000  1   -0.221235677180E-03                              
AS G08  2026 09 03 04 00 30.000000  1    0.356941339533E-03                              
AS G09  2026 09 03 04 00 30.000000  1    0.687308892150E-03                              
AS G10  2026 09 03 04 00 30.000000  1   -0.540100206909E-03                              
AS G12  2026 09 03 04 00 30.000000  1   -0.602922808820E-03                              
AS G13  2026 09 03 04 00 30.000000  1    0.437269350217E-03                              
AS G15  2026 09 03 04 00 30.000000  1    0.441642942233E-03                              
AS G17  2026 09 03 04 00 30.000000  1   -0.196488802919E-03                              
AS G19  2026 09 03 04 00 30.000000  1    0.704935871397E-03                              
AS G20  2026 09 03 04 00 30.000000  1    0.276685206167E-03                              
AS G21  2026 09 03 04 00 30.000000  1    0.370851249111E-03                              
AS G22  2026 09 03 04 00 30.000000  1    0.725216649303E-04                              
AS G23  2026 09 03 04 00 30.000000  1    0.685414926117E-03                              
AS G24  2026 09 03 04 00 30.000000  1    0.190307718998E-03                              
AS G27  2026 09 03 04 00 30.000000  1    0.450609108832E-06                              
AS G30  2026 09 03 04 00 30.000000  1    0.351195992680E-03                              
AS G01  2026 09 03 04 01 00.000000  1    0.181510567667E-03                              
AS G02  2026 09 03 04 01 00.000000  1    0.168979307210E-03                              
AS G03  2026 09 03 04 01 00.000000  1    0.288856466287E-03                              
AS G05  2026 09 03 04 01 00.000000  1   -0.236487251067E-03                              
AS G06  2026 09 03 04 01 00.000000  1   -0.533931137964E-03                              
AS G07  2026 09 03 04 01 00.000000  1   -0.221235806236E-03                              
AS G08  2026 09 03 04 01 00.000000  1    0.356941028486E-03                              
AS G09  2026 09 03 04 01 00.000000  1    0.687308624880E-03                              
AS G10  2026 09 03 04 01 00.000000  1   -0.540100000429E-03                              
AS G12  2026 09 03 04 01 00.000000  1   -0.602922716574E-03                              
AS G13  2026 09 03 04 01 00.000000  1    0.437269488042E-03                              
AS G15  2026 09 03 04 01 00.000000  1    0.441643112230E-03                              
AS G17  2026 09 03 04 01 00.000000  1   -0.196488871625E-03                              
AS G19  2026 09 03 04 01 00.000000  1    0.704935837300E-03                              
AS G20  2026 09 03 04 01 00.000000  1    0.276685482366E-03                              
AS G21  2026 09 03 04 01 00.000000  1    0.370851011967E-03                              
AS G22  2026 09 03 04 01 00.000000  1    0.725219157015E-04                              
AS G23  2026 09 03 04 01 00.000000  1    0.685415036152E-03                              
AS G24  2026 09 03 04 01 00.000000  1    0.190308233623E-03                              
AS G27  2026 09 03 04 01 00.000000  1    0.450507350243E-06                              
AS G30  2026 09 03 04 01 00.000000  1    0.351196360068E-03                              
AS G01  2026 09 03 04 01 30.000000  1    0.181510287881E-03                              
AS G02  2026 09 03 04 01 30.000000  1    0.168979462184E-03                              
AS G03  2026 09 03 04 01 30.000000  1    0.288855828256E-03                              
AS G05  2026 09 03 04 01 30.000000  1   -0.236487308566E-03                              
AS G06  2026 09 03 04 01 30.000000  1   -0.533930812862E-03                              
AS G07  2026 09 03 04 01 30.000000  1   -0.221235838626E-03                              
AS G08  2026 09 03 04 01 30.000000  1    0.356940721449E-03                              
AS G09  2026 09 03 04 01 30.000000  1    0.687308363288E-03                              
AS G10  2026 09 03 04 01 30.000000  1   -0.540099785736E-03                              
AS G12  2026 09 03 04 01 30.000000  1   -0.602922576409E-03                              
AS G13  2026 09 03 04 01 30.000000  1    0.437269631186E-03                              
AS G15  2026 09 03 04 01 30.000000  1    0.441643212689E-03                              
AS G17  2026 09 03 04 01 30.000000  1   -0.196489024899E-03                              
AS G19  2026 09 03 04 01 30.000000  1    0.704935831954E-03                              
AS G20  2026 09 03 04 01 30.000000  1    0.276685760698E-03                              
AS G21  2026 09 03 04 01 30.000000  1    0.370850768794E-03                              
AS G22  2026 09 03 04 01 30.000000  1    0.725221929600E-04                              
AS G23  2026 09 03 04 01 30.000000  1    0.685415153513E-03                              
AS G24  2026 09 03 04 01 30.000000  1    0.190308747630E-03                              
AS G27  2026 09 03 04 01 30.000000  1    0.450504120343E-06                              
AS G30  2026 09 03 04 01 30.000000  1    0.351196731886E-03                              
AS G01  2026 09 03 04 02 00.000000  1    0.181510016099E-03                              
AS G02  2026 09 03 04 02 00.000000  1    0.168979639231E-03                              
AS G03  2026 09 03 04 02 00.000000  1    0.288855212665E-03                              
AS G05  2026 09 03 04 02 00.000000  1   -0.236487329355E-03                              
AS G06  2026 09 03 04 02 00.000000  1   -0.533930491192E-03                              
AS G07  2026 09 03 04 02 00.000000  1   -0.221235914544E-03                              
AS G08  2026 09 03 04 02 00.000000  1    0.356940407790E-03                              
AS G09  2026 09 03 04 02 00.000000  1    0.687308100208E-03                              
AS G10  2026 09 03 04 02 00.000000  1   -0.540099574795E-03                              
AS G12  2026 09 03 04 02 00.000000  1   -0.602922584319E-03                              
AS G13  2026 09 03 04 02 00.000000  1    0.437269776581E-03                              
AS G15  2026 09 03 04 02 00.000000  1    0.441643292771E-03                              
AS G17  2026 09 03 04 02 00.000000  1   -0.196489194121E-03                              
AS G19  2026 09 03 04 02 00.000000  1    0.704935845676E-03                              
AS G20  2026 09 03 04 02 00.000000  1    0.276686021754E-03                              
AS G21  2026 09 03 04 02 00.000000  1    0.370850515364E-03                              
AS G22  2026 09 03 04 02 00.000000  1    0.725225337479E-04                              
AS G23  2026 09 03 04 02 00.000000  1    0.685415256429E-03                              
AS G24  2026 09 03 04 02 00.000000  1    0.190309274586E-03                              
AS G27  2026 09 03 04 02 00.000000  1    0.450483886527E-06                              
AS G30  2026 09 03 04 02 00.000000  1    0.351197093280E-03                              
AS G01  2026 09 03 04 02 30.000000  1    0.181509739736E-03                              
AS G02  2026 09 03 04 02 30.000000  1    0.168979840681E-03                              
AS G03  2026 09 03 04 02 30.000000  1    0.288854595918E-03                              
AS G05  2026 09 03 04 02 30.000000  1   -0.236487207230E-03                              
AS G06  2026 09 03 04 02 30.000000  1   -0.533930182159E-03                              
AS G07  2026 09 03 04 02 30.000000  1   -0.221236036061E-03                              
AS G08  2026 09 03 04 02 30.000000  1    0.356940101188E-03                              
AS G09  2026 09 03 04 02 30.000000  1    0.687307833370E-03                              
AS G10  2026 09 03 04 02 30.000000  1   -0.540099367294E-03                              
AS G12  2026 09 03 04 02 30.000000  1   -0.602922617599E-03                              
AS G13  2026 09 03 04 02 30.000000  1    0.437269934293E-03                              
AS G15  2026 09 03 04 02 30.000000  1    0.441643398124E-03                              
AS G17  2026 09 03 04 02 30.000000  1   -0.196489442664E-03                              
AS G19  2026 09 03 04 02 30.000000  1    0.704935790294E-03                              
AS G20  2026 09 03 04 02 30.000000  1    0.276686284207E-03                              
AS G21  2026 09 03 04 02 30.000000  1    0.370850288112E-03                              
AS G22  2026 09 03 04 02 30.000000  1    0.725228546012E-04                              
AS G23  2026 09 03 04 02 30.000000  1    0.685415366618E-03                              
AS G24  2026 09 03 04 02 30.000000  1    0.190309795037E-03                              
AS G27  2026 09 03 04 02 30.000000  1    0.450449984817E-06                              
AS G30  2026 09 03 04 02 30.000000  1    0.351197467299E-03                              
AS G01  2026 09 03 04 03 00.000000  1    0.181509457493E-03                              
AS G02  2026 09 03 04 03 00.000000  1    0.168980134966E-03                              
AS G03  2026 09 03 04 03 00.000000  1    0.288853974884E-03                              
AS G05  2026 09 03 04 03 00.000000  1   -0.236487105671E-03                              
AS G06  2026 09 03 04 03 00.000000  1   -0.533929850830E-03                              
AS G07  2026 09 03 04 03 00.000000  1   -0.221235982413E-03                              
AS G08  2026 09 03 04 03 00.000000  1    0.356939790765E-03                              
AS G09  2026 09 03 04 03 00.000000  1    0.687307572158E-03                              
AS G10  2026 09 03 04 03 00.000000  1   -0.540099139585E-03                              
AS G12  2026 09 03 04 03 00.000000  1   -0.602922618214E-03                              
AS G13  2026 09 03 04 03 00.000000  1    0.437270078558E-03                              
AS G15  2026 09 03 04 03 00.000000  1    0.441643549321E-03                              
AS G17  2026 09 03 04 03 00.000000  1   -0.196489638057E-03                              
AS G19  2026 09 03 04 03 00.000000  1    0.704935760333E-03                              
AS G20  2026 09 03 04 03 00.000000  1    0.276686570179E-03                              
AS G21  2026 09 03 04 03 00.000000  1    0.370850054227E-03                              
AS G22  2026 09 03 04 03 00.000000  1    0.725230550792E-04                              
AS G23  2026 09 03 04 03 00.000000  1    0.685415470566E-03                              
AS G24  2026 09 03 04 03 00.000000  1    0.190310317929E-03                              
AS G27  2026 09 03 04 03 00.000000  1    0.450304141112E-06                              
AS G30  2026 09 03 04 03 00.000000  1    0.351197836555E-03                              
AS G01  2026 09 03 04 03 30.000000  1    0.181509195875E-03                              
AS G02  2026 09 03 04 03 30.000000  1    0.168980341241E-03                              
AS G03  2026 09 03 04 03 30.000000  1    0.288853355463E-03                              
AS G05  2026 09 03 04 03 30.000000  1   -0.236487195712E-03                              
AS G06  2026 09 03 04 03 30.000000  1   -0.533929523877E-03                              
AS G07  2026 09 03 04 03 30.000000  1   -0.221236063452E-03                              
AS G08  2026 09 03 04 03 30.000000  1    0.356939478539E-03                              
AS G09  2026 09 03 04 03 30.000000  1    0.687307306825E-03                              
AS G10  2026 09 03 04 03 30.000000  1   -0.540098929738E-03                              
AS G12  2026 09 03 04 03 30.000000  1   -0.602922614611E-03                              
AS G13  2026 09 03 04 03 30.000000  1    0.437270222042E-03                              
AS G15  2026 09 03 04 03 30.000000  1    0.441643669768E-03                              
AS G17  2026 09 03 04 03 30.000000  1   -0.196489772332E-03                              
AS G19  2026 09 03 04 03 30.000000  1    0.704935852511E-03                              
AS G20  2026 09 03 04 03 30.000000  1    0.276686835227E-03                              
AS G21  2026 09 03 04 03 30.000000  1    0.370849824070E-03                              
AS G22  2026 09 03 04 03 30.000000  1    0.725232963471E-04                              
AS G23  2026 09 03 04 03 30.000000  1    0.685415571622E-03                              
AS G24  2026 09 03 04 03 30.000000  1    0.190310843695E-03                              
AS G27  2026 09 03 04 03 30.000000  1    0.450304290573E-06                              
AS G30  2026 09 03 04 03 30.000000  1    0.351198204242E-03                              
AS G01  2026 09 03 04 04 00.000000  1    0.181508924878E-03                              
AS G02  2026 09 03 04 04 00.000000  1    0.168980463957E-03                              
AS G03  2026 09 03 04 04 00.000000  1    0.288852736727E-03                              
AS G05  2026 09 03 04 04 00.000000  1   -0.236487286248E-03                              
AS G06  2026 09 03 04 04 00.000000  1   -0.533929205384E-03                              
AS G07  2026 09 03 04 04 00.000000  1   -0.221236164313E-03                              
AS G08  2026 09 03 04 04 00.000000  1    0.356939172285E-03                              
AS G09  2026 09 03 04 04 00.000000  1    0.687307040726E-03                              
AS G10  2026 09 03 04 04 00.000000  1   -0.540098723923E-03                              
AS G12  2026 09 03 04 04 00.000000  1   -0.602922581188E-03                              
AS G13  2026 09 03 04 04 00.000000  1    0.437270366807E-03                              
AS G15  2026 09 03 04 04 00.000000  1    0.441643766085E-03                              
AS G17  2026 09 03 04 04 00.000000  1   -0.196489906229E-03                              
AS G19  2026 09 03 04 04 00.000000  1    0.704935792933E-03                              
AS G20  2026 09 03 04 04 00.000000  1    0.276687096048E-03                              
AS G21  2026 09 03 04 04 00.000000  1    0.370849589195E-03                              
AS G22  2026 09 03 04 04 00.000000  1    0.725235321209E-04                              
AS G23  2026 09 03 04 04 00.000000  1    0.685415691244E-03                              
AS G24  2026 09 03 04 04 00.000000  1    0.190311360089E-03                              
AS G27  2026 09 03 04 04 00.000000  1    0.450257066457E-06                              
AS G30  2026 09 03 04 04 00.000000  1    0.351198585671E-03                              
AS G01  2026 09 03 04 04 30.000000  1    0.181508652322E-03                              
AS G02  2026 09 03 04 04 30.000000  1    0.168980639349E-03                              
AS G03  2026 09 03 04 04 30.000000  1    0.288852119092E-03                              
AS G05  2026 09 03 04 04 30.000000  1   -0.236487205219E-03                              
AS G06  2026 09 03 04 04 30.000000  1   -0.533928882257E-03                              
AS G07  2026 09 03 04 04 30.000000  1   -0.221236374360E-03                              
AS G08  2026 09 03 04 04 30.000000  1    0.356938856362E-03                              
AS G09  2026 09 03 04 04 30.000000  1    0.687306773771E-03                              
AS G10  2026 09 03 04 04 30.000000  1   -0.540098519111E-03                              
AS G12  2026 09 03 04 04 30.000000  1   -0.602922688365E-03                              
AS G13  2026 09 03 04 04 30.000000  1    0.437270504028E-03                              
AS G15  2026 09 03 04 04 30.000000  1    0.441643888796E-03                              
AS G17  2026 09 03 04 04 30.000000  1   -0.196490111970E-03                              
AS G19  2026 09 03 04 04 30.000000  1    0.704935789770E-03                              
AS G20  2026 09 03 04 04 30.000000  1    0.276687365503E-03                              
AS G21  2026 09 03 04 04 30.000000  1    0.370849363739E-03                              
AS G22  2026 09 03 04 04 30.000000  1    0.725237695736E-04                              
AS G23  2026 09 03 04 04 30.000000  1    0.685415794984E-03                              
AS G24  2026 09 03 04 04 30.000000  1    0.190311876800E-03                              
AS G27  2026 09 03 04 04 30.000000  1    0.450218807611E-06                              
AS G30  2026 09 03 04 04 30.000000  1    0.351198948555E-03                              
AS G01  2026 09 03 04 05 00.000000  2    0.181508375794E-03  0.978404912551E-11          
AS G02  2026 09 03 04 05 00.000000  2    0.168980813087E-03  0.975468959604E-11          
AS G03  2026 09 03 04 05 00.000000  2    0.288851504649E-03  0.100490429800E-10          
AS G05  2026 09 03 04 05 00.000000  2   -0.236487182509E-03  0.996491661837E-11          
AS G06  2026 09 03 04 05 00.000000  2   -0.533928555581E-03  0.101305729399E-10          
AS G07  2026 09 03 04 05 00.000000  2   -0.221236500428E-03  0.991910956315E-11          
AS G08  2026 09 03 04 05 00.000000  2    0.356938550923E-03  0.975580672392E-11          
AS G09  2026 09 03 04 05 00.000000  2    0.687306525286E-03  0.101015130504E-10          
AS G10  2026 09 03 04 05 00.000000  2   -0.540098299517E-03  0.979715637273E-11          
AS G12  2026 09 03 04 05 00.000000  2   -0.602922617711E-03  0.993362589564E-11          
AS G13  2026 09 03 04 05 00.000000  2    0.437270648334E-03  0.995052739426E-11          
AS G15  2026 09 03 04 05 00.000000  2    0.441644049104E-03  0.100771853131E-10          
AS G17  2026 09 03 04 05 00.000000  2   -0.196490104815E-03  0.991813570734E-11          
AS G19  2026 09 03 04 05 00.000000  2    0.704935824409E-03  0.101060844351E-10          
AS G20  2026 09 03 04 05 00.000000  2    0.276687641018E-03  0.100036205732E-10          
AS G21  2026 09 03 04 05 00.000000  2    0.370849110953E-03  0.997197808353E-11          
AS G22  2026 09 03 04 05 00.000000  2    0.725239628241E-04  0.988834462769E-11          
AS G23  2026 09 03 04 05 00.000000  2    0.685415899643E-03  0.996931576279E-11          
AS G24  2026 09 03 04 05 00.000000  2    0.190312407205E-03  0.103309778707E-10          
AS G27  2026 09 03 04 05 00.000000  2    0.450100273989E-06  0.981614130053E-11          
AS G30  2026 09 03 04 05 00.000000  2    0.351199325642E-03  0.986732175981E-11          
AS G01  2026 09 03 04 05 30.000000  1    0.181508080460E-03                              
AS G02  2026 09 03 04 05 30.000000  1    0.168980948633E-03                              
AS G03  2026 09 03 04 05 30.000000  1    0.288850884098E-03                              
AS G05  2026 09 03 04 05 30.000000  1   -0.236487050199E-03                              
AS G06  2026 09 03 04 05 30.000000  1   -0.533928225748E-03                              
AS G07  2026 09 03 04 05 30.000000  1   -0.221236578342E-03                              
AS G08  2026 09 03 04 05 30.000000  1    0.356938236541E-03                              
AS G09  2026 09 03 04 05 30.000000  1    0.687306262545E-03                              
AS G10  2026 09 03 04 05 30.000000  1   -0.540098079854E-03                              
AS G12  2026 09 03 04 05 30.000000  1   -0.602922527937E-03                              
AS G13  2026 09 03 04 05 30.000000  1    0.437270797538E-03                              
AS G15  2026 09 03 04 05 30.000000  1    0.441644139521E-03                              
AS G17  2026 09 03 04 05 30.000000  1   -0.196490276094E-03                              
AS G19  2026 09 03 04 05 30.000000  1    0.704935929959E-03                              
AS G20  2026 09 03 04 05 30.000000  1    0.276687933640E-03                              
AS G21  2026 09 03 04 05 30.000000  1    0.370848875870E-03                              
AS G22  2026 09 03 04 05 30.000000  1    0.725242785295E-04                              
AS G23  2026 09 03 04 05 30.000000  1    0.685416012638E-03                              
AS G24  2026 09 03 04 05 30.000000  1    0.190312919784E-03                              
AS G27  2026 09 03 04 05 30.000000  1    0.450183222078E-06                              
AS G30  2026 09 03 04 05 30.000000  1    0.351199704267E-03                              
AS G01  2026 09 03 04 06 00.000000  1    0.181507796793E-03                              
AS G02  2026 09 03 04 06 00.000000  1    0.168981200219E-03                              
AS G03  2026 09 03 04 06 00.000000  1    0.288850260946E-03                              
AS G05  2026 09 03 04 06 00.000000  1   -0.236487030592E-03                              
AS G06  2026 09 03 04 06 00.000000  1   -0.533927891984E-03                              
AS G07  2026 09 03 04 06 00.000000  1   -0.221236706880E-03                              
AS G08  2026 09 03 04 06 00.000000  1    0.356937928535E-03                              
AS G09  2026 09 03 04 06 00.000000  1    0.687306010699E-03                              
AS G10  2026 09 03 04 06 00.000000  1   -0.540097864108E-03                              
AS G12  2026 09 03 04 06 00.000000  1   -0.602922494592E-03                              
AS G13  2026 09 03 04 06 00.000000  1    0.437270942576E-03                              
AS G15  2026 09 03 04 06 00.000000  1    0.441644191604E-03                              
AS G17  2026 09 03 04 06 00.000000  1   -0.196490408320E-03                              
AS G19  2026 09 03 04 06 00.000000  1    0.704935933508E-03                              
AS G20  2026 09 03 04 06 00.000000  1    0.276688197968E-03                              
AS G21  2026 09 03 04 06 00.000000  1    0.370848652752E-03                              
AS G22  2026 09 03 04 06 00.000000  1    0.725245612354E-04                              
AS G23  2026 09 03 04 06 00.000000  1    0.685416125373E-03                              
AS G24  2026 09 03 04 06 00.000000  1    0.190313446408E-03                              
AS G27  2026 09 03 04 06 00.000000  1    0.450243143898E-06                              
AS G30  2026 09 03 04 06 00.000000  1    0.351200077165E-03                              
AS G01  2026 09 03 04 06 30.000000  1    0.181507522692E-03                              
AS G02  2026 09 03 04 06 30.000000  1    0.168981408273E-03                              
AS G03  2026 09 03 04 06 30.000000  1    0.288849654039E-03                              
AS G05  2026 09 03 04 06 30.000000  1   -0.236487179401E-03                              
AS G06  2026 09 03 04 06 30.000000  1   -0.533927570731E-03                              
AS G07  2026 09 03 04 06 30.000000  1   -0.221236847699E-03                              
AS G08  2026 09 03 04 06 30.000000  1    0.356937617720E-03                              
AS G09  2026 09 03 04 06 30.000000  1    0.687305743597E-03                              
AS G10  2026 09 03 04 06 30.000000  1   -0.540097647072E-03                              
AS G12  2026 09 03 04 06 30.000000  1   -0.602922440450E-03                              
AS G13  2026 09 03 04 06 30.000000  1    0.437271088087E-03                              
AS G15  2026 09 03 04 06 30.000000  1    0.441644257643E-03                              
AS G17  2026 09 03 04 06 30.000000  1   -0.196490608629E-03                              
AS G19  2026 09 03 04 06 30.000000  1    0.704935949193E-03                              
AS G20  2026 09 03 04 06 30.000000  1    0.276688481870E-03                              
AS G21  2026 09 03 04 06 30.000000  1    0.370848421767E-03                              
AS G22  2026 09 03 04 06 30.000000  1    0.725248143866E-04                              
AS G23  2026 09 03 04 06 30.000000  1    0.685416226925E-03                              
AS G24  2026 09 03 04 06 30.000000  1    0.190313961862E-03                              
AS G27  2026 09 03 04 06 30.000000  1    0.450219726783E-06                              
AS G30  2026 09 03 04 06 30.000000  1    0.351200454042E-03                              
AS G01  2026 09 03 04 07 00.000000  1    0.181507244383E-03                              
AS G02  2026 09 03 04 07 00.000000  1    0.168981632529E-03                              
AS G03  2026 09 03 04 07 00.000000  1    0.288849024890E-03                              
AS G05  2026 09 03 04 07 00.000000  1   -0.236487238097E-03                              
AS G06  2026 09 03 04 07 00.000000  1   -0.533927252417E-03                              
AS G07  2026 09 03 04 07 00.000000  1   -0.221237099539E-03                              
AS G08  2026 09 03 04 07 00.000000  1    0.356937306071E-03                              
AS G09  2026 09 03 04 07 00.000000  1    0.687305479437E-03                              
AS G10  2026 09 03 04 07 00.000000  1   -0.540097442624E-03                              
AS G12  2026 09 03 04 07 00.000000  1   -0.602922419166E-03                              
AS G13  2026 09 03 04 07 00.000000  1    0.437271231996E-03                              
AS G15  2026 09 03 04 07 00.000000  1    0.441644418898E-03                              
AS G17  2026 09 03 04 07 00.000000  1   -0.196490772669E-03                              
AS G19  2026 09 03 04 07 00.000000  1    0.704935941375E-03                              
AS G20  2026 09 03 04 07 00.000000  1    0.276688745329E-03                              
AS G21  2026 09 03 04 07 00.000000  1    0.370848186098E-03                              
AS G22  2026 09 03 04 07 00.000000  1    0.725250970213E-04                              
AS G23  2026 09 03 04 07 00.000000  1    0.685416337600E-03                              
AS G24  2026 09 03 04 07 00.000000  1    0.190314479376E-03                              
AS G27  2026 09 03 04 07 00.000000  1    0.450327367878E-06                              
AS G30  2026 09 03 04 07 00.000000  1    0.351200816993E-03                              
AS G01  2026 09 03 04 07 30.000000  1    0.181506979872E-03                              
AS G02  2026 09 03 04 07 30.000000  1    0.168981876390E-03                              
AS G03  2026 09 03 04 07 30.000000  1    0.288848401320E-03                              
AS G05  2026 09 03 04 07 30.000000  1   -0.236487174092E-03                              
AS G06  2026 09 03 04 07 30.000000  1   -0.533926925807E-03                              
AS G07  2026 09 03 04 07 30.000000  1   -0.221237123826E-03                              
AS G08  2026 09 03 04 07 30.000000  1    0.356937002100E-03                              
AS G09  2026 09 03 04 07 30.000000  1    0.687305220716E-03                              
AS G10  2026 09 03 04 07 30.000000  1   -0.540097217572E-03                              
AS G12  2026 09 03 04 07 30.000000  1   -0.602922322997E-03                              
AS G13  2026 09 03 04 07 30.000000  1    0.437271380514E-03                              
AS G15  2026 09 03 04 07 30.000000  1    0.441644636413E-03                              
AS G17  2026 09 03 04 07 30.000000  1   -0.196490914632E-03                              
AS G19  2026 09 03 04 07 30.000000  1    0.704935937517E-03                              
AS G20  2026 09 03 04 07 30.000000  1    0.276689014339E-03                              
AS G21  2026 09 03 04 07 30.000000  1    0.370847940286E-03                              
AS G22  2026 09 03 04 07 30.000000  1    0.725253519493E-04                              
AS G23  2026 09 03 04 07 30.000000  1    0.685416446817E-03                              
AS G24  2026 09 03 04 07 30.000000  1    0.190314998511E-03                              
AS G27  2026 09 03 04 07 30.000000  1    0.450322836904E-06                              
AS G30  2026 09 03 04 07 30.000000  1    0.351201196872E-03                              
AS G01  2026 09 03 04 08 00.000000  1    0.181506710974E-03                              
AS G02  2026 09 03 04 08 00.000000  1    0.168982155490E-03                              
AS G03  2026 09 03 04 08 00.000000  1    0.288847772602E-03                              
AS G05  2026 09 03 04 08 00.000000  1   -0.236487325174E-03                              
AS G06  2026 09 03 04 08 00.000000  1   -0.533926604336E-03                              
AS G07  2026 09 03 04 08 00.000000  1   -0.221237159993E-03                              
AS G08  2026 09 03 04 08 00.000000  1    0.356936692235E-03                              
AS G09  2026 09 03 04 08 00.000000  1    0.687304959385E-03                              
AS G10  2026 09 03 04 08 00.000000  1   -0.540097005421E-03                              
AS G12  2026 09 03 04 08 00.000000  1   -0.602922348558E-03                              
AS G13  2026 09 03 04 08 00.000000  1    0.437271522753E-03                              
AS G15  2026 09 03 04 08 00.000000  1    0.441644753969E-03                              
AS G17  2026 09 03 04 08 00.000000  1   -0.196491099870E-03                              
AS G19  2026 09 03 04 08 00.000000  1    0.704935974902E-03                              
AS G20  2026 09 03 04 08 00.000000  1    0.276689290614E-03                              
AS G21  2026 09 03 04 08 00.000000  1    0.370847713378E-03                              
AS G22  2026 09 03 04 08 00.000000  1    0.725256889011E-04                              
AS G23  2026 09 03 04 08 00.000000  1    0.685416546305E-03                              
AS G24  2026 09 03 04 08 00.000000  1    0.190315521525E-03                              
AS G27  2026 09 03 04 08 00.000000  1    0.450422106538E-06                              
AS G30  2026 09 03 04 08 00.000000  1    0.351201555948E-03                              
AS G01  2026 09 03 04 08 30.000000  1    0.181506431390E-03                              
AS G02  2026 09 03 04 08 30.000000  1    0.168982244895E-03                              
AS G03  2026 09 03 04 08 30.000000  1    0.288847136066E-03                              
AS G05  2026 09 03 04 08 30.000000  1   -0.236487469060E-03                              
AS G06  2026 09 03 04 08 30.000000  1   -0.533926269627E-03                              
AS G07  2026 09 03 04 08 30.000000  1   -0.221237198321E-03                              
AS G08  2026 09 03 04 08 30.000000  1    0.356936384238E-03                              
AS G09  2026 09 03 04 08 30.000000  1    0.687304690682E-03                              
AS G10  2026 09 03 04 08 30.000000  1   -0.540096788063E-03                              
AS G12  2026 09 03 04 08 30.000000  1   -0.602922387031E-03                              
AS G13  2026 09 03 04 08 30.000000  1    0.437271667100E-03                              
AS G15  2026 09 03 04 08 30.000000  1    0.441644879317E-03                              
AS G17  2026 09 03 04 08 30.000000  1   -0.196491269780E-03                              
AS G19  2026 09 03 04 08 30.000000  1    0.704935936861E-03                              
AS G20  2026 09 03 04 08 30.000000  1    0.276689562847E-03                              
AS G21  2026 09 03 04 08 30.000000  1    0.370847484484E-03                              
AS G22  2026 09 03 04 08 30.000000  1    0.725259499907E-04                              
AS G23  2026 09 03 04 08 30.000000  1    0.685416650235E-03                              
AS G24  2026 09 03 04 08 30.000000  1    0.190316045112E-03                              
AS G27  2026 09 03 04 08 30.000000  1    0.450409336172E-06                              
AS G30  2026 09 03 04 08 30.000000  1    0.351201927755E-03                              
AS G01  2026 09 03 04 09 00.000000  1    0.181506151559E-03                              
AS G02  2026 09 03 04 09 00.000000  1    0.168982461130E-03                              
AS G03  2026 09 03 04 09 00.000000  1    0.288846522784E-03                              
AS G05  2026 09 03 04 09 00.000000  1   -0.236487532683E-03                              
AS G06  2026 09 03 04 09 00.000000  1   -0.533925950127E-03                              
AS G07  2026 09 03 04 09 00.000000  1   -0.221237202847E-03                              
AS G08  2026 09 03 04 09 00.000000  1    0.356936087302E-03                              
AS G09  2026 09 03 04 09 00.000000  1    0.687304431824E-03                              
AS G10  2026 09 03 04 09 00.000000  1   -0.540096576017E-03                              
AS G12  2026 09 03 04 09 00.000000  1   -0.602922362620E-03                              
AS G13  2026 09 03 04 09 00.000000  1    0.437271815583E-03                              
AS G15  2026 09 03 04 09 00.000000  1    0.441644861601E-03                              
AS G17  2026 09 03 04 09 00.000000  1   -0.196491377669E-03                              
AS G19  2026 09 03 04 09 00.000000  1    0.704935881938E-03                              
AS G20  2026 09 03 04 09 00.000000  1    0.276689832225E-03                              
AS G21  2026 09 03 04 09 00.000000  1    0.370847236482E-03                              
AS G22  2026 09 03 04 09 00.000000  1    0.725262906554E-04                              
AS G23  2026 09 03 04 09 00.000000  1    0.685416761253E-03                              
AS G24  2026 09 03 04 09 00.000000  1    0.190316565261E-03                              
AS G27  2026 09 03 04 09 00.000000  1    0.450247161887E-06                              
AS G30  2026 09 03 04 09 00.000000  1    0.351202307759E-03                              
AS G01  2026 09 03 04 09 30.000000  1    0.181505887395E-03                              
AS G02  2026 09 03 04 09 30.000000  1    0.168982589670E-03                              
AS G03  2026 09 03 04 09 30.000000  1    0.288845899644E-03                              
AS G05  2026 09 03 04 09 30.000000  1   -0.236487534286E-03                              
AS G06  2026 09 03 04 09 30.000000  1   -0.533925625522E-03                              
AS G07  2026 09 03 04 09 30.000000  1   -0.221237305485E-03                              
AS G08  2026 09 03 04 09 30.000000  1    0.356935775950E-03                              
AS G09  2026 09 03 04 09 30.000000  1    0.687304169091E-03                              
AS G10  2026 09 03 04 09 30.000000  1   -0.540096364395E-03                              
AS G12  2026 09 03 04 09 30.000000  1   -0.602922330579E-03                              
AS G13  2026 09 03 04 09 30.000000  1    0.437271960508E-03                              
AS G15  2026 09 03 04 09 30.000000  1    0.441644921705E-03                              
AS G17  2026 09 03 04 09 30.000000  1   -0.196491634421E-03                              
AS G19  2026 09 03 04 09 30.000000  1    0.704935888491E-03                              
AS G20  2026 09 03 04 09 30.000000  1    0.276690105994E-03                              
AS G21  2026 09 03 04 09 30.000000  1    0.370847006700E-03                              
AS G22  2026 09 03 04 09 30.000000  1    0.725266387809E-04                              
AS G23  2026 09 03 04 09 30.000000  1    0.685416863360E-03                              
AS G24  2026 09 03 04 09 30.000000  1    0.190317085834E-03                              
AS G27  2026 09 03 04 09 30.000000  1    0.450347284976E-06                              
AS G30  2026 09 03 04 09 30.000000  1    0.351202692974E-03                              
AS G01  2026 09 03 04 10 00.000000  2    0.181505610160E-03  0.974664314927E-11          
AS G02  2026 09 03 04 10 00.000000  2    0.168982848054E-03  0.971690531130E-11          
AS G03  2026 09 03 04 10 00.000000  2    0.288845238925E-03  0.100138011899E-10          
AS G05  2026 09 03 04 10 00.000000  2   -0.236487366960E-03  0.992669601241E-11          
AS G06  2026 09 03 04 10 00.000000  2   -0.533925301721E-03  0.100986042739E-10          
AS G07  2026 09 03 04 10 00.000000  2   -0.221237440403E-03  0.989938742197E-11          
AS G08  2026 09 03 04 10 00.000000  2    0.356935475398E-03  0.972452656631E-11          
AS G09  2026 09 03 04 10 00.000000  2    0.687303902592E-03  0.100681178221E-10          
AS G10  2026 09 03 04 10 00.000000  2   -0.540096145170E-03  0.976803891550E-11          
AS G12  2026 09 03 04 10 00.000000  2   -0.602922355571E-03  0.990549230289E-11          
AS G13  2026 09 03 04 10 00.000000  2    0.437272105858E-03  0.992316840022E-11          
AS G15  2026 09 03 04 10 00.000000  2    0.441645082704E-03  0.100449340161E-10          
AS G17  2026 09 03 04 10 00.000000  2   -0.196491815128E-03  0.987690278456E-11          
AS G19  2026 09 03 04 10 00.000000  2    0.704935997219E-03  0.100685146901E-10          
AS G20  2026 09 03 04 10 00.000000  2    0.276690371703E-03  0.997558914509E-11          
AS G21  2026 09 03 04 10 00.000000  2    0.370846770252E-03  0.994000260809E-11          
AS G22  2026 09 03 04 10 00.000000  2    0.725268586896E-04  0.984976427833E-11          
AS G23  2026 09 03 04 10 00.000000  2    0.685416978471E-03  0.996688648312E-11          
AS G24  2026 09 03 04 10 00.000000  2    0.190317600633E-03  0.102748673300E-10          
AS G27  2026 09 03 04 10 00.000000  2    0.450279478329E-06  0.979008773295E-11          
AS G30  2026 09 03 04 10 00.000000  2    0.351203061469E-03  0.983584876549E-11          
AS G01  2026 09 03 04 10 30.000000  1    0.181505339948E-03                              
AS G02  2026 09 03 04 10 30.000000  1    0.168983095810E-03                              
AS G03  2026 09 03 04 10 30.000000  1    0.288844615945E-03                              
AS G05  2026 09 03 04 10 30.000000  1   -0.236487314327E-03                              
AS G06  2026 09 03 04 10 30.000000  1   -0.533924969289E-03                              
AS G07  2026 09 03 04 10 30.000000  1   -0.221237493437E-03                              
AS G08  2026 09 03 04 10 30.000000  1    0.356935169881E-03                              
AS G09  2026 09 03 04 10 30.000000  1    0.687303636538E-03                              
AS G10  2026 09 03 04 10 30.000000  1   -0.540095930876E-03                              
AS G12  2026 09 03 04 10 30.000000  1   -0.602922261937E-03                              
AS G13  2026 09 03 04 10 30.000000  1    0.437272259850E-03                              
AS G15  2026 09 03 04 10 30.000000  1    0.441645270832E-03                              
AS G17  2026 09 03 04 10 30.000000  1   -0.196491959482E-03                              
AS G19  2026 09 03 04 10 30.000000  1    0.704935902884E-03                              
AS G20  2026 09 03 04 10 30.000000  1    0.276690653975E-03                              
AS G21  2026 09 03 04 10 30.000000  1    0.370846536341E-03                              
AS G22  2026 09 03 04 10 30.000000  1    0.725270949427E-04                              
AS G23  2026 09 03 04 10 30.000000  1    0.685417100131E-03                              
AS G24  2026 09 03 04 10 30.000000  1    0.190318121358E-03                              
AS G27  2026 09 03 04 10 30.000000  1    0.450178363799E-06                              
AS G30  2026 09 03 04 10 30.000000  1    0.351203446665E-03                              
AS G01  2026 09 03 04 11 00.000000  1    0.181505072515E-03                              
AS G02  2026 09 03 04 11 00.000000  1    0.168983391764E-03                              
AS G03  2026 09 03 04 11 00.000000  1    0.288843994178E-03                              
AS G05  2026 09 03 04 11 00.000000  1   -0.236487366014E-03                              
AS G06  2026 09 03 04 11 00.000000  1   -0.533924639964E-03                              
AS G07  2026 09 03 04 11 00.000000  1   -0.221237702031E-03                              
AS G08  2026 09 03 04 11 00.000000  1    0.356934867217E-03                              
AS G09  2026 09 03 04 11 00.000000  1    0.687303374842E-03                              
AS G10  2026 09 03 04 11 00.000000  1   -0.540095710170E-03                              
AS G12  2026 09 03 04 11 00.000000  1   -0.602922197275E-03                              
AS G13  2026 09 03 04 11 00.000000  1    0.437272408306E-03                              
AS G15  2026 09 03 04 11 00.000000  1    0.441645454979E-03                              
AS G17  2026 09 03 04 11 00.000000  1   -0.196492117584E-03                              
AS G19  2026 09 03 04 11 00.000000  1    0.704935818126E-03                              
AS G20  2026 09 03 04 11 00.000000  1    0.276690929275E-03                              
AS G21  2026 09 03 04 11 00.000000  1    0.370846319460E-03                              
AS G22  2026 09 03 04 11 00.000000  1    0.725273559768E-04                              
AS G23  2026 09 03 04 11 00.000000  1    0.685417217743E-03                              
AS G24  2026 09 03 04 11 00.000000  1    0.190318650333E-03                              
AS G27  2026 09 03 04 11 00.000000  1    0.450253696013E-06                              
AS G30  2026 09 03 04 11 00.000000  1    0.351203820279E-03                              
AS G01  2026 09 03 04 11 30.000000  1    0.181504807431E-03                              
AS G02  2026 09 03 04 11 30.000000  1    0.168983709707E-03                              
AS G03  2026 09 03 04 11 30.000000  1    0.288843366224E-03                              
AS G05  2026 09 03 04 11 30.000000  1   -0.236487257853E-03                              
AS G06  2026 09 03 04 11 30.000000  1   -0.533924318826E-03                              
AS G07  2026 09 03 04 11 30.000000  1   -0.221237918660E-03                              
AS G08  2026 09 03 04 11 30.000000  1    0.356934561106E-03                              
AS G09  2026 09 03 04 11 30.000000  1    0.687303125608E-03                              
AS G10  2026 09 03 04 11 30.000000  1   -0.540095490552E-03                              
AS G12  2026 09 03 04 11 30.000000  1   -0.602922161764E-03                              
AS G13  2026 09 03 04 11 30.000000  1    0.437272550172E-03                              
AS G15  2026 09 03 04 11 30.000000  1    0.441645499212E-03                              
AS G17  2026 09 03 04 11 30.000000  1   -0.196492085813E-03                              
AS G19  2026 09 03 04 11 30.000000  1    0.704935848857E-03                              
AS G20  2026 09 03 04 11 30.000000  1    0.276691201428E-03                              
AS G21  2026 09 03 04 11 30.000000  1    0.370846079767E-03                              
AS G22  2026 09 03 04 11 30.000000  1    0.725274656468E-04                              
AS G23  2026 09 03 04 11 30.000000  1    0.685417330913E-03                              
AS G24  2026 09 03 04 11 30.000000  1    0.190319174289E-03                              
AS G27  2026 09 03 04 11 30.000000  1    0.450318428124E-06                              
AS G30  2026 09 03 04 11 30.000000  1    0.351204183810E-03                              
AS G01  2026 09 03 04 12 00.000000  1    0.181504538770E-03                              
AS G02  2026 09 03 04 12 00.000000  1    0.168983874185E-03                              
AS G03  2026 09 03 04 12 00.000000  1    0.288842753074E-03                              
AS G05  2026 09 03 04 12 00.000000  1   -0.236487216845E-03                              
AS G06  2026 09 03 04 12 00.000000  1   -0.533923991149E-03                              
AS G07  2026 09 03 04 12 00.000000  1   -0.221238058398E-03                              
AS G08  2026 09 03 04 12 00.000000  1    0.356934250665E-03                              
AS G09  2026 09 03 04 12 00.000000  1    0.687302863724E-03                              
AS G10  2026 09 03 04 12 00.000000  1   -0.540095283650E-03                              
AS G12  2026 09 03 04 12 00.000000  1   -0.602922080366E-03                              
AS G13  2026 09 03 04 12 00.000000  1    0.437272694028E-03                              
AS G15  2026 09 03 04 12 00.000000  1    0.441645470762E-03                              
AS G17  2026 09 03 04 12 00.000000  1   -0.196492141697E-03                              
AS G19  2026 09 03 04 12 00.000000  1    0.704935887465E-03                              
AS G20  2026 09 03 04 12 00.000000  1    0.276691477017E-03                              
AS G21  2026 09 03 04 12 00.000000  1    0.370845833394E-03                              
AS G22  2026 09 03 04 12 00.000000  1    0.725277241277E-04                              
AS G23  2026 09 03 04 12 00.000000  1    0.685417441161E-03                              
AS G24  2026 09 03 04 12 00.000000  1    0.190319687528E-03                              
AS G27  2026 09 03 04 12 00.000000  1    0.450423210426E-06                              
AS G30  2026 09 03 04 12 00.000000  1    0.351204553580E-03                              
AS G01  2026 09 03 04 12 30.000000  1    0.181504252471E-03                              
AS G02  2026 09 03 04 12 30.000000  1    0.168984065406E-03                              
AS G03  2026 09 03 04 12 30.000000  1    0.288842132525E-03                              
AS G05  2026 09 03 04 12 30.000000  1   -0.236487516797E-03                              
AS G06  2026 09 03 04 12 30.000000  1   -0.533923679651E-03                              
AS G07  2026 09 03 04 12 30.000000  1   -0.221238090510E-03                              
AS G08  2026 09 03 04 12 30.000000  1    0.356933939341E-03                              
AS G09  2026 09 03 04 12 30.000000  1    0.687302593996E-03                              
AS G10  2026 09 03 04 12 30.000000  1   -0.540095083205E-03                              
AS G12  2026 09 03 04 12 30.000000  1   -0.602922008350E-03                              
AS G13  2026 09 03 04 12 30.000000  1    0.437272837826E-03                              
AS G15  2026 09 03 04 12 30.000000  1    0.441645675715E-03                              
AS G17  2026 09 03 04 12 30.000000  1   -0.196492238592E-03                              
AS G19  2026 09 03 04 12 30.000000  1    0.704935937236E-03                              
AS G20  2026 09 03 04 12 30.000000  1    0.276691750148E-03                              
AS G21  2026 09 03 04 12 30.000000  1    0.370845594334E-03                              
AS G22  2026 09 03 04 12 30.000000  1    0.725281199204E-04                              
AS G23  2026 09 03 04 12 30.000000  1    0.685417542092E-03                              
AS G24  2026 09 03 04 12 30.000000  1    0.190320206055E-03                              
AS G27  2026 09 03 04 12 30.000000  1    0.450525698400E-06                              
AS G30  2026 09 03 04 12 30.000000  1    0.351204937775E-03                              
AS G01  2026 09 03 04 13 00.000000  1    0.181503981856E-03                              
AS G02  2026 09 03 04 13 00.000000  1    0.168984402468E-03                              
AS G03  2026 09 03 04 13 00.000000  1    0.288841510291E-03                              
AS G05  2026 09 03 04 13 00.000000  1   -0.236487626719E-03                              
AS G06  2026 09 03 04 13 00.000000  1   -0.533923350904E-03                              
AS G07  2026 09 03 04 13 00.000000  1   -0.221238066085E-03                              
AS G08  2026 09 03 04 13 00.000000  1    0.356933638608E-03                              
AS G09  2026 09 03 04 13 00.000000  1    0.687302340283E-03                              
AS G10  2026 09 03 04 13 00.000000  1   -0.540094869158E-03                              
AS G12  2026 09 03 04 13 00.000000  1   -0.602922002004E-03                              
AS G13  2026 09 03 04 13 00.000000  1    0.437272991460E-03                              
AS G15  2026 09 03 04 13 00.000000  1    0.441645837674E-03                              
AS G17  2026 09 03 04 13 00.000000  1   -0.196492406693E-03                              
AS G19  2026 09 03 04 13 00.000000  1    0.704935918086E-03                              
AS G20  2026 09 03 04 13 00.000000  1    0.276692025659E-03                              
AS G21  2026 09 03 04 13 00.000000  1    0.370845373705E-03                              
AS G22  2026 09 03 04 13 00.000000  1    0.725284705561E-04                              
AS G23  2026 09 03 04 13 00.000000  1    0.685417659973E-03                              
AS G24  2026 09 03 04 13 00.000000  1    0.190320754258E-03                              
AS G27  2026 09 03 04 13 00.000000  1    0.450520818094E-06                              
AS G30  2026 09 03 04 13 00.000000  1    0.351205304813E-03                              
AS G01  2026 09 03 04 13 30.000000  1    0.181503721347E-03                              
AS G02  2026 09 03 04 13 30.000000  1    0.168984648083E-03                              
AS G03  2026 09 03 04 13 30.000000  1    0.288840884709E-03                              
AS G05  2026 09 03 04 13 30.000000  1   -0.236487537071E-03                              
AS G06  2026 09 03 04 13 30.000000  1   -0.533923027845E-03                              
AS G07  2026 09 03 04 13 30.000000  1   -0.221238257242E-03                              
AS G08  2026 09 03 04 13 30.000000  1    0.356933325911E-03                              
AS G09  2026 09 03 04 13 30.000000  1    0.687302073525E-03                              
AS G10  2026 09 03 04 13 30.000000  1   -0.540094660080E-03                              
AS G12  2026 09 03 04 13 30.000000  1   -0.602922014725E-03                              
AS G13  2026 09 03 04 13 30.000000  1    0.437273140412E-03                              
AS G15  2026 09 03 04 13 30.000000  1    0.441645949687E-03                              
AS G17  2026 09 03 04 13 30.000000  1   -0.196492545879E-03                              
AS G19  2026 09 03 04 13 30.000000  1    0.704935936040E-03                              
AS G20  2026 09 03 04 13 30.000000  1    0.276692293482E-03                              
AS G21  2026 09 03 04 13 30.000000  1    0.370845149013E-03                              
AS G22  2026 09 03 04 13 30.000000  1    0.725287211021E-04                              
AS G23  2026 09 03 04 13 30.000000  1    0.685417766840E-03                              
AS G24  2026 09 03 04 13 30.000000  1    0.190321261764E-03                              
AS G27  2026 09 03 04 13 30.000000  1    0.450488442872E-06                              
AS G30  2026 09 03 04 13 30.000000  1    0.351205669932E-03                              
AS G01  2026 09 03 04 14 00.000000  1    0.181503450944E-03                              
AS G02  2026 09 03 04 14 00.000000  1    0.168984799490E-03                              
AS G03  2026 09 03 04 14 00.000000  1    0.288840267952E-03                              
AS G05  2026 09 03 04 14 00.000000  1   -0.236487455224E-03                              
AS G06  2026 09 03 04 14 00.000000  1   -0.533922702782E-03                              
AS G07  2026 09 03 04 14 00.000000  1   -0.221238457000E-03                              
AS G08  2026 09 03 04 14 00.000000  1    0.356933020163E-03                              
AS G09  2026 09 03 04 14 00.000000  1    0.687301816732E-03                              
AS G10  2026 09 03 04 14 00.000000  1   -0.540094439547E-03                              
AS G12  2026 09 03 04 14 00.000000  1   -0.602922125288E-03                              
AS G13  2026 09 03 04 14 00.000000  1    0.437273288657E-03                              
AS G15  2026 09 03 04 14 00.000000  1    0.441646032459E-03                              
AS G17  2026 09 03 04 14 00.000000  1   -0.196492717435E-03                              
AS G19  2026 09 03 04 14 00.000000  1    0.704935931521E-03                              
AS G20  2026 09 03 04 14 00.000000  1    0.276692572370E-03                              
AS G21  2026 09 03 04 14 00.000000  1    0.370844923025E-03                              
AS G22  2026 09 03 04 14 00.000000  1    0.725289164535E-04                              
AS G23  2026 09 03 04 14 00.000000  1    0.685417867442E-03                              
AS G24  2026 09 03 04 14 00.000000  1    0.190321786261E-03                              
AS G27  2026 09 03 04 14 00.000000  1    0.450522911357E-06                              
AS G30  2026 09 03 04 14 00.000000  1    0.351206049654E-03                              
AS G01  2026 09 03 04 14 30.000000  1    0.181503165250E-03                              
AS G02  2026 09 03 04 14 30.000000  1    0.168985014042E-03                              
AS G03  2026 09 03 04 14 30.000000  1    0.288839645832E-03                              
AS G05  2026 09 03 04 14 30.000000  1   -0.236487293729E-03                              
AS G06  2026 09 03 04 14 30.000000  1   -0.533922380988E-03                              
AS G07  2026 09 03 04 14 30.000000  1   -0.221238642251E-03                              
AS G08  2026 09 03 04 14 30.000000  1    0.356932708871E-03                              
AS G09  2026 09 03 04 14 30.000000  1    0.687301569161E-03                              
AS G10  2026 09 03 04 14 30.000000  1   -0.540094232782E-03                              
AS G12  2026 09 03 04 14 30.000000  1   -0.602922061574E-03                              
AS G13  2026 09 03 04 14 30.000000  1    0.437273435900E-03                              
AS G15  2026 09 03 04 14 30.000000  1    0.441646075780E-03                              
AS G17  2026 09 03 04 14 30.000000  1   -0.196492928316E-03                              
AS G19  2026 09 03 04 14 30.000000  1    0.704935973386E-03                              
AS G20  2026 09 03 04 14 30.000000  1    0.276692839864E-03                              
AS G21  2026 09 03 04 14 30.000000  1    0.370844685188E-03                              
AS G22  2026 09 03 04 14 30.000000  1    0.725290969666E-04                              
AS G23  2026 09 03 04 14 30.000000  1    0.685417957347E-03                              
AS G24  2026 09 03 04 14 30.000000  1    0.190322305668E-03                              
AS G27  2026 09 03 04 14 30.000000  1    0.450489581410E-06                              
AS G30  2026 09 03 04 14 30.000000  1    0.351206415220E-03                              
AS G01  2026 09 03 04 15 00.000000  2    0.181502886661E-03  0.985759338298E-11          
AS G02  2026 09 03 04 15 00.000000  2    0.168985187091E-03  0.983123446983E-11          
AS G03  2026 09 03 04 15 00.000000  2    0.288839021648E-03  0.101160356138E-10          
AS G05  2026 09 03 04 15 00.000000  2   -0.236487192222E-03  0.100359208670E-10          
AS G06  2026 09 03 04 15 00.000000  2   -0.533922057038E-03  0.102075159457E-10          
AS G07  2026 09 03 04 15 00.000000  2   -0.221238743218E-03  0.100272033363E-10          
AS G08  2026 09 03 04 15 00.000000  2    0.356932403360E-03  0.984198148265E-11          
AS G09  2026 09 03 04 15 00.000000  2    0.687301305150E-03  0.101806866699E-10          
AS G10  2026 09 03 04 15 00.000000  2   -0.540094018236E-03  0.988793599686E-11          
AS G12  2026 09 03 04 15 00.000000  2   -0.602922081765E-03  0.100245128190E-10          
AS G13  2026 09 03 04 15 00.000000  2    0.437273576274E-03  0.100436714941E-10          
AS G15  2026 09 03 04 15 00.000000  2    0.441645992903E-03  0.101545279431E-10          
AS G17  2026 09 03 04 15 00.000000  2   -0.196493148731E-03  0.998392579268E-11          
AS G19  2026 09 03 04 15 00.000000  2    0.704936008096E-03  0.101757078913E-10          
AS G20  2026 09 03 04 15 00.000000  2    0.276693111385E-03  0.100955490957E-10          
AS G21  2026 09 03 04 15 00.000000  2    0.370844461642E-03  0.100552503425E-10          
AS G22  2026 09 03 04 15 00.000000  2    0.725294258298E-04  0.995668441323E-11          
AS G23  2026 09 03 04 15 00.000000  2    0.685418038809E-03  0.101134166596E-10          
AS G24  2026 09 03 04 15 00.000000  2    0.190322833000E-03  0.103491375732E-10          
AS G27  2026 09 03 04 15 00.000000  2    0.450431275806E-06  0.991339287928E-11          
AS G30  2026 09 03 04 15 00.000000  2    0.351206779910E-03  0.995190912867E-11          
AS G01  2026 09 03 04 15 30.000000  1    0.181502610433E-03                              
AS G02  2026 09 03 04 15 30.000000  1    0.168985432981E-03                              
AS G03  2026 09 03 04 15 30.000000  1    0.288838392596E-03                              
AS G05  2026 09 03 04 15 30.000000  1   -0.236487218774E-03                              
AS G06  2026 09 03 04 15 30.000000  1   -0.533921738697E-03                              
AS G07  2026 09 03 04 15 30.000000  1   -0.221238885537E-03                              
AS G08  2026 09 03 04 15 30.000000  1    0.356932093747E-03                              
AS G09  2026 09 03 04 15 30.000000  1    0.687301043470E-03                              
AS G10  2026 09 03 04 15 30.000000  1   -0.540093810172E-03                              
AS G12  2026 09 03 04 15 30.000000  1   -0.602922077349E-03                              
AS G13  2026 09 03 04 15 30.000000  1    0.437273719276E-03                              
AS G15  2026 09 03 04 15 30.000000  1    0.441646016268E-03                              
AS G17  2026 09 03 04 15 30.000000  1   -0.196493357175E-03                              
AS G19  2026 09 03 04 15 30.000000  1    0.704935940770E-03                              
AS G20  2026 09 03 04 15 30.000000  1    0.276693377163E-03                              
AS G21  2026 09 03 04 15 30.000000  1    0.370844229282E-03                              
AS G22  2026 09 03 04 15 30.000000  1    0.725297836309E-04                              
AS G23  2026 09 03 04 15 30.000000  1    0.685418162154E-03                              
AS G24  2026 09 03 04 15 30.000000  1    0.190323355941E-03                              
AS G27  2026 09 03 04 15 30.000000  1    0.450484396406E-06                              
AS G30  2026 09 03 04 15 30.000000  1    0.351207169688E-03                              
AS G01  2026 09 03 04 16 00.000000  1    0.181502339221E-03                              
AS G02  2026 09 03 04 16 00.000000  1    0.168985640298E-03                              
AS G03  2026 09 03 04 16 00.000000  1    0.288837760780E-03                              
AS G05  2026 09 03 04 16 00.000000  1   -0.236487465646E-03                              
AS G06  2026 09 03 04 16 00.000000  1   -0.533921412228E-03                              
AS G07  2026 09 03 04 16 00.000000  1   -0.221238957209E-03                              
AS G08  2026 09 03 04 16 00.000000  1    0.356931774938E-03                              
AS G09  2026 09 03 04 16 00.000000  1    0.687300780223E-03                              
AS G10  2026 09 03 04 16 00.000000  1   -0.540093593007E-03                              
AS G12  2026 09 03 04 16 00.000000  1   -0.602922018912E-03                              
AS G13  2026 09 03 04 16 00.000000  1    0.437273859121E-03                              
AS G15  2026 09 03 04 16 00.000000  1    0.441646156514E-03                              
AS G17  2026 09 03 04 16 00.000000  1   -0.196493619315E-03                              
AS G19  2026 09 03 04 16 00.000000  1    0.704935927023E-03                              
AS G20  2026 09 03 04 16 00.000000  1    0.276693646002E-03                              
AS G21  2026 09 03 04 16 00.000000  1    0.370843994089E-03                              
AS G22  2026 09 03 04 16 00.000000  1    0.725300274919E-04                              
AS G23  2026 09 03 04 16 00.000000  1    0.685418279555E-03                              
AS G24  2026 09 03 04 16 00.000000  1    0.190323866665E-03                              
AS G27  2026 09 03 04 16 00.000000  1    0.450438581914E-06                              
AS G30  2026 09 03 04 16 00.000000  1    0.351207541504E-03                              
AS G01  2026 09 03 04 16 30.000000  1    0.181502075063E-03                              
AS G02  2026 09 03 04 16 30.000000  1    0.168985803236E-03                              
AS G03  2026 09 03 04 16 30.000000  1    0.288837146102E-03                              
AS G05  2026 09 03 04 16 30.000000  1   -0.236487559467E-03                              
AS G06  2026 09 03 04 16 30.000000  1   -0.533921095626E-03                              
AS G07  2026 09 03 04 16 30.000000  1   -0.221239007528E-03                              
AS G08  2026 09 03 04 16 30.000000  1    0.356931458691E-03                              
AS G09  2026 09 03 04 16 30.000000  1    0.687300510868E-03                              
AS G10  2026 09 03 04 16 30.000000  1   -0.540093385692E-03                              
AS G12  2026 09 03 04 16 30.000000  1   -0.602922096439E-03                              
AS G13  2026 09 03 04 16 30.000000  1    0.437274004505E-03                              
AS G15  2026 09 03 04 16 30.000000  1    0.441646273644E-03                              
AS G17  2026 09 03 04 16 30.000000  1   -0.196493803913E-03                              
AS G19  2026 09 03 04 16 30.000000  1    0.704936055629E-03                              
AS G20  2026 09 03 04 16 30.000000  1    0.276693920316E-03                              
AS G21  2026 09 03 04 16 30.000000  1    0.370843756951E-03                              
AS G22  2026 09 03 04 16 30.000000  1    0.725303110283E-04                              
AS G23  2026 09 03 04 16 30.000000  1    0.685418396077E-03                              
AS G24  2026 09 03 04 16 30.000000  1    0.190324391301E-03                              
AS G27  2026 09 03 04 16 30.000000  1    0.450499504005E-06                              
AS G30  2026 09 03 04 16 30.000000  1    0.351207910671E-03                              
AS G01  2026 09 03 04 17 00.000000  1    0.181501796539E-03                              
AS G02  2026 09 03 04 17 00.000000  1    0.168986018619E-03                              
AS G03  2026 09 03 04 17 00.000000  1    0.288836509597E-03                              
AS G05  2026 09 03 04 17 00.000000  1   -0.236487573785E-03                              
AS G06  2026 09 03 04 17 00.000000  1   -0.533920774659E-03                              
AS G07  2026 09 03 04 17 00.000000  1   -0.221239179815E-03                              
AS G08  2026 09 03 04 17 00.000000  1    0.356931144342E-03                              
AS G09  2026 09 03 04 17 00.000000  1    0.687300256801E-03                              
AS G10  2026 09 03 04 17 00.000000  1   -0.540093170224E-03                              
AS G12  2026 09 03 04 17 00.000000  1   -0.602921983284E-03                              
AS G13  2026 09 03 04 17 00.000000  1    0.437274157719E-03                              
AS G15  2026 09 03 04 17 00.000000  1    0.441646271701E-03                              
AS G17  2026 09 03 04 17 00.000000  1   -0.196493948772E-03                              
AS G19  2026 09 03 04 17 00.000000  1    0.704935966121E-03                              
AS G20  2026 09 03 04 17 00.000000  1    0.276694192615E-03                              
AS G21  2026 09 03 04 17 00.000000  1    0.370843527370E-03                              
AS G22  2026 09 03 04 17 00.000000  1    0.725305880188E-04                              
AS G23  2026 09 03 04 17 00.000000  1    0.685418499913E-03                              
AS G24  2026 09 03 04 17 00.000000  1    0.190324909025E-03                              
AS G27  2026 09 03 04 17 00.000000  1    0.450496947698E-06                              
AS G30  2026 09 03 04 17 00.000000  1    0.351208280472E-03                              
AS G01  2026 09 03 04 17 30.000000  1    0.181501529158E-03                              
AS G02  2026 09 03 04 17 30.000000  1    0.168986230702E-03                              
AS G03  2026 09 03 04 17 30.000000  1    0.288835885506E-03                              
AS G05  2026 09 03 04 17 30.000000  1   -0.236487414088E-03                              
AS G06  2026 09 03 04 17 30.000000  1   -0.533920460090E-03                              
AS G07  2026 09 03 04 17 30.000000  1   -0.221239164266E-03                              
AS G08  2026 09 03 04 17 30.000000  1    0.356930836947E-03                              
AS G09  2026 09 03 04 17 30.000000  1    0.687299991780E-03                              
AS G10  2026 09 03 04 17 30.000000  1   -0.540092965974E-03                              
AS G12  2026 09 03 04 17 30.000000  1   -0.602921872451E-03                              
AS G13  2026 09 03 04 17 30.000000  1    0.437274299852E-03                              
AS G15  2026 09 03 04 17 30.000000  1    0.441646242974E-03                              
AS G17  2026 09 03 04 17 30.000000  1   -0.196493988630E-03                              
AS G19  2026 09 03 04 17 30.000000  1    0.704936051610E-03                              
AS G20  2026 09 03 04 17 30.000000  1    0.276694464728E-03                              
AS G21  2026 09 03 04 17 30.000000  1    0.370843281867E-03                              
AS G22  2026 09 03 04 17 30.000000  1    0.725309344537E-04                              
AS G23  2026 09 03 04 17 30.000000  1    0.685418606355E-03                              
AS G24  2026 09 03 04 17 30.000000  1    0.190325423949E-03                              
AS G27  2026 09 03 04 17 30.000000  1    0.450354639307E-06                              
AS G30  2026 09 03 04 17 30.000000  1    0.351208653871E-03                              
AS G01  2026 09 03 04 18 00.000000  1    0.181501246940E-03                              
AS G02  2026 09 03 04 18 00.000000  1    0.168986306506E-03                              
AS G03  2026 09 03 04 18 00.000000  1    0.288835270106E-03                              
AS G05  2026 09 03 04 18 00.000000  1   -0.236487448884E-03                              
AS G06  2026 09 03 04 18 00.000000  1   -0.533920135126E-03                              
AS G07  2026 09 03 04 18 00.000000  1   -0.221239244012E-03                              
AS G08  2026 09 03 04 18 00.000000  1    0.356930519365E-03                              
AS G09  2026 09 03 04 18 00.000000  1    0.687299714121E-03                              
AS G10  2026 09 03 04 18 00.000000  1   -0.540092756219E-03                              
AS G12  2026 09 03 04 18 00.000000  1   -0.602921755758E-03                              
AS G13  2026 09 03 04 18 00.000000  1    0.437274447207E-03                              
AS G15  2026 09 03 04 18 00.000000  1    0.441646398205E-03                              
AS G17  2026 09 03 04 18 00.000000  1   -0.196494061756E-03                              
AS G19  2026 09 03 04 18 00.000000  1    0.704935954068E-03                              
AS G20  2026 09 03 04 18 00.000000  1    0.276694737300E-03                              
AS G21  2026 09 03 04 18 00.000000  1    0.370843032943E-03                              
AS G22  2026 09 03 04 18 00.000000  1    0.725312900354E-04                              
AS G23  2026 09 03 04 18 00.000000  1    0.685418708025E-03                              
AS G24  2026 09 03 04 18 00.000000  1    0.190325937554E-03                              
AS G27  2026 09 03 04 18 00.000000  1    0.450357739510E-06                              
AS G30  2026 09 03 04 18 00.000000  1    0.351209023504E-03                              
AS G01  2026 09 03 04 18 30.000000  1    0.181500971441E-03                              
AS G02  2026 09 03 04 18 30.000000  1    0.168986491156E-03                              
AS G03  2026 09 03 04 18 30.000000  1    0.288834655903E-03                              
AS G05  2026 09 03 04 18 30.000000  1   -0.236487476295E-03                              
AS G06  2026 09 03 04 18 30.000000  1   -0.533919810086E-03                              
AS G07  2026 09 03 04 18 30.000000  1   -0.221239427284E-03                              
AS G08  2026 09 03 04 18 30.000000  1    0.356930207764E-03                              
AS G09  2026 09 03 04 18 30.000000  1    0.687299459916E-03                              
AS G10  2026 09 03 04 18 30.000000  1   -0.540092538486E-03                              
AS G12  2026 09 03 04 18 30.000000  1   -0.602922006962E-03                              
AS G13  2026 09 03 04 18 30.000000  1    0.437274601384E-03                              
AS G15  2026 09 03 04 18 30.000000  1    0.441646520150E-03                              
AS G17  2026 09 03 04 18 30.000000  1   -0.196494124494E-03                              
AS G19  2026 09 03 04 18 30.000000  1    0.704935786027E-03                              
AS G20  2026 09 03 04 18 30.000000  1    0.276694996046E-03                              
AS G21  2026 09 03 04 18 30.000000  1    0.370842796573E-03                              
AS G22  2026 09 03 04 18 30.000000  1    0.725314378247E-04                              
AS G23  2026 09 03 04 18 30.000000  1    0.685418806487E-03                              
AS G24  2026 09 03 04 18 30.000000  1    0.190326465101E-03                              
AS G27  2026 09 03 04 18 30.000000  1    0.450375540839E-06                              
AS G30  2026 09 03 04 18 30.000000  1    0.351209401339E-03                              
AS G01  2026 09 03 04 19 00.000000  1    0.181500701630E-03                              
AS G02  2026 09 03 04 19 00.000000  1    0.168986835102E-03                              
AS G03  2026 09 03 04 19 00.000000  1    0.288834034487E-03                              
AS G05  2026 09 03 04 19 00.000000  1   -0.236487389996E-03                              
AS G06  2026 09 03 04 19 00.000000  1   -0.533919492743E-03                              
AS G07  2026 09 03 04 19 00.000000  1   -0.221239628934E-03                              
AS G08  2026 09 03 04 19 00.000000  1    0.356929889992E-03                              
AS G09  2026 09 03 04 19 00.000000  1    0.687299197184E-03                              
AS G10  2026 09 03 04 19 00.000000  1   -0.540092334779E-03                              
AS G12  2026 09 03 04 19 00.000000  1   -0.602921974559E-03                              
AS G13  2026 09 03 04 19 00.000000  1    0.437274742108E-03                              
AS G15  2026 09 03 04 19 00.000000  1    0.441646614811E-03                              
AS G17  2026 09 03 04 19 00.000000  1   -0.196494228065E-03                              
AS G19  2026 09 03 04 19 00.000000  1    0.704935757820E-03                              
AS G20  2026 09 03 04 19 00.000000  1    0.276695257793E-03                              
AS G21  2026 09 03 04 19 00.000000  1    0.370842571905E-03                              
AS G22  2026 09 03 04 19 00.000000  1    0.725316908037E-04                              
AS G23  2026 09 03 04 19 00.000000  1    0.685418913314E-03                              
AS G24  2026 09 03 04 19 00.000000  1    0.190326980540E-03                              
AS G27  2026 09 03 04 19 00.000000  1    0.450421323120E-06                              
AS G30  2026 09 03 04 19 00.000000  1    0.351209768298E-03                              
AS G01  2026 09 03 04 19 30.000000  1    0.181500364762E-03                              
AS G02  2026 09 03 04 19 30.000000  1    0.168986962419E-03                              
AS G03  2026 09 03 04 19 30.000000  1    0.288833418506E-03                              
AS G05  2026 09 03 04 19 30.000000  1   -0.236487256822E-03                              
AS G06  2026 09 03 04 19 30.000000  1   -0.533919156491E-03                              
AS G07  2026 09 03 04 19 30.000000  1   -0.221239878864E-03                              
AS G08  2026 09 03 04 19 30.000000  1    0.356929582100E-03                              
AS G09  2026 09 03 04 19 30.000000  1    0.687298936100E-03                              
AS G10  2026 09 03 04 19 30.000000  1   -0.540092116269E-03                              
AS G12  2026 09 03 04 19 30.000000  1   -0.602921932213E-03                              
AS G13  2026 09 03 04 19 30.000000  1    0.437274896616E-03                              
AS G15  2026 09 03 04 19 30.000000  1    0.441646772539E-03                              
AS G17  2026 09 03 04 19 30.000000  1   -0.196494250956E-03                              
AS G19  2026 09 03 04 19 30.000000  1    0.704935806886E-03                              
AS G20  2026 09 03 04 19 30.000000  1    0.276695546598E-03                              
AS G21  2026 09 03 04 19 30.000000  1    0.370842349290E-03                              
AS G22  2026 09 03 04 19 30.000000  1    0.725318171398E-04                              
AS G23  2026 09 03 04 19 30.000000  1    0.685419025618E-03                              
AS G24  2026 09 03 04 19 30.000000  1    0.190327505348E-03                              
AS G27  2026 09 03 04 19 30.000000  1    0.450398044337E-06                              
AS G30  2026 09 03 04 19 30.000000  1    0.351210137100E-03                              
AS G01  2026 09 03 04 20 00.000000  2    0.181500074283E-03  0.959276642190E-11          
AS G02  2026 09 03 04 20 00.000000  2    0.168987226220E-03  0.956871781123E-11          
AS G03  2026 09 03 04 20 00.000000  2    0.288832790478E-03  0.984883170826E-11          
AS G05  2026 09 03 04 20 00.000000  2   -0.236487399360E-03  0.977251880164E-11          
AS G06  2026 09 03 04 20 00.000000  2   -0.533918833721E-03  0.995315068384E-11          
AS G07  2026 09 03 04 20 00.000000  2   -0.221239908039E-03  0.978624951234E-11          
AS G08  2026 09 03 04 20 00.000000  2    0.356929278368E-03  0.958456835975E-11          
AS G09  2026 09 03 04 20 00.000000  2    0.687298678178E-03  0.992937238149E-11          
AS G10  2026 09 03 04 20 00.000000  2   -0.540091901635E-03  0.963158424293E-11          
AS G12  2026 09 03 04 20 00.000000  2   -0.602921887249E-03  0.977175155168E-11          
AS G13  2026 09 03 04 20 00.000000  2    0.437275047327E-03  0.979308765747E-11          
AS G15  2026 09 03 04 20 00.000000  2    0.441646897610E-03  0.989967180586E-11          
AS G17  2026 09 03 04 20 00.000000  2   -0.196494320975E-03  0.971684575258E-11          
AS G19  2026 09 03 04 20 00.000000  2    0.704935776445E-03  0.990838624646E-11          
AS G20  2026 09 03 04 20 00.000000  2    0.276695821210E-03  0.984473460634E-11          
AS G21  2026 09 03 04 20 00.000000  2    0.370842110644E-03  0.979983546024E-11          
AS G22  2026 09 03 04 20 00.000000  2    0.725320774140E-04  0.968210417425E-11          
AS G23  2026 09 03 04 20 00.000000  2    0.685419135818E-03  0.988443350603E-11          
AS G24  2026 09 03 04 20 00.000000  2    0.190328022975E-03  0.100554422280E-10          
AS G27  2026 09 03 04 20 00.000000  2    0.450506804379E-06  0.966075680446E-11          
AS G30  2026 09 03 04 20 00.000000  2    0.351210519176E-03  0.969485292823E-11          
AS G01  2026 09 03 04 20 30.000000  1    0.181499810291E-03                              
AS G02  2026 09 03 04 20 30.000000  1    0.168987416871E-03                              
AS G03  2026 09 03 04 20 30.000000  1    0.288832175164E-03                              
AS G05  2026 09 03 04 20 30.000000  1   -0.236487392378E-03                              
AS G06  2026 09 03 04 20 30.000000  1   -0.533918511309E-03                              
AS G07  2026 09 03 04 20 30.000000  1   -0.221239752922E-03                              
AS G08  2026 09 03 04 20 30.000000  1    0.356928969226E-03                              
AS G09  2026 09 03 04 20 30.000000  1    0.687298413833E-03                              
AS G10  2026 09 03 04 20 30.000000  1   -0.540091678929E-03                              
AS G12  2026 09 03 04 20 30.000000  1   -0.602921802592E-03                              
AS G13  2026 09 03 04 20 30.000000  1    0.437275192657E-03                              
AS G15  2026 09 03 04 20 30.000000  1    0.441646949460E-03                              
AS G17  2026 09 03 04 20 30.000000  1   -0.196494541649E-03                              
AS G19  2026 09 03 04 20 30.000000  1    0.704935885735E-03                              
AS G20  2026 09 03 04 20 30.000000  1    0.276696100046E-03                              
AS G21  2026 09 03 04 20 30.000000  1    0.370841869348E-03                              
AS G22  2026 09 03 04 20 30.000000  1    0.725323314975E-04                              
AS G23  2026 09 03 04 20 30.000000  1    0.685419245689E-03                              
AS G24  2026 09 03 04 20 30.000000  1    0.190328525479E-03                              
AS G27  2026 09 03 04 20 30.000000  1    0.450641301523E-06                              
AS G30  2026 09 03 04 20 30.000000  1    0.351210897218E-03                              
AS G01  2026 09 03 04 21 00.000000  1    0.181499533760E-03                              
AS G02  2026 09 03 04 21 00.000000  1    0.168987614074E-03                              
AS G03  2026 09 03 04 21 00.000000  1    0.288831544089E-03                              
AS G05  2026 09 03 04 21 00.000000  1   -0.236487408652E-03                              
AS G06  2026 09 03 04 21 00.000000  1   -0.533918186291E-03                              
AS G07  2026 09 03 04 21 00.000000  1   -0.221239863274E-03                              
AS G08  2026 09 03 04 21 00.000000  1    0.356928660194E-03                              
AS G09  2026 09 03 04 21 00.000000  1    0.687298156951E-03                              
AS G10  2026 09 03 04 21 00.000000  1   -0.540091468618E-03                              
AS G12  2026 09 03 04 21 00.000000  1   -0.602921746102E-03                              
AS G13  2026 09 03 04 21 00.000000  1    0.437275328500E-03                              
AS G15  2026 09 03 04 21 00.000000  1    0.441646944335E-03                              
AS G17  2026 09 03 04 21 00.000000  1   -0.196494543202E-03                              
AS G19  2026 09 03 04 21 00.000000  1    0.704935983530E-03                              
AS G20  2026 09 03 04 21 00.000000  1    0.276696371278E-03                              
AS G21  2026 09 03 04 21 00.000000  1    0.370841628763E-03                              
AS G22  2026 09 03 04 21 00.000000  1    0.725324540921E-04                              
AS G23  2026 09 03 04 21 00.000000  1    0.685419349328E-03                              
AS G24  2026 09 03 04 21 00.000000  1    0.190329045452E-03                              
AS G27  2026 09 03 04 21 00.000000  1    0.450554518376E-06                              
AS G30  2026 09 03 04 21 00.000000  1    0.351211275393E-03                              
AS G01  2026 09 03 04 21 30.000000  1    0.181499249597E-03                              
AS G02  2026 09 03 04 21 30.000000  1    0.168987917176E-03                              
AS G03  2026 09 03 04 21 30.000000  1    0.288830922911E-03                              
AS G05  2026 09 03 04 21 30.000000  1   -0.236487412910E-03                              
AS G06  2026 09 03 04 21 30.000000  1   -0.533917867343E-03                              
AS G07  2026 09 03 04 21 30.000000  1   -0.221239986113E-03                              
AS G08  2026 09 03 04 21 30.000000  1    0.356928357191E-03                              
AS G09  2026 09 03 04 21 30.000000  1    0.687297904568E-03                              
AS G10  2026 09 03 04 21 30.000000  1   -0.540091252167E-03                              
AS G12  2026 09 03 04 21 30.000000  1   -0.602921697923E-03                              
AS G13  2026 09 03 04 21 30.000000  1    0.437275477466E-03                              
AS G15  2026 09 03 04 21 30.000000  1    0.441647033138E-03                              
AS G17  2026 09 03 04 21 30.000000  1   -0.196494637803E-03                              
AS G19  2026 09 03 04 21 30.000000  1    0.704935812484E-03                              
AS G20  2026 09 03 04 21 30.000000  1    0.276696659346E-03                              
AS G21  2026 09 03 04 21 30.000000  1    0.370841401126E-03                              
AS G22  2026 09 03 04 21 30.000000  1    0.725327492537E-04                              
AS G23  2026 09 03 04 21 30.000000  1    0.685419466940E-03                              
AS G24  2026 09 03 04 21 30.000000  1    0.190329555963E-03                              
AS G27  2026 09 03 04 21 30.000000  1    0.450690108579E-06                              
AS G30  2026 09 03 04 21 30.000000  1    0.351211651803E-03                              
AS G01  2026 09 03 04 22 00.000000  1    0.181498978443E-03                              
AS G02  2026 09 03 04 22 00.000000  1    0.168988148253E-03                              
AS G03  2026 09 03 04 22 00.000000  1    0.288830302634E-03                              
AS G05  2026 09 03 04 22 00.000000  1   -0.236487549553E-03                              
AS G06  2026 09 03 04 22 00.000000  1   -0.533917536052E-03                              
AS G07  2026 09 03 04 22 00.000000  1   -0.221240147388E-03                              
AS G08  2026 09 03 04 22 00.000000  1    0.356928052665E-03                              
AS G09  2026 09 03 04 22 00.000000  1    0.687297641818E-03                              
AS G10  2026 09 03 04 22 00.000000  1   -0.540091022596E-03                              
AS G12  2026 09 03 04 22 00.000000  1   -0.602921714039E-03                              
AS G13  2026 09 03 04 22 00.000000  1    0.437275628554E-03                              
AS G15  2026 09 03 04 22 00.000000  1    0.441647125290E-03                              
AS G17  2026 09 03 04 22 00.000000  1   -0.196494920482E-03                              
AS G19  2026 09 03 04 22 00.000000  1    0.704935726792E-03                              
AS G20  2026 09 03 04 22 00.000000  1    0.276696932425E-03                              
AS G21  2026 09 03 04 22 00.000000  1    0.370841148290E-03                              
AS G22  2026 09 03 04 22 00.000000  1    0.725330105607E-04                              
AS G23  2026 09 03 04 22 00.000000  1    0.685419580000E-03                              
AS G24  2026 09 03 04 22 00.000000  1    0.190330078602E-03                              
AS G27  2026 09 03 04 22 00.000000  1    0.450579622300E-06                              
AS G30  2026 09 03 04 22 00.000000  1    0.351212026469E-03                              
AS G01  2026 09 03 04 22 30.000000  1    0.181498703511E-03                              
AS G02  2026 09 03 04 22 30.000000  1    0.168988338743E-03                              
AS G03  2026 09 03 04 22 30.000000  1    0.288829677742E-03                              
AS G05  2026 09 03 04 22 30.000000  1   -0.236487409805E-03                              
AS G06  2026 09 03 04 22 30.000000  1   -0.533917223312E-03                              
AS G07  2026 09 03 04 22 30.000000  1   -0.221240260010E-03                              
AS G08  2026 09 03 04 22 30.000000  1    0.356927745919E-03                              
AS G09  2026 09 03 04 22 30.000000  1    0.687297384812E-03                              
AS G10  2026 09 03 04 22 30.000000  1   -0.540090806164E-03                              
AS G12  2026 09 03 04 22 30.000000  1   -0.602921768494E-03                              
AS G13  2026 09 03 04 22 30.000000  1    0.437275767255E-03                              
AS G15  2026 09 03 04 22 30.000000  1    0.441647260179E-03                              
AS G17  2026 09 03 04 22 30.000000  1   -0.196495097849E-03                              
AS G19  2026 09 03 04 22 30.000000  1    0.704935782534E-03                              
AS G20  2026 09 03 04 22 30.000000  1    0.276697210851E-03                              
AS G21  2026 09 03 04 22 30.000000  1    0.370840916378E-03                              
AS G22  2026 09 03 04 22 30.000000  1    0.725332854792E-04                              
AS G23  2026 09 03 04 22 30.000000  1    0.685419688947E-03                              
AS G24  2026 09 03 04 22 30.000000  1    0.190330593593E-03                              
AS G27  2026 09 03 04 22 30.000000  1    0.450562397871E-06                              
AS G30  2026 09 03 04 22 30.000000  1    0.351212387437E-03                              
AS G01  2026 09 03 04 23 00.000000  1    0.181498431062E-03                              
AS G02  2026 09 03 04 23 00.000000  1    0.168988538448E-03                              
AS G03  2026 09 03 04 23 00.000000  1    0.288829061065E-03                              
AS G05  2026 09 03 04 23 00.000000  1   -0.236487251499E-03                              
AS G06  2026 09 03 04 23 00.000000  1   -0.533916890202E-03                              
AS G07  2026 09 03 04 23 00.000000  1   -0.221240537947E-03                              
AS G08  2026 09 03 04 23 00.000000  1    0.356927437182E-03                              
AS G09  2026 09 03 04 23 00.000000  1    0.687297129941E-03                              
AS G10  2026 09 03 04 23 00.000000  1   -0.540090589291E-03                              
AS G12  2026 09 03 04 23 00.000000  1   -0.602921784731E-03                              
AS G13  2026 09 03 04 23 00.000000  1    0.437275920313E-03                              
AS G15  2026 09 03 04 23 00.000000  1    0.441647295054E-03                              
AS G17  2026 09 03 04 23 00.000000  1   -0.196495257371E-03                              
AS G19  2026 09 03 04 23 00.000000  1    0.704935782363E-03                              
AS G20  2026 09 03 04 23 00.000000  1    0.276697488896E-03                              
AS G21  2026 09 03 04 23 00.000000  1    0.370840678401E-03                              
AS G22  2026 09 03 04 23 00.000000  1    0.725335540661E-04                              
AS G23  2026 09 03 04 23 00.000000  1    0.685419787896E-03                              
AS G24  2026 09 03 04 23 00.000000  1    0.190331111658E-03                              
AS G27  2026 09 03 04 23 00.000000  1    0.450536525267E-06                              
AS G30  2026 09 03 04 23 00.000000  1    0.351212759931E-03                              
AS G01  2026 09 03 04 23 30.000000  1    0.181498145319E-03                              
AS G02  2026 09 03 04 23 30.000000  1    0.168988771625E-03                              
AS G03  2026 09 03 04 23 30.000000  1    0.288828437713E-03                              
AS G05  2026 09 03 04 23 30.000000  1   -0.236487201375E-03                              
AS G06  2026 09 03 04 23 30.000000  1   -0.533916577050E-03                              
AS G07  2026 09 03 04 23 30.000000  1   -0.221240672481E-03                              
AS G08  2026 09 03 04 23 30.000000  1    0.356927119267E-03                              
AS G09  2026 09 03 04 23 30.000000  1    0.687296865016E-03                              
AS G10  2026 09 03 04 23 30.000000  1   -0.540090382897E-03                              
AS G12  2026 09 03 04 23 30.000000  1   -0.602921704827E-03                              
AS G13  2026 09 03 04 23 30.000000  1    0.437276058057E-03                              
AS G15  2026 09 03 04 23 30.000000  1    0.441647469487E-03                              
AS G17  2026 09 03 04 23 30.000000  1   -0.196495488762E-03                              
AS G19  2026 09 03 04 23 30.000000  1    0.704935772843E-03                              
AS G20  2026 09 03 04 23 30.000000  1    0.276697734895E-03                              
AS G21  2026 09 03 04 23 30.000000  1    0.370840427620E-03                              
AS G22  2026 09 03 04 23 30.000000  1    0.725338308356E-04                              
AS G23  2026 09 03 04 23 30.000000  1    0.685419892622E-03                              
AS G24  2026 09 03 04 23 30.000000  1    0.190331625627E-03                              
AS G27  2026 09 03 04 23 30.000000  1    0.450450002273E-06                              
AS G30  2026 09 03 04 23 30.000000  1    0.351213130672E-03                              
AS G01  2026 09 03 04 24 00.000000  1    0.181497867523E-03                              
AS G02  2026 09 03 04 24 00.000000  1    0.168988947222E-03                              
AS G03  2026 09 03 04 24 00.000000  1    0.288827810334E-03                              
AS G05  2026 09 03 04 24 00.000000  1   -0.236487296953E-03                              
AS G06  2026 09 03 04 24 00.000000  1   -0.533916256610E-03                              
AS G07  2026 09 03 04 24 00.000000  1   -0.221240758274E-03                              
AS G08  2026 09 03 04 24 00.000000  1    0.356926808027E-03                              
AS G09  2026 09 03 04 24 00.000000  1    0.687296610539E-03                              
AS G10  2026 09 03 04 24 00.000000  1   -0.540090173450E-03                              
AS G12  2026 09 03 04 24 00.000000  1   -0.602921669822E-03                              
AS G13  2026 09 03 04 24 00.000000  1    0.437276197800E-03                              
AS G15  2026 09 03 04 24 00.000000  1    0.441647544452E-03                              
AS G17  2026 09 03 04 24 00.000000  1   -0.196495718048E-03                              
AS G19  2026 09 03 04 24 00.000000  1    0.704935863617E-03                              
AS G20  2026 09 03 04 24 00.000000  1    0.276698008474E-03                              
AS G21  2026 09 03 04 24 00.000000  1    0.370840195192E-03                              
AS G22  2026 09 03 04 24 00.000000  1    0.725340380052E-04                              
AS G23  2026 09 03 04 24 00.000000  1    0.685419997647E-03                              
AS G24  2026 09 03 04 24 00.000000  1    0.190332137762E-03                              
AS G27  2026 09 03 04 24 00.000000  1    0.450522417941E-06                              
AS G30  2026 09 03 04 24 00.000000  1    0.351213500065E-03                              
AS G01  2026 09 03 04 24 30.000000  1    0.181497605890E-03                              
AS G02  2026 09 03 04 24 30.000000  1    0.168989133674E-03                              
AS G03  2026 09 03 04 24 30.000000  1    0.288827187999E-03                              
AS G05  2026 09 03 04 24 30.000000  1   -0.236487383581E-03                              
AS G06  2026 09 03 04 24 30.000000  1   -0.533915930689E-03                              
AS G07  2026 09 03 04 24 30.000000  1   -0.221240793870E-03                              
AS G08  2026 09 03 04 24 30.000000  1    0.356926500928E-03                              
AS G09  2026 09 03 04 24 30.000000  1    0.687296350324E-03                              
AS G10  2026 09 03 04 24 30.000000  1   -0.540089971623E-03                              
AS G12  2026 09 03 04 24 30.000000  1   -0.602921654547E-03                              
AS G13  2026 09 03 04 24 30.000000  1    0.437276340430E-03                              
AS G15  2026 09 03 04 24 30.000000  1    0.441647585505E-03                              
AS G17  2026 09 03 04 24 30.000000  1   -0.196496002928E-03                              
AS G19  2026 09 03 04 24 30.000000  1    0.704935899575E-03                              
AS G20  2026 09 03 04 24 30.000000  1    0.276698292532E-03                              
AS G21  2026 09 03 04 24 30.000000  1    0.370839955159E-03                              
AS G22  2026 09 03 04 24 30.000000  1    0.725343097649E-04                              
AS G23  2026 09 03 04 24 30.000000  1    0.685420116957E-03                              
AS G24  2026 09 03 04 24 30.000000  1    0.190332654677E-03                              
AS G27  2026 09 03 04 24 30.000000  1    0.450519318265E-06                              
AS G30  2026 09 03 04 24 30.000000  1    0.351213868537E-03                              
AS G01  2026 09 03 04 25 00.000000  2    0.181497319327E-03  0.965818540055E-11          
AS G02  2026 09 03 04 25 00.000000  2    0.168989224443E-03  0.963720769544E-11          
AS G03  2026 09 03 04 25 00.000000  2    0.288826560307E-03  0.990730645369E-11          
AS G05  2026 09 03 04 25 00.000000  2   -0.236487342026E-03  0.983670612452E-11          
AS G06  2026 09 03 04 25 00.000000  2   -0.533915614474E-03  0.100176552235E-10          
AS G07  2026 09 03 04 25 00.000000  2   -0.221240786366E-03  0.986795599967E-11          
AS G08  2026 09 03 04 25 00.000000  2    0.356926192208E-03  0.965339434680E-11          
AS G09  2026 09 03 04 25 00.000000  2    0.687296087510E-03  0.999891229417E-11          
AS G10  2026 09 03 04 25 00.000000  2   -0.540089765464E-03  0.970664952384E-11          
AS G12  2026 09 03 04 25 00.000000  2   -0.602921538767E-03  0.984617448612E-11          
AS G13  2026 09 03 04 25 00.000000  2    0.437276490430E-03  0.986929395332E-11          
AS G15  2026 09 03 04 25 00.000000  2    0.441647639569E-03  0.996807012689E-11          
AS G17  2026 09 03 04 25 00.000000  2   -0.196496245116E-03  0.977926018906E-11          
AS G19  2026 09 03 04 25 00.000000  2    0.704935891681E-03  0.996515476671E-11          
AS G20  2026 09 03 04 25 00.000000  2    0.276698570210E-03  0.990883806876E-11          
AS G21  2026 09 03 04 25 00.000000  2    0.370839721445E-03  0.987159663439E-11          
AS G22  2026 09 03 04 25 00.000000  2    0.725345858592E-04  0.975154445997E-11          
AS G23  2026 09 03 04 25 00.000000  2    0.685420230480E-03  0.100073453383E-10          
AS G24  2026 09 03 04 25 00.000000  2    0.190333174809E-03  0.100841696856E-10          
AS G27  2026 09 03 04 25 00.000000  2    0.450499664943E-06  0.973954134655E-11          
AS G30  2026 09 03 04 25 00.000000  2    0.351214234563E-03  0.976629498276E-11          
AS G01  2026 09 03 04 25 30.000000  1    0.181497046516E-03                              
AS G02  2026 09 03 04 25 30.000000  1    0.168989435857E-03                              
AS G03  2026 09 03 04 25 30.000000  1    0.288825939895E-03                              
AS G05  2026 09 03 04 25 30.000000  1   -0.236487286926E-03                              
AS G06  2026 09 03 04 25 30.000000  1   -0.533915283135E-03                              
AS G07  2026 09 03 04 25 30.000000  1   -0.221240846474E-03                              
AS G08  2026 09 03 04 25 30.000000  1    0.356925877058E-03                              
AS G09  2026 09 03 04 25 30.000000  1    0.687295824499E-03                              
AS G10  2026 09 03 04 25 30.000000  1   -0.540089567298E-03                              
AS G12  2026 09 03 04 25 30.000000  1   -0.602921482583E-03                              
AS G13  2026 09 03 04 25 30.000000  1    0.437276636365E-03                              
AS G15  2026 09 03 04 25 30.000000  1    0.441647670532E-03                              
AS G17  2026 09 03 04 25 30.000000  1   -0.196496191553E-03                              
AS G19  2026 09 03 04 25 30.000000  1    0.704935824135E-03                              
AS G20  2026 09 03 04 25 30.000000  1    0.276698839642E-03                              
AS G21  2026 09 03 04 25 30.000000  1    0.370839487286E-03                              
AS G22  2026 09 03 04 25 30.000000  1    0.725348240093E-04                              
AS G23  2026 09 03 04 25 30.000000  1    0.685420333716E-03                              
AS G24  2026 09 03 04 25 30.000000  1    0.190333696771E-03                              
AS G27  2026 09 03 04 25 30.000000  1    0.450395134172E-06                              
AS G30  2026 09 03 04 25 30.000000  1    0.351214614451E-03                              
AS G01  2026 09 03 04 26 00.000000  1    0.181496774944E-03                              
AS G02  2026 09 03 04 26 00.000000  1    0.168989632119E-03                              
AS G03  2026 09 03 04 26 00.000000  1    0.288825316144E-03                              
AS G05  2026 09 03 04 26 00.000000  1   -0.236487505337E-03                              
AS G06  2026 09 03 04 26 00.000000  1   -0.533914974096E-03                              
AS G07  2026 09 03 04 26 00.000000  1   -0.221240946250E-03                              
AS G08  2026 09 03 04 26 00.000000  1    0.356925576759E-03                              
AS G09  2026 09 03 04 26 00.000000  1    0.687295554263E-03                              
AS G10  2026 09 03 04 26 00.000000  1   -0.540089357087E-03                              
AS G12  2026 09 03 04 26 00.000000  1   -0.602921400473E-03                              
AS G13  2026 09 03 04 26 00.000000  1    0.437276781227E-03                              
AS G15  2026 09 03 04 26 00.000000  1    0.441647704007E-03                              
AS G17  2026 09 03 04 26 00.000000  1   -0.196496360080E-03                              
AS G19  2026 09 03 04 26 00.000000  1    0.704935853060E-03                              
AS G20  2026 09 03 04 26 00.000000  1    0.276699110762E-03                              
AS G21  2026 09 03 04 26 00.000000  1    0.370839270208E-03                              
AS G22  2026 09 03 04 26 00.000000  1    0.725351225564E-04                              
AS G23  2026 09 03 04 26 00.000000  1    0.685420448513E-03                              
AS G24  2026 09 03 04 26 00.000000  1    0.190334207418E-03                              
AS G27  2026 09 03 04 26 00.000000  1    0.450363249057E-06                              
AS G30  2026 09 03 04 26 00.000000  1    0.351214975130E-03                              
AS G01  2026 09 03 04 26 30.000000  1    0.181496501141E-03                              
AS G02  2026 09 03 04 26 30.000000  1    0.168989806309E-03                              
AS G03  2026 09 03 04 26 30.000000  1    0.288824690512E-03                              
AS G05  2026 09 03 04 26 30.000000  1   -0.236487645312E-03                              
AS G06  2026 09 03 04 26 30.000000  1   -0.533914651274E-03                              
AS G07  2026 09 03 04 26 30.000000  1   -0.221240888814E-03                              
AS G08  2026 09 03 04 26 30.000000  1    0.356925268662E-03                              
AS G09  2026 09 03 04 26 30.000000  1    0.687295287617E-03                              
AS G10  2026 09 03 04 26 30.000000  1   -0.540089157612E-03                              
AS G12  2026 09 03 04 26 30.000000  1   -0.602921454178E-03                              
AS G13  2026 09 03 04 26 30.000000  1    0.437276926143E-03                              
AS G15  2026 09 03 04 26 30.000000  1    0.441647862544E-03                              
AS G17  2026 09 03 04 26 30.000000  1   -0.196496481709E-03                              
AS G19  2026 09 03 04 26 30.000000  1    0.704935920792E-03                              
AS G20  2026 09 03 04 26 30.000000  1    0.276699383129E-03                              
AS G21  2026 09 03 04 26 30.000000  1    0.370839032577E-03                              
AS G22  2026 09 03 04 26 30.000000  1    0.725354911174E-04                              
AS G23  2026 09 03 04 26 30.000000  1    0.685420555195E-03                              
AS G24  2026 09 03 04 26 30.000000  1    0.190334733422E-03                              
AS G27  2026 09 03 04 26 30.000000  1    0.450421565124E-06                              
AS G30  2026 09 03 04 26 30.000000  1    0.351215339930E-03                              
AS G01  2026 09 03 04 27 00.000000  1    0.181496214057E-03                              
AS G02  2026 09 03 04 27 00.000000  1    0.168990089389E-03                              
AS G03  2026 09 03 04 27 00.000000  1    0.288824065261E-03                              
AS G05  2026 09 03 04 27 00.000000  1   -0.236487814652E-03                              
AS G06  2026 09 03 04 27 00.000000  1   -0.533914327547E-03                              
AS G07  2026 09 03 04 27 00.000000  1   -0.221240866076E-03                              
AS G08  2026 09 03 04 27 00.000000  1    0.356924959796E-03                              
AS G09  2026 09 03 04 27 00.000000  1    0.687295031065E-03                              
AS G10  2026 09 03 04 27 00.000000  1   -0.540088935685E-03                              
AS G12  2026 09 03 04 27 00.000000  1   -0.602921478599E-03                              
AS G13  2026 09 03 04 27 00.000000  1    0.437277070895E-03                              
AS G15  2026 09 03 04 27 00.000000  1    0.441647995509E-03                              
AS G17  2026 09 03 04 27 00.000000  1   -0.196496598046E-03                              
AS G19  2026 09 03 04 27 00.000000  1    0.704935972003E-03                              
AS G20  2026 09 03 04 27 00.000000  1    0.276699643874E-03                              
AS G21  2026 09 03 04 27 00.000000  1    0.370838791284E-03                              
AS G22  2026 09 03 04 27 00.000000  1    0.725357472483E-04                              
AS G23  2026 09 03 04 27 00.000000  1    0.685420656642E-03                              
AS G24  2026 09 03 04 27 00.000000  1    0.190335260216E-03                              
AS G27  2026 09 03 04 27 00.000000  1    0.450485752260E-06                              
AS G30  2026 09 03 04 27 00.000000  1    0.351215705077E-03                              
AS G01  2026 09 03 04 27 30.000000  1    0.181495929705E-03                              
AS G02  2026 09 03 04 27 30.000000  1    0.168990288312E-03                              
AS G03  2026 09 03 04 27 30.000000  1    0.288823437218E-03                              
AS G05  2026 09 03 04 27 30.000000  1   -0.236487824238E-03                              
AS G06  2026 09 03 04 27 30.000000  1   -0.533914000998E-03                              
AS G07  2026 09 03 04 27 30.000000  1   -0.221240937908E-03                              
AS G08  2026 09 03 04 27 30.000000  1    0.356924652313E-03                              
AS G09  2026 09 03 04 27 30.000000  1    0.687294770075E-03                              
AS G10  2026 09 03 04 27 30.000000  1   -0.540088719627E-03                              
AS G12  2026 09 03 04 27 30.000000  1   -0.602921460532E-03                              
AS G13  2026 09 03 04 27 30.000000  1    0.437277220942E-03                              
AS G15  2026 09 03 04 27 30.000000  1    0.441648085050E-03                              
AS G17  2026 09 03 04 27 30.000000  1   -0.196496715982E-03                              
AS G19  2026 09 03 04 27 30.000000  1    0.704935873267E-03                              
AS G20  2026 09 03 04 27 30.000000  1    0.276699922612E-03                              
AS G21  2026 09 03 04 27 30.000000  1    0.370838538974E-03                              
AS G22  2026 09 03 04 27 30.000000  1    0.725360576706E-04                              
AS G23  2026 09 03 04 27 30.000000  1    0.685420763113E-03                              
AS G24  2026 09 03 04 27 30.000000  1    0.190335774045E-03                              
AS G27  2026 09 03 04 27 30.000000  1    0.450443243868E-06                              
AS G30  2026 09 03 04 27 30.000000  1    0.351216081538E-03                              
AS G01  2026 09 03 04 28 00.000000  1    0.181495646044E-03                              
AS G02  2026 09 03 04 28 00.000000  1    0.168990563594E-03                              
AS G03  2026 09 03 04 28 00.000000  1    0.288822808081E-03                              
AS G05  2026 09 03 04 28 00.000000  1   -0.236487755566E-03                              
AS G06  2026 09 03 04 28 00.000000  1   -0.533913679301E-03                              
AS G07  2026 09 03 04 28 00.000000  1   -0.221241197689E-03                              
AS G08  2026 09 03 04 28 00.000000  1    0.356924336892E-03                              
AS G09  2026 09 03 04 28 00.000000  1    0.687294507200E-03                              
AS G10  2026 09 03 04 28 00.000000  1   -0.540088499914E-03                              
AS G12  2026 09 03 04 28 00.000000  1   -0.602921388589E-03                              
AS G13  2026 09 03 04 28 00.000000  1    0.437277359626E-03                              
AS G15  2026 09 03 04 28 00.000000  1    0.441648191945E-03                              
AS G17  2026 09 03 04 28 00.000000  1   -0.196496870300E-03                              
AS G19  2026 09 03 04 28 00.000000  1    0.704935814766E-03                              
AS G20  2026 09 03 04 28 00.000000  1    0.276700193312E-03                              
AS G21  2026 09 03 04 28 00.000000  1    0.370838299332E-03                              
AS G22  2026 09 03 04 28 00.000000  1    0.725363254049E-04                              
AS G23  2026 09 03 04 28 00.000000  1    0.685420870634E-03                              
AS G24  2026 09 03 04 28 00.000000  1    0.190336291174E-03                              
AS G27  2026 09 03 04 28 00.000000  1    0.450425627064E-06                              
AS G30  2026 09 03 04 28 00.000000  1    0.351216451087E-03                              
AS G01  2026 09 03 04 28 30.000000  1    0.181495375650E-03                              
AS G02  2026 09 03 04 28 30.000000  1    0.168990818077E-03                              
AS G03  2026 09 03 04 28 30.000000  1    0.288822188318E-03                              
AS G05  2026 09 03 04 28 30.000000  1   -0.236487712987E-03                              
AS G06  2026 09 03 04 28 30.000000  1   -0.533913355201E-03                              
AS G07  2026 09 03 04 28 30.000000  1   -0.221241378334E-03                              
AS G08  2026 09 03 04 28 30.000000  1    0.356924025371E-03                              
AS G09  2026 09 03 04 28 30.000000  1    0.687294252034E-03                              
AS G10  2026 09 03 04 28 30.000000  1   -0.540088276232E-03                              
AS G12  2026 09 03 04 28 30.000000  1   -0.602921513095E-03                              
AS G13  2026 09 03 04 28 30.000000  1    0.437277508752E-03                              
AS G15  2026 09 03 04 28 30.000000  1    0.441648241307E-03                              
AS G17  2026 09 03 04 28 30.000000  1   -0.196496966068E-03                              
AS G19  2026 09 03 04 28 30.000000  1    0.704935740789E-03                              
AS G20  2026 09 03 04 28 30.000000  1    0.276700468311E-03                              
AS G21  2026 09 03 04 28 30.000000  1    0.370838073817E-03                              
AS G22  2026 09 03 04 28 30.000000  1    0.725365648622E-04                              
AS G23  2026 09 03 04 28 30.000000  1    0.685420984486E-03                              
AS G24  2026 09 03 04 28 30.000000  1    0.190336812654E-03                              
AS G27  2026 09 03 04 28 30.000000  1    0.450441601276E-06                              
AS G30  2026 09 03 04 28 30.000000  1    0.351216823678E-03                              
AS G01  2026 09 03 04 29 00.000000  1    0.181495118065E-03                              
AS G02  2026 09 03 04 29 00.000000  1    0.168990971880E-03                              
AS G03  2026 09 03 04 29 00.000000  1    0.288821558467E-03                              
AS G05  2026 09 03 04 29 00.000000  1   -0.236487683672E-03                              
AS G06  2026 09 03 04 29 00.000000  1   -0.533913028972E-03                              
AS G07  2026 09 03 04 29 00.000000  1   -0.221241501153E-03                              
AS G08  2026 09 03 04 29 00.000000  1    0.356923715033E-03                              
AS G09  2026 09 03 04 29 00.000000  1    0.687293999778E-03                              
AS G10  2026 09 03 04 29 00.000000  1   -0.540088062447E-03                              
AS G12  2026 09 03 04 29 00.000000  1   -0.602921508013E-03                              
AS G13  2026 09 03 04 29 00.000000  1    0.437277662195E-03                              
AS G15  2026 09 03 04 29 00.000000  1    0.441648368348E-03                              
AS G17  2026 09 03 04 29 00.000000  1   -0.196497083338E-03                              
AS G19  2026 09 03 04 29 00.000000  1    0.704935657102E-03                              
AS G20  2026 09 03 04 29 00.000000  1    0.276700735109E-03                              
AS G21  2026 09 03 04 29 00.000000  1    0.370837855865E-03                              
AS G22  2026 09 03 04 29 00.000000  1    0.725368808808E-04                              
AS G23  2026 09 03 04 29 00.000000  1    0.685421089959E-03                              
AS G24  2026 09 03 04 29 00.000000  1    0.190337348314E-03                              
AS G27  2026 09 03 04 29 00.000000  1    0.450501799796E-06                              
AS G30  2026 09 03 04 29 00.000000  1    0.351217198298E-03                              
AS G01  2026 09 03 04 29 30.000000  1    0.181494840826E-03                              
AS G02  2026 09 03 04 29 30.000000  1    0.168991003810E-03                              
AS G03  2026 09 03 04 29 30.000000  1    0.288820926612E-03                              
AS G05  2026 09 03 04 29 30.000000  1   -0.236487650188E-03                              
AS G06  2026 09 03 04 29 30.000000  1   -0.533912708666E-03                              
AS G07  2026 09 03 04 29 30.000000  1   -0.221241596344E-03                              
AS G08  2026 09 03 04 29 30.000000  1    0.356923406822E-03                              
AS G09  2026 09 03 04 29 30.000000  1    0.687293743276E-03                              
AS G10  2026 09 03 04 29 30.000000  1   -0.540087865871E-03                              
AS G12  2026 09 03 04 29 30.000000  1   -0.602921488524E-03                              
AS G13  2026 09 03 04 29 30.000000  1    0.437277809413E-03                              
AS G15  2026 09 03 04 29 30.000000  1    0.441648658258E-03                              
AS G17  2026 09 03 04 29 30.000000  1   -0.196497290826E-03                              
AS G19  2026 09 03 04 29 30.000000  1    0.704935701650E-03                              
AS G20  2026 09 03 04 29 30.000000  1    0.276701015643E-03                              
AS G21  2026 09 03 04 29 30.000000  1    0.370837625586E-03                              
AS G22  2026 09 03 04 29 30.000000  1    0.725371914850E-04                              
AS G23  2026 09 03 04 29 30.000000  1    0.685421201425E-03                              
AS G24  2026 09 03 04 29 30.000000  1    0.190337874308E-03                              
AS G27  2026 09 03 04 29 30.000000  1    0.450371758221E-06                              
AS G30  2026 09 03 04 29 30.000000  1    0.351217555278E-03                              
AS G01  2026 09 03 04 30 00.000000  2    0.181494568930E-03  0.940915541753E-11          
AS G02  2026 09 03 04 30 00.000000  2    0.168991203052E-03  0.938757805695E-11          
AS G03  2026 09 03 04 30 00.000000  2    0.288820305421E-03  0.964183677605E-11          
AS G05  2026 09 03 04 30 00.000000  2   -0.236487549190E-03  0.959115100888E-11          
AS G06  2026 09 03 04 30 00.000000  2   -0.533912392104E-03  0.977602063753E-11          
AS G07  2026 09 03 04 30 00.000000  2   -0.221241664648E-03  0.963499257681E-11          
AS G08  2026 09 03 04 30 00.000000  2    0.356923099210E-03  0.940685463553E-11          
AS G09  2026 09 03 04 30 00.000000  2    0.687293479795E-03  0.975879289199E-11          
AS G10  2026 09 03 04 30 00.000000  2   -0.540087643494E-03  0.946513434189E-11          
AS G12  2026 09 03 04 30 00.000000  2   -0.602921448317E-03  0.960755987619E-11          
AS G13  2026 09 03 04 30 00.000000  2    0.437277951701E-03  0.963349931458E-11          
AS G15  2026 09 03 04 30 00.000000  2    0.441648715134E-03  0.972613528207E-11          
AS G17  2026 09 03 04 30 00.000000  2   -0.196497598518E-03  0.952626535125E-11          
AS G19  2026 09 03 04 30 00.000000  2    0.704935753683E-03  0.970877878675E-11          
AS G20  2026 09 03 04 30 00.000000  2    0.276701280309E-03  0.968054510286E-11          
AS G21  2026 09 03 04 30 00.000000  2    0.370837387315E-03  0.962961644098E-11          
AS G22  2026 09 03 04 30 00.000000  2    0.725374695335E-04  0.949773681423E-11          
AS G23  2026 09 03 04 30 00.000000  2    0.685421296383E-03  0.980892412240E-11          
AS G24  2026 09 03 04 30 00.000000  2    0.190338386042E-03  0.980819323011E-11          
AS G27  2026 09 03 04 30 00.000000  2    0.450334885384E-06  0.950171558600E-11          
AS G30  2026 09 03 04 30 00.000000  2    0.351217923330E-03  0.952420730261E-11          
AS G01  2026 09 03 04 30 30.000000  1    0.181494305726E-03                              
AS G02  2026 09 03 04 30 30.000000  1    0.168991397776E-03                              
AS G03  2026 09 03 04 30 30.000000  1    0.288819682836E-03                              
AS G05  2026 09 03 04 30 30.000000  1   -0.236487406251E-03                              
AS G06  2026 09 03 04 30 30.000000  1   -0.533912064277E-03                              
AS G07  2026 09 03 04 30 30.000000  1   -0.221241883115E-03                              
AS G08  2026 09 03 04 30 30.000000  1    0.356922793665E-03                              
AS G09  2026 09 03 04 30 30.000000  1    0.687293229160E-03                              
AS G10  2026 09 03 04 30 30.000000  1   -0.540087432484E-03                              
AS G12  2026 09 03 04 30 30.000000  1   -0.602921335285E-03                              
AS G13  2026 09 03 04 30 30.000000  1    0.437278100359E-03                              
AS G15  2026 09 03 04 30 30.000000  1    0.441648617657E-03                              
AS G17  2026 09 03 04 30 30.000000  1   -0.196497805575E-03                              
AS G19  2026 09 03 04 30 30.000000  1    0.704935732033E-03                              
AS G20  2026 09 03 04 30 30.000000  1    0.276701551469E-03                              
AS G21  2026 09 03 04 30 30.000000  1    0.370837150289E-03                              
AS G22  2026 09 03 04 30 30.000000  1    0.725377508241E-04                              
AS G23  2026 09 03 04 30 30.000000  1    0.685421408089E-03                              
AS G24  2026 09 03 04 30 30.000000  1    0.190338910244E-03                              
AS G27  2026 09 03 04 30 30.000000  1    0.450283613666E-06                              
AS G30  2026 09 03 04 30 30.000000  1    0.351218303475E-03                              
AS G01  2026 09 03 04 31 00.000000  1    0.181494043421E-03                              
AS G02  2026 09 03 04 31 00.000000  1    0.168991685763E-03                              
AS G03  2026 09 03 04 31 00.000000  1    0.288819064624E-03                              
AS G05  2026 09 03 04 31 00.000000  1   -0.236487472004E-03                              
AS G06  2026 09 03 04 31 00.000000  1   -0.533911734917E-03                              
AS G07  2026 09 03 04 31 00.000000  1   -0.221241865850E-03                              
AS G08  2026 09 03 04 31 00.000000  1    0.356922488205E-03                              
AS G09  2026 09 03 04 31 00.000000  1    0.687292968083E-03                              
AS G10  2026 09 03 04 31 00.000000  1   -0.540087213762E-03                              
AS G12  2026 09 03 04 31 00.000000  1   -0.602921233224E-03                              
AS G13  2026 09 03 04 31 00.000000  1    0.437278251961E-03                              
AS G15  2026 09 03 04 31 00.000000  1    0.441648757892E-03                              
AS G17  2026 09 03 04 31 00.000000  1   -0.196497610614E-03                              
AS G19  2026 09 03 04 31 00.000000  1    0.704935723438E-03                              
AS G20  2026 09 03 04 31 00.000000  1    0.276701843877E-03                              
AS G21  2026 09 03 04 31 00.000000  1    0.370836916346E-03                              
AS G22  2026 09 03 04 31 00.000000  1    0.725380921734E-04                              
AS G23  2026 09 03 04 31 00.000000  1    0.685421519121E-03                              
AS G24  2026 09 03 04 31 00.000000  1    0.190339430335E-03                              
AS G27  2026 09 03 04 31 00.000000  1    0.450345818335E-06                              
AS G30  2026 09 03 04 31 00.000000  1    0.351218685818E-03                              
AS G01  2026 09 03 04 31 30.000000  1    0.181493760450E-03                              
AS G02  2026 09 03 04 31 30.000000  1    0.168991774836E-03                              
AS G03  2026 09 03 04 31 30.000000  1    0.288818439154E-03                              
AS G05  2026 09 03 04 31 30.000000  1   -0.236487492472E-03                              
AS G06  2026 09 03 04 31 30.000000  1   -0.533911417995E-03                              
AS G07  2026 09 03 04 31 30.000000  1   -0.221241947344E-03                              
AS G08  2026 09 03 04 31 30.000000  1    0.356922168152E-03                              
AS G09  2026 09 03 04 31 30.000000  1    0.687292712623E-03                              
AS G10  2026 09 03 04 31 30.000000  1   -0.540087002032E-03                              
AS G12  2026 09 03 04 31 30.000000  1   -0.602921240962E-03                              
AS G13  2026 09 03 04 31 30.000000  1    0.437278404387E-03                              
AS G15  2026 09 03 04 31 30.000000  1    0.441648855312E-03                              
AS G17  2026 09 03 04 31 30.000000  1   -0.196497755932E-03                              
AS G19  2026 09 03 04 31 30.000000  1    0.704935745565E-03                              
AS G20  2026 09 03 04 31 30.000000  1    0.276702110784E-03                              
AS G21  2026 09 03 04 31 30.000000  1    0.370836683068E-03                              
AS G22  2026 09 03 04 31 30.000000  1    0.725382331290E-04                              
AS G23  2026 09 03 04 31 30.000000  1    0.685421623506E-03                              
AS G24  2026 09 03 04 31 30.000000  1    0.190339949359E-03                              
AS G27  2026 09 03 04 31 30.000000  1    0.450330882453E-06                              
AS G30  2026 09 03 04 31 30.000000  1    0.351219053980E-03                              
AS G01  2026 09 03 04 32 00.000000  1    0.181493477091E-03                              
AS G02  2026 09 03 04 32 00.000000  1    0.168992024527E-03                              
AS G03  2026 09 03 04 32 00.000000  1    0.288817819184E-03                              
AS G05  2026 09 03 04 32 00.000000  1   -0.236487529904E-03                              
AS G06  2026 09 03 04 32 00.000000  1   -0.533911091657E-03                              
AS G07  2026 09 03 04 32 00.000000  1   -0.221242092525E-03                              
AS G08  2026 09 03 04 32 00.000000  1    0.356921862030E-03                              
AS G09  2026 09 03 04 32 00.000000  1    0.687292452829E-03                              
AS G10  2026 09 03 04 32 00.000000  1   -0.540086787917E-03                              
AS G12  2026 09 03 04 32 00.000000  1   -0.602921252169E-03                              
AS G13  2026 09 03 04 32 00.000000  1    0.437278546023E-03                              
AS G15  2026 09 03 04 32 00.000000  1    0.441648974378E-03                              
AS G17  2026 09 03 04 32 00.000000  1   -0.196497956222E-03                              
AS G19  2026 09 03 04 32 00.000000  1    0.704935847544E-03                              
AS G20  2026 09 03 04 32 00.000000  1    0.276702380802E-03                              
AS G21  2026 09 03 04 32 00.000000  1    0.370836446100E-03                              
AS G22  2026 09 03 04 32 00.000000  1    0.725385936146E-04                              
AS G23  2026 09 03 04 32 00.000000  1    0.685421724929E-03                              
AS G24  2026 09 03 04 32 00.000000  1    0.190340475384E-03                              
AS G27  2026 09 03 04 32 00.000000  1    0.450347943294E-06                              
AS G30  2026 09 03 04 32 00.000000  1    0.351219434938E-03                              
