#cP2026  9  3  0  0  0.00000000      96 ORBIT IGc20 HLM  IGS
## 2434 345600.00000000   900.00000000 61286 0.0000000000000
%c G  cc GPS ccc cccc cccc cccc cccc ccccc ccccc ccccc ccccc
%c cc cc ccc ccc cccc cccc cccc cccc ccccc ccccc ccccc ccccc
/* RAPID ORBIT COMBINATION FROM WEIGHTED AVERAGE OF:
/* cod emr esa gfz grg jgx jpl ngs sio usn whu              
/* REFERENCED TO IGS TIME (IGST) AND TO WEIGHTED MEAN POLE:       
/* PCV:IGS20_2425 OL/AL:FES2014b NONE     YN ORB:CMB CLK:CMB 
*  2026  9  3  0  0  0.00000000
PG01   -266.614272 -15458.589581 -21598.204122    181.644381  8  5  4 278       
PG02   7799.000260 -16680.480197 -18542.991887    168.878964  9  7  4 238       
PG03  -9177.684735 -21495.645902 -12915.093501    289.156692  7  6  9 236       
PG05  -2704.851592  16220.777928  20678.753666   -236.481868  5  5  8 239       
PG06 -26098.262323   4988.707448  -1925.971571   -534.085474  7  4  6 228       
PG07 -16904.597458  -9417.838389  18986.801035   -221.186544  8  6  6 240       
PG08   4817.117345 -25842.850497   -790.429312    357.090881  6  2  4 232       
PG09  -9448.418515 -16148.419189  18708.939420    687.435719  5  6  2 232       
PG10  20892.383935   8259.903438 -14164.474210   -540.200680  8  7  5 235       
PG12   6446.755105  21994.024160 -13699.283618   -602.932923  4  4  5 263       
PG13   6164.134416  20595.879346 -15652.612978    437.199957 10  6  8 278       
PG15   -821.355226  26505.457496  -1930.951821    441.600608  5  6  6 234       
PG17 -15008.471129  -2660.909188 -21401.658538   -196.420644  5  6  4 234       
PG19 -17007.513475   8981.972307 -18097.388797    704.935093  5  3  4 232       
PG20 -10747.018402  23231.694709   7169.821946    276.554225  5  7  6 246       
PG21 -13662.669500   7366.260905  21560.023983    370.965602  6  4  4 234       
PG22 -19425.708861  -4414.530712 -17095.299576     72.395812  6  5  2 245       
PG23  20863.749159  16099.944223  -4328.650586    685.363937  6  7  6 236       
PG24  -4204.140669  17514.618319 -19986.557064    190.059065  5  5  5 240       
PG27  12506.398796 -20693.581746  10113.677020      0.452743  5  5  5 298       
PG30 -25026.168093   -101.890733   9469.593424    351.019347  8  6  5 241       
*  2026  9  3  0 15  0.00000000
PG01   2126.954582 -15958.030774 -21118.388073    181.636174  8  5  3 278       
PG02   9826.946983 -17309.266887 -16909.497511    168.885236  9  7  4 239       
PG03  -7974.521835 -20486.388706 -15183.912774    289.138035  7  6  8 235       
PG05  -4601.339323  14679.297317  21475.074474   -236.481841  5  5  7 390       
PG06 -25769.210168   4719.980479  -4787.499390   -534.075780  7  4  5 227       
PG07 -14910.664343 -10132.804459  20256.390580   -221.189237  7  5  5 238       
PG08   5146.073607 -25688.848473   2052.160661    357.081631  6  2  3 231       
PG09  -8899.003044 -18148.075790  17076.640268    687.427906  6  5  2 231       
PG10  21903.423647   9387.840678 -11813.281466   -540.194296  8  7  6 235       
PG12   5188.660100  20918.993399 -15800.736650   -602.931856  3  4  5 255       
PG13   4626.187541  19491.838205 -17498.558521    437.204406 10  6  8 277       
PG15  -1122.510231  26489.805229    893.013395    441.603442  4  5  6 231       
PG17 -14299.326328  -5089.420489 -21421.734047   -196.424402  5  6  4 235       
PG19 -16468.092330   6878.564890 -19517.004640    704.935551  5  3  4 231       
PG20 -10776.980556  22241.752199   9801.408471    276.562428  4  7  6 243       
PG21 -15371.556164   5640.353723  20923.902950    370.958593  5  5  4 234       
PG22 -20553.395878  -5973.545892 -15206.217368     72.403589  6  5  1 240       
PG23  21014.655639  16435.793484  -1458.437998    685.366248  6  7  6 432       
PG24  -6212.864459  18225.064846 -18721.838033    190.074634  4  5  5 239       
PG27  12500.964674 -19302.142037  12537.556332      0.452858  5  4  5 300       
PG30 -23970.866111   -711.944103  11892.249687    351.030498  8  6  5 240       
*  2026  9  3  0 30  0.00000000
PG01   4420.671298 -16559.107784 -20274.982930    181.627930  7  5  2 277       
PG02  11635.596490 -17951.048138 -14970.011396    168.891576  8  6  5 240       
PG03  -6532.427386 -19392.328489 -17196.020680    289.119345  7  5  7 233       
PG05  -6635.437216  13202.275684  21895.839642   -236.481673  6  5  7 390       
PG06 -25153.882543   4328.809808  -7567.279011   -534.066141  6  4  5 230       
PG07 -12843.062032 -10994.239640  21198.391228   -221.192164  7  4  5 238       
PG08   5445.907100 -25229.692450   4858.269110    357.072321  5  2  2 233       
PG09  -8484.171986 -19972.958859  15147.148890    687.420020  6  5  3 231       
PG10  22765.114351  10272.033694  -9259.605930   -540.187971  8  6  6 235       
PG12   3718.236468  19759.429732 -17635.250469   -602.931327  4  4  5 259       
PG13   2881.376894  18353.054022 -19044.711712    437.208776 10  7  8 277       
PG15  -1431.082011  26170.066855   3701.500860    441.606173  4  3  6 229       
PG17 -13716.929791  -7533.916781 -21060.201164   -196.428606  5  6  3 235       
PG19 -15998.925497   4618.380205 -20596.464639    704.935387  5  3  3 230       
PG20 -10816.820922  20970.001907  12264.832992    276.570638  5  7  6 241       
PG21 -17098.822207   4067.470129  19928.099625    370.951480  5  5  3 232       
PG22 -21593.179090  -7309.273912 -13046.255510     72.411486  6  5  1 238       
PG23  20930.429989  16559.734922   1436.446218    685.369429  6  7  6 432       
PG24  -8049.531867  18962.891775 -17145.483324    190.090156  3  5  4 238       
PG27  12524.870093 -17648.188871  14736.457989      0.453302  4  4  5 304       
PG30 -22704.799985  -1465.650514  14114.962930    351.041574  8  5  5 237       
*  2026  9  3  0 45  0.00000000
PG01   6573.014710 -17237.973471 -19082.244560    181.619907  7  5  2 277       
PG02  13200.674502 -18566.247858 -12759.387596    168.897834  8  6  5 243       
PG03  -4861.564083 -18258.444972 -18917.773092    289.100789  7  5  7 239       
PG05  -8769.486241  11824.797304  21933.633349   -236.483371  7  5  6 390       
PG06 -24277.814264   3784.167230 -10217.707211   -534.056396  6  5  5 231       
PG07 -10745.353334 -11998.673451  21797.481351   -221.194918  6  4  5 241       
PG08   5752.261775 -24469.304668   7577.892045    357.063143  4  2  2 235       
PG09  -8183.803750 -21582.873497  12954.133564    687.412254  6  5  3 235       
PG10  23436.787337  10924.175849  -6547.893173   -540.181525  7  6  6 240       
PG12   2045.865456  18557.949015 -19172.507649   -602.930630  4  4  5 261       
PG13    950.266892  17220.215860 -20264.804577    437.213298 10  7  8 278       
PG15  -1782.575533  25550.669880   6445.570425    441.608775  5  2  6 236       
PG17 -13267.514541  -9944.009630 -20322.831727   -196.432526  5  6  3 243       
PG19 -15625.343924   2242.393910 -21318.553803    704.935526  4  3  3 234       
PG20 -10901.851386  19436.652703  14517.953366    276.578992  5  7  6 245       
PG21 -18800.826639   2667.480015  18589.820303    370.944446  5  5  3 237       
PG22 -22501.840626  -8418.184487 -10654.148692     72.419798  6  5  2 248       
PG23  20586.700415  16503.000622   4307.076624    685.372779  6  7  6 432       
PG24  -9689.333379  19692.803464 -15282.002403    190.105829  3  5  4 242       
PG27  12610.187812 -15759.918050  16670.630146      0.453429  5  4  5 306       
PG30 -21264.060767  -2378.913641  16100.542574    351.052748  7  5  6 243       
*  2026  9  3  1  0  0.00000000
PG01   8547.775160 -17964.651993 -17560.478887    181.611595  7  6  3 276       
PG02  14506.771657 -19113.338205 -10317.668039    168.904120  8  6  5 242       
PG03  -2980.693977 -17128.170294 -20320.408022    289.082116  7  4  6 229       
PG05 -10960.357638  10575.386088  21587.841487   -236.483450  8  5  6 390       
PG06 -23173.559836   3060.818903 -12693.270794   -534.046819  6  5  5 226       
PG07  -8660.344726 -13135.053147  22043.523713   -221.197926  6  3  5 236       
PG08   6099.630395 -23420.588031  10162.474341    357.053833  4  2  2 232       
PG09  -7971.407217 -22943.599208  10535.864982    687.404366  6  4  3 229       
PG10  23882.316884  11364.055352  -3724.879132   -540.175343  7  6  6 231       
PG12    189.833631  17355.606746 -20387.215435   -602.929868  3  4  5 258       
PG13  -1139.100531  16130.687513 -21138.151099    437.217655 10  8  7 276       
PG15  -2210.710804  24644.680150   9076.772961    441.611640  5  2  5 226       
PG17 -12949.079143 -12269.457558 -19222.368566   -196.436713  5  6  3 239       
PG19 -15365.740149   -204.387337 -21672.435291    704.935757  4  4  3 227       
PG20 -11063.629152  17669.625415  16522.266589    276.587187  6  7  6 239       
PG21 -20432.180655   1452.156283  16932.137252    370.937335  5  6  3 230       
PG22 -23238.320177  -9305.488493  -8072.782003     72.427386  5  5  2 235       
PG23  19966.679983  16301.721126   7105.015389    685.375946  6  7  6 432       
PG24 -11114.315604  20376.470925 -13160.928312    190.121367  3  4  4 236       
PG27  12784.129175 -13672.916436  18305.219562      0.453007  5  4  4 303       
PG30 -19688.378367  -3460.661814  17815.727548    351.063770  7  5  6 235       
*  2026  9  3  1 15  0.00000000
PG01  10315.262169 -18704.207144 -15735.708373    181.603350  7  6  3 277       
PG02  15547.772493 -19550.637632  -7689.247740    168.910386  8  6  5 235       
PG03   -916.647065 -16041.759069 -21380.482370    289.063529  7  4  5 233       
PG05 -13160.982053   9474.990994  20864.659532   -236.483163  8  4  6 390       
PG06 -21879.464398   2140.505256 -14951.323412   -534.037165  5  5  6 230       
PG07  -6628.702700 -14385.010798  21931.726387   -221.201084  5  3  4 236       
PG08   6519.746775 -22104.997837  12565.871628    357.044547  4  2  2 231       
PG09  -7815.332742 -24028.102389   7934.521001    687.396535  6  4  4 232       
PG10  24071.502010  11618.549375   -838.784981   -540.168948  7  6  6 231       
PG12  -1824.189702  16190.388266 -21259.463415   -602.929235  3  5  4 258       
PG13  -3352.090649  15117.106344 -21649.981269    437.222081  9  8  7 278       
PG15  -2745.853678  23473.440045  11548.061384    441.614253  5  2  5 240       
PG17 -12751.537877 -14462.011012 -17778.304365   -196.441119  5  6  3 236       
PG19 -15230.903636  -2674.502532 -21653.724749    704.935864  4  4  3 231       
PG20 -11328.598757  15703.605648  18243.552599    276.595456  6  7  6 244       
PG21 -21947.411212    424.906707  14983.589607    370.930424  5  6  3 241       
PG22 -23765.388546  -9984.682831  -5348.329742     72.435289  5  4  2 238       
PG23  19061.914622  15995.415456   9783.082499    685.379210  6  6  5 432       
PG24 -12313.953295  20973.974115 -10816.481387    190.137024  3  4  3 244       
PG27  13067.788079 -11428.882197  19610.984444      0.453482  4  3  4 305       
PG30 -18019.697639  -4712.335488  19231.697967    351.074849  7  4  6 241       
*  2026  9  3  1 30  0.00000000
PG01  11853.263407 -19418.119769 -13639.236473    181.595049  7  6  3 276       
PG02  16326.886739 -19838.125653  -4921.936756    168.916603  8  6  5 237       
PG03   1296.506677 -15034.792714 -22080.228608    289.044896  7  3  4 229       
PG05 -15322.042685   8536.286754  19776.968905   -236.482825  8  4  6 389       
PG06 -20438.220898   1012.858555 -16952.822378   -534.027554  5  5  6 228       
PG07  -4687.641144 -15723.387510  21462.756607   -221.203825  6  3  4 235       
PG08   7040.094136 -20551.767357  14745.264398    357.035275  4  2  2 229       
PG09  -7680.192108 -24817.473487   5195.421762    687.388663  6  4  4 229       
PG10  23981.220346  11720.371378   2061.485194   -540.162684  7  6  6 229       
PG12  -3963.944249  15095.832712 -21775.000122   -602.928498  3  5  4 257       
PG13  -5648.612338  14206.177782 -21791.677000    437.226467  9  8  7 277       
PG15  -3413.551186  22065.876593  13814.717829    441.617037  5  2  5 235       
PG17 -12657.224157 -16477.184993 -16016.507692   -196.444982  6  6  3 241       
PG19 -15223.673988  -5119.683310 -21264.447841    704.936121  4  4  3 228       
PG20 -11716.941157  13578.849000  19652.444071    276.603681  6  7  6 240       
PG21 -23302.638996   -419.166938  12777.692198    370.923315  5  6  3 238       
PG22 -24051.165141 -10476.757795  -2529.335796     72.443389  5  4  3 237       
PG23  17872.730391  15625.367296  12296.103825    685.382463  6  6  5 432       
PG24 -13285.459203  21445.350315  -8287.139432    190.152586  3  4  3 241       
PG27  13475.156793  -9074.093568  20564.876787      0.453063  4  3  4 303       
PG30 -16300.686260  -6127.653231  20324.524157    351.085918  6  4  6 237       
*  2026  9  3  1 45  0.00000000
PG01  13147.717374 -20065.821238 -11307.116564    181.586804  8  7  3 276       
PG02  16856.284277 -19939.189919  -2065.948741    168.923011  8  6  4 236       
PG03   3618.551901 -14136.870836 -22407.828360    289.026241  7  3  3 227       
PG05 -17393.763713   7763.317226  18344.085158   -236.483457  8  3  6 390       
PG06 -18895.266982   -323.979532 -18663.012663   -534.017952  4  5  6 229       
PG07  -2869.720673 -17119.002393  20642.804377   -221.206882  5  4  4 232       
PG08   7682.596382 -18796.820088  16661.999471    357.025984  4  2  3 229       
PG09  -7528.428991 -25301.552750   2366.211088    687.380772  6  3  4 228       
PG10  23596.316887  11706.623232   4927.132421   -540.156405  6  6  5 227       
PG12  -6191.610183  14099.837715 -21925.428017   -602.927777  3  5  4 256       
PG13  -7984.463481  13417.710190 -21560.907174    437.230835  8  9  7 277       
PG15  -4233.238537  20457.496873  15835.273643    441.619700  6  2  5 233       
PG17 -12641.725416 -18275.881363 -13968.705304   -196.449610  6  6  3 230       
PG19 -15338.917134  -7492.507271 -20512.889919    704.936037  5  3  3 226       
PG20 -12241.673618  11339.784158  20724.913777    276.611908  7  8  6 238       
PG21 -24457.206709  -1092.885841  10352.360646    370.916174  5  6  3 235       
PG22 -24070.415942 -10809.106158    334.239237     72.450825  5  4  4 227       
PG23  16408.364184  15232.946413  14601.628247    685.385641  6  7  4 432       
PG24 -14033.810740  21752.195193  -5615.110553    190.168144  3  3  3 239       
PG27  14012.457904  -6657.695020  21150.478320      0.452932  4  4  4 303       
PG30 -14573.226662  -7692.665179  21075.548373    351.096972  5  4  6 232       
*  2026  9  3  2  0  0.00000000
PG01  14193.073159 -20606.323340  -8779.533856    181.578602  8  7  4 275       
PG02  17156.355380 -19822.225671    827.151591    168.929227  8  7  4 237       
PG03   6004.450385 -13370.535896 -22357.600341    289.007689  7  3  2 227       
PG05 -19327.721500   7151.494060  16591.384407   -236.483571  8  3  6 389       
PG06 -17297.081730  -1863.067124 -20052.045580   -534.008271  4  4  6 228       
PG07  -1201.799029 -18535.647201  19483.591130   -221.209893  5  4  4 230       
PG08   8462.550516 -16881.416411  18282.336527    357.016784  4  2  3 227       
PG09  -7321.975715 -25479.221464   -503.999010    687.372960  6  3  4 226       
PG10  22910.200797  11617.208595   7710.226867   -540.150042  6  6  5 226       
PG12  -8465.042418  13223.685329 -21708.316690   -602.927074  4  5  4 256       
PG13 -10312.835217  12763.925638 -20961.660408    437.235300  8  9  6 277       
PG15  -5217.180672  18689.103530  17572.396119    441.622446  6  3  5 232       
PG17 -12675.011705 -19825.789886 -11671.835026   -196.453790  6  5  3 230       
PG19 -15563.817035  -9747.996119 -19413.348047    704.936497  5  3  4 227       
PG20 -12908.034478   9033.466666  21442.672445    276.620239  7  8  6 239       
PG21 -25375.195494  -1616.302958   7749.262405    370.909113  5  6  3 236       
PG22 -23805.579906 -11014.185953   3191.979211     72.458852  5  5  4 228       
PG23  14686.772838  14857.936106  16660.605322    685.388952  6  7  3 432       
PG24 -14571.481696  21859.257166  -2845.707441    190.183803  4  3  2 238       
PG27  14677.820789  -4229.878138  21358.279953      0.452556  4  4  4 300       
PG30 -12876.944823  -9386.093443  21471.694721    351.108100  5  4  5 234       
*  2026  9  3  2 15  0.00000000
PG01  14992.322835 -20999.880737  -6100.110659    181.570291  8  8  3 276       
PG02  17254.636319 -19462.016613   3705.509372    168.935723  8  7  3 232       
PG03   8405.845127 -12750.469416 -21930.100491    288.989106  7  3  2 228       
PG05 -21078.605557   6687.948329  14549.817316   -236.483841  8  3  6 389       
PG06 -15689.446914  -3588.712636 -21095.520257   -533.998598  4  4  5 229       
PG07    295.830947 -19933.280890  18002.317306   -221.212933  5  5  4 229       
PG08   9387.846711 -14850.594669  19578.080883    357.007535  4  2  4 228       
PG09  -7023.929057 -25358.349293  -3365.503448    687.365067  6  2  5 227       
PG10  21925.134169  11493.166825  10364.439860   -540.143735  6  6  5 226       
PG12 -10739.164530  12481.322037 -21127.234307   -602.926437  5  5  4 258       
PG13 -12585.919115  12249.071799 -20004.175519    437.239716  8  9  6 276       
PG15  -6369.703239  16805.278209  18993.714260    441.625047  6  3  5 234       
PG17 -12722.806306 -21102.507902  -9167.287997   -196.457878  6  5  3 233       
PG19 -15878.464069 -11845.101665 -17985.796356    704.936569  6  3  4 227       
PG20 -13713.176088   6707.941459  21793.471451    276.628527  6  7  6 239       
PG21 -26026.771547  -2015.731134   5013.104593    370.902060  5  6  4 236       
PG22 -23247.485286 -11127.998600   5993.958067     72.466753  5  5  4 228       
PG23  12734.126549  14536.927239  18438.015272    685.392282  6  7  2 432       
PG24 -14917.878124  21735.961672    -26.625461    190.199395  5  3  3 238       
PG27  15461.313893  -1840.038447  21185.800700      0.452343  4  4  4 299       
PG30 -11247.827780 -11179.949463  21505.702865    351.119191  4  4  4 234       
*  2026  9  3  2 30  0.00000000
PG01  15556.704932 -21209.620324  -3315.147120    181.562112  8  8  3 276       
PG02  17184.456030 -18840.839036   6518.017475    168.941872  7  7  3 238       
PG03  10772.693478 -12282.988845 -21132.132532    288.970515  7  4  2 228       
PG05 -22605.858967   6352.217985  12255.322371   -236.484050  8  4  6 389       
PG06 -14115.739548  -5476.868211 -21774.936833   -533.988912  4  4  5 231       
PG07   1610.082881 -21269.391513  16221.541623   -221.215641  4  6  4 232       
PG08  10458.508613 -12751.475717  20527.088085    356.998307  3  2  4 228       
PG09  -6600.177770 -24955.402378  -6168.881573    687.357223  7  2  5 227       
PG10  20652.207252  11374.987499  12845.737368   -540.137364  5  5  4 226       
PG12 -12967.474207  11878.917303 -20191.697399   -602.925724  5  5  4 258       
PG13 -14756.557666  11869.349013 -18704.770861    437.244132  8 10  6 276       
PG15  -7686.756129  14852.694147  20072.555660    441.628053  7  4  5 226       
PG17 -12748.135620 -22090.332463  -6500.062572   -196.461981  6  4  3 235       
PG19 -16256.711309 -13748.029006 -16255.475796    704.937018  6  4  4 235       
PG20 -14646.177600   4410.575452  21771.306037    276.636742  6  7  6 237       
PG21 -26389.311438  -2322.528744   2190.870528    370.895018  5  5  4 237       
PG22 -22395.732185 -11188.450265   8691.648400     72.474923  5  5  4 229       
PG23  10584.003304  14301.837325  19903.443241    685.395577  6  7  2 432       
PG24 -15098.489662  21357.800106   2792.868877    190.215028  5  4  3 237       
PG27  16345.326721    465.011067  20637.548039      0.452202  4  5  4 299       
PG30  -9716.979240 -13040.408988  21176.281130    351.130306  4  5  3 233       
*  2026  9  3  2 45  0.00000000
PG01  15905.090523 -21203.072794   -472.811101    181.554310  8  7  4 309       
PG02  16983.371261 -17949.246402   9215.303045    168.948373  6  6  3 234       
PG03  13054.972142 -11965.864217 -19976.667516    288.951954  7  4  2 232       
PG05 -23875.133627   6117.240264   9748.152292   -236.484033  8  4  6 389       
PG06 -12615.322128  -7495.854343 -22078.051451   -533.979220  4  4  4 235       
PG07   2735.469860 -22500.486122  14168.984034   -221.219006  4  6  4 230       
PG08  11666.571003 -10631.505186  21113.630655    356.989073  3  2  4 231       
PG09  -6020.917157 -24294.730341  -8865.860343    687.349466  7  3  5 230       
PG10  19111.004968  11300.964679  15113.029618   -540.131004  5  5  3 229       
PG12 -15103.608465  11414.716096 -18917.039143   -602.924942  5  5  4 258       
PG13 -16779.876867  11613.154902 -17085.575059    437.248573  8 10  5 277       
PG15  -9155.837855  12878.330127  20788.567927    441.630735  7  4  4 229       
PG17 -12712.988106 -22782.694942  -3717.854566   -196.466385  5  4  3 232       
PG19 -16667.261649 -15427.353746 -14252.419077    704.936633  6  4  4 228       
PG20 -15688.377377   2186.422435  21376.516159    276.644993  6  7  7 238       
PG21 -26448.263058  -2571.690298   -668.982273    370.887991  5  5  4 240       
PG22 -21258.732814 -11233.667036  11238.774270     72.482865  4  6  4 232       
PG23   8276.311355  14178.609174  21031.589931    685.398845  6  6  2 432       
PG24 -15143.780679  20707.519448   5562.827640    190.230666  6  4  4 237       
PG27  17305.279051   2642.693871  19724.827217      0.451947  4  5  4 297       
PG30  -8309.558621 -14928.916403  20488.174787    351.141426  4  5  3 235       
*  2026  9  3  3  0  0.00000000
PG01  16063.076173 -20953.545270   2377.707890    181.546061  7  7  3 308       
PG02  16691.464949 -16786.508510  11750.638608    168.954533  5  6  3 226       
PG03  15204.393844 -11788.462930 -18482.671447    288.933324  7  5  3 228       
PG05 -24859.504112   5950.605911   7072.128932   -236.484938  7  5  6 389       
PG06 -11222.093870  -9607.390850 -21999.124530   -533.969545  4  4  4 226       
PG07   3674.226800 -23583.662856  11877.244169   -221.222127  4  7  3 226       
PG08  12996.296175  -8536.708988  21328.622320    356.979775  2  2  4 226       
PG09  -5261.991332 -23407.562923 -11410.147409    687.341641  7  3  5 225       
PG10  17328.979190  11305.647458  17128.772458   -540.124701  5  5  3 235       
PG12 -17102.914719  11079.191281 -17324.196356   -602.924265  5  5  4 263       
PG13 -18614.840211  11461.637171 -15174.162869    437.252962  8 10  4 274       
PG15 -10756.291688  10927.665253  21128.201114    441.633399  7  4  4 238       
PG17 -12580.008358 -23182.225342   -870.109583   -196.471058  5  4  3 226       
PG19 -17074.942123 -16860.898609 -12010.920951    704.936534  6  4  5 225       
PG20 -16814.012816     76.681219  20615.783440    276.653122  6  7  7 253       
PG21 -26197.709154  -2800.296923  -3517.349198    370.880919  5  5  4 234       
PG22 -19853.415648 -11300.333787  13592.092977     72.490521  4  5  4 226       
PG23   5855.976396  14186.137901  21802.710865    685.402112  5  6  2 432       
PG24 -15087.858877  19776.053127   8233.572850    190.246306  6  5  5 239       
PG27  18310.620352   4656.123939  18465.411737      0.451185  4  5  4 292       
PG30  -7043.943353 -16803.481783  19452.145530    351.152462  4  5  3 232       
*  2026  9  3  3 15  0.00000000
PG01  16061.819932 -20441.280076   5187.064873    181.537848  7  7  3 308       
PG02  16349.585498 -15360.696474  14080.758832    168.960750  4  6  2 234       
PG03  17176.074346 -11732.219741 -16674.840629    288.914727  7  6  3 235       
PG05 -25540.394533   5816.022071   4273.843081   -236.485108  7  5  6 389       
PG06  -9963.260692 -11767.896886 -21539.055548   -533.959864  4  5  3 232       
PG07   4436.147667 -24478.213433   9383.427589   -221.225280  4  7  4 235       
PG08  14424.714956  -6510.035031  21169.699886    356.970556  2  1  4 233       
PG09  -4306.011379 -22330.757960 -13758.219560    687.333844  7  3  5 233       
PG10  15340.550274  11418.439296  18859.516717   -540.118286  5  5  3 239       
PG12 -18923.973088  10855.491985 -15439.415640   -602.923411  5  5  4 262       
PG13 -20225.666146  11389.533784 -13003.101203    437.257403  8 10  4 276       
PG15 -12459.965740   9042.937060  21085.032260    441.636239  6  4  4 239       
PG17 -12314.152736 -23300.450903   1992.937006   -196.475000  4  4  3 233       
PG19 -17442.117019 -18034.343839  -9568.963182    704.936842  6  4  5 231       
PG20 -17991.143941  -1882.695448  19502.024083    276.661379  6  7  7 254       
PG21 -25640.611751  -3045.887007  -6305.316871    370.873868  5  5  5 240       
PG22 -18204.613138 -11422.122774  15712.094094     72.498752  3  5  4 235       
PG23   3371.438670  14335.467654  22202.976726    685.405400  5  6  3 432       
PG24 -14966.971752  18563.141934  10756.687938    190.261936  6  5  6 243       
PG27  19326.070464   6475.304176  16883.090968      0.451281  4  6  5 294       
PG30  -5931.147284 -18620.126619  18084.858644    351.163624  4  5  4 240       
*  2026  9  3  3 30  0.00000000
PG01  15936.666642 -19654.352921   7906.629314    181.529216  7  7  3 277       
PG02  15997.603272 -13688.421027  16166.569476    168.967151  4  6  2 239       
PG03  18930.089162 -11771.417696 -14583.245244    288.896177  6  6  4 242       
PG05 -25908.185034   5674.923023   1401.816073   -236.485218  6  6  6 389       
PG06  -8858.373575 -13930.011484 -20705.399511   -533.950140  4  5  3 240       
PG07   5038.131955 -25147.199250   6728.673453   -221.228152  4  7  4 240       
PG08  15922.464299  -4589.848105  20641.167312    356.961337  2  2  4 240       
PG09  -3143.207168 -21105.351553 -15870.053568    687.326038  8  3  5 241       
PG10  13185.969378  11662.393400  20276.402110   -540.111873  5  5  3 243       
PG12 -20530.016199  10720.174184 -13293.879458   -602.922767  5  6  4 265       
PG13 -21583.055802  11366.268937 -10609.411634    437.261827  8 10  4 277       
PG15 -14232.210309   7261.543664  20659.918999    441.638883  6  5  4 245       
PG17 -11884.236875 -23157.149857   4821.208211   -196.479219  3  4  3 240       
PG19 -17730.188191 -18941.555052  -6967.602648    704.937042  5  4  5 239       
PG20 -19182.826415  -3662.189254  18054.179037    276.669625  6  6  7 256       
PG21 -24788.727925  -3344.810358  -8984.998618    370.866808  4  5  5 246       
PG22 -16344.164431 -11628.271661  17563.607577     72.506782  2  4  4 242       
PG23    873.012634  14629.290543  22224.747487    685.408707  5  6  3 432       
PG24 -14817.892417  17077.605674  13086.023190    190.277572  6  5  6 247       
PG27  20313.043750   8078.027111  15007.113414      0.451709  4  6  5 299       
PG30  -4974.519757 -20334.427772  16408.675116    351.174795  4  5  4 246       
*  2026  9  3  3 45  0.00000000
PG01  15725.617738 -18589.274429  10489.342225    181.520949  6  7  3 276       
PG02  15672.755606 -11794.246236  17973.740541    168.973398  3  5  3 231       
PG03  20432.862149 -11874.254359 -12242.882693    288.877492  6  6  4 232       
PG05 -25962.477952   5488.163095  -1494.359891   -236.485615  6  7  6 389       
PG06  -7918.674741 -16044.276702 -19512.262588   -533.940521  4  6  3 232       
PG07   5503.445263 -25558.940752   3957.579502   -221.231382  4  8  3 235       
PG08  17454.881312  -2808.635939  19753.810350    356.952035  3  2  4 229       
PG09  -1771.981431 -19774.968090 -17709.788161    687.318209  8  3  5 231       
PG10  10909.980274  12053.244973  21355.592351   -540.105542  5  5  3 234       
PG12 -21890.195245  10644.189977 -10923.253560   -602.922223  5  6  4 266       
PG13 -22665.184617  11357.263535  -8033.956979    437.266149  8 10  4 274       
PG15 -16033.168156   5614.664066  19860.976100    441.641476  6  4  4 238       
PG17 -11264.312598 -22779.395675   7565.699788   -196.483391  2  5  3 229       
PG19 -17901.129501 -19584.621595  -4250.330101    704.936878  5  4  5 228       
PG20 -20348.490241  -5239.657451  16296.904081    276.677790  6  6  7 249       
PG21 -23662.199921  -3730.629909 -11510.352994    370.859693  4  5  5 236       
PG22 -14309.774220 -11942.362234  19116.316070     72.514521  3  4  4 231       
PG23  -1588.832477  15061.769928  21866.753475    685.411935  5  6  3 432       
PG24 -14676.265005  15337.241437  15178.685561    190.293069  6  5  6 240       
PG27  21231.193465   9450.450447  12871.545629      0.451196  3  6  5 295       
PG30  -4169.740371 -21903.104343  14451.346986    351.185878  4  6  5 235       
*  2026  9  3  4  0  0.00000000
PG01  15467.706691 -17251.270709  12890.544206    181.512621  6  7  3 275       
PG02  15408.143698  -9709.812979  19473.180540    168.979786  3  4  3 223       
PG03  21658.332866 -12004.156909  -9693.143598    288.858845  6  6  4 223       
PG05 -25712.017398   5217.723990  -4364.886264   -236.485915  5  7  6 389       
PG06  -7146.779032 -18060.918143 -17980.076787   -533.930779  3  6  4 232       
PG07   5860.710353 -25688.358137   1117.523505   -221.234437  4  8  3 231       
PG08  18983.304042  -1191.973355  18524.593094    356.942679  3  3  4 222       
PG09   -199.146669 -18384.152312 -19246.307635    687.310301  8  4  4 224       
PG10   8560.325424  12598.713826  22078.647909   -540.099178  5  5  4 226       
PG12 -22980.645204  10594.102676  -8367.158032   -602.921672  5  6  4 268       
PG13 -23458.419930  11325.410589  -5320.760863    437.270456  7 10  4 273       
PG15 -17819.298173   4126.159648  18703.376064    441.643917  5  5  4 240       
PG17 -10434.821445 -22200.339080  10179.341982   -196.487719  2  5  2 218       
PG19 -17919.002291 -19973.607589  -1462.406319    704.936718  4  4  5 225       
PG20 -21445.472416  -6600.991283  14260.163998    276.685940  6  6  7 247       
PG21 -22288.835061  -4232.633192 -13837.971570    370.852572  3  5  5 228       
PG22 -12143.676208 -12381.341240  20345.169435     72.522451  3  3  4 220       
PG23  -3965.208813  15618.698914  21134.177178    685.415143  5  5  3 432       
PG24 -14574.985076  13368.342143  16995.981131    190.308577  6  5  6 234       
PG27  22040.010864  10587.335041  10514.567049      0.451137  4  6  5 295       
PG30  -3505.114005 -23285.588907  12245.615690    351.196928  4  6  5 224       
*  2026  9  3  4 15  0.00000000
PG01  15201.345009 -15654.231547  15068.758838    181.504441  6  7  4 276       
PG02  15231.434707  -7472.716088  20641.393165    168.986110  3  3  3 228       
PG03  22588.856464 -12121.299674  -6977.194928    288.840184  5  5  4 231       
PG05 -25174.269639   4828.369508  -7160.611909   -236.486020  4  7  6 389       
PG06  -6536.704458 -19931.652976 -16135.256224   -533.921029  3  6  4 238       
PG07   6142.657533 -25518.102418  -1742.115450   -221.237288  4  8  3 274       
PG08  20466.522536    242.221143  16976.250017    356.933438  3  4  4 231       
PG09   1560.162314 -16976.687541 -20453.739496    687.302466  8  4  4 231       
PG10   6186.146032  13298.102602  22432.832583   -540.092743  5  5  4 232       
PG12 -23785.307959  10533.486142  -5668.565443   -602.920868  4  6  5 268       
PG13 -23957.736665  11232.659408  -2516.270391    437.274874  7 10  4 274       
PG15 -19545.061305   2811.805119  17208.982124    441.647047  5  5  4 234       
PG17  -9383.483572 -21457.784079  12617.793295   -196.492047  2  6  2 231       
PG19 -17751.400176 -20126.026696   1349.818284    704.936856  4  4  5 233       
PG20 -22430.645776  -7740.466735  11978.736437    276.694154  6  6  7 251       
PG21 -20703.102730  -4874.511659 -15927.822656    370.845593  3  5  5 237       
PG22  -9891.154734 -12954.814084  21230.701897     72.530503  3  3  4 231       
PG23  -6210.498501  16277.992713  20038.630486    685.418399  5  5  3 432       
PG24 -14542.691534  11204.848366  18504.278098    190.324213  6  6  6 239       
PG27  22700.414382  11491.947253   7977.720489      0.450964  4  6  5 295       
PG30  -2962.159453 -24445.523325   9828.714970    351.208113  5  6  5 235       
*  2026  9  3  4 30  0.00000000
PG01  14962.704727 -13820.328125  16986.416890    181.496061  6  6  4 273       
PG02  15163.811020  -5125.185898  21460.720957    168.992164  4  4  4 232       
PG03  23215.798599 -12184.268965  -4141.286586    288.821478  5  5  5 225       
PG05 -24374.684594   4289.183946  -9833.861671   -236.486371  3  7  6 389       
PG06  -6074.251725 -21611.453781 -14009.740144   -533.911356  3  6  5 238       
PG07   6384.675846 -25039.419908  -4570.827404   -221.240210  4  9  3 272       
PG08  21862.319761   1484.115281  15136.788377    356.924136  3  4  4 226       
PG09   3482.895103 -15593.963767 -21311.860223    687.294631  8  4  3 228       
PG10   3836.329532  14142.206898  22411.349568   -540.086373  5  5  4 225       
PG12 -24296.479499  10424.459084  -2873.131047   -602.920215  4  6  5 269       
PG13 -24166.814376  11041.647868    331.426709    437.279256  7 10  4 273       
PG15 -21164.690283   1678.879788  15405.828566    441.649765  4  4  4 227       
PG17  -8105.893370 -20592.620165  14840.154586   -196.496464  2  6  2 229       
PG19 -17370.774134 -20066.060001   4139.594996    704.936649  4  5  4 237       
PG20 -23262.082249  -8660.774028   9491.632587    276.702332  5  6  7 247       
PG21 -18944.886547  -5673.259535 -17743.938374    370.838524  1  5  5 233       
PG22  -7598.980926 -13664.631075  21759.254074     72.538548  3  3  3 225       
PG23  -8283.930666  17010.500994  18598.023308    685.421650  5  5  2 432       
PG24 -14602.443113   8887.165990  19675.759803    190.339739  5  5  6 235       
PG27  23176.267813  12175.640722   5305.136652      0.450862  4  6  5 295       
PG30  -2516.473536 -25352.120300   7241.782056    351.219264  5  6  5 229       
*  2026  9  3  4 45  0.00000000
PG01  14784.201607 -11779.315352  18610.508175    181.487859  6  6  4 273       
PG02  15219.196795  -2712.629069  21919.483112    168.998497  4  5  4 232       
PG03  23539.798443 -12151.813001  -1233.989834    288.802786  5  5  5 225       
PG05 -23345.670397   3574.936118 -12339.226702   -236.486446  3  6  6 389       
PG06  -5737.718164 -23060.197730 -11640.430597   -533.901673  3  6  5 240       
PG07   6623.218776 -24252.700803  -7317.919647   -221.243126  4  8  4 272       
PG08  23129.040780   2532.071636  13038.916484    356.914950  3  4  4 230       
PG09   5538.794683 -14273.456491 -21806.404977    687.286771  8  4  3 229       
PG10   1557.860368  15113.544011  22013.502278   -540.079955  5  5  4 224       
PG12 -24515.056381  10229.298681    -28.461722   -602.919334  4  7  5 266       
PG13 -24097.810874  10717.319755   3173.418111    437.283654  6 10  4 273       
PG15 -22633.962150    726.131254  13327.468781    441.652450  4  4  4 227       
PG17  -6605.806010 -19647.175609  16809.595455   -196.500678  2  7  2 230       
PG19 -16755.592756 -19823.544174   6860.473709    704.936892  4  6  4 233       
PG20 -23900.686946  -9372.724423   6841.443226    276.710530  5  6  7 245       
PG21 -17058.039210  -6638.335502 -19255.033420    370.831492  1  5  5 234       
PG22  -5313.820449 -14504.774975  21923.103455     72.546596  4  3  3 225       
PG23 -10150.985537  17781.113722  16836.321114    685.424948  5  5  2 432       
PG24 -14770.644408   6460.700613  20489.040834    190.355333  5  5  6 235       
PG27  23435.772053  12657.144158   2542.749097      0.450758  4  7  5 295       
PG30  -2138.841121 -25981.335209   4529.183362    351.230393  5  7  5 229       
*  2026  9  3  5  0  0.00000000
PG01  14693.138941  -9567.546359  19913.149536    181.479681  6  5  5 275       
PG02  15403.780027   -282.085273  22012.016100    169.004919  4  5  5 233       
PG03  23570.684889 -11984.609792   1694.621873    288.784144  4  5  4 237       
PG05 -22125.323166   2667.218659 -14634.305041   -236.486763  3  6  5 389       
PG06  -5498.917566 -24244.134877  -9068.535185   -533.891909  3  6  5 242       
PG07   6894.128767 -23167.673394  -9933.522562   -221.246136  3  8  4 274       
PG08  24227.129970   3392.439857  10719.413235    356.905782  4  4  3 237       
PG09   7691.380926 -13047.372325 -21929.278585    687.279007  7  4  2 236       
PG10   -605.769100  16186.896916  21244.774748   -540.073511  5  5  3 236       
PG12 -24450.467005   9912.073148   2816.667645   -602.918950  3  7  5 271       
PG13 -23770.819960  10228.464193   5960.802694    437.288053  6 10  4 276       
PG15 -23911.894685    -55.895150  11012.215586    441.655230  4  4  4 239       
PG17  -4895.111747 -18663.556775  18493.888115   -196.504796  3  7  1 240       
PG19 -15891.297541 -19432.764131   9466.999997    704.936890  4  6  4 246       
PG20 -24311.740201  -9894.645124   4073.620162    276.718816  5  6  7 246       
PG21 -15088.795048  -7771.120501 -20435.044937    370.824467  1  4  5 249       
PG22  -3080.668825 -15461.548060  21720.507680     72.554284  4  5  3 240       
PG23 -11784.569439  18550.121933  14783.190864    685.428239  6  5  2 432       
PG24 -15056.274182   3974.175317  20929.624583    190.370983  5  5  6 242       
PG27  23452.682406  12961.591174   -262.486105      0.451455  4  7  5 300       
PG30  -1796.550723 -26316.798501   1737.763578    351.241554  6  7  6 245       
*  2026  9  3  5 15  0.00000000
PG01  14710.565141  -7226.737940  20872.059312    181.471434  6  4  5 273       
PG02  15715.837184   2119.344051  21738.626495    169.011264  4  6  5 219       
PG03  23327.044262 -11646.983296   4593.836898    288.765407  4  5  4 224       
PG05 -20755.962282   1555.321505 -16680.382488   -236.486654  4  5  5 389       
PG06  -5324.464654 -25137.116444  -6338.827675   -533.882300  3  6  5 235       
PG07   7230.953275 -21803.220169 -12369.627687   -221.249430  3  8  4 274       
PG08  25120.579635   4079.049056   8218.453624    356.896436  4  4  3 225       
PG09   9899.170955 -11941.510542 -21678.666550    687.271101  7  4  1 224       
PG10  -2616.031305  17330.159690  20116.826269   -540.067195  5  5  3 226       
PG12 -24120.284690   9440.230225   5613.139540   -602.917933  3  7  5 264       
PG13 -23213.032974   9549.116633   8645.532083    437.292408  6 10  3 274       
PG15 -24962.294192   -684.185370   8502.300779    441.657785  4  4  4 230       
PG17  -2993.506548 -17682.035760  19865.846908   -196.508818  3  7  1 225       
PG19 -14771.019156 -18931.090701  11915.406709    704.936943  4  7  4 240       
PG20 -24466.287651 -10251.485102   1235.704446    276.726967  5  6  8 238       
PG21 -13084.100813  -9064.693607 -21263.584236    370.817420  1  4  5 242       
PG22   -941.367552 -16514.047103  21155.665353     72.562488  4  6  3 232       
PG23 -13165.912032  19274.783756  12473.537141    685.431457  6  6  2 432       
PG24 -15460.452967   1477.810209  20990.187363    190.386504  4  5  5 232       
PG27  23207.311958  13119.335634  -3063.354209      0.451421  4  7  5 300       
PG30  -1454.865668 -26350.467158  -1083.970126    351.252618  6  7  6 234       
*  2026  9  3  5 30  0.00000000
PG01  14850.389496  -4802.535305  21470.930599    181.463336  6  4  5 275       
PG02  16145.856996   4446.040787  21105.465456    169.017821  4  5  5 238       
PG03  22835.451687 -11108.498414   7413.199386    288.746785  3  5  4 240       
PG05 -19282.527719    236.808928 -18443.045396   -236.486724  5  5  5 389       
PG06  -5177.271782 -25721.533744  -3498.841291   -533.872607  4  6  5 246       
PG07   7663.329884 -20186.809358 -14581.127661   -221.252326  3  8  5 276       
PG08  25778.238805   4612.427139   5578.903969    356.887210  4  3  3 240       
PG09  12117.090584 -10974.381426 -21059.046080    687.263308  7  4  1 240       
PG10  -4440.665792  18505.460078  18647.394884   -540.060700  5  6  3 241       
PG12 -23549.531792   8786.078150   8312.348020   -602.917183  3  6  5 266       
PG13 -22457.635456   8659.765705  11181.243340    437.296901  5 10  3 276       
PG15 -25755.092085  -1182.283562   5842.981769    441.660481  4  5  4 243       
PG17   -927.878202 -16739.544089  20903.673906   -196.512876  4  7  1 240       
PG19 -13396.027633 -18357.509063  14164.293903    704.937040  4  7  3 249       
PG20 -24342.323843 -10473.665941  -1623.486060    276.735233  5  5  8 249       
PG21 -11089.928387 -10503.935726 -21726.292477    370.810408  2  5  5 252       
PG22   1066.749862 -17634.905710  20238.599107     72.570260  4  6  3 243       
PG23 -14285.147004  19911.036475   9946.932909    685.434744  5  6  2 432       
PG24 -15976.369060   -978.550844  20670.681813    190.402153  4  4  4 244       
PG27  22687.290749  13164.601242  -5813.119645      0.450424  4  7  5 293       
PG30  -1078.592899 -26082.964133  -3886.714358    351.264096  7  8  6 275       
*  2026  9  3  5 45  0.00000000
PG01  15118.789981  -2342.932086  21699.697734    181.455134  6  4  5 274       
PG02  16676.950710   6655.338507  20124.333788    169.023983  4  5  5 233       
PG03  22129.392190 -10345.368541  10103.416444    288.728086  3  4  4 237       
PG05 -17750.899906  -1282.219242 -19892.718458   -236.487112  5  5  4 389       
PG06  -5018.196657 -25988.930295   -598.011170   -533.862937  3  7  5 245       
PG07   8215.518770 -18353.555174 -16526.824328   -221.255461  3  7  5 247       
PG08  26174.937915   5018.782501   2845.599188    356.877910  4  4  3 237       
PG09  14298.024449 -10156.612596 -20081.098289    687.255418  6  4  1 236       
PG10  -6054.761235  19670.524462  16860.104824   -540.054284  5  6  3 238       
PG12 -22769.696551   7928.097899  10867.066698   -602.916472  2  6  5 266       
PG13 -21542.480746   7548.317333  13524.068007    437.301258  5 10  4 275       
PG15 -26267.420244  -1579.068579   3081.622409    441.663102  4  5  4 240       
PG17   1268.563838 -15868.323860  21591.212866   -196.517028  4  7  1 236       
PG19 -11775.897372 -17751.088000  16175.290196    704.937119  4  7  3 248       
PG20 -23925.722395 -10595.721921  -4454.696085    276.743407  5  5  8 246       
PG21  -9149.633871 -12065.958321 -21815.094006    370.803374  2  6  5 251       
PG22   2912.038051 -18791.275476  18984.965391     72.578312  4  6  2 241       
PG23 -15141.549326  20415.287934   7246.952159    685.437989  5  5  3 432       
PG24 -16589.563047  -3347.279202  19978.260220    190.417719  4  4  4 241       
PG27  21888.059954  13134.017456  -8466.230564      0.450270  4  7  5 292       
PG30   -633.685784 -25523.587011  -6621.269285    351.275299  7  8  6 274       
*  2026  9  3  6  0  0.00000000
PG01  15513.935292    103.393241  21554.692486    181.446969  6  4  6 274       
PG02  17285.527936   8708.868081  18812.425578    169.030500  3  5  5 246       
PG03  21247.910980  -9341.615498  12617.260284    288.709445  3  4  4 249       
PG05 -16206.204426  -2987.190032 -21005.121936   -236.487329  5  4  3 389       
PG06  -4807.773613 -25940.263220   2313.216420   -533.853237  3  7  5 253       
PG07   8905.156603 -16344.940122 -18170.369643   -221.258231  3  7  5 252       
PG08  26292.392958   5328.790368     64.613077    356.868674  5  4  2 248       
PG09  16394.447778  -9490.663901 -18761.523708    687.247572  6  4  1 247       
PG10  -7441.573174  20780.240624  14784.173789   -540.047763  4  6  3 249       
PG12 -21817.496694   6852.030275  13232.313678   -602.915541  2  5  4 266       
PG13 -20508.591354   6210.776579  15633.402769    437.305695  5 10  3 278       
PG15 -26484.389306  -1907.340310    266.773150    441.665761  4  5  3 252       
PG17   3557.379046 -15094.780231  21918.114987   -196.521465  4  6  1 250       
PG19  -9928.376558 -17149.442958  17913.687751    704.937107  4  7  3 258       
PG20 -23210.875240 -10654.782063  -7209.084850    276.751645  6  5  8 255       
PG21  -7302.425784 -13720.841778 -21528.342638    370.796362  3  6  5 259       
PG22   4569.508458 -19946.010523  17415.795039     72.586469  4  6  2 254       
PG23 -15743.415674  20746.215698   4420.414665    685.441302  5  5  3 432       
PG24 -17278.552555  -5584.682622  18927.025950    190.433351  3  4  4 252       
PG27  20813.089686  13065.095232 -10978.984715      0.450423  4  7  4 295       
PG30    -88.814242 -24689.980849  -9239.452918    351.286618  7  8  6 277       
*  2026  9  3  6 15  0.00000000
PG01  16026.030839   2488.760508  21038.688524    181.438831  6  5  6 274       
PG02  17942.210223  10573.739894  17192.017221    169.036615  3  6  5 250       
PG03  20234.044537  -8089.930716  14910.446020    288.690802  2  4  4 251       
PG05 -14691.163541  -4855.439596 -21761.643943   -236.487589  6  4  3 389       
PG06  -4507.957786 -25585.804589   5184.289818   -533.843683  3  7  5 253       
PG07   9742.296962 -14207.252081 -19481.104604   -221.261276  3  6  5 254       
PG08  26119.861380   5576.231158  -2717.468990    356.859378  5  4  2 249       
PG09  18360.080018  -8970.860311 -17122.764265    687.239690  5  3  1 248       
PG10  -8593.041376  21788.364574  12454.017356   -540.041346  4  7  3 250       
PG12 -20733.435193   5551.689022  15366.195148   -602.914909  2  5  4 268       
PG13 -19398.546050   4651.618463  17472.627400    437.310104  5 10  3 278       
PG15 -26399.548788  -2202.281168  -2552.727366    441.668561  4  4  3 251       
PG17   5896.165109 -14438.570841  21879.920648   -196.525426  4  5  2 250       
PG19  -7878.959943 -16587.247543  19349.042059    704.937379  4  7  2 256       
PG20 -22201.014545 -10688.953367  -9839.075388    276.759840  6  5  7 256       
PG21  -5582.001037 -15432.656108 -20870.857954    370.789292  3  7  5 260       
PG22   6021.555807 -21059.014197  15557.168194     72.594602  4  6  2 256       
PG23 -16107.589269  20866.500439   1516.555991    685.444577  5  4  3 432       
PG24 -18015.762109  -7652.533487  17537.627845    190.448935  3  4  4 253       
PG27  19473.818162  12994.695993 -13310.152787      0.450350  3  6  4 295       
PG30    583.164486 -23607.484421 -11695.009315    351.297849  7  8  7 278       
*  2026  9  3  6 30  0.00000000
PG01  16637.685718   4768.126306  20160.834715    181.430691  6  5  6 273       
PG02  18612.948646  12223.527931  15290.107379    169.042985  3  6  5 249       
PG03  19133.094346  -6592.198083  16942.465445    288.672140  2  3  4 250       
PG05 -13244.554101  -6856.900372 -22149.624459   -236.487751  6  4  2 389       
PG06  -4083.811301 -24944.688210   7965.454325   -533.834037  4  7  5 253       
PG07  10728.788740 -11989.806099 -20434.764376   -221.263878  3  5  5 249       
PG08  25654.530942   5796.531626  -5454.266872    356.850072  4  4  2 248       
PG09  20151.499848  -8583.740769 -15192.635773    687.231804  5  2  1 247       
PG10  -9509.980504  22649.310017   9908.749734   -540.034964  4  7  3 250       
PG12 -19560.203627   4029.461146  17230.708423   -602.914133  2  5  4 266       
PG13 -18254.815463   2883.831035  19009.756351    437.314485  5 10  3 277       
PG15 -26015.022404  -2499.859527  -5328.610791    441.671115  3  4  2 251       
PG17   8239.959774 -13911.958864  21478.061529   -196.529246  4  4  2 250       
PG19  -5660.173897 -16094.848093  20455.726634    704.937504  4  7  2 255       
PG20 -20908.203175 -10735.668754 -12299.185973    276.768002  6  5  7 255       
PG21  -4015.400968 -17160.725611 -19853.850444    370.782243  3  8  4 260       
PG22   7258.419247 -22088.702036  13439.826708     72.602658  4  6  2 256       
PG23 -16258.645402  20744.421331  -1413.861389    685.447812  5  4  4 432       
PG24 -18768.709054  -9519.341254  15836.717820    190.464501  3  5  5 252       
PG27  17889.318530  12957.545632 -15421.556575      0.450635  3  6  4 298       
PG30   1403.898053 -22308.173766 -13944.489355    351.309013  7  8  7 277       
*  2026  9  3  6 45  0.00000000
PG01  17324.585273   6900.615630  18936.479662    181.422502  6  5  7 273       
PG02  19260.306880  13639.027366  13138.012093    169.049333  4  6  5 248       
PG03  17990.812909  -4859.652648  18677.357333    288.653506  3  3  4 249       
PG05 -11899.827181  -8955.067682 -22162.548640   -236.488323  6  4  2 389       
PG06  -3505.063502 -24044.121846  10608.633244   -533.824490  4  6  5 251       
PG07  11858.026613  -9743.033986 -21014.022876   -221.266928  2  5  4 249       
PG08  24901.631899   6025.261222  -8100.305174    356.840794  4  4  2 248       
PG09  21729.662461  -8308.709632 -13003.875902    687.223909  5  2  1 246       
PG10 -10201.929247  23319.953076   7191.582593   -540.028534  4  7  2 249       
PG12 -18340.996488   2296.467929  18792.484921   -602.913410  2  5  3 266       
PG13 -17118.111414    928.626827  20218.011386    437.318869  5 10  3 277       
PG15 -25341.325349  -2835.240274  -8013.983150    441.673779  3  4  2 251       
PG17  10542.726285 -13519.447394  20719.787406   -196.533662  4  3  3 248       
PG19  -3310.592758 -15697.034249  21213.431781    704.937669  4  6  2 254       
PG20 -19352.992494 -10830.064938 -14546.828390    276.776193  6  6  7 255       
PG21  -2622.131355 -18861.089586 -18494.736223    370.775109  3  8  4 258       
PG22   8278.363213 -22993.531657  11098.726779     72.610427  4  6  2 253       
PG23 -16227.768714  20355.245841  -4319.477619    685.451069  6  4  4 432       
PG24 -19501.386012 -11161.321454  13856.295610    190.480077  2  5  5 251       
PG27  16085.707672  12984.842589 -17278.600079      0.451402  3  5  3 305       
PG30   2388.451558 -20829.640576 -15948.082713    351.319919  7  8  7 258       
*  2026  9  3  7  0  0.00000000
PG01  18056.442151   8850.889142  17386.891704    181.414244  6  5  7 269       
PG02  19844.867421  14808.763960  10770.918097    169.055449  4  7  5 230       
PG03  16851.576448  -2912.664605  20084.395779    288.634807  3  3  4 236       
PG05 -10683.938751 -11108.210691 -21800.147766   -236.488544  7  5  2 389       
PG06  -2747.482922 -22918.298287  13068.270660   -533.814960  4  6  5 239       
PG07  13115.087668  -7516.532973 -21208.857141   -221.269916  2  5  4 235       
PG08  23874.271788   6296.636338 -10611.689670    356.831427  4  4  2 234       
PG09  23061.263324  -8118.966424 -10593.613531    687.215975  4  1  2 232       
PG10 -10686.656006  23761.381245   4349.126675   -540.022187  3  7  3 239       
PG12 -17117.805157    372.374114  20023.454046   -602.912913  2  5  3 265       
PG13 -16025.814945  -1185.168074  21076.303980    437.323212  5 10  2 273       
PG15 -24396.882130  -3241.263399 -10564.063939    441.676374  3  4  2 239       
PG17  12758.872017 -13257.703736  19618.021578   -196.537897  4  3  3 234       
PG19   -873.615756 -15412.014885  21607.595702    704.937558  4  6  2 249       
PG20 -17563.759404 -11003.454642 -16543.058196    276.784312  7  7  7 244       
PG21  -1413.580203 -20488.103356 -16816.843872    370.768001  3  8  4 249       
PG22   9087.571498 -23733.547966   8572.534435     72.618437  4  6  3 243       
PG23 -16051.367035  19682.354215  -7149.285591    685.454336  6  3  4 432       
PG24 -20175.773868 -12563.030207  11632.966710    190.495582  2  6  6 238       
PG27  14095.318526  13103.005240 -18850.752022      0.451178  3  5  3 304       
PG30   3544.488602 -19213.555368 -17670.380559    351.330976  7  8  7 248       
*  2026  9  3  7 15  0.00000000
PG01  18798.188234  10590.295114  15538.880155    181.406005  6  6  7 270       
PG02  20326.715712  15729.240491   8227.396366    169.061742  5  7  5 235       
PG03  15756.620101   -780.154083  21138.679801    288.616237  4  3  4 240       
PG05  -9616.433209 -13270.784348 -21068.406844   -236.488961  7  6  2 389       
PG06  -1794.007020 -21607.050514  15302.120338   -533.805318  4  5  5 242       
PG07  14477.247271  -5357.166989 -21016.720140   -221.272939  2  6  4 238       
PG08  22593.000770   6642.083792 -12946.755586    356.822250  3  4  2 237       
PG09  24119.897930  -7982.679468  -8002.766381    687.208118  4  1  2 238       
PG10 -10989.333173  23940.514699   1430.604341   -540.015847  4  6  2 240       
PG12 -15929.762569  -1715.152142  20901.410139   -602.912145  2  5  3 263       
PG13 -15010.545207  -3422.025232  21569.617803    437.327601  6 10  2 276       
PG15 -23207.273476  -3747.045275 -12936.853405    441.679119  4  4  1 251       
PG17  14844.749742 -13115.773250  18191.148300   -196.542031  4  3  3 239       
PG19   1603.956344 -15250.643138  21629.755740    704.937725  4  5  2 244       
PG20 -15575.747257 -11281.954056 -18253.262845    276.792599  7  7  6 246       
PG21   -392.755645 -21996.118198 -14849.017939    370.760812  3  8  4 255       
PG22   9699.756863 -24271.891086   5903.066504     72.626271  4  6  3 245       
PG23 -15769.478498  18718.049780  -9853.580429    685.457591  6  3  4 432       
PG24 -20753.416669 -13717.650329   9207.139931    190.511226  3  6  6 242       
PG27  11955.664065  13332.599108 -20111.978331      0.450971  2  4  3 301       
PG30   4871.757406 -17504.075042 -19081.050168    351.342031  7  8  7 253       
*  2026  9  3  7 30  0.00000000
PG01  19511.360783  12097.763657  13424.325059    181.397748  6  7  7 268       
PG02  20666.954959  16404.912590   5548.877165    169.068153  6  8  5 229       
PG03  14742.409394   1501.341642  21821.609718    288.597671  4  3  4 234       
PG05  -8708.812774 -15394.991899 -19979.478582   -236.489539  7  7  3 389       
PG06   -635.586019 -20154.305900  17271.966866   -533.795706  4  5  6 235       
PG07  15914.846833  -3307.310420 -20442.519661   -221.275728  3  6  4 236       
PG08  21085.123663   7088.912441 -15066.683209    356.812974  3  4  2 232       
PG09  24886.974076  -7864.359930  -5275.374774    687.200209  4  1  1 232       
PG10 -11141.406450  23831.530351  -1513.015130   -540.009494  4  6  3 236       
PG12 -14811.608618  -3931.310507  21410.466703   -602.911538  2  5  3 264       
PG13 -14098.925935  -5740.891142  21689.283482    437.331992  6 10  2 275       
PG15 -21804.248719  -4376.749558 -15093.724360    441.681713  4  5  1 250       
PG17  16760.092117 -13075.573742  16462.735057   -196.546163  4  4  4 234       
PG19   4073.496588 -15215.926723  21277.807399    704.937979  4  4  3 237       
PG20 -13429.847068 -11685.320555 -19647.774664    276.800771  7  7  6 243       
PG21    445.646122 -23341.175420 -12625.125410    370.753740  3  8  4 252       
PG22  10135.497447 -24576.214798   3134.680082     72.634439  4  6  4 244       
PG23 -15424.038120  17464.019465 -12384.886678    685.460794  6  3  4 432       
PG24 -21196.990930 -14626.931309   6622.189978    190.526814  3  7  6 237       
PG27   9708.226782  13687.478938 -21041.122804      0.451143  2  4  3 303       
PG30   6361.905067 -15746.161737 -20155.405129    351.353095  6  8  7 248       
*  2026  9  3  7 45  0.00000000
PG01  20155.629011  13360.410791  11079.624038    181.389485  6  8  6 264       
PG02  20829.203268  16847.893692   2779.087457    169.074351  6  8  5 208       
PG03  13839.216167   3888.911654  22121.238765    288.579010  5  4  4 211       
PG05  -7964.215855 -17432.442200 -18551.504082   -236.490054  7  7  3 389       
PG06    728.290857 -18606.401640  18944.267140   -533.786158  4  4  5 213       
PG07  17392.467824  -1403.314925 -19498.409755   -221.278531  3  6  4 226       
PG08  19383.782410   7659.138035 -16936.076493    356.803644  3  4  2 211       
PG09  25352.341861  -7726.385175  -2457.880460    687.192256  4  1  2 214       
PG10 -11179.199783  23417.024713  -4429.941991   -540.003214  4  6  3 226       
PG12 -13792.341982  -6235.337839  21541.384840   -602.910794  1  5  3 260       
PG13 -13310.598521  -8096.585652  21433.139853    437.336336  7 10  1 272       
PG15 -20224.545888  -5148.566097 -16999.937595    441.684079  4  6  1 251       
PG17  18469.332228 -13112.653044  14461.191914   -196.550511  4  4  4 209       
PG19   6486.222874 -15302.850100  20556.159222    704.937942  4  3  3 226       
PG20 -11171.165862 -12226.047415 -20702.397001    276.809016  7  8  6 234       
PG21   1114.845768 -24482.649014 -10183.473357    370.746595  3  8  4 243       
PG22  10421.320180 -24619.965031    313.614121     72.642320  4  5  4 227       
PG23 -15057.076455  15931.424077 -14698.841926    685.463987  6  3  4 432       
PG24 -21471.806084 -15300.800159   3923.608255    190.542309  4  7  5 213       
PG27   7397.112550  14174.174488 -21622.233648      0.450602  2  4  3 299       
PG30   7998.628321 -13983.883787 -20874.857941    351.364090  6  7  7 232       
*  2026  9  3  8  0  0.00000000
PG01  20690.402181  14373.831098   8545.065945    181.381229  7  8  6 263       
PG02  20781.024536  17077.396311    -36.548552    169.080572  7  8  5 212       
PG03  13069.958409   6334.775071  22032.491704    288.560423  5  4  4 203       
PG05  -7377.416849 -19335.842401 -16808.341351   -236.490514  7  7  4 389       
PG06   2289.405477 -17010.328175  20290.702387   -533.776495  4  4  5 205       
PG07  18870.351507    325.734195 -18203.409230   -221.281467  4  6  4 192       
PG08  17526.839659   8368.501657 -18523.500274    356.794365  3  4  2 204       
PG09  25514.616619  -7530.614398    401.639526    687.184315  5  2  2 215       
PG10 -11142.309576  22688.860670  -7268.535193   -539.996937  3  5  3 229       
PG12 -12894.116404  -8581.928881  21291.766221   -602.910248  1  5  3 262       
PG13 -12657.520916 -10441.367535  20805.578149    437.340653  7 10  2 271       
PG15 -18508.565677  -6073.927174 -18625.081952    441.686903  4  6  1 247       
PG17  19942.766387 -13197.184601  12219.369757   -196.554729  4  5  4 203       
PG19   8794.902130 -15498.523746  19475.772707    704.937849  4  3  3 230       
PG20  -8847.437508 -12908.752181 -21398.833522    276.817217  7  8  6 232       
PG21   1635.274361 -25384.773055  -7566.147634    370.739499  3  8  4 242       
PG22  10588.560141 -24383.471205  -2512.712222     72.650549  4  5  4 235       
PG23 -14708.925983  14140.613968 -16755.016753    685.467190  6  4  4 432       
PG24 -21547.179550 -15756.672561   1158.162075    190.557911  5  8  5 217       
PG27   5067.611829  14791.542012 -21844.832816      0.450614  2  4  4 299       
PG30   9758.154225 -12258.770011 -21227.245384    351.375164  6  7  7 227       
*  2026  9  3  8 15  0.00000000
PG01  21076.457475  15142.069495   5864.142023    181.372989  7  9  6 263       
PG02  20495.245309  17118.924516  -2851.544604    169.086858  7  8  5 218       
PG03  12449.351867   8787.983062  21557.245862    288.541764  5  4  4 206       
PG05  -6935.148567 -21060.664817 -14779.203576   -236.490643  7  7  4 389       
PG06   4030.962563 -15411.969156  21288.633153   -533.766888  4  4  5 205       
PG07  20305.993369   1858.922939 -16582.868276   -221.284450  5  6  4 202       
PG08  15555.600284   9225.716283 -19801.971469    356.785083  3  4  2 209       
PG09  25381.181011  -7240.035463   3254.272973    687.176404  5  3  1 219       
PG10 -11071.853083  21648.655579  -9978.292274   -539.990620  3  5  3 235       
PG12 -12131.428894 -10922.849859  20666.104750   -602.909504  1  5  3 262       
PG13 -12143.580154 -12726.606409  19817.467883    437.345059  8 10  2 271       
PG15 -16698.947655  -7156.981417 -19943.441510    441.689507  5  6  1 249       
PG17  21157.519844 -13295.168511   9774.098964   -196.558850  4  4  4 206       
PG19  10955.520928 -15782.662865  18054.078242    704.938041  4  2  3 227       
PG20  -6507.337749 -13729.883633 -21725.012509    276.825464  7  7  5 236       
PG21   2033.583473 -26017.994301  -4818.284077    370.732401  4  7  4 240       
PG22  10672.033146 -23854.808071  -5296.438604     72.658384  4  5  4 229       
PG23 -14416.510363  12120.482074 -18517.652839    685.470396  5  4  4 432       
PG24 -21397.638422 -16018.503589  -1626.921037    190.573466  6  8  4 216       
PG27   2764.714498  15530.695984 -21704.124239      0.450041  2  4  4 295       
PG30  11610.029575 -10608.285634 -21207.020904    351.386227  6  7  6 223       
*  2026  9  3  8 30  0.00000000
PG01  21277.525361  15677.274780   3082.806073    181.364758  7  9  6 263       
PG02  19951.111686  17003.240167  -5619.021432    169.093076  7  8  5 228       
PG03  11983.407537  11196.248900  20704.273742    288.523233  6  4  4 211       
PG05  -6616.737061 -22566.726966 -12498.210088   -236.491301  7  7  5 389       
PG06   5928.075165 -13854.405555  21921.451770   -533.757289  4  4  5 212       
PG07  21655.835460   3184.045126 -14667.809061   -221.287452  6  6  4 212       
PG08  13513.412978  10231.969249 -20749.399106    356.775804  3  3  3 216       
PG09  24967.864324  -6820.380074   6051.094571    687.168554  5  3  2 222       
PG10 -11008.644373  20307.883125 -12510.835650   -539.984270  2  5  3 241       
PG12 -11510.634329 -13208.677611  19675.695274   -602.908888  2  5  4 264       
PG13 -11764.533689 -14904.495771  18485.965556    437.349401  8 10  3 270       
PG15 -14839.097776  -8394.336891 -20934.293150    441.691997  5  6  1 255       
PG17  22098.281545 -13369.798835   7165.670070   -196.562983  3  4  4 213       
PG19  12928.854384 -16128.384060  16314.760647    704.938134  4  3  3 230       
PG20  -4198.768910 -14677.759620 -21675.300023    276.833681  7  7  5 239       
PG21   2341.411029 -26360.097100  -1987.285046    370.725298  4  6  4 240       
PG22  10708.566485 -23030.392056  -7990.032405     72.666277  4  5  4 227       
PG23 -14211.787633   9907.481914 -19956.303569    685.473673  5  5  4 432       
PG24 -21003.909391 -16115.624533  -4384.730944    190.588965  7  9  3 221       
PG27    531.626815  16375.227541 -21201.136115      0.449939  2  4  4 295       
PG30  13518.184552  -9064.491932 -20815.312182    351.397286  6  7  6 221       
*  2026  9  3  8 45  0.00000000
PG01  21261.771950  15999.049528    248.695797    181.356563  7  9  5 261       
PG02  19135.243382  16765.133168  -8292.406517    169.099362  7  7  5 222       
PG03  11669.293933  13507.830675  19489.050092    288.504718  6  4  3 198       
PG05  -6395.027273 -23819.626054 -10003.854085   -236.490795  7  7  5 389       
PG06   7948.563213 -12376.348055  22178.828951   -533.747570  4  4  4 191       
PG07  22876.978904   4297.760380 -12494.168935   -221.290428  7  6  4 197       
PG08  11444.198317  11380.700872 -21348.967538    356.766597  3  3  3 205       
PG09  24298.309029  -6241.644775   8743.997071    687.160750  5  3  2 210       
PG10 -10991.376446  18687.578522 -14820.869711   -539.977850  1  5  3 239       
PG12 -11029.806213 -15390.591212  18338.401908   -602.908277  2  5  4 266       
PG13 -11508.281515 -16929.740183  16834.209689    437.353840  9 10  4 270       
PG15 -12971.715699  -9775.076471 -21582.137948    441.694650  5  6  1 254       
PG17  22757.780604 -13382.952077   4437.258263   -196.567137  3  4  4 200       
PG19  14681.866712 -16503.294158  14287.411255    704.938209  4  3  3 226       
PG20  -1967.181043 -15732.934806 -21250.597985    276.841977  7  7  5 240       
PG21   2593.951765 -26397.056544    878.004713    370.718221  4  6  4 237       
PG22  10735.439330 -21915.284107 -10547.078284     72.674354  3  4  4 228       
PG23 -14120.411163   7544.352329 -21046.364488    685.476957  5  6  5 432       
PG24 -20353.668619 -16081.416953  -7069.404942    190.604787  8  9  3 264       
PG27  -1591.659739  17301.707569 -20342.791665      0.450054  2  4  4 297       
PG30  15442.224635  -7652.942769 -20059.845878    351.408405  6  7  5 214       
*  2026  9  3  9  0  0.00000000
PG01  21003.121863  16133.522265  -2589.672061    181.348270  7  8  5 263       
PG02  18042.346509  16442.033411 -10826.159809    169.105513  7  6  5 233       
PG03  11495.567096  15673.389633  17933.429812    288.486143  6  3  3 220       
PG05  -6237.567018 -24791.973500  -7338.392534   -236.491958  7  6  6 389       
PG06  10054.032944 -11010.755959  22056.853008   -533.737939  4  4  3 223       
PG07  23928.842217   5205.382216 -10101.975638   -221.293715  7  6  4 224       
PG08   9390.952920  12657.671082 -21589.456449    356.757325  3  3  3 227       
PG09  23403.046664  -5479.458061  11286.517912    687.152939  4  3  2 229       
PG10 -11054.889358  16817.654848 -16867.082956   -539.971568  1  5  2 229       
PG12 -10678.947761 -17422.140985  16678.292686   -602.907791  3  5  4 239       
PG13 -11355.457660 -18761.150633  14890.908003    437.358134  9 10  5 273       
PG15 -11137.368772 -11281.040772 -21876.869688    441.697585  6  6  1 252       
PG17  23136.984603 -13296.746799   1634.294238   -196.571447  3  3  4 221       
PG19  16188.881645 -16870.831421  12007.047457    704.938521  3  3  3 231       
PG20    146.005311 -16868.884188 -20458.325447    276.850235  7  6  4 235       
PG21   2828.388906 -26123.586373   3728.148055    370.711019  5  5  4 246       
PG22  10788.789644 -20523.180506 -12923.077196     72.682335  3  4  4 245       
PG23 -14160.662065   5078.602760 -21769.484283    685.480149  5  6  5 432       
PG24 -19442.033300 -15951.877418  -9636.804049    190.620305  8  9  3 265       
PG27  -3569.698045  18280.463333 -19141.902099      0.449284  2  4  4 287       
PG30  17338.895767  -6391.859995 -18954.745044    351.419392  6  7  5 241       
*  2026  9  3  9 15  0.00000000
PG01  20482.371176  16112.178146  -5383.719869    181.340048  7  8  5 264       
PG02  16675.652476  16072.509116 -13176.518613    169.112057  7  6  5 235       
PG03  11442.755539  17647.749070  16065.206209    288.467528  6  3  3 227       
PG05  -6108.006769 -25464.381425  -4547.165124   -236.492109  6  6  6 389       
PG06  12201.194901  -9783.693041  21558.061982   -533.728285  4  4  3 230       
PG07  24774.698122   5920.321347  -7534.482963   -221.296541  8  6  4 233       
PG08   7394.281240  14041.316915 -21465.490736    356.748035  3  4  3 232       
PG09  22318.316402  -4516.238980  13634.647130    687.145050  4  3  2 234       
PG10 -11228.601353  14735.856690 -18612.970397   -539.965225  1  4  2 236       
PG12 -10440.541743 -19260.921285  14725.151058   -602.907145  3  5  4 243       
PG13 -11280.316818 -20363.085779  12689.824729    437.362521 10 10  5 273       
PG15  -9373.157035 -12887.366584 -21813.883154    441.700264  5  5  2 253       
PG17  23245.008328 -13075.120524  -1196.215084   -196.575348  3  3  3 230       
PG19  17432.469047 -17191.806544   9513.505126    704.938403  3  3  2 241       
PG20   2104.813622 -18052.975646 -19312.283599    276.858452  7  6  4 239       
PG21   3082.249201 -25543.360149   6513.975884    370.703893  5  5  4 245       
PG22  10902.047955 -18876.083880 -15076.241726     72.690078  3  4  4 240       
PG23 -14342.694429   2560.822171 -22113.850415    685.483382  5  6  5 432       
PG24 -18271.786393 -15764.126757 -12045.132129    190.635928  9  9  4 265       
PG27  -5372.765049  19276.608234 -17617.075244      0.449205  2  4  4 288       
PG30  19163.661477  -5291.616924 -17520.207763    351.430428  7  7  5 241       
*  2026  9  3  9 30  0.00000000
PG01  19688.047988  15970.493369  -8085.627482    181.331810  6  8  5 264       
PG02  15047.057873  15694.702491 -15302.252438    169.118475  7  5  5 239       
PG03  11484.272414  19391.483862  13917.561869    288.448899  5  3  4 231       
PG05  -5967.663876 -25826.161361  -1677.850809   -236.492146  6  5  6 389       
PG06  14343.369787  -8713.461218  20691.370494   -533.718593  4  3  2 235       
PG07  25383.031217   6463.222986  -4837.292913   -221.299398  8  6  3 238       
PG08   5491.007110  15503.394191 -20977.712825    356.738763  3  4  3 236       
PG09  21084.670075  -3342.099895  15747.602097    687.137189  3  3  2 237       
PG10 -11535.173069  12486.394586 -20027.553714   -539.958879  2  4  1 241       
PG12 -10290.412686 -20870.078540  12513.878023   -602.906557  3  5  4 247       
PG13 -11251.880033 -21706.683045  10269.178054    437.366875 10 10  6 273       
PG15  -7711.510295 -14563.262043 -21394.124024    441.702910  5  4  2 255       
PG17  23098.730698 -12685.367675  -4006.411037   -196.580064  4  3  3 233       
PG19  18404.005301 -17426.079998   6850.714074    704.938532  2  3  2 243       
PG20   3879.908602 -19247.693275 -17832.407306    276.866672  6  5  4 242       
PG21   3391.746460 -24668.896998   9187.442465    370.696739  5  4  4 245       
PG22  11104.459856 -17003.658502 -16968.272704     72.697925  4  4  4 239       
PG23 -14668.120929     42.881062 -22074.346911    685.486653  5  7  5 432       
PG24 -16853.334565 -15554.915852 -14255.496606    190.651257  9  9  4 229       
PG27  -6977.846257  20251.294821 -15792.533364      0.449431  3  5  4 291       
PG30  20872.327263  -4354.545519 -15782.078120    351.441481  7  7  4 240       
*  2026  9  3  9 45  0.00000000
PG01  18616.987582  15746.425802 -10649.137851    181.323567  6  7  5 265       
PG02  13176.949220  15344.758802 -17165.416082    169.124763  6  5  5 242       
PG03  11587.613903  20872.279004  11528.426501    288.430258  5  2  4 235       
PG05  -5777.192595 -25875.705436   1220.327873   -236.492491  6  4  7 389       
PG06  16432.125172  -7810.042173  19471.894485   -533.708917  3  3  2 239       
PG07  25728.670420   6860.847239  -2057.486954   -221.302408  9  6  3 241       
PG08   3712.916087  17009.886732 -20132.869721    356.729470  3  4  3 240       
PG09  19745.416174  -1955.455403  17588.554593    687.129325  3  3  2 240       
PG10 -11989.464221  10118.318936 -21085.979943   -539.952450  3  4  1 245       
PG12 -10198.861617 -22219.594211  10083.801349   -602.905949  4  4  4 251       
PG13 -11235.293003 -22770.832030   7670.959486    437.371204 10  9  6 273       
PG15  -6179.154373 -16272.993606 -20624.081148    441.705596  5  4  3 256       
PG17  22722.127603 -12099.581425  -6748.346286   -196.583850  5  3  2 237       
PG19  19103.879048 -17534.304214   4065.871405    704.938520  2  3  1 248       
PG20   5449.530354 -20412.063306 -16044.408102    276.875134  6  5  3 265       
PG21   3790.179162 -23521.116483  11702.460112    370.689544  6  4  3 244       
PG22  11419.758217 -14942.286503 -18565.100481     72.705930  5  4  4 243       
PG23 -15129.951639  -2423.900938 -21652.585090    685.489872  5  7  5 432       
PG24 -15204.407873 -15359.177905 -16232.411290    190.666819  9  8  5 234       
PG27  -8369.384344  21163.151916 -13697.834362      0.449783  3  5  4 296       
PG30  22422.647188  -3575.069106 -13771.322530    351.452596  7  7  4 242       
*  2026  9  3 10  0  0.00000000
PG01  17274.599832  15478.819647 -13030.337079    181.315339  6  7  6 263       
PG02  11093.707014  15055.308482 -18732.086522    169.131030  6  4  5 241       
PG03  11715.791687  22066.006103   8939.757697    288.411655  5  2  4 232       
PG05  -5498.296106 -25620.531814   4097.440742   -236.492550  5  4  7 389       
PG06  18418.981745  -7074.865381  17920.678243   -533.699187  3  3  3 236       
PG07  25793.662366   7144.748540    757.215091   -221.305521  9  6  3 236       
PG08   2085.676981  18522.156520 -18943.807237    356.720233  3  5  3 237       
PG09  18344.962400   -363.310400  19125.296044    687.121505  3  4  2 237       
PG10 -12597.828286   7683.704218 -21769.983678   -539.945985  3  4  1 242       
PG12 -10132.022452 -23287.293145   7477.910191   -602.905307  4  3  4 282       
PG13 -11193.342258 -23542.853144   4940.188366    437.375602 11  9  6 272       
PG15  -4796.279024 -17977.054294 -19515.720886    441.708323  4  3  3 253       
PG17  22145.338642 -11295.943358  -9374.777819   -196.587894  5  2  2 236       
PG19  19541.329835 -17479.654470   1208.531942    704.938632  2  2  1 246       
PG20   6800.130200 -21503.226440 -13979.315661    276.883415  6  4  3 266       
PG21   4306.445479 -22128.580083  14015.698262    370.682503  6  3  3 243       
PG22  11865.042590 -12733.854320 -19837.572991     72.714149  5  5  4 239       
PG23 -15712.884165  -4790.549476 -20856.810886    685.493163  6  7  5 432       
PG24 -13349.516682 -15208.672975 -17944.242810    190.682378  9  8  6 231       
PG27  -9539.757668  21969.857963 -11367.491775      0.450088  3  5  4 299       
PG30  23775.849913  -2940.149158 -11523.425764    351.463671  8  7  4 239       
*  2026  9  3 10 15  0.00000000
PG01  15674.818026  15205.785198 -15188.396513    181.307061  5  6  6 272       
PG02   8832.895438  14854.063575 -19973.066688    169.137177  5  4  5 260       
PG03  11828.938802  22957.479367   6196.761508    288.392927  5  2  4 257       
PG05  -5095.413696 -25076.988778   6903.712653   -236.493110  5  3  7 389       
PG06  20257.125821  -6500.908956  16064.329122   -533.689618  3  3  2 260       
PG07  25567.864367   7349.813780   3559.254188   -221.308555  9  6  3 259       
PG08    627.986326  19998.298338 -17429.364323    356.710874  3  5  3 259       
PG09  16927.120950   1418.787364  20330.827415    687.113545  3  4  1 259       
PG10 -13357.774654   5235.722738 -22068.202541   -539.939635  4  4  1 260       
PG12 -10053.380663 -24059.540581   4742.034547   -602.904643  4  3  5 287       
PG13 -11088.068335 -24018.856236   2124.115952    437.379880 11  8  7 277       
PG15  -3575.934820 -19633.477562 -18086.362087    441.710805  4  2  3 268       
PG17  21403.496233 -10259.807890 -11839.979017   -196.592049  6  2  1 259       
PG19  19733.924420 -17229.471673  -1670.361407    704.938763  3  2  1 262       
PG20   7926.684788 -22478.094745 -11672.926611    276.891379  6  4  2 261       
PG21   4963.734324 -20526.449052  16087.332697    370.675311  6  2  3 260       
PG22  12449.917019 -10424.311073 -20762.072115     72.721916  5  5  4 258       
PG23 -16393.929012  -7012.122583 -19701.694974    685.496290  6  6  5 432       
PG24 -11319.187447 -15130.766235 -19363.602720    190.697799  9  8  6 255       
PG27 -10489.462842  22629.794900  -8840.490965      0.450021  3  5  4 301       
PG30  24898.026334  -2430.022465  -9077.721731    351.474658  8  7  4 258       
*  2026  9  3 10 30  0.00000000
PG01  13839.730127  14963.115664 -17086.264994    181.298914  5  6  6 268       
PG02   6436.157016  14762.588960 -20864.537008    169.143657  5  4  4 252       
PG03  11886.022469  23540.866311   3347.070062    288.374327  5  2  5 248       
PG05  -4537.315943 -24269.625117   9590.397841   -236.493101  4  2  7 389       
PG06  21903.064997  -6073.127564  13934.566308   -533.679958  3  2  2 253       
PG07  25049.247270   7512.719581   6301.979177   -221.311477  9  6  3 251       
PG08   -649.026857  21394.653217 -15614.161549    356.701640  3  5  3 251       
PG09  15533.443014   3367.131754  21183.861270    687.105746  3  4  1 251       
PG10 -14258.010252   2826.691280 -21976.340845   -539.933104  4  4  1 252       
PG12  -9925.389413 -24531.605045   1923.989242   -602.903750  4  3  5 283       
PG13 -10882.411562 -24203.766839   -728.605747    437.384332 11  8  7 275       
PG15  -2523.680386 -21199.256665 -16358.489327    441.713554  4  1  3 262       
PG17  20535.355689  -8984.533670 -14100.557629   -196.595975  6  2  1 253       
PG19  19706.692729 -16756.743563  -4519.481840    704.938833  4  1  1 256       
PG20   8832.677910 -23295.028069  -9165.171261    276.899667  6  3  2 255       
PG21   5778.443965 -18755.199422  17881.731773    370.668300  6  1  3 254       
PG22  13175.928523  -8062.051837 -21321.039913     72.729838  5  5  3 249       
PG23 -17143.341101  -9049.227041 -18208.013977    685.499551  6  6  5 432       
PG24  -9149.004426 -15147.376375 -20467.687356    190.713387  8  7  6 247       
PG27 -11226.985592  23103.720582  -6159.701519      0.449892  3  4  4 300       
PG30  25761.327908  -2019.194253  -6476.674260    351.485845  8  7  5 250       
*  2026  9  3 10 45  0.00000000
PG01  11798.905400  14782.801757 -18691.300072    181.290739  5  6  6 268       
PG02   3949.844930  14795.305248 -21388.634073    169.149870  5  4  4 252       
PG03  11846.594738  23819.742670    439.893281    288.355683  5  3  5 248       
PG05  -3798.543027 -23230.247879  12110.649699   -236.493440  4  1  6 389       
PG06  23318.166217  -5769.189862  11567.690816   -533.670260  4  2  2 253       
PG07  24243.909364   7670.367575   8940.335397   -221.314844  9  6  3 250       
PG08  -1742.107062  22667.426829 -13528.279451    356.692364  3  5  4 251       
PG09  14201.648442   5450.567748  21669.224866    687.097908  3  4  1 251       
PG10 -15278.855030    506.173881 -21497.181432   -539.926662  5  4  1 252       
PG12  -9711.115961 -24707.678781   -927.298248   -602.903183  4  2  5 285       
PG13 -10541.825147 -24111.020827  -3568.774755    437.388722 11  7  7 275       
PG15  -1637.494898 -22631.825468 -14359.501264    441.716479  5  1  3 258       
PG17  19581.774350  -7472.021727 -16116.264262   -196.600287  6  3  1 252       
PG19  19490.961806 -16041.358256  -7288.130359    704.938852  4  1  1 258       
PG20   9529.752556 -23915.464367  -6499.410246    276.907915  6  4  2 256       
PG21   6759.370704 -16859.144231  19368.067806    370.661196  5  1  3 253       
PG22  14036.336985  -5696.188347 -21503.397235     72.737943  5  5  3 250       
PG23 -17925.816958 -10869.308672 -16402.232688    685.502790  7  6  5 432       
PG24  -6878.488888 -15274.125216 -21238.567159    190.728874  8  7  6 247       
PG27 -11768.355898  23356.393468  -3371.189241      0.450044  2  4  4 302       
PG30  26344.933471  -1677.643972  -3765.122810    351.496947  8  6  5 249       
*  2026  9  3 11  0  0.00000000
PG01   9588.440752  14691.701157 -19975.827832    181.282570  4  5  6 267       
PG02   1423.439076  14958.773570 -21533.935015    169.156314  6  4  3 252       
PG03  11672.511951  23806.795158  -2474.838899    288.336988  5  4  5 249       
PG05  -2860.626416 -21996.701507  14420.368907   -236.493370  4  1  6 389       
PG06  24470.019918  -5560.496828   9003.984675   -533.660584  4  2  2 251       
PG07  23165.811907   7858.353134  11431.491766   -221.317441  9  6  3 249       
PG08  -2655.870248  23774.352275 -11206.824784    356.683143  3  5  3 251       
PG09  12964.213350   7631.500753  21778.154910    687.090047  3  4  2 248       
PG10 -16393.008795  -1680.780366 -20640.450498   -539.920314  5  4  1 250       
PG12  -9375.851839 -24600.561559  -3762.657929   -602.902852  4  2  5 269       
PG13 -10035.792015 -23761.941338  -6347.493870    437.393131 11  6  8 273       
PG15   -907.963463 -23890.553522 -12121.390532    441.719206  5  1  3 265       
PG17  18584.096020  -5732.929948 -17850.773987   -196.604463  7  2  1 251       
PG19  19122.940417 -15071.074952  -9927.227766    704.938941  5  1  1 253       
PG20  10037.048647 -24305.440391  -3721.674259    276.916190  6  4  2 254       
PG21   7907.199399 -14884.820401  20520.843309    370.654085  5  1  4 255       
PG22  15016.233517  -3374.776820 -21304.839004     72.745911  4  6  3 253       
PG23 -18701.907807 -12447.671221 -14315.998370    685.506047  7  6  5 432       
PG24  -4549.851104 -15519.713836 -21663.426400    190.744426  7  6  6 247       
PG27 -12136.396340  23358.081603   -523.434970      0.450311  2  4  4 272       
PG30  26635.752186  -1372.193659   -989.507360    351.508047  8  6  5 250       
*  2026  9  3 11 15  0.00000000
PG01   7249.761710  14710.414278 -20917.621904    181.274466  4  5  5 261       
PG02  -1092.195728  15251.302771 -21295.826640    169.162654  6  3  3 240       
PG03  11329.556866  23523.189163  -5347.328466    288.318377  5  4  5 236       
PG05  -1713.041904 -20611.414325  16479.012398   -236.493923  5  1  6 389       
PG06  25333.580303  -5413.442284   6287.047980   -533.650805  4  2  2 237       
PG07  21836.254918   8109.518210  13735.405785   -221.320938  8  6  4 237       
PG08  -3402.486632  24676.332111  -8689.385654    356.673917  3  5  3 238       
PG09  11847.172591   9867.168102  21508.476621    687.082268  4  4  3 234       
PG10 -17566.631712  -3695.193662 -19422.544489   -539.913871  6  4  1 238       
PG12  -8888.623669 -24231.026929  -6533.528714   -602.902073  4  3  5 264       
PG13  -9339.186082 -23184.824130  -9017.013998    437.397616 11  5  8 270       
PG15   -318.735131 -24938.205916  -9680.351563    441.721626  6  1  3 264       
PG17  17582.503369  -3786.545371 -19272.422067   -196.608518  6  3  1 242       
PG19  18642.118394 -13842.170384 -12390.260848    704.939437  5  1  1 236       
PG20  10380.254148 -24436.943779   -879.860941    276.924490  5  4  3 246       
PG21   9214.315750 -12879.302659  21320.323422    370.647059  4  1  4 247       
PG22  16093.009185  -1143.076716 -20727.993237     72.753869  4  6  2 243       
PG23 -19429.591635 -13768.189790 -11985.558986    685.509321  7  5  5 432       
PG24  -2206.653541 -15885.544500 -21734.753279    190.760000  7  6  6 234       
PG27 -12359.686275  23085.889254   2333.528249      0.451044  3  4  4 276       
PG30  26628.840922  -1067.984165   1802.914215    351.519184  8  6  5 239       
*  2026  9  3 11 30  0.00000000
PG01   4828.222301  14852.410158 -21500.293369    181.266314  4  5  5 258       
PG02  -3546.640377  15662.906754 -20676.739982    169.168798  6  3  3 222       
PG03  10788.902598  22997.630692  -8128.741384    288.299784  4  4  5 224       
PG05   -353.852203 -19119.768563  18250.345792   -236.494419  5  1  6 389       
PG06  25892.039786  -5290.868163   3463.083178   -533.641039  5  3  3 221       
PG07  20283.118548   8452.633233  15815.327868   -221.323695  8  5  4 220       
PG08  -4001.054099  25338.992322  -6019.379981    356.664650  4  5  3 222       
PG09  10869.185674  12111.124058  20864.662076    687.074483  4  4  3 216       
PG10 -18760.688053  -5505.450223 -17866.131646   -539.907455  6  4  1 224       
PG12  -8223.547363 -23626.901817  -9192.776431   -602.901191  5  3  5 258       
PG13  -8433.425223 -22413.768682 -11531.551346    437.402078 11  4  8 268       
PG15    152.755314 -25742.317237  -7076.313213    441.724714  6  2  4 252       
PG17  16614.405040  -1660.309338 -20354.873893   -196.612825  6  3  1 228       
PG19  18089.552704 -12359.735316 -14634.158974    704.939436  6  1  1 223       
PG20  10590.408243 -24289.044411   1977.096484    276.932744  5  5  3 240       
PG21  10664.947703 -10888.509434  21752.867671    370.639855  2  1  4 236       
PG22  17237.159889    958.085091 -19782.434477     72.761790  4  5  2 232       
PG23 -20065.942635 -14823.696975  -9451.117578    685.512584  7  5  5 432       
PG24    107.574000 -16365.601427 -21450.479119    190.775489  6  6  6 223       
PG27 -12471.278180  22524.839234   5149.043751      0.450705  3  4  3 272       
PG30  26327.525248   -730.002126   4564.844165    351.530393  8  6  5 231       
*  2026  9  3 11 45  0.00000000
PG01   2371.555870  15123.436955 -21713.584454    181.257701  4  5  5 279       
PG02  -5891.764158  16175.624473 -19686.234020    169.174946  6  3  3 271       
PG03  10028.364909  22265.162561 -10772.007233    288.280898  4  5  5 269       
PG05   1209.990459 -17568.358270  19703.122514   -236.494194  5  1  6 389       
PG06  26137.405167  -5153.660028    580.136629   -533.631568  6  3  3 272       
PG07  18539.900612   8911.246759  17638.247656   -221.326930  7  5  4 270       
PG08  -4476.681487  25734.081862  -3243.305638    356.655168  4  5  3 271       
PG09  10040.904242  14314.880547  19857.765348    687.066429  4  4  4 270       
PG10 -19932.492955  -7088.274999 -15999.643453   -539.901299  7  4  1 270       
PG12  -7360.976271 -22821.900324 -11695.465848   -602.900949  5  3  5 281       
PG13  -7307.371730 -21487.301802 -13848.064677    437.406241 11  3  8 282       
PG15    534.319705 -26276.429115  -4352.394119    441.727133  6  2  4 277       
PG17  15712.925450    610.994559 -21077.708964   -196.617024  6  4  1 271       
PG19  17506.116131 -10637.612091 -16620.080657    704.939203  6  1  2 272       
PG20  10702.504686 -23848.761825   4800.073930    276.940826  5  5  4 272       
PG21  12235.630510  -8955.565690  21811.155982    370.632604  1  2  4 270       
PG22  18413.397250   2893.773342 -18484.546634     72.769568  5  6  2 270       
PG23 -20568.834156 -15616.032285  -6756.135076    685.515644  7  5  6 432       
PG24   2350.724769 -16946.596753 -20814.064112    190.790863  5  6  5 270       
PG27 -12507.215408  21668.657234   7872.805477      0.450345  4  5  3 282       
PG30  25743.224072   -324.600190   7249.707356    351.541295  8  5  5 269       
*  2026  9  3 12  0  0.00000000
PG01    -71.765236  15521.240923 -21553.560298    181.249524  5  5  4 276       
PG02  -8083.498455  16764.197962 -18340.916690    169.181251  6  3  3 268       
PG03   9033.398403  21365.743588 -13232.575481    288.262225  4  5  5 266       
PG05   2962.697457 -16003.204878  20811.674081   -236.494797  5  3  6 389       
PG06  26070.753765  -4962.423065  -2312.691879   -533.621941  6  3  4 268       
PG07  16644.585065   9502.735056  19175.285605   -221.329877  7  5  5 266       
PG08  -4859.314516  25840.655369   -409.904632    356.645937  4  4  3 267       
PG09   9364.666999  16429.639016  18505.234634    687.058559  4  4  4 266       
PG10 -21037.395409  -8429.368747 -13856.673029   -539.894818  7  3  1 267       
PG12  -6288.403103 -21854.260505 -13999.576351   -602.899811  6  4  5 275       
PG13  -5957.946143 -20446.848092 -15926.979934    437.410707 11  4  8 280       
PG15    857.830374 -26521.142518  -1554.280412    441.729588  7  2  4 277       
PG17  14905.563355   2986.364546 -21426.899560   -196.621261  6  5  1 267       
PG19  16930.784427  -8697.980753 -18314.093707    704.939384  5  2  2 271       
PG20  10753.950860 -23111.635873   7540.599719    276.949115  5  5  4 270       
PG21  13895.977550  -7119.285136  21494.305795    370.625524  2  2  4 267       
PG22  19582.020400   4636.162134 -16857.235147     72.777418  5  6  3 265       
PG23 -20898.611285 -16155.757857  -3946.593672    685.518907  6  5  5 432       
PG24   4483.467471 -17608.381186 -19834.525745    190.806441  4  6  5 266       
PG27 -12504.911942  20520.216043  10455.854090      0.450406  3  5  3 307       
PG30  24894.988311    179.045323   9812.388595    351.552407  8  5  5 265       
*  2026  9  3 12 15  0.00000000
PG01  -2454.199421  16035.606018 -21022.694517    181.241420  5  6  4 268       
PG02 -10083.460494  17397.085772 -16664.196978    169.187775  6  3  3 256       
PG03   7797.802393  20342.666252 -15469.119016    288.243615  4  4  5 252       
PG05   4880.053538 -14468.002685  21556.397738   -236.494690  5  3  5 389       
PG06  25702.159195  -4679.175567  -5166.060401   -533.612151  6  3  4 256       
PG07  14638.379219  10237.577199  20402.033197   -221.332868  6  4  4 253       
PG08  -5182.349823  25645.984129   2430.742232    356.636725  3  4  3 255       
PG09   8834.534574  18408.044753  16830.604353    687.050791  4  4  4 253       
PG10 -22030.527456  -9523.683168 -11475.298371   -539.888340  7  3  1 255       
PG12  -5001.085797 -20765.238536 -16066.653071   -602.899158  6  3  5 269       
PG13  -4390.431644 -19335.106881 -17732.850908    437.415206 11  5  8 274       
PG15   1157.852439 -26464.939575   1270.472247    441.732804  7  1  4 263       
PG17  14213.080007   5419.976462 -21395.166488   -196.625389  5  5  1 256       
PG19  16399.033855  -6570.616862 -19687.737104    704.939813  5  3  2 257       
PG20  10782.943263 -22081.979512  10151.681923    276.957407  4  5  5 261       
PG21  15609.727222  -5412.829410  20807.878895    370.618530  4  2  4 256       
PG22  20700.490570   6165.457271 -14929.493492     72.785353  5  5  3 252       
PG23 -21019.671544 -16461.555333  -1070.232503    685.522248  6  4  5 432       
PG24   6470.516969 -18324.611465 -18526.404824    190.822081  3  6  5 253       
PG27 -12501.463410  19091.612199  12851.568406      0.449988  3  5  3 304       
PG30  23808.773591    807.591785  12209.936326    351.563565  8  5  6 252       
*  2026  9  3 12 30  0.00000000
PG01  -4730.771826  16648.714107 -20129.845922    181.233191  6  6  5 269       
PG02 -11860.350859  18037.771509 -14685.868398    169.193796  7  3  3 258       
PG03   6324.113318  19240.872807 -17444.177047    288.224937  5  4  4 255       
PG05   6930.169132 -13002.465801  21924.129883   -236.494483  5  3  5 389       
PG06  25050.288467  -4268.995944  -7931.205077   -533.602478  6  3  4 258       
PG07  12564.359766  11118.874651  21298.844737   -221.335685  5  4  4 256       
PG08  -5481.093658  25146.150876   5228.170149    356.627427  3  4  4 257       
PG09   8436.662771  20205.893752  14863.072913    687.042927  4  5  3 256       
PG10 -22868.549480 -10375.334851  -8897.348473   -539.881969  7  3  1 258       
PG12  -3502.378308 -19597.518154 -17862.387240   -602.898589  6  2  5 272       
PG13  -2618.458144 -18194.398256 -19234.945996    437.419592 11  6  8 275       
PG15   1470.140476 -26104.735302   4073.207355    441.735292  7  1  4 267       
PG17  13648.669044   7862.797169 -20982.197113   -196.629618  5  5  1 258       
PG19  15941.413877  -4291.857737 -20718.457287    704.939741  5  3  2 261       
PG20  10826.822925 -20772.804893  12588.605922    276.965631  4  5  5 263       
PG21  17336.025733  -3862.594796  19763.778449    370.611394  5  2  4 258       
PG22  21725.140229   7470.482588 -12735.834198     72.793372  6  5  4 255       
PG23 -20901.896414 -16559.329738   1824.233086    685.525462  6  4  5 432       
PG24   8281.780235 -19063.659146 -16909.663011    190.837650  3  5  5 255       
PG27 -12531.964116  17403.864472  15016.623957      0.449600  3  5  3 302       
PG30  22516.475638   1582.350147  14402.225278    351.574648  8  5  6 254       
*  2026  9  3 12 45  0.00000000
PG01  -6860.614190  17335.813345 -18890.125464    181.225003  6  6  5 273       
PG02 -13391.057896  18646.310987 -12441.531240    169.199927  8  3  3 266       
PG03   4623.671968  18105.232251 -19124.730825    288.206224  5  4  4 263       
PG05   9074.546495 -11640.844258  21908.396374   -236.495198  6  3  5 389       
PG06  24141.684097  -3701.560470 -10560.757051   -533.592815  6  4  4 265       
PG07  10466.069033  12142.127838  21851.082871   -221.338712  3  4  4 263       
PG08  -5791.130567  24346.297460   7932.511449    356.618097  3  3  4 264       
PG09   8149.998622  21783.724048  12636.974498    687.034967  5  4  3 263       
PG10 -23511.324322 -10997.171047  -6167.629761   -539.875685  7  3  1 266       
PG12  -1803.758254 -18393.594512 -19357.121301   -602.897762  6  2  4 275       
PG13   -663.667378 -17065.041350 -20407.752664    437.423939 11  6  8 278       
PG15   1830.053891 -25446.127485   6804.998538    441.737964  6  1  4 272       
PG17  13217.448595  10264.349741 -20194.714659   -196.633845  5  5  2 265       
PG19  15582.349795  -1903.325097 -21389.915989    704.939536  5  4  2 270       
PG20  10920.474599 -19205.426464  14809.689125    276.973807  4  5  6 268       
PG21  19030.896604  -2487.368159  18380.038477    370.604257  6  3  4 264       
PG22  22612.941833   8548.905341 -10315.599288     72.801378  6  5  4 263       
PG23 -20521.882535 -16481.056092   4687.897932    685.528669  6  4  4 432       
PG24   9893.336342 -19789.737226 -15009.505134    190.853187  3  5  5 263       
PG27 -12627.906353  15486.241804  16911.890299      0.449009  3  5  3 299       
PG30  21054.764491   2518.308602  16352.571609    351.585674  8  5  6 261       
*  2026  9  3 13  0  0.00000000
PG01  -8808.349543  18066.170244 -17324.654300    181.216932  7  6  5 258       
PG02 -14661.415794  19181.048149  -9971.868028    169.206592  8  4  3 233       
PG03   2716.365262  16978.840769 -20482.706838    288.187675  5  4  3 227       
PG05  11269.417517 -10410.669976  21509.533799   -236.495240  6  3  5 389       
PG06  23009.756635  -2952.512497 -13009.543469   -533.583040  6  4  4 233       
PG07   8386.103700  13295.275740  22049.318870   -221.341216  3  4  4 235       
PG08  -6146.673053  23260.509879  10495.477828    356.608960  2  3  4 230       
PG09   7947.270283  23108.228132  10191.155682    687.027238  5  4  2 230       
PG10 -23923.458255 -11410.012980  -3333.129144   -539.869312  7  3  1 231       
PG12     75.445982 -17194.190902 -20526.275750   -602.896838  6  1  4 257       
PG13   1444.927731 -15983.826287 -21231.392669    437.428504 11  7  8 269       
PG15   2270.952098 -24503.323044   9417.530440    441.741074  6  1  4 246       
PG17  12916.301727  12574.555830 -19046.392390   -196.637885  5  5  2 239       
PG19  15339.218317    549.539561 -21692.170733    704.939987  5  4  3 231       
PG20  11094.831439 -17408.757008  16776.980864    276.982261  5  5  6 254       
PG21  20648.840673  -1297.783325  16680.509687    370.597286  6  3  4 236       
PG22  23323.258554   9407.092826  -7712.169157     72.809281  6  4  4 233       
PG23 -19863.929012 -16263.412868   7472.448948    685.532029  6  4  4 432       
PG24  11288.212300 -20464.213057 -12856.119318    190.869053  4  5  5 257       
PG27 -12815.735635  13375.246729  18503.239929      0.449677  3  4  4 266       
PG30  19463.759889   3623.393932  18028.294761    351.596894  8  5  6 227       
*  2026  9  3 13 15  0.00000000
PG01 -10545.268189  18804.269709 -15460.215800    181.208651  7  7  6 261       
PG02 -15666.580354  19600.420414  -7321.793121    169.213043  8  5  3 242       
PG03    630.053478  15901.406571 -21495.403082    288.168980  4  4  3 238       
PG05  13467.299407  -9331.783614  20734.678956   -236.495619  6  3  5 389       
PG06  21693.524004  -2004.609546 -15235.359648   -533.573390  6  5  4 243       
PG07   6364.738303  14558.998139  21889.487334   -221.344266  2  3  4 249       
PG08  -6578.965316  21911.342084  12871.317417    356.599690  3  3  4 243       
PG09   7796.229730  24153.430510   7568.269780    687.019337  5  4  2 239       
PG10 -24075.654169 -11641.613438   -442.208507   -539.862926  6  4  1 241       
PG12   2108.615897 -16036.764198 -21350.695831   -602.896233  6  1  4 262       
PG13   3671.864838 -14982.637146 -21691.942643    437.432849 11  8  8 273       
PG15   2822.635388 -23298.731366  11864.013148    441.743379  6  1  5 261       
PG17  12734.075235  14745.575510 -17557.611515   -196.642095  5  5  3 245       
PG19  15221.725977   3019.065140 -21621.732478    704.940253  4  5  3 240       
PG20  11375.542480 -15418.324041  18456.896595    276.990478  5  5  6 255       
PG21  22144.505422   -296.097604  14694.447225    370.590199  6  4  4 242       
PG22  23819.500728  10059.609801  -4972.092093     72.817178  5  3  5 240       
PG23 -18920.746134 -15946.253306  10130.932839    685.535251  6  4  4 432       
PG24  12456.921010 -21047.067866 -10484.328380    190.884435  4  5  4 236       
PG27 -13115.628599  11113.297617  19762.244458      0.449358  4  5  4 266       
PG30  17785.594980   4897.996260  19401.220836    351.607907  7  5  7 239       
*  2026  9  3 13 30  0.00000000
PG01 -12050.249209  19511.217311 -13328.806306    181.200333  8  7  6 266       
PG02 -16411.006040  19864.769201  -4539.502860    169.219158  9  5  3 254       
PG03  -1600.295605  14907.776416 -22145.834823    288.150275  4  5  3 249       
PG05  15618.705238  -8415.681356  19597.627079   -236.495840  7  4  5 389       
PG06  20236.143831   -848.602398 -17199.699542   -533.563776  5  5  4 253       
PG07   4438.625385  15907.273730  21372.993511   -221.347549  3  3  5 253       
PG08  -7114.812482  20328.997103  15017.720619    356.590382  3  4  4 253       
PG09   7661.096882  24901.584298   4814.003675    687.011459  4  3  1 251       
PG10 -23945.831216 -11725.374239   2456.196304   -539.856665  6  4  1 251       
PG12   4262.669158 -14954.150804 -21816.917050   -602.895289  6  1  4 263       
PG13   5976.400220 -14087.277288 -21781.656079    437.437201 10  8  8 275       
PG15   3509.899477 -21862.229009  14100.109846    441.746218  5  1  5 263       
PG17  12652.129698  16733.563954 -15755.067161   -196.646618  6  5  4 251       
PG19  15231.606928   5457.002572 -21181.507607    704.940351  4  5  4 251       
PG20  11781.853720 -13275.044359  19820.776849    276.998682  6  5  6 261       
PG21  23474.359877    523.704134  12456.007448    370.583077  6  4  4 251       
PG22  24070.617091  10528.382874  -2144.158745     72.825226  4  3  5 251       
PG23 -17693.860624 -15570.970702  12618.500490    685.538436  6  4  3 432       
PG24  13397.733735 -21498.455542  -7933.147060    190.900020  3  4  4 248       
PG27 -13540.549670   8747.168196  20666.737780      0.448832  4  4  4 269       
PG30  16062.918907   6334.774113  20448.122647    351.618904  7  4  7 248       
*  2026  9  3 13 45  0.00000000
PG01 -13310.391306  20146.289726 -10967.091413    181.192150  8  8  6 258       
PG02 -16908.028441  19938.071557  -1675.456580    169.225635  9  6  3 236       
PG03  -3933.734495  14026.655854 -22422.996875    288.131737  4  5  4 229       
PG05  17673.939868  -7665.206954  18118.562618   -236.496418  7  5  5 389       
PG06  18683.293255    516.190081 -18868.431689   -533.554026  5  5  4 236       
PG07   2639.613001  17308.180762  20506.769821   -221.350275  3  3  5 243       
PG08  -7775.301192  18550.200415  16896.650160    356.581219  4  4  5 234       
PG09   7504.145765  25343.752456   1976.253148    687.003648  4  3  1 232       
PG10 -23519.975024 -11698.875982   5313.360743   -539.850246  6  4  2 234       
PG12   6499.120984 -13973.399269 -21917.349029   -602.894557  6  1  5 255       
PG13   8313.879316 -13316.540526 -21499.084157    437.441702 10  9  8 271       
PG15   4351.270516 -20230.115201  16084.853944    441.748899  5  1  5 254       
PG17  12645.216787  18500.267693 -13671.232267   -196.650414  6  4  4 242       
PG19  15362.643396   7816.174083 -20380.633383    704.940576  4  5  4 233       
PG20  12325.745302 -11023.803286  20845.362670    277.007017  6  5  6 255       
PG21  24598.311116   1175.482930  10003.662230    370.576082  6  4  5 235       
PG22  24052.358738  10841.572988    721.553282     72.833110  4  2  5 233       
PG23 -16193.703005 -15178.817090  14893.119232    685.541793  6  5  3 432       
PG24  14116.667213 -21780.306332  -5245.241557    190.915695  3  4  3 226       
PG27 -14095.628703   6326.254637  21201.231111      0.449013  4  5  4 264       
PG30  14337.390663   7918.747429  21151.091859    351.630072  7  4  6 229       
*  2026  9  3 14  0  0.00000000
PG01 -14321.327986  20668.572994  -8415.776549    181.183788  8  8  6 263       
PG02 -17179.076395  19789.513900   1218.679049    169.231972  8  7  4 247       
PG03  -6324.685859  13279.568397 -22322.039900    288.113062  4  5  4 242       
PG05  19584.908508  -7074.599675  16323.669378   -236.496468  7  5  5 389       
PG06  17081.457087   2081.635551 -20212.408236   -533.544400  5  5  4 247       
PG07    993.718395  18724.920276  19303.276687   -221.353582  3  3  5 247       
PG08  -8574.768327  16616.815147  18475.073428    356.571921  4  4  5 245       
PG09   7287.367906  25480.052391   -895.736326    686.995733  3  3  1 244       
PG10 -22792.693148 -11602.277022   8081.531626   -539.843930  6  4  3 246       
PG12   8775.342810 -13114.829064 -21650.377581   -602.894034  6  2  5 254       
PG13  10637.258639 -12681.562338 -20849.094224    437.446047 10  9  7 273       
PG15   5357.982587 -18443.793045  17781.529316    441.751462  5  2  5 261       
PG17  12682.644028  20014.390745 -11343.694339   -196.654850  6  4  4 246       
PG19  15600.999711  10052.059110 -19234.217284    704.940512  5  5  4 244       
PG20  13011.357429  -8711.892313  21513.180689    277.015211  6  5  6 260       
PG21  25481.200664   1680.214126   7379.540647    370.568966  6  4  5 244       
PG22  23748.265490  11032.209457   3574.639795     72.840726  4  1  5 241       
PG23 -14439.373541 -14809.236168  16916.244553    685.545028  6  5  3 432       
PG24  14627.175049 -21857.915477  -2466.290612    190.931223  3  4  2 239       
PG27 -14777.885728   3900.748304  21357.170608      0.449006  5  5  4 267       
PG30  12648.217011   9627.676715  21497.838699    351.641107  6  4  6 240       
*  2026  9  3 14 15  0.00000000
PG01 -15087.214367  21038.624315  -5718.902488    181.175444  9  8  6 270       
PG02 -17252.556181  19394.838458   4091.089685    169.238222  8  7  3 258       
PG03  -8724.467229  12680.090703 -21844.358631    288.094396  4  6  4 255       
PG05  21306.865083  -6629.893699  14244.629715   -236.497270  7  5  5 389       
PG06  15476.189404   3830.885116 -21207.995221   -533.534777  5  4  4 259       
PG07   -479.706078  20117.035246  17780.441392   -221.356508  3  3  5 258       
PG08  -9520.062655  14574.260537  19725.578851    356.562627  3  4  5 257       
PG09   6974.145555  25319.556472  -3752.246067    686.987816  3  3  1 256       
PG10 -21767.461107 -11476.641186  10714.654213   -539.837578  5  4  3 257       
PG12  11045.974298 -12391.347283 -21020.385030   -602.893258  6  2  5 261       
PG13  12898.722561 -12185.474826 -19842.786031    437.450398 10  9  7 276       
PG15   6533.251190 -16548.226113  19158.485818    441.754254  5  3  5 265       
PG17  12729.673645  21252.672241  -8814.384393   -196.659132  6  3  5 257       
PG19  15925.849597  12124.260675 -17762.991186    704.940537  5  4  5 256       
PG20  13834.726777  -6387.363774  21812.832326    277.023403  6  5  6 266       
PG21  26094.123581   2064.979744   4628.709058    370.561861  5  4  5 256       
PG22  23150.338100  11136.648244   6365.311832     72.848727  3  2  5 254       
PG23 -12458.094133 -14498.270878  18653.443030    685.548260  6  5  3 432       
PG24  14949.544064 -21701.452931    355.748968    190.946784  4  4  1 253       
PG27 -15576.311683   1519.795623  21133.034382      0.448843  5  5  4 272       
PG30  11030.786074  11432.717051  21481.914856    351.652149  6  4  6 253       
*  2026  9  3 14 30  0.00000000
PG01 -15620.385885  21220.091695  -2923.078141    181.167285  9  8  6 262       
PG02 -17162.465305  18737.406169   6890.845910    169.244426  7  7  4 242       
PG03 -11082.937296  12233.391630 -20997.590277    288.075857  4  6  5 235       
PG05  22800.030704  -6309.649862  11918.024842   -236.497294  7  6  5 389       
PG06  13910.415478   5738.812361 -21837.513179   -533.525014  4  4  3 242       
PG07  -1768.582477  21441.792132  15961.527580   -221.359607  3  3  6 242       
PG08 -10610.129947  12469.803642  20626.862491    356.553434  4  4  5 238       
PG09   6530.867578  24879.854978  -6543.960730    686.980022  3  3  1 237       
PG10 -20456.554960 -11362.254279  13169.059931   -539.831202  6  4  3 243       
PG12  13264.440020 -11808.046528 -20037.688895   -602.892441  6  3  5 247       
PG13  15051.334973 -11823.377862 -18497.307129    437.454896 10 10  7 272       
PG15   7871.884034 -14590.233370  20189.862250    441.757068  5  4  5 253       
PG17  12749.091521  22200.631471  -6128.720760   -196.663296  6  3  5 240       
PG19  16310.266695  13997.802511 -15992.891471    704.940924  6  5  5 239       
PG20  14783.843456  -4097.364121  21739.183046    277.031716  6  5  6 259       
PG21  26415.519835   2361.724368   1798.401601    370.554822  5  3  5 238       
PG22  22259.374652  11192.922968   9045.297709     72.856806  3  3  5 234       
PG23 -10284.364286 -14277.103652  20074.958490    685.551629  6  5  3 432       
PG24  15110.008624 -21287.328959   3171.465171    190.962460  5  4  1 231       
PG27 -16472.296717   -770.274631  20534.271661      0.449251  4  5  4 268       
PG30   9515.445500  13299.326355  21102.855177    351.663323  5  3  5 232       
*  2026  9  3 14 45  0.00000000
PG01 -15940.702196  21181.227095    -76.664488    181.159311  9  8  6 290       
PG02 -16946.804563  17808.935519   9568.880913    169.250761  6  6  4 244       
PG03 -13350.206066  11936.092852 -19795.521767    288.057202  4  6  5 237       
PG05  24031.018640  -6085.987066   9384.650334   -236.497463  7  6  5 389       
PG06  12422.840128   7772.780998 -22089.578321   -533.515346  4  4  2 244       
PG07  -2868.464862  22655.684623  13874.927356   -221.362470  3  4  6 245       
PG08 -11835.936561  10350.798954  21164.075857    356.544169  3  5  5 239       
PG09   5928.423931  24186.301421  -9222.828326    686.972127  3  3  2 239       
PG10 -18880.676596 -11296.988236  15404.109602   -539.824908  5  4  4 246       
PG12  15384.518651 -11362.098132 -18718.399076   -602.891930  6  4  6 252       
PG13  17050.664548 -11582.627197 -16835.570093    437.459295 10 10  7 272       
PG15   9360.255207 -12616.695784  20856.190500    441.759797  5  5  5 252       
PG17  12702.875292  22852.952629  -3334.692682   -196.667466  5  3  5 242       
PG19  16722.340256  15644.214925 -13954.575773    704.941069  6  5  6 241       
PG20  15839.026616  -1886.508003  21293.448934    277.039925  6  5  5 260       
PG21  26431.996133   2605.823142  -1062.786019    370.547677  5  3  5 239       
PG22  21084.964676  11239.059270  11568.687067     72.864641  2  3  5 235       
PG23  -7958.849523 -14170.783176  21156.213492    685.554853  6  5  4 432       
PG24  15139.609122 -20599.352016   5930.889899    190.978075  5  5  1 233       
PG27 -17440.381476  -2927.581700  19573.092324      0.449570  4  5  4 272       
PG30   8126.469887  15188.398458  20366.233978    351.674405  5  3  4 234       
*  2026  9  3 15  0  0.00000000
PG01 -16074.602254  20896.232618   2771.075280    181.151055  8  8  6 289       
PG02 -16645.863804  16609.893754  12078.889859    169.257300  5  6  4 244       
PG03 -15478.348465  11776.457870 -18257.904962    288.038304  4  6  6 238       
PG05  24974.010917  -5925.868715   6688.762368   -236.497802  6  6  5 389       
PG06  11046.525254   9893.714529 -21959.335975   -533.505722  4  4  2 246       
PG07  -3782.623847  23716.012913  11553.867807   -221.365486  4  5  6 246       
PG08 -13180.730734   8262.951319  21329.030937    356.534892  3  5  4 241       
PG09   5143.520264  23270.972559 -11742.888072    686.964248  3  3  2 240       
PG10 -17068.287504 -11314.768993  17382.787872   -539.818542  5  4  4 245       
PG12  17361.910589 -11042.945292 -17084.193810   -602.891140  6  5  6 249       
PG13  18856.323182 -11443.428528 -14885.875495    437.463642 10 10  6 275       
PG15  10976.651162 -10672.754794  21144.857880    441.762282  5  5  5 245       
PG17  12553.887510  23213.498881   -481.909453   -196.672017  5  3  4 240       
PG19  17126.471605  17042.375980 -11682.886411    704.941304  6  5  6 242       
PG20  16973.604897    204.646236  20483.179275    277.048234  5  4  5 260       
PG21  26138.846704   2834.517654  -3905.725951    370.540522  5  4  5 250       
PG22  19645.149053  11311.422109  13892.702119     72.872522  1  3  5 240       
PG23  -5527.040134 -14197.185557  21878.238432    685.558151  5  5  4 432       
PG24  15072.834042 -19629.620380   8584.457112    190.993717  6  5  1 237       
PG27 -18449.292552  -4916.114998  18268.119597      0.449408  4  5  4 271       
PG30   6881.256402  17057.583285  19283.632034    351.685535  5  3  4 237       
*  2026  9  3 15 15  0.00000000
PG01 -16053.908234  20346.385839   5570.843462    181.142823  8  8  6 289       
PG02 -16300.459107  15149.533982  14378.132732    169.263445  4  6  4 247       
PG03 -17423.059991  11734.905000 -16410.179609    288.019290  4  6  6 247       
PG05  25611.642547  -5792.589779   3877.271211   -236.497837  6  7  6 389       
PG06   9807.693298  12057.429052 -21448.579765   -533.496034  3  3  1 250       
PG07  -4521.844704  24582.485975   9036.024377   -221.368522  4  5  6 249       
PG08 -14620.625513   6248.674530  21120.263230    356.525585  3  5  4 245       
PG09   4159.762050  22171.386193 -14061.051745    686.956354  3  3  2 244       
PG10 -15054.675629 -11444.199942  19072.245157   -539.812202  5  4  4 249       
PG12  19155.749387 -10832.790892 -15162.014847   -602.890547  6  5  6 254       
PG13  20433.360179 -11379.715198 -12681.445850    437.467996  9 10  6 275       
PG15  12691.978166  -8800.085177  21050.409440    441.765179  4  5  4 245       
PG17  12267.520588  23294.962607   2379.359407   -196.676309  4  3  4 245       
PG19  17484.802417  18179.083644  -9216.269737    704.941285  5  4  6 245       
PG20  18154.876555   2140.962784  19322.135191    277.056437  5  4  5 262       
PG21  25540.252945   3085.280532  -6681.596934    370.533360  5  5  5 251       
PG22  17965.767076  11443.161272  15978.384846     72.880442  1  3  5 244       
PG23  -3037.726555 -14366.250141  22228.020725    685.561403  5  5  4 432       
PG24  14946.097602 -18379.097734  11083.997804    191.009313  6  5  2 241       
PG27 -19463.211742  -6706.894061  16643.922282      0.449154  4  5  4 271       
PG30   5789.780396  18862.749139  17872.510837    351.696635  4  2  3 241       
*  2026  9  3 15 30  0.00000000
PG01 -15914.425935  19520.898913   8274.176982    181.134318  8  8  5 270       
PG02 -15950.197238  13445.587790  16428.127972    169.269831  3  5  4 258       
PG03 -19145.194079  11784.828496 -14283.104667    288.000274  4  6  6 261       
PG05  25935.561848  -5647.402872    998.898894   -236.498612  5  7  5 389       
PG06   8724.805053  14216.179300 -20565.751989   -533.486373  3  3  1 260       
PG07  -5103.934750  25218.789489   6363.034959   -221.371690  4  6  5 258       
PG08 -16125.473510   4345.611475  20542.957900    356.516249  3  5  4 257       
PG09   2968.467409  20929.028642 -16137.825788    686.948412  4  4  2 256       
PG10 -12880.787926 -11707.387393  20444.283688   -539.805814  5  4  5 259       
PG12  20730.003534 -10707.364884 -12983.682713   -602.889721  5  6  6 261       
PG13  21753.459862 -11360.276506 -10259.877022    437.472327  9 10  6 278       
PG15  14470.802055  -7035.322402  20574.678130    441.767684  4  5  4 257       
PG17  11813.224656  23118.174780   5199.128993   -196.680521  3  4  4 256       
PG19  17758.722915  19049.343875  -6596.159707    704.941546  5  4  7 257       
PG20  19345.313535   3893.885266  17830.065798    277.064554  4  5  5 267       
PG21  24649.154096   3394.172355  -9342.718219    370.526224  5  6  5 259       
PG22  16079.523565  11662.813797  17791.192440     72.888223  2  4  5 254       
PG23   -541.344874 -14679.521139  22198.766824    685.564661  4  4  4 432       
PG24  14796.115848 -16857.835267  13383.745135    191.024862  6  5  3 254       
PG27 -20443.220410  -8278.826141  14730.445333      0.448853  4  5  4 274       
PG30   4854.334335  20559.535886  16155.991482    351.707643  3  3  3 254       
*  2026  9  3 15 45  0.00000000
PG01 -15694.397802  18417.476938  10834.301407    181.126071  7  8  5 272       
PG02 -15631.837739  11523.637287  18195.229576    169.275899  3  5  3 262       
PG03 -20612.123845  11893.700683 -11912.299709    287.981261  4  6  6 269       
PG05  25946.648744  -5451.217188  -1896.682086   -236.498665  5  7  5 389       
PG06   7807.949711  16320.358869 -19325.822989   -533.476628  3  4  2 263       
PG07  -5552.946361  25594.058735   3579.910993   -221.374892  4  7  5 262       
PG08 -17659.991890   2585.372506  19608.747841    356.506932  3  6  4 260       
PG09   1569.178810  19587.750348 -17937.963129    686.940521  4  4  2 260       
PG10 -10591.868177 -12119.007934  21475.784289   -539.799422  6  4  5 263       
PG12  22054.717781 -10636.946429 -10585.433581   -602.888949  5  6  6 263       
PG13  22795.897253 -11350.094123  -7662.514891    437.476718  9 10  6 279       
PG15  16272.673735  -5408.717370  19726.737611    441.770255  3  6  4 261       
PG17  11165.857024  22711.110603   7928.607346   -196.684661  3  4  4 260       
PG19  17910.406845  19656.368977  -3866.333099    704.941389  5  4  7 260       
PG20  20503.964556   5442.340962  16032.384793    277.072750  4  5  4 270       
PG21  23486.793666   3794.254801 -11843.364664    370.519091  5  6  5 261       
PG22  14024.818266  11993.113280  19301.496521     72.896288  3  4  5 258       
PG23   1911.748547 -15130.015755  21790.070322    685.567928  4  4  4 432       
PG24  14658.252329 -15084.818447  15441.319761    191.040426  6  5  3 257       
PG27 -21348.855184  -9619.236094  12562.358829      0.448835  3  5  4 276       
PG30   4069.563677  22104.943188  14162.536676    351.718706  3  4  4 257       
*  2026  9  3 16  0  0.00000000
PG01 -15432.870391  17042.553010  13206.953683    181.117985  7  8  5 260       
PG02 -15377.814787   9416.202355  19651.085276    169.282458  3  5  3 239       
PG03 -21798.875917  12024.417258  -9337.699485    287.962394  3  6  6 262       
PG05  25654.886724  -5166.302499  -4759.712651   -236.498894  4  7  5 389       
PG06   7058.572805  18320.288611 -17750.049741   -533.466746  3  4  3 241       
PG07  -5898.133632  25684.194480    734.345212   -221.377722  4  7  5 242       
PG08 -19185.086833    992.537275  18335.395393    356.497754  3  6  4 235       
PG09    -30.144123  18192.092196 -19431.035493    686.932737  4  5  3 234       
PG10  -8235.945585 -12685.650094  22149.070325   -539.792924  6  4  5 243       
PG12  23107.047640 -10587.606670  -8007.380173   -602.888249  5  6  6 246       
PG13  23548.215257 -11311.835991  -4933.766342    437.481218  8 10  6 272       
PG15  18053.679111  -3943.079757  18522.679819    441.773412  2  6  4 255       
PG17  10306.801944  22107.640059  10521.048869   -196.689096  3  5  4 237       
PG19  17904.320211  20011.289643  -1072.243004    704.941718  4  3  7 237       
PG20  21588.004548   6773.358235  13959.751801    277.081093  4  6  4 261       
PG21  22081.958716   4314.121811 -14140.549231    370.512065  4  7  4 243       
PG22  11844.386862  12450.046118  20484.984493     72.904056  3  4  4 231       
PG23   4273.010562 -15702.428054  21007.979998    685.571286  4  4  4 432       
PG24  14564.909175 -13087.434671  17218.663448    191.056083  6  4  4 229       
PG27 -22139.709451 -10724.058144  10178.345641      0.449160  3  5  4 269       
PG30   3422.802771  23458.894921  11925.535838    351.729906  2  4  3 230       
*  2026  9  3 16 15  0.00000000
PG01 -15168.041500  15411.190367  15351.158120    181.109786  7  7  5 259       
PG02 -15214.970635   7161.588133  20772.977534    169.288726  4  5  3 236       
PG03 -22688.991188  12136.838080  -6602.926359    287.943421  3  6  7 268       
PG05  25078.897695  -4757.931490  -7541.198205   -236.499068  3  7  5 389       
PG06   6469.554133  20168.022916 -15865.616542   -533.456951  4  5  3 238       
PG07  -6172.673229  25472.961276  -2124.079950   -221.380653  5  8  4 258       
PG08 -20659.320294   -416.047359  16746.371457    356.488460  3  6  4 232       
PG09  -1813.256201  16785.606764 -20591.918811    686.924963  4  5  3 231       
PG10  -5862.224463 -13405.454383  22452.204887   -539.786500  6  5  5 233       
PG12  23872.046704 -10522.629462  -5292.900350   -602.887135  5  7  6 235       
PG13  24006.596932 -11207.450828  -2120.354898    437.485585  8 10  6 272       
PG15  19768.141051  -2653.056031  16985.226570    441.776207  1  6  3 253       
PG17   9224.821092  21346.080634  12932.537957   -196.692670  2  6  4 236       
PG19  17708.652386  20132.592917   1739.663424    704.941677  5  3  7 233       
PG20  22554.371990   7882.373711  11647.564314    277.089281  4  6  4 259       
PG21  20469.940819   4976.606118 -16194.759681    370.505006  4  7  4 242       
PG22   9583.807658  13042.183924  21322.963711     72.912560  3  4  4 238       
PG23   6497.388468 -16373.665562  19864.962691    685.574538  4  4  3 432       
PG24  14544.039904 -10900.577469  18682.888973    191.071655  6  4  4 225       
PG27 -22777.016344 -11597.693331   7620.347341      0.448552  3  5  4 229       
PG30   2894.702565  24585.720005   9482.795141    351.741070  2  5  3 227       
*  2026  9  3 16 30  0.00000000
PG01 -14935.652819  13546.655405  17229.941268    181.101580  7  7  5 261       
PG02 -15163.541026   4802.544178  21544.052394    169.295102  4  6  3 243       
PG03 -23275.076317  12189.467239  -3754.587218    287.924395  2  6  7 276       
PG05  24245.161697  -4195.897367 -10193.732606   -236.499089  2  7  5 389       
PG06   6025.633544  21819.102164 -13705.163363   -533.447348  3  5  4 245       
PG07  -6412.192606  24952.811997  -4944.774118   -221.383546  5  8  4 260       
PG08 -22040.458325  -1631.654106  14870.347069    356.479180  3  7  4 240       
PG09  -3756.075869  15409.237962 -21401.186078    686.917062  4  5  3 239       
PG10  -3519.428854 -14268.066718  22379.216863   -539.780080  6  5  5 241       
PG12  24343.174120 -10404.059835  -2487.958563   -602.886629  4  7  6 245       
PG13  24175.917744 -10999.802081    729.467516    437.489952  7 10  5 273       
PG15  21370.394322  -1544.770530  15143.190908    441.778870  1  5  3 255       
PG17   7916.607827  20467.614915  15122.691670   -196.697327  2  6  4 240       
PG19  17296.621016  20045.306567   4522.637399    704.941765  5  4  7 240       
PG20  23361.431963   8773.217289   9135.367529    277.097472  3  7  4 262       
PG21  18691.258207   5797.711762 -17970.636957    370.497948  4  7  4 247       
PG22   7289.930501  13770.310323  21802.570945     72.920400  3  4  4 241       
PG23   8544.877176 -17113.702994  18379.757117    685.577789  4  4  3 432       
PG24  14617.856166  -8565.422388  19807.016176    191.087193  6  4  4 234       
PG27 -23225.152773 -12252.549391   4932.786489      0.448924  3  5  4 237       
PG30   2460.130398  25455.491127   6875.936533    351.752165  2  6  4 235       
*  2026  9  3 16 45  0.00000000
PG01 -14767.491869  11479.678392  18810.972749    181.093480  6  6  5 253       
PG02 -15236.421029   2384.790523  21953.443578    169.301456  4  6  3 213       
PG03 -23559.020578  12141.209416   -841.503509    287.905483  3  6  7 277       
PG05  23186.954967  -3455.849656 -12672.282230   -236.499309  1  6  5 389       
PG06   5704.168065  23234.181262 -11306.210082   -533.437535  3  5  4 221       
PG07  -6653.160842  24125.390634  -7677.096083   -221.386683  5  8  4 254       
PG08 -23287.039403  -2653.740665  12740.612914    356.469988  3  7  4 208       
PG09  -5827.433560  14099.819399 -21845.403681    686.909272  3  5  2 202       
PG10  -1254.158175 -15254.910610  21930.251075   -539.773475  6  5  5 210       
PG12  24522.498738 -10194.323783    359.632873   -602.885665  4  7  6 216       
PG13  24069.474722 -10654.278164   3566.740141    437.494427  7 10  5 270       
PG15  22816.552478   -615.839161  13030.809260    441.781828  1  5  2 237       
PG17   6387.031226  19514.638156  17055.273824   -196.701568  1  7  4 214       
PG19  16647.606226  19779.958065   7230.325753    704.942038  5  5  7 214       
PG20  23970.601333   9457.775189   6466.190870    277.105746  3  7  4 257       
PG21  16790.187687   6785.814649 -19437.583756    370.490965  3  6  4 234       
PG22   5009.284995  14627.349412  21916.890819     72.928367  3  4  4 217       
PG23  10381.895530 -17886.724965  16577.116408    685.581112  5  5  3 432       
PG24  14801.792007  -6127.927798  20570.567814    191.102849  6  3  4 191       
PG27 -23453.010015 -12708.291053   2161.781469      0.448593  3  5  3 195       
PG30   2089.310795  26045.166519   4149.712326    351.763381  3  6  4 197       
*  2026  9  3 17  0  0.00000000
PG01 -14690.062343   9247.431084  20067.120766    181.085226  6  6  5 253       
PG02 -15438.728028    -44.532685  21996.300634    169.307672  4  7  4 226       
PG03 -23551.864901  11953.134889   2086.114719    287.886400  3  6  7 278       
PG05  21943.049701  -2520.399020 -14934.918809   -236.499573  2  5  4 389       
PG06   5476.190105  24380.468832  -8710.487371   -533.427910  3  5  4 230       
PG07  -6931.207676  23001.676583 -10271.365527   -221.389559  4  8  4 254       
PG08 -24359.902903  -3489.700333  10394.442126    356.460650  4  6  4 220       
PG09  -7990.089919  12888.746666 -21917.328752    686.901358  3  5  2 211       
PG10    890.689255 -16339.773309  21111.637284   -539.767012  6  5  5 219       
PG12  24420.586977  -9857.858534   3201.003730   -602.885164  3  7  6 224       
PG13  23708.401748 -10140.316219   6342.630821    437.498789  6 10  5 267       
PG15  24066.188436    144.253423  10686.969347    441.784258  1  5  1 226       
PG17   4649.068345  18529.100517  18698.716161   -196.705582  1  7  4 227       
PG19  15748.074779  19371.343313   9817.467587    704.942082  6  6  7 215       
PG20  24347.873412   9955.343541   3685.821382    277.113926  3  7  4 255       
PG21  14813.162300   7941.162925 -20570.292871    370.483938  3  6  4 247       
PG22   2786.523692  15598.592736  21664.987664     72.936003  4  5  3 209       
PG23  11982.426476 -18652.517535  14487.439158    685.584320  5  6  3 432       
PG24  15103.776398  -3637.129078  20960.004423    191.118355  5  3  4 202       
PG27 -23435.183949 -12990.837924   -645.632258      0.448574  3  6  3 210       
PG30   1749.165512  26339.486083   1351.244637    351.774508  4  7  4 209       
*  2026  9  3 17 15  0.00000000
PG01 -14723.474903   6892.261445  20976.912908    181.077070  6  7  4 251       
PG02 -15767.667376  -2438.435996  21673.730597    169.313964  3  7  4 210       
PG03 -23273.323241  11590.183395   4977.537733    287.867451  4  6  6 283       
PG05  20556.226826  -1379.951377 -16943.491335   -236.499702  2  4  4 389       
PG06   5307.723815  25232.919102  -5963.187331   -533.418137  2  6  4 221       
PG07  -7279.444315  21601.748946 -12679.903145   -221.392420  4  8  4 253       
PG08 -25223.621718  -4154.315823   7872.410994    356.451444  4  6  4 210       
PG09 -10201.985111  11800.871691 -21616.006467    686.893504  2  5  2 175       
PG10   2877.368779 -17489.690701  19935.872671   -539.760547  6  5  5 208       
PG12  24056.073053  -9362.690085   5987.055938   -602.884403  3  6  5 212       
PG13  23120.792332  -9432.779378   9009.277168    437.503220  6 10  5 266       
PG15  25083.857337    753.439559   8154.361025    441.787022  1  5  1 214       
PG17   2723.434806  17550.905805  20026.545063   -196.709855  1  7  4 223       
PG19  14592.261031  18857.146391  12240.584616    704.942137  6  6  6 191       
PG20  24465.182810  10291.696916    842.025565    277.122155  3  7  4 253       
PG21  12807.095771   9255.697509 -21349.186189    370.476955  4  6  5 247       
PG22    662.953013  16662.211894  21051.855537     72.944323  4  6  3 218       
PG23  13328.873607 -19368.057537  12146.291111    685.587610  5  6  3 432       
PG24  15523.848758  -1143.305856  20968.984301    191.133972  5  4  4 186       
PG27 -23152.946677 -13131.154265  -3442.262945      0.447845  4  6  3 232       
PG30   1404.801635  26331.581675  -1470.798236    351.785649  5  7  4 204       
*  2026  9  3 17 30  0.00000000
PG01 -14880.601485   4460.234999  21524.894876    181.068742  6  7  4 259       
PG02 -16212.696020  -4751.618203  20992.662547    169.320093  3  7  5 240       
PG03 -22750.970310  11022.737643   7782.412853    287.848303  4  6  6 290       
PG05  19071.658962    -33.242226 -18664.228852   -236.500321  3  3  3 389       
PG06   5161.305889  25775.128636  -3112.148944   -533.408545  2  6  4 243       
PG07  -7726.863926  19954.166875 -14858.068317   -221.395873  5  8  4 246       
PG08 -25847.788653  -4668.944348   5217.691093    356.442012  4  6  4 238       
PG09 -12417.672393  10853.658727 -20946.767458    686.885489  2  5  3 234       
PG10   4674.564473 -18666.105195  18421.512490   -539.754176  5  6  5 237       
PG12  23454.922459  -8681.894701   8669.320554   -602.883857  2  6  5 241       
PG13  22340.562705  -8513.132706  11520.616828    437.507486  6 10  4 268       
PG15  25840.400681   1236.058536   5478.577907    441.789588  1  5  1 240       
PG17    637.934198  16616.423653  21017.714568   -196.713675  1  7  3 238       
PG19  13182.578680  18276.456781  14458.658921    704.942036  6  7  6 235       
PG20  24301.556861  10497.907379  -2016.267604    277.130247  3  6  5 258       
PG21  10817.697720  10713.200838 -21760.756694    370.469812  4  6  5 253       
PG22  -1324.799623  17790.035089  20088.291104     72.952045  4  6  3 233       
PG23  14412.596829 -19989.239329   9593.822290    685.590741  5  6  4 432       
PG24  16054.134010   1303.891757  20598.442380    191.149440  4  4  3 229       
PG27 -22594.970541 -13163.879978  -6181.496253      0.447699  4  7  3 246       
PG30   1021.088885  26023.272000  -4267.073709    351.796785  5  8  5 253       
*  2026  9  3 17 45  0.00000000
PG01 -15166.525415   1999.539620  21701.881827    181.060658  6  7  5 251       
PG02 -16755.970207  -6941.920629  19965.643900    169.326566  3  7  5 217       
PG03 -22019.123611  10228.000855  10451.672021    287.829440  4  6  6 292       
PG05  17535.224458   1512.446640 -20068.267384   -236.500491  3  2  3 388       
PG06   4997.648570  25999.902196   -206.994992   -533.398793  2  6  4 226       
PG07  -8296.899799  18094.981986 -16765.260246   -221.398897  5  8  5 236       
PG08 -26208.113312  -5060.470393   2475.325040    356.432792  5  6  4 216       
PG09 -14589.882814  10056.631790 -19921.126644    686.877671  1  6  3 198       
PG10   6258.437531 -19826.260496  16592.964041   -539.747680  5  6  5 215       
PG12  22649.412130  -7794.883670  11200.826341   -602.883174  2  5  5 226       
PG13  21406.098389  -7370.370355  13833.192045    437.511954  6 10  4 265       
PG15  26313.983551   1621.603782   2707.196661    441.792039  1  5  1 230       
PG17  -1573.444338  15757.165590  21656.848111   -196.718175  1  7  3 225       
PG19  11529.745363  17668.234553  16433.791107    704.942031  6  7  6 204       
PG20  23844.007858  10608.959552  -4839.808687    277.138601  3  6  5 256       
PG21   8887.844001  12289.769267 -21797.807348    370.462829  4  6  5 248       
PG22  -3145.939357  18948.558060  18790.693814     72.960001  5  7  2 204       
PG23  15234.101960 -20472.671464   6874.087226    685.594062  5  6  4 432       
PG24  16679.174761   3657.270994  19856.489675    191.165068  3  4  2 192       
PG27 -21757.785047 -13125.855148  -8817.994788      0.447726  4  7  3 229       
PG30    564.261888  25425.025249  -6988.467825    351.808075  5  8  5 251       
*  2026  9  3 18  0  0.00000000
PG01 -15578.307848   -441.184548  21505.099114    181.052449  6  8  5 254       
PG02 -17373.055370  -8971.652818  18610.576246    169.332477  3  8  6 231       
PG03 -21117.460935   9191.119226  12938.431799    287.810411  4  6  6 296       
PG05  15991.814883   3241.394215 -21132.095642   -236.500812  3  1  3 388       
PG06   4777.376811  25909.465776   2701.761797   -533.389130  2  7  4 237       
PG07  -9006.214338  16066.418838 -18365.847175   -221.401703  5  7  5 242       
PG08 -26287.294200  -5360.069280   -308.503416    356.423494  5  6  4 226       
PG09 -16671.163515   9411.132613 -18556.585767    686.869704  1  5  3 225       
PG10   7613.404934 -20924.787335  14480.180031   -539.741319  5  6  5 229       
PG12  21676.862891  -6688.455766  13536.962894   -602.882213  2  4  4 229       
PG13  20358.736190  -6001.655787  15906.913818    437.516280  5 10  4 266       
PG15  26490.831038   1943.288468   -111.141211    441.794863  1  5  1 234       
PG17  -3871.643584  14998.667812  21934.392608   -196.722370  2  6  2 236       
PG19   9652.610949  17069.776863  18131.830904    704.942262  6  7  5 225       
PG20  23088.130046  10662.215423  -7579.880228    277.146741  3  5  5 258       
PG21   7056.064496  13954.592087 -21459.582390    370.455697  4  7  5 251       
PG22  -4776.441363  20100.153135  17180.797366     72.968256  5  7  2 231       
PG23  15802.872825 -20777.471252   4034.278907    685.597275  4  5  4 432       
PG24  17376.599878   5873.795673  18758.142465    191.180580  2  4  1 217       
PG27 -20645.956575 -13054.591761 -11308.358356      0.447835  3  7  3 232       
PG30      3.480570  24555.586313  -9587.009920    351.819232  6  8  6 250       
*  2026  9  3 18 15  0.00000000
PG01 -16105.078493  -2814.525851  20938.211268    181.044333  6  8  5 254       
PG02 -18033.869496 -10808.749745  16950.397427    169.338943  3  8  6 237       
PG03 -20089.426450   7905.999561  15198.866397    287.791446  4  6  5 299       
PG05  14483.697731   5129.865830 -21837.915245   -236.500935  3  3  3 388       
PG06   4462.768696  25515.319452   5563.625088   -533.379472  2  7  4 242       
PG07  -9863.782386  13915.278678 -19629.989153   -221.404513  6  6  4 245       
PG08 -26075.639510  -5601.829428  -3087.195718    356.414157  5  6  4 233       
PG09 -18615.529626   8910.397000 -16876.342906    686.861768  1  5  3 232       
PG10   8732.613548 -21915.425306  12118.248840   -539.734880  5  7  5 234       
PG12  20578.171065  -5357.569821  15636.319866   -602.881521  2  2  4 235       
PG13  19241.140361  -4412.647925  17705.771404    437.520630  5 10  4 266       
PG15  26365.644753   2236.495240  -2927.623468    441.797447  1  5  1 240       
PG17  -6213.828366  14359.615052  21846.689101   -196.726382  3  6  2 237       
PG19   7577.689830  16515.240456  19522.971263    704.942162  7  7  5 233       
PG20  22038.376606  10695.788877 -10189.144545    277.154864  4  4  5 258       
PG21   5355.206276  15671.008240 -20751.788363    370.448620  3  7  4 253       
PG22  -6199.742520  21204.434453  15285.335977     72.976117  5  7  2 232       
PG23  16136.849084 -20866.983680   1123.889960    685.600493  5  5  4 432       
PG24  18118.092287   7916.083170  17324.896885    191.196142  2  3  2 225       
PG27 -19271.989822 -12986.745834 -13611.741248      0.448184  3  7  2 228       
PG30   -687.717773  23441.279859 -12016.778308    351.830399  6  8  6 251       
*  2026  9  3 18 30  0.00000000
PG01 -16728.445922  -5075.928439  20011.240033    181.036213  6  8  6 249       
PG02 -18703.825527 -12427.726670  15012.715171    169.345140  3  8  6 220       
PG03 -18980.488423   6375.784272  17193.034054    287.772568  4  7  5 301       
PG05  13048.993464   7146.840706 -22173.912275   -236.501363  3  4  3 388       
PG06   4019.428481  24837.737560   8329.015419   -533.369738  2  7  4 230       
PG07 -10870.318200  11691.138425 -20534.323080   -221.407634  6  6  4 238       
PG08 -25571.419034  -5821.284400  -5814.453352    356.404935  5  6  4 210       
PG09 -20380.069367   8539.945976 -14908.913150    686.853929  1  4  3 210       
PG10   9618.084801 -22752.818450   9546.881230   -539.728425  4  7  4 219       
PG12  19396.195885  -3805.800121  17461.483004   -602.880711  3  1  4 217       
PG13  18095.636218  -2617.498251  19198.473640    437.525056  5 10  4 263       
PG15  25941.694674   2537.176813  -5694.119146    441.800045  2  5  1 232       
PG17  -8554.801698  13851.231035  21395.964365   -196.730478  3  5  2 224       
PG19   5338.407514  16034.274701  20582.295917    704.942257  7  7  4 215       
PG20  20708.004225  10746.893824 -12622.471497    277.163072  4  4  6 254       
PG21   3811.323412  17397.800966 -19686.503943    370.441595  3  8  4 249       
PG22  -7407.165248  22219.732945  13135.648524     72.984092  5  7  3 217       
PG23  16261.568106 -20710.352893  -1806.182726    685.603776  5  5  5 432       
PG24  18870.605290   9753.638190  15584.169740    191.211769  1  3  3 201       
PG27 -17655.958418 -12956.641449 -15690.424050      0.447865  3  7  2 214       
PG30  -1530.137681  22115.015034 -14234.775586    351.841486  7  9  6 219       
*  2026  9  3 18 45  0.00000000
PG01 -17423.210406  -7185.204519  18740.374133    181.028129  6  8  6 246       
PG02 -19345.133693 -13810.404134  12829.396373    169.351606  4  8  7 203       
PG03 -17836.319047   4612.959881  18885.637382    287.753696  4  7  4 303       
PG05  11720.321472   9255.014643 -22134.437831   -236.501655  3  5  4 388       
PG06   3417.824870  23904.938072  10950.147031   -533.360064  3  6  4 223       
PG07 -12018.077594   9444.429375 -21062.484138   -221.410518  6  5  4 235       
PG08 -24780.938781  -6053.907306  -8444.974573    356.395642  5  6  4 185       
PG09 -21926.443582   8278.276847 -12687.665521    686.846075  1  4  4 188       
PG10  10280.516775 -23394.316563   6809.795593   -539.722004  4  7  4 211       
PG12  18174.066948  -2045.449947  18979.767489   -602.880004  3  1  4 208       
PG13  16962.566538   -638.516757  20359.009649    437.529493  5 10  4 262       
PG15  25230.594776   2880.272191  -8363.974510    441.802550  2  5  2 234       
PG17 -10848.497718  13476.951968  20590.247776   -196.734633  3  4  2 217       
PG19   2974.081959  15650.817691  21290.269414    704.942238  7  7  3 211       
PG20  19118.685859  10850.231223 -14837.731025    277.171255  5  4  6 253       
PG21   2442.836049  19090.681270 -18281.979561    370.434592  3  8  4 250       
PG22  -8398.059652  23104.631332  10767.223289     72.991995  5  7  3 206       
PG23  16209.003887 -20283.879533  -4704.571438    685.607037  5  5  5 432       
PG24  19597.766754  11363.777863  13568.629910    191.227416  1  2  4 200       
PG27 -15824.880044 -12994.895291 -17510.338150      0.447337  3  7  2 230       
PG30  -2537.872269  20615.031219 -16201.752263    351.852650  7  9  6 216       
*  2026  9  3 19  0  0.00000000
PG01 -18158.350644  -9107.874767  17147.675190    181.020006  6  8  6 251       
PG02 -19918.220989 -14946.382352  10436.114903    169.357858  5  8  7 223       
PG03 -16700.971145   2639.090599  20246.699425    287.734497  4  7  4 280       
PG05  10523.663343  11412.041580 -21720.096015   -236.501940  3  6  4 388       
PG06   2634.633238  22751.956291  13381.864231   -533.350319  3  6  4 233       
PG07 -13291.046532   7224.487557 -21205.444996   -221.413276  5  4  4 243       
PG08 -23718.338788  -6333.620090 -10935.127306    356.386385  4  7  4 220       
PG09 -23222.224533   8097.828441 -10250.282172    686.838224  1  4  4 227       
PG10  10738.743673 -23801.710928   3954.006896   -539.715515  4  7  4 232       
PG12  16953.480932    -97.312734  20163.869674   -602.879031  3  1  4 228       
PG13  15878.735502   1494.482157  21167.117854    437.534020  5 10  3 256       
PG15  24251.782488   3298.198684 -10892.742929    441.805199  2  5  3 245       
PG17 -13049.500904  13232.390412  19443.217288   -196.738570  3  3  2 233       
PG19    528.670326  15382.104115  21633.157844    704.942582  6  6  2 226       
PG20  17299.805358  11036.479067 -16796.535692    277.179552  5  5  6 258       
PG21   1259.991042  20703.903557 -16562.329663    370.427636  3  8  4 257       
PG22  -9179.658688  23819.507347   8219.185903     73.000292  5  7  3 238       
PG23  16016.149516 -19572.105505  -7520.388900    685.610368  5  4  5 432       
PG24  20261.404587  12732.219456  11315.446506    191.243092  1  2  4 233       
PG27 -13811.858573 -13127.186307 -19041.541478      0.447299  3  7  2 239       
PG30  -3717.524200  18983.436200 -17882.958429    351.863844  7  8  7 239       
*  2026  9  3 19 15  0.00000000
PG01 -18898.245430 -10816.287031  15260.685804    181.011699  6  8  7 245       
PG02 -20383.222251 -15833.251176   7871.859861    169.364120  6  9  7 211       
PG03 -15615.127521    484.184680  21252.138860    287.715510  4  7  4 283       
PG05   9477.484116  13571.969546 -20937.738489   -236.502497  4  7  4 388       
PG06   1653.829086  21419.269564  15582.421906   -533.340796  4  6  4 229       
PG07 -14665.506436   5077.669137 -20961.662605   -221.416185  5  4  4 237       
PG08 -22405.123186  -6691.368849 -13243.593276    356.377039  4  7  4 187       
PG09 -24242.024314   7966.184825  -7638.146873    686.830241  2  3  4 213       
PG10  11018.866650 -23942.832720   1029.027977   -539.709114  4  6  4 223       
PG12  15773.058662   2009.914469  20992.419600   -602.878350  4  1  3 214       
PG13  14876.001709   3745.130038  21608.653869    437.538332  5 10  3 250       
PG15  23031.731697   3819.473426 -13238.842241    441.808139  3  5  3 228       
PG17 -15114.541112  13105.587984  17973.977854   -196.743177  3  3  3 222       
PG19  -1950.678402  15237.927725  21603.367981    704.942737  6  6  1 203       
PG20  15287.460289  11330.945579 -18464.919214    277.187704  6  5  6 251       
PG21    264.644834  22191.951425 -14557.122365    370.420469  4  8  4 251       
PG22  -9766.649866  24328.032537   5533.733163     73.007970  5  7  4 231       
PG23  15723.401353 -18568.578953 -10204.176004    685.613531  5  4  5 432       
PG24  20823.124811  13853.319029   8865.480175    191.258632  2  2  4 199       
PG27 -11655.022167 -13373.210304 -20258.643986      0.447391  4  7  3 232       
PG30  -5067.735714  17264.597525 -19248.804934    351.874880  7  8  7 224       
*  2026  9  3 19 30  0.00000000
PG01 -19604.082495 -12290.472210  13111.947271    181.003539  6  9  7 247       
PG02 -20701.495379 -16476.528979   5178.405486    169.370406  6  9  7 217       
PG03 -14614.496152  -1814.282700  21884.230277    287.696691  5  6  4 284       
PG05   8592.143208  15686.819761 -19800.365376   -236.502943  4  7  4 388       
PG06    467.490610  19951.229054  17514.196573   -533.331116  4  6  4 232       
PG07 -16110.946259   3045.619805 -20337.031442   -221.419127  5  4  4 241       
PG08 -20869.439756  -7153.813582 -15331.978870    356.367805  4  7  4 208       
PG09 -24968.370523   7847.472873  -4895.670786    686.822392  3  2  4 221       
PG10  11153.084401 -23792.945052  -1914.004524   -539.702690  3  6  4 230       
PG12  14666.832179   4240.545081  21450.418824   -602.877561  4  1  3 222       
PG13  13980.076080   6071.715186  21675.849709    437.542771  5 11  3 252       
PG15  21602.936585   4467.510208 -15364.136398    441.810648  3  5  3 238       
PG17 -17003.915263  13077.546730  16206.775023   -196.747474  3  3  3 231       
PG19  -4415.215443  15220.193345  21199.692527    704.942835  6  5  1 217       
PG20  13123.210890  11752.439614 -19813.938148    277.195968  6  5  6 254       
PG21   -549.623235  23511.228574 -12300.873107    370.413385  4  8  4 254       
PG22 -10180.475977  24598.574602   2755.515796     73.015928  5  6  4 236       
PG23  15372.812146 -17276.265808 -12708.824380    685.616822  5  3  5 432       
PG24  21245.875138  14729.965436   6262.442714    191.274276  3  4  4 220       
PG27  -9396.291926 -13745.853722 -21141.181046      0.447001  4  7  3 246       
PG30  -6579.048800  15503.454719 -20275.418160    351.885983  7  7  7 233       
*  2026  9  3 19 45  0.00000000
PG01 -20235.399898 -13518.706373  10738.435654    180.995442  6  9  7 258       
PG02 -20837.112267 -16889.331204   2399.743524    169.376750  7  9  7 243       
PG03 -13728.418432  -4212.651245  22131.938367    287.677883  5  6  3 288       
PG05   7869.616718  17708.252502 -18326.932977   -236.503166  5  8  4 388       
PG06   -923.719610  18394.361556  19144.316332   -533.321376  4  6  4 249       
PG07 -17591.273419   1163.777065 -19344.650815   -221.421973  5  4  4 255       
PG08 -19145.133663  -7742.176920 -17165.388408    356.358617  4  7  4 242       
PG09 -25392.295682   7703.901691  -2069.564594    686.814559  3  2  4 245       
PG10  11178.265949 -23335.865747  -4823.263577   -539.696071  3  5  4 251       
PG12  13662.926648   6553.109604  21529.550922   -602.876818  4  1  3 246       
PG13  13209.572421   8428.607619  21367.458872    437.547269  5 11  4 261       
PG15  20002.709194   5259.628815 -17234.440737    441.813409  4  5  3 251       
PG17 -18682.788899  13123.020702  14170.645900   -196.751651  3  3  3 261       
PG19  -6816.271634  15322.783563  20427.449649    704.942973  6  5  1 244       
PG20  10852.623291  12312.403748 -20820.185248    277.204253  6  5  6 263       
PG21  -1197.071893  24621.689371  -9832.450753    370.406339  4  8  4 264       
PG22 -10448.386250  24605.453156    -69.026079     73.023784  5  6  4 251       
PG23  15006.286303 -15707.589533 -14990.452643    685.620175  5  3  5 432       
PG24  21495.431550  15373.148495   3552.047832    191.289942  4  5  4 248       
PG27  -7080.020554 -14250.614521 -21673.932363      0.446898  4  7  4 258       
PG30  -8234.101863  13743.823384 -20945.075659    351.897156  7  7  6 253       
*  2026  9  3 20  0  0.00000000
PG01 -20751.700545 -14497.759427   8180.926107    180.987196  7  9  7 253       
PG02 -20758.276941 -17091.776802   -418.521122    169.382842  7  9  7 234       
PG03 -12978.748494  -6662.609782  21991.118289    287.659352  5  6  3 312       
PG05   7303.542001  19589.259923 -16542.069511   -236.503476  5  8  4 388       
PG06  -2510.410740  16795.608512  20445.200241   -533.311753  5  6  4 243       
PG07 -19066.261421   -539.830244 -18004.421688   -221.424855  5  4  4 252       
PG08 -17270.606963  -8471.291455 -18712.955417    356.349306  4  6  4 235       
PG09 -25513.617023   7497.386190    791.932925    686.806612  3  2  4 240       
PG10  11134.320960 -22564.767455  -7647.205079   -539.689644  3  5  4 247       
PG12  12782.493860   8901.806242  21228.355484   -602.876314  4  3  3 243       
PG13  12575.348366  10767.843108  20688.784008    437.551645  6 11  3 258       
PG15  18271.837270   6206.304980 -18819.952155    441.815942  4  5  3 247       
PG17 -20122.334373  13211.541530  11899.009213   -196.755477  3  3  4 242       
PG19  -9106.960959  15531.753608  19298.506199    704.943289  5  5  1 237       
PG20   8523.663378  13014.345163 -21466.204740    277.212435  7  5  6 260       
PG21  -1699.050615  25488.345652  -7194.406231    370.399101  4  7  3 260       
PG22 -10602.268033  24330.002296  -2892.370028     73.031673  5  5  5 244       
PG23  14663.793114 -13884.096923 -17009.216429    685.623379  5  3  4 432       
PG24  21541.752439  15801.232255    781.172817    191.305474  5  7  5 241       
PG27  -4751.544535 -14885.291190 -21847.183223      0.447375  4  7  4 244       
PG30 -10008.154236  12026.762250 -21246.513534    351.908198  6  6  6 248       
*  2026  9  3 20 15  0.00000000
PG01 -21114.077856 -15232.822542   5483.296241    180.979002  7  9  7 262       
PG02 -20438.623284 -17110.148495  -3229.810266    169.389208  8  9  7 250       
PG03 -12379.049747  -9112.919811  21464.578110    287.640560  5  6  3 314       
PG05   6879.584174  21285.824548 -14475.700958   -236.503615  6  8  4 388       
PG06  -4274.661180  15200.570782  21394.999786   -533.301992  5  6  4 255       
PG07 -20493.162063  -2045.438583 -16342.494863   -221.427946  5  4  4 261       
PG08 -15287.521448  -9348.879313 -19948.327238    356.340090  3  6  4 251       
PG09 -25340.894486   7191.193370   3639.858714    686.798800  3  3  4 253       
PG10  11062.433784 -21482.614402 -10335.558700   -539.683162  2  4  4 258       
PG12  12038.943162  11238.135702  20552.260323   -602.875684  4  4  3 256       
PG13  12080.162828  13040.804724  19651.586312    437.556109  7 11  4 266       
PG15  16453.150945   7310.680083 -20095.606790    441.818798  5  5  3 256       
PG17 -21300.666998  13308.644495   9429.196028   -196.759769  2  3  4 256       
PG19 -11243.841146  15825.854935  17831.175906    704.943327  5  5  1 252       
PG20   6185.003661  13853.587593 -21740.801595    277.220739  7  5  6 268       
PG21  -2082.973618  26082.591012  -4432.235389    370.391993  3  7  3 267       
PG22 -10677.297387  23761.398375  -5666.654818     73.039893  5  5  4 259       
PG23  14381.672714 -11835.764086 -18730.034335    685.626680  5  3  4 432       
PG24  21360.153560  16038.973780  -2002.952733    191.321099  6  8  5 255       
PG27  -2455.696419 -15639.953346 -21656.924047      0.446775  4  7  5 262       
PG30 -11869.915451  10389.070778 -21175.100363    351.919287  6  5  6 259       
*  2026  9  3 20 30  0.00000000
PG01 -21286.790423 -15737.118675   2691.780179    180.970782  7  9  6 271       
PG02 -19858.346779 -16975.830477  -5987.245797    169.395630  8  9  7 263       
PG03 -11934.140761 -11511.257152  20562.002991    287.621721  5  5  3 316       
PG05   6576.112695  22758.482629 -12162.590092   -236.504113  6  8  4 388       
PG06  -6190.547676  13651.826478  21977.937312   -533.292303  5  6  4 266       
PG07 -21828.405030  -3342.035431 -14390.596851   -221.430583  6  5  5 270       
PG08 -13239.387611 -10375.090830 -20850.097756    356.330863  3  6  5 264       
PG09 -24891.066556   6751.548334   6425.349542    686.790948  3  4  4 265       
PG10  11003.235566 -20102.210444 -12840.311733   -539.676757  2  4  4 268       
PG12  11437.502361  13512.651837  19513.470818   -602.874925  4  5  3 267       
PG13  11718.663325  15199.936269  18273.878077    437.560576  7 11  4 274       
PG15  14590.047312   8568.340942 -21041.368518    441.821638  6  6  4 266       
PG17 -22203.546139  13377.255062   6801.922680   -196.763944  2  3  4 266       
PG19 -13188.463196  16177.374049  16049.986555    704.943611  5  5  1 264       
PG20   3884.308993  14817.354800 -21639.239009    277.228983  7  4  6 274       
PG21  -2381.055774  26383.290787  -1593.589068    370.384983  3  7  3 275       
PG22 -10710.454452  22897.217985  -8344.452685     73.047912  5  5  5 269       
PG23  14191.105081  -9599.972201 -20123.214497    685.629967  4  4  4 432       
PG24  20932.266770  16116.334768  -4753.518571    191.336680  7  8  5 267       
PG27   -235.325973 -16497.199288 -21104.983304      0.447223  4  7  5 267       
PG30 -13782.643062   8861.978347 -20732.876358    351.930368  5  5  6 269       
*  2026  9  3 20 45  0.00000000
PG01 -21238.725581 -16031.212354   -145.814505    180.962494  7  9  6 264       
PG02 -19005.127915 -16724.054814  -8644.353212    169.401862  8  8  7 254       
PG03 -11640.007262 -13806.095891  19299.744481    287.602864  5  5  3 316       
PG05   6365.164927  23973.734085  -9641.792950   -236.504354  6  7  4 388       
PG06  -8224.983824  12187.385290  22184.538261   -533.282655  5  6  4 257       
PG07 -23029.307374  -4427.466581 -12185.262267   -221.433696  6  5  5 263       
PG08 -11170.086617 -11542.321437 -21402.182499    356.321581  3  6  5 255       
PG09 -24188.775664   6149.137788   9100.473381    686.783052  3  4  4 255       
PG10  10994.993391 -18445.850425 -15116.660235   -539.670387  1  3  4 259       
PG12  10975.126292  15676.754586  18130.719549   -602.874177  4  5  2 258       
PG13  11477.703296  17200.420572  16579.602253    437.564911  8 11  4 267       
PG15  12725.021252   9967.371715 -21642.451731    441.824105  6  5  4 259       
PG17 -22824.814848  13379.190046   4060.707835   -196.768268  2  3  4 258       
PG19 -14908.743693  16553.258801  13985.313589    704.943528  5  5  2 255       
PG20   1666.567828  15885.182795 -21163.320407    277.237173  6  4  6 270       
PG21  -2628.860484  26377.595008   1272.555487    370.377723  3  6  3 269       
PG22 -10738.955919  21743.699370 -10879.560852     73.055795  4  4  5 261       
PG23  14116.804654  -7220.196589 -21164.969557    685.633186  4  4  4 432       
PG24  20246.755643  16067.137568  -7424.856874    191.352353  8  9  5 266       
PG27   1870.119982 -17432.697197 -20199.088091      0.446605  5  7  5 264       
PG30 -15705.461683   7470.076785 -19928.460268    351.941405  5  5  5 261       
*  2026  9  3 21  0  0.00000000
PG01 -20944.696113 -16142.046151  -2980.914242    180.954311  7  9  6 273       
PG02 -17874.809525 -16392.495234 -11155.790298    169.408281  8  8  6 266       
PG03 -11484.081055 -15948.557643  17700.481738    287.583516  5  5  3 291       
PG05   6213.662725  24905.245398  -6956.038361   -236.504353  6  7  4 388       
PG06 -10338.834290  10839.336625  22011.756000   -533.272870  5  6  4 268       
PG07 -24055.719251  -5308.176003  -9767.002125   -221.436750  7  5  5 272       
PG08  -9122.375244 -12835.317479 -21594.129675    356.312425  3  6  5 267       
PG09 -23265.406787   5360.451857  11619.054352    686.775220  3  4  4 267       
PG10  11071.896174 -16544.585155 -17123.901754   -539.663870  1  3  4 270       
PG12  10640.755035  17684.450108  16428.883476   -602.873491  4  6  3 269       
PG13  11336.976182  19001.757062  14598.205139    437.569411  9 11  4 275       
PG15  10898.249080  11488.672145 -21889.481606    441.826922  6  5  4 269       
PG17 -23166.559290  13276.722777   1251.236314   -196.771898  3  2  4 269       
PG19 -16380.099043  16916.490553  11672.881651    704.943692  4  5  2 268       
PG20   -427.466198  17029.644885 -20321.354589    277.245504  6  3  6 276       
PG21  -2863.717037  26061.442433   4116.746965    370.370710  3  6  3 274       
PG22 -10798.662030  20315.690091 -13227.800852     73.063849  3  4  5 272       
PG23  14175.992757  -4744.464314 -21837.811169    685.636521  4  4  4 432       
PG24  19299.771056  15927.619211  -9973.110927    191.368023  8  8  5 275       
PG27   3825.909494 -18415.997660 -18952.846046      0.446776  5  7  6 273       
PG30 -17594.847183   6230.536526 -18776.829943    351.952570  4  5  6 270       
*  2026  9  3 21 15  0.00000000
PG01 -20386.520680 -16101.741420  -5764.998408    180.946010  7  8  5 259       
PG02 -16471.796385 -16019.753890 -13478.093866    169.414108  8  8  6 249       
PG03 -11445.870990 -17894.151563  15792.764614    287.564557  5  5  4 288       
PG05   6084.838212  25534.798436  -4151.037641   -236.504792  6  7  3 388       
PG06 -12488.261216   9632.740759  21462.989730   -533.263267  5  5  5 251       
PG07 -24871.539763  -5998.605415  -7179.436230   -221.439668  7  5  5 259       
PG08  -7136.425470 -14231.572534 -21421.360126    356.303038  3  6  5 247       
PG09 -22157.874111   4368.910453  13937.477012    686.767246  3  4  3 247       
PG10  11262.513615 -14437.128626 -18826.245128   -539.657539  1  2  4 252       
PG12  10415.908156  19494.004979  14438.479658   -602.872819  4  6  4 252       
PG13  11269.940315  20569.177022  12364.110497    437.573693  9 10  5 262       
PG15   9146.268967  13106.529175 -21778.594444    441.829553  6  5  4 252       
PG17 -23238.977722  13034.158025  -1579.326625   -196.776477  4  1  4 251       
PG19 -17586.289312  17227.647961   9153.140125    704.944051  3  4  3 251       
PG20  -2362.662011  18217.361165 -19128.004878    277.253645  6  3  6 266       
PG21  -3123.070150  25439.735881   6889.920628    370.363484  3  6  2 260       
PG22 -10922.518787  18636.274748 -15347.812230     73.071759  3  4  5 256       
PG23  14377.687404  -2223.644477 -22130.818601    685.639696  5  5  5 432       
PG24  18095.139457  15734.937164 -12356.846351    191.383505  9  8  6 261       
PG27   5603.181133 -19411.595796 -17385.642035      0.446670  5  7  6 268       
PG30 -19406.214119   5152.633809 -17298.985527    351.963521  5  5  6 253       
*  2026  9  3 21 30  0.00000000
PG01 -19553.846719 -15946.209606  -8450.416671    180.937809  6  8  5 256       
PG02 -14809.153076 -15643.792782 -15570.435027    169.420581  9  7  6 245       
PG03 -11497.916360 -19604.336147  13610.451160    287.545696  6  4  5 289       
PG05   5939.816260  25852.946725  -1274.733212   -236.505345  6  6  3 388       
PG06 -14626.251130   8584.802530  20547.997461   -533.253568  5  5  6 249       
PG07 -25446.046750  -6520.293940  -4468.415301   -221.442578  8  5  5 258       
PG08  -5248.450777 -15702.006246 -20885.328719    356.293751  3  6  6 244       
PG09 -20907.200797   3165.728032  16015.455473    686.759401  3  4  3 244       
PG10  11588.497024 -12168.453152 -20193.515186   -539.651119  1  1  3 250       
PG12  10275.586608  21069.426884  12195.053724   -602.872082  4  6  4 249       
PG13  11244.996987  21874.841562   9916.105355    437.578062 10 10  5 260       
PG15   7500.798709  14789.422270 -21311.479778    441.832469  5  4  4 247       
PG17 -23059.958140  12619.360202  -4383.065437   -196.780383  4  1  4 249       
PG19 -18519.931064  17446.597664   6470.523480    704.944371  2  4  3 252       
PG20  -4110.674707  19410.252710 -17604.025351    277.261883  5  2  6 265       
PG21  -3442.827050  24526.181991   9544.251667    370.356335  4  5  2 258       
PG22 -11139.097268  16736.088512 -17201.825392     73.079831  3  4  5 254       
PG23  14722.336086    290.358771 -22039.779412    685.642989  5  5  5 432       
PG24  16644.285032  15525.678582 -14537.603897    191.398955  9  8  6 249       
PG27   7179.898609 -20380.211850 -15522.443195      0.446168  5  7  6 271       
PG30 -21095.541500   4237.602626 -15521.506669    351.974578  5  5  6 250       
*  2026  9  3 21 45  0.00000000
PG01 -18444.684205 -15713.627497 -10991.191766    180.929560  6  8  5 250       
PG02 -12908.385332 -15300.366519 -17395.370896    169.426889  8  7  6 236       
PG03 -11607.020104 -21047.842482  11192.054180    287.526815  6  4  5 289       
PG05   5739.294232  25859.350984   1623.503403   -236.505436  6  6  3 388       
PG06 -16704.264646   7704.356126  19282.707407   -533.243877  4  4  6 241       
PG07 -25754.996036  -6900.728033  -1681.154899   -221.445843  8  5  4 252       
PG08  -3489.469956 -17211.907694 -19993.599468    356.284446  4  6  6 233       
PG09 -19556.945483   1750.480135  17816.752901    686.751500  4  4  2 232       
PG10  12063.579708  -9788.132964 -21201.733681   -539.644728  2  1  3 240       
PG12  10189.440845  22381.712794   9738.477823   -602.871646  5  6  4 245       
PG13  11226.874016  22898.776106   7296.649505    437.582395 10 10  5 254       
PG15   5987.727341  16501.036745 -20495.364865    441.834822  5  4  4 241       
PG17 -22654.373667  12005.177736  -7112.081946   -196.785087  5  1  4 241       
PG19 -19182.652832  17534.239494   3672.611905    704.943963  1  4  4 235       
PG20  -5650.840596  20566.991082 -15775.889404    277.270102  4  2  6 262       
PG21  -3855.767506  23342.801749  12033.985836    370.349185  4  5  2 253       
PG22 -11471.290704  14652.334805 -18756.396742     73.087699  4  5  5 245       
PG23  15201.802383   2746.437796 -21567.203351    685.646215  5  5  5 432       
PG24  14965.895359  15334.422526 -16480.394490    191.414501  9  7  6 239       
PG27   8541.564418 -21280.249878 -13393.506637      0.445609  5  7  6 269       
PG30 -22620.971957   3478.811400 -13476.016978    351.985633  6  4  6 240       
*  2026  9  3 22  0  0.00000000
PG01 -17065.629481 -15442.834789 -13343.794975    180.921291  5  7  5 246       
PG02 -10798.900861 -15021.516392 -18919.577977    169.433056  8  7  6 236       
PG03 -11735.708337 -22201.709513   8580.012940    287.508120  5  3  6 302       
PG05   5445.254569  25562.777361   4493.712061   -236.505540  6  6  3 388       
PG06 -18673.947265   6991.677865  17688.932334   -533.234179  3  4  7 238       
PG07 -25781.458038  -7171.998349   1134.600825   -221.448864  8  5  4 250       
PG08  -1884.256266 -18722.115344 -18759.826865    356.275126  4  6  7 225       
PG09 -18151.535829    131.346312  19309.837291    686.743586  4  4  2 224       
PG10  12692.920393  -7348.508504 -21833.562023   -539.638346  3  2  3 235       
PG12  10123.152916  23409.816755   7112.176593   -602.870968  5  6  5 241       
PG13  11178.159042  23629.505891   4551.122108    437.586747 11  9  6 251       
PG15   4626.312449  18201.453816 -19342.941141    441.837659  4  3  5 233       
PG17 -22053.115110  11170.707834  -9719.291592   -196.789349  6  1  4 237       
PG19 -19584.883124  17454.229754    809.211959    704.943907  1  4  4 225       
PG20  -6970.769957  21644.586041 -13675.317916    277.278278  3  2  6 261       
PG21  -4390.079667  21919.131019  14316.232464    370.342050  5  5  2 251       
PG22 -11935.226119  12427.538166 -19983.088141     73.095657  5  5  5 240       
PG23  15799.702563   5096.065473 -20722.213539    685.649455  5  5  5 432       
PG24  13085.346863  15192.400329 -18154.138147    191.429996  8  6  6 231       
PG27   9681.659371 -22069.385505 -11033.985451      0.446094  5  6  6 255       
PG30 -23944.322125   2862.251174 -11198.570225    351.996656  6  4  6 233       
*  2026  9  3 22 15  0.00000000
PG01 -15431.769951 -15171.715295 -15467.881948    180.912988  5  7  6 246       
PG02  -8517.157708 -14834.187072 -20114.549982    169.439578  8  7  6 231       
PG03 -11843.854588 -23051.994637   5819.906994    287.489224  5  3  7 304       
PG05   5022.643228  24980.754597   7286.209158   -236.506043  6  5  2 388       
PG06 -20488.837861   6438.631708  15793.992393   -533.224415  2  3  7 238       
PG07 -25516.371927  -7369.323443   3931.371856   -221.451721  8  5  4 251       
PG08   -450.514975 -20190.395872 -17203.636452    356.265878  4  6  7 227       
PG09 -16734.573809  -1674.983461  20468.460117    686.735770  5  4  2 220       
PG10  13472.816794  -4902.751428 -22078.596286   -539.631886  4  3  3 235       
PG12  10039.972271  24141.302403   4362.300643   -602.870316  6  6  6 242       
PG13  11060.921055  24064.368973   1727.019959    437.591139 11  9  6 247       
PG15   3428.609687  19848.481121 -17872.231041    441.840356  4  3  5 231       
PG17 -21291.890546  10102.349146 -12159.237080   -196.793347  6  1  4 234       
PG19 -19745.278091  17174.605955  -2068.619451    704.944219  1  4  4 229       
PG20  -8066.615874  22600.049039 -11338.716129    277.286532  3  2  6 261       
PG21  -5068.079462  20291.142422  16351.705745    370.334991  5  4  2 251       
PG22 -12539.440676  10108.075605 -20859.072148     73.103518  5  5  5 237       
PG23  16492.074227   7294.962907 -19520.321411    685.652750  6  5  6 432       
PG24  11033.912543  15126.294959 -19532.048845    191.445517  8  5  6 229       
PG27  10601.783382 -22706.226098  -8483.430725      0.445949  5  6  6 257       
PG30 -25032.447192   2367.310082  -8728.973369    352.007729  7  4  6 232       
*  2026  9  3 22 30  0.00000000
PG01 -13566.272306 -14935.623724 -17326.977101    180.904839  5  7  6 251       
PG02  -6105.521210 -14759.026071 -20957.240742    169.446104  7  7  7 237       
PG03 -11890.401800 -23594.136770   2959.629375    287.470371  5  3  7 305       
PG05   4440.946952  24138.899618   9952.462281   -236.506186  6  5  2 388       
PG06 -22106.011957   6029.140154  13630.252910   -533.214693  2  3  7 245       
PG07 -24958.809224  -7529.500680   6662.681882   -221.454966  8  5  4 255       
PG08    801.674417 -21572.974991 -15350.398867    356.256640  4  6  7 239       
PG09 -15347.179274  -3643.738562  21272.145530    686.727980  4  4  2 234       
PG10  14390.798964  -2502.913960 -21933.510062   -539.625397  5  3  3 244       
PG12   9902.339940  24572.659376   1536.867253   -602.869435  6  6  6 246       
PG13  10838.355486  24209.496194  -1126.877318    437.595592 11  8  6 252       
PG15   2399.155072  21399.082980 -16106.392722    441.843371  3  3  5 239       
PG17 -20409.831896   8794.595471 -14388.905972   -196.797713  6  1  4 244       
PG19 -19689.813175  16669.240328  -4909.581981    704.944433  3  4  5 241       
PG20  -8943.010346  23392.067198  -8806.530021    277.294774  2  2  6 264       
PG21  -5905.163982  18499.930725  18105.401322    370.327907  5  4  2 257       
PG22 -13284.363583   7742.540812 -21367.644695     73.111570  4  5  5 246       
PG23  17248.346289   9304.588425 -17983.093986    685.656040  6  4  6 432       
PG24   8847.779679  15157.215056 -20591.967410    191.461066  8  4  5 240       
PG27  11311.483290 -23151.980669  -5785.190012      0.446118  5  6  6 255       
PG30 -25858.409834   1967.798306  -6110.061661    352.018878  7  4  6 244       
*  2026  9  3 22 45  0.00000000
PG01 -11499.668826 -14765.918361 -18889.095500    180.896581  5  7  6 250       
PG02  -3610.864130 -14809.422127 -21430.631382    169.452252  6  7  7 238       
PG03 -11835.112773 -23832.963308     48.536133    287.451449  5  4  7 307       
PG05   3675.605042  23069.934457  12445.957947   -236.506262  6  5  3 388       
PG06 -23487.599514   5739.961427  11234.584430   -533.204953  2  3  7 244       
PG07 -24115.949338  -7689.342869   9283.738833   -221.458046  8  5  4 255       
PG08   1870.123576 -22826.165452 -13230.893336    356.247337  5  6  7 237       
PG09 -14026.437492  -5742.819876  21706.579208    686.720123  4  4  2 230       
PG10  15426.094417   -198.045477 -21402.045859   -539.618918  5  4  3 242       
PG12   9673.533841  24709.277275  -1315.112548   -602.868859  7  6  6 247       
PG13  10476.387647  24079.460727  -3961.359509    437.599972 11  8  6 250       
PG15   1534.913993  22810.865910 -14073.459458    441.845795  4  3  5 237       
PG17 -19447.957759   7250.531445 -16368.536520   -196.801828  6  2  4 242       
PG19 -19450.579224  15919.057334  -7663.142476    704.944530  4  4  5 238       
PG20  -9612.672001  23982.622325  -6122.534346    277.302970  3  3  6 264       
PG21  -6909.039959  16590.212944  19547.196526    370.320689  5  4  2 255       
PG22 -14162.132544   5380.004892 -21498.627878     73.119423  4  5  5 242       
PG23  18032.568423  11093.393723 -16137.723534    685.659266  6  4  6 432       
PG24   6566.909628  15299.873972 -21316.644039    191.476564  7  4  5 237       
PG27  11827.765390 -23372.072826  -2985.706117      0.446629  5  5  5 241       
PG30 -26402.412591   1633.179213  -3386.940647    352.029982  7  4  6 243       
*  2026  9  3 23  0  0.00000000
PG01  -9268.867628 -14688.656102 -20127.291998    180.888279  6  7  7 244       
PG02  -1082.957731 -14990.831609 -21524.200377    169.458456  6  6  7 224       
PG03 -11640.280292 -23782.346469  -2863.411500    287.432206  5  5  8 296       
PG05   2709.196798  21812.430255  14723.045277   -236.506399  6  5  3 388       
PG06 -24602.121665   5541.742904   8647.753057   -533.195319  3  3  7 243       
PG07 -23002.778778  -7884.155475  11752.053636   -221.461176  8  5  4 252       
PG08   2760.491022 -23908.030903 -10880.859018    356.237935  5  6  7 222       
PG09 -12804.012799  -7933.847348  21763.887735    686.712224  3  4  2 215       
PG10  16550.440327   1967.545671 -20494.860458   -539.612549  6  4  4 238       
PG12   9319.268995  24565.084843  -4144.502472   -602.868225  7  7  7 238       
PG13   9945.171393  23696.612818  -6727.639840    437.604251 11  7  6 248       
PG15    825.503559  24043.571839 -11806.010100    441.848823  4  3  5 231       
PG17 -18447.549747   5482.001355 -18062.394133   -196.806021  6  4  3 235       
PG19 -19064.337468  14912.961733 -10280.522186    704.944538  4  4  5 223       
PG20 -10095.702591  24338.491873  -3333.065649    277.311133  3  4  5 258       
PG21  -8079.257552  14608.701416  20652.364170    370.313528  5  4  2 238       
PG22 -15156.759856   3068.244056 -21248.647492     73.127260  4  5  5 241       
PG23  18804.849090  12637.803306 -14016.510893    685.662469  7  4  7 432       
PG24   4233.775479  15561.998278 -21693.971299    191.492146  7  4  5 219       
PG27  12174.303438 -23337.628789   -133.724008      0.446219  5  6  5 249       
PG30 -26652.462780   1329.955792   -606.209254    352.041033  8  4  6 230       
*  2026  9  3 23 15  0.00000000
PG01  -6915.923125 -14723.500310 -21020.128367    180.880089  6  7  7 245       
PG02   1427.286211 -15300.431863 -21234.275649    169.464821  6  6  8 227       
PG03 -11272.331358 -23464.527840  -5726.497146    287.413306  5  6  8 297       
PG05   1532.353878  20409.325791  16743.738104   -236.506770  6  5  3 388       
PG06 -25425.597404   5400.310810   5913.749884   -533.185516  5  3  7 245       
PG07 -21641.533687  -8146.304355  14027.996985   -221.464206  9  5  4 254       
PG08   3485.922680 -24780.020008  -8340.435591    356.228662  5  6  7 227       
PG09 -11704.984287 -10173.463699  21442.801445    686.704400  3  4  3 219       
PG10  17729.203230   3955.815608 -19229.233829   -539.606509  6  4  4 295       
PG12   8809.190208  24161.875167  -6902.888646   -602.867429  8  7  7 239       
PG13   9220.424508  23090.127525  -9378.195491    437.608719 12  6  6 250       
PG15    253.686873  25060.529304  -9340.767029    441.851524  5  3  6 232       
PG17 -17448.505686   3509.434260 -19439.499303   -196.810374  6  4  3 239       
PG19 -18570.898794  13648.437871 -12715.634690    704.944645  5  5  5 226       
PG20 -10418.601540  24432.573701   -486.214400    277.319385  3  5  6 260       
PG21  -9407.067661  12602.412722  21401.991488    370.306414  4  4  2 241       
PG22 -16244.647862    852.008393 -20621.272818     73.135417  5  5  6 248       
PG23  19522.944444  13922.884787 -11656.274327    685.665764  7  4  7 432       
PG24   1892.016318  15943.984233 -21717.167399    191.507728  7  4  4 224       
PG27  12380.366619 -23026.774252   2720.582022      0.446046  4  6  5 252       
PG30 -26604.749676   1023.157250   2184.822936    352.052177  8  4  7 236       
*  2026  9  3 23 30  0.00000000
PG01  -4486.612156 -14882.884147 -21552.050276    180.871946  7  7  7 245       
PG02   3869.652250 -15727.127363 -20564.249690    169.470968  6  5  8 232       
PG03 -10703.265571 -22909.141977  -8492.077665    287.394365  5  7  8 299       
PG05    144.357361  18906.278047  18472.458148   -236.506764  6  6  4 388       
PG06 -25942.379506   5278.147697   3079.068957   -533.175782  6  3  7 246       
PG07 -20060.911779  -8503.918156  16075.295724   -221.467154  9  5  4 255       
PG08   4066.384853 -25408.503502  -5653.498037    356.219398  6  6  7 230       
PG09 -10746.950793 -12414.844275  20748.696066    686.696568  4  5  4 221       
PG10  18922.754260   5736.235561 -17628.654623   -539.600061  7  4  5 294       
PG12   8118.200909  23528.349244  -9543.392051   -602.866691  9  8  7 239       
PG13   8284.549116  22294.804139 -11867.580027    437.613110 12  6  6 249       
PG15   -203.870778  25830.011929  -6718.118577    441.854142  5  3  6 234       
PG17 -16487.736746   1361.322488 -20474.287000   -196.814494  6  5  4 239       
PG19 -18011.400057  12131.796779 -14925.951171    704.945083  6  5  5 237       
PG20 -10613.038649  24244.983614   2369.009097    277.327612  4  5  6 261       
PG21 -10875.608377  10616.977563  21783.297572    370.299274  4  5  2 242       
PG22 -17395.437392  -1228.594006 -19627.009864     73.143680  5  5  7 255       
PG23  20143.936081  14942.689845  -9097.696198    685.669026  7  4  7 432       
PG24   -414.950861  16438.814308 -21384.908298    191.523260  7  5  4 226       
PG27  12479.505663 -22425.679066   5526.544473      0.446312  4  6  5 243       
PG30 -26263.724697    677.868436   4938.912217    352.063324  8  3  7 239       
*  2026  9  3 23 45  0.00000000
PG01  -2028.868723 -15171.462445 -21713.667213    180.863185  8  7  7 294       
PG02   6196.459362 -16251.918901 -19524.641979    169.477337  7  5  8 239       
PG03  -9911.875320 -22151.980358 -11113.377572    287.375437  5  7  8 301       
PG05  -1446.608216  17349.910018  19878.702676   -236.506843  6  6  4 388       
PG06 -26145.688584   5136.002383    191.943907   -533.166019  6  3  7 250       
PG07 -18295.084935  -8979.763182  17861.471623   -221.470330  9  5  4 259       
PG08   4527.710700 -25766.148099  -2866.894492    356.210150  6  6  8 239       
PG09  -9939.441743 -14609.354170  19693.511017    686.688614  5  5  4 233       
PG10  20088.038610   7286.725255 -15722.297781   -539.593540  7  5  5 293       
PG12   7227.579909  22698.919991 -12021.433427   -602.865735  9  8  7 241       
PG13   7127.494235  21349.665271 -14153.194030    437.617595 12  5  6 254       
PG15   -575.603037  26326.453772  -3981.564032    441.857151  6  3  6 239       
PG17 -15597.676430   -926.634558 -21147.177455   -196.818486  6  6  4 243       
PG19 -17426.553592  10378.064367 -16873.273111    704.945173  6  6  5 243       
PG20 -10714.434187  23763.883784   5183.520106    277.335851  5  6  5 264       
PG21 -12460.413358   8695.016340  21789.844535    370.292197  4  5  3 249       
PG22 -18573.156917  -3139.526915 -18283.143737     73.151357  6  5  7 252       
PG23  20625.933587  15700.258150  -6384.619732    685.672461  7  4  7 432       
PG24  -2645.318896  17032.239270 -20701.405934    191.538830  7  5  4 237       
PG27  12508.048007 -21529.297413   8233.981360      0.446155  4  7  4 250       
PG30 -25641.886035    260.744753   7609.640379    352.074481  9  4  7 248       
EOF
