%=ORBEX  0.09
%%
+FILE/DESCRIPTION
 DESCRIPTION         Attitude quaternions for CODE final product 26248
 CREATED_BY          CODE IGS-AC
 CREATION_DATE       2026 09 11 13 57 28
 INPUT_DATA          F1_26248.STD
 CONTACT             code@aiub.unibe.ch
 TIME_SYSTEM         GPS
 START_TIME          2026 09 05 09 58 00.000000000000
 END_TIME            2026 09 05 11 02 00.000000000000
 EPOCH_INTERVAL        30.000
 COORD_SYSTEM        IGC20
 FRAME_TYPE          ECEF
 LIST_OF_REC_TYPES   ATT
-FILE/DESCRIPTION
+SATELLITE/ID_AND_DESCRIPTION
 G04
 G05
 G06
 G07
 G09
 G11
 G13
 G14
 G15
 G17
 G18
 G19
 G20
 G21
 G22
 G24
 G25
 G26
 G28
 G29
 G30
 G31
-SATELLITE/ID_AND_DESCRIPTION
+EPHEMERIS/DATA
*ATT RECORDS: ECEF --> SAT. BODY FRAME
## 2026 09 05 09 58 00.000000000000 22
 ATT G04              4  0.1721923559451393 -0.9328136557396099 -0.2069351091596708  0.2395544548048415
 ATT G05              4  0.6103808400878850  0.7731962254806555  0.0456459507371497  0.1658893430494596
 ATT G06              4  0.2885635008210954  0.8308966042163983  0.3638517884200317 -0.3065188659105332
 ATT G07              4  0.4624509881689597  0.3835743199264639  0.6229952368322762 -0.5008859745678717
 ATT G09              4  0.1211663043870774  0.8722388686155250  0.3319937485518332 -0.3380802178181860
 ATT G11              4  0.2993543933496370  0.9111775690470918  0.2767243302131391 -0.0597162449907559
 ATT G13              4  0.6000672422034856  0.7551851925680590 -0.0184773515109477  0.2631980570623423
 ATT G14              4  0.9111405984065923  0.1497500656692236  0.2712925708088388 -0.2716579996820897
 ATT G15              4  0.9144328513841358  0.3594092826964982 -0.1368094777735235 -0.1261772349213857
 ATT G17              4  0.7778727891333852  0.4078285202951845  0.3711431876066347 -0.3014009891371917
 ATT G18              4  0.3608403697463020 -0.5090368195107799 -0.4756574287854928 -0.6200207693173534
 ATT G19              4  0.6614652093888944  0.6254345641623293  0.3297322979742749 -0.2501439473419063
 ATT G20              4  0.8525845260824387  0.4976012527386628  0.0812231156982579 -0.1374606293960834
 ATT G21              4  0.4678196883557413  0.8572766919372747  0.2143526506407543  0.0165636291647255
 ATT G22              4  0.9092305733283030  0.2921942126077954  0.1750176376754637 -0.2393556624483723
 ATT G24              4  0.9059281578970363  0.2600245479116754 -0.2988711645948844 -0.1495240254484612
 ATT G25              4  0.2365372952950474  0.8629575447447511  0.1859435346790966  0.4059302721079837
 ATT G26              4  0.3791374130839246 -0.9023302611209717 -0.1879182697505660 -0.0821075255950694
 ATT G28              4  0.2800597701926945 -0.8296834553992025 -0.3023160879581883 -0.3765592541926364
 ATT G29              4  0.0291259869620143 -0.8982078641363205 -0.2699491675227998 -0.3456902611311294
 ATT G30              4  0.7628988117499242  0.2782948851075221  0.4739216127993501 -0.3404932670042252
 ATT G31              4  0.2896634512260988 -0.9065424815655032 -0.2432024422877389 -0.1874256818211599
## 2026 09 05 09 58 30.000000000000 22
 ATT G04              4  0.1740724289216497 -0.9332092572511608 -0.2049983218453878  0.2383169312294702
 ATT G05              4  0.6089245426121234  0.7742914517393181  0.0464730217205085  0.1659033074420309
 ATT G06              4  0.2889571141894403  0.8302574721413901  0.3637325680352746 -0.3080177512143857
 ATT G07              4  0.4586191523245488  0.3876829872012943  0.6218493719613361 -0.5026666222727472
 ATT G09              4  0.1188724071835758  0.8734006164218476  0.3301077812789224 -0.3377418641261826
 ATT G11              4  0.2993973574619629  0.9111582206723079  0.2763616493776969 -0.0614504515793813
 ATT G13              4  0.6021254591114641  0.7539604970734151 -0.0205261212930958  0.2618533534008736
 ATT G14              4  0.9113432609156943  0.1481363074987881  0.2723231953054767 -0.2708305235433988
 ATT G15              4  0.9141812500597617  0.3610466126011090 -0.1356196491107786 -0.1246005471236320
 ATT G17              4  0.7791259621512826  0.4060154992579660  0.3710185584419828 -0.3007646567596973
 ATT G18              4  0.3562294211102723 -0.5129017057687172 -0.4733738518030897 -0.6212484496432115
 ATT G19              4  0.6627869846230279  0.6240093116648739  0.3296583867778816 -0.2503020974679450
 ATT G20              4  0.8518484808760469  0.4988667744550896  0.0823301290609905 -0.1367766676840381
 ATT G21              4  0.4664425945354942  0.8580136519750899  0.2144631955757194  0.0157929342055368
 ATT G22              4  0.9096651987005696  0.2906188738470341  0.1758736655692878 -0.2389944564130305
 ATT G24              4  0.9065973089542521  0.2604361164798002 -0.2970266140362083 -0.1484235129082211
 ATT G25              4  0.2388410033410481  0.8626868979629513  0.1836986162133730  0.4061786671003261
 ATT G26              4  0.3777810087734936 -0.9028108886919803 -0.1879187877751759 -0.0830694761653747
 ATT G28              4  0.2803483318226582 -0.8289848166692422 -0.3020577253307710 -0.3780874464249231
 ATT G29              4  0.0271599927498601 -0.8990090839046324 -0.2685108420051383 -0.3448868358990756
 ATT G30              4  0.7619422263517953  0.2787507610595714  0.4752692355058701 -0.3403839166183503
 ATT G31              4  0.2896616284692297 -0.9062849954557861 -0.2428163548757024 -0.1891662385552441
## 2026 09 05 09 59 00.000000000000 22
 ATT G04              4  0.1759486923257279 -0.9335953203624883 -0.2030667302205264  0.2370774948063952
 ATT G05              4  0.6074697827862704  0.7753835487876514  0.0472916859757999  0.1659045258835331
 ATT G06              4  0.2893568558880677  0.8296123575334957  0.3636175038704672 -0.3095129352019096
 ATT G07              4  0.4547085018185705  0.3918784740717202  0.6206186050986054 -0.5044838817431139
 ATT G09              4  0.1165773404187940  0.8745559289129429  0.3282130986450636 -0.3373985962951077
 ATT G11              4  0.2994434113223894  0.9111340622478444  0.2760003534388261 -0.0631836128200827
 ATT G13              4  0.6041754583914751  0.7527278670271231 -0.0225584960716225  0.2605069825038082
 ATT G14              4  0.9115428425389536  0.1465215310584307  0.2733552655851815 -0.2699962702134160
 ATT G15              4  0.9139223097929863  0.3626810422402021 -0.1344310005262057 -0.1230316193494170
 ATT G17              4  0.7803776276441865  0.4041987289878795  0.3708939828160634 -0.3001196415895744
 ATT G18              4  0.3515818133945407 -0.5167826135064538 -0.4710301371073201 -0.6224600941460519
 ATT G19              4  0.6641092400385947  0.6225793383402357  0.3295872985799460 -0.2504517865417832
 ATT G20              4  0.8511074893742331  0.5001321174330513  0.0834323484638459 -0.1360990443494476
 ATT G21              4  0.4650661600043949  0.8587483102217773  0.2145677304544801  0.0150165095020878
 ATT G22              4  0.9100970019968802  0.2890430328593216  0.1767336023699996 -0.2386269178133546
 ATT G24              4  0.9072599808357055  0.2608436147964878 -0.2951839590971018 -0.1473308049447249
 ATT G25              4  0.2411495244732093  0.8624090967740969  0.1814450916737970  0.4064174397772841
 ATT G26              4  0.3764254846694768 -0.9032886227322098 -0.1879132707125656 -0.0840364279583917
 ATT G28              4  0.2806416535183119 -0.8282812733896479 -0.3018021714135922 -0.3796127550446305
 ATT G29              4  0.0251948452060627 -0.8998038146678339 -0.2670706630206846 -0.3440807693521280
 ATT G30              4  0.7609800445701060  0.2792134369619635  0.4766124385212493 -0.3402790205593025
 ATT G31              4  0.2896630204622473 -0.9060229076918547 -0.2424312638016200 -0.1909054940169007
## 2026 09 05 09 59 30.000000000000 22
 ATT G04              4  0.1778211545941794 -0.9339718736693723 -0.2011404073439847  0.2358361988898523
 ATT G05              4  0.6060165719273576  0.7764725319028719  0.0481019803706888  0.1658931018281944
 ATT G06              4  0.2897627665760295  0.8289612401874750  0.3635066441305900 -0.3110043746412084
 ATT G07              4  0.4507167071450981  0.3961621684108827  0.6192997526091509 -0.5063376369958281
 ATT G09              4  0.1142811567275279  0.8757047274153267  0.3263098044489759 -0.3370503806850556
 ATT G11              4  0.2994925677394104  0.9111050931845598  0.2756404561464870 -0.0649157144100669
 ATT G13              4  0.6062172048852958  0.7514874236254423 -0.0245743388745623  0.2591591296920422
 ATT G14              4  0.9117393315314837  0.1449057186566621  0.2743887510224848 -0.2691552290992010
 ATT G15              4  0.9136560687864590  0.3643125892136306 -0.1332435709256939 -0.1214704742606460
 ATT G17              4  0.7816277486303717  0.4023782245862589  0.3707694314686876 -0.2994659507159634
 ATT G18              4  0.3468986114720343 -0.5206781251464834 -0.4686265242421495 -0.6236544108153543
 ATT G19              4  0.6654319578992566  0.6211446515877422  0.3295190168826698 -0.2505929941618204
 ATT G20              4  0.8503615716487789  0.5013972896068573  0.0845297563349554 -0.1354277509666032
 ATT G21              4  0.4636903879306228  0.8594806582256830  0.2146662632551100  0.0142343843135986
 ATT G22              4  0.9105259724044650  0.2874666868659774  0.1775974220454067 -0.2382530444758896
 ATT G24              4  0.9079162265808831  0.2612471578698118 -0.2933431749462185 -0.1462457853360275
 ATT G25              4  0.2434628404252865  0.8621240673841155  0.1791830331126637  0.4066465030141911
 ATT G26              4  0.3750708413217426 -0.9037634560026595 -0.1879017300035289 -0.0850083492723688
 ATT G28              4  0.2809397592539986 -0.8275728200079568 -0.3015494561768682 -0.3811351528445273
 ATT G29              4  0.0232305644860811 -0.9005920369411791 -0.2656286997517874 -0.3432720753862367
 ATT G30              4  0.7600122409288667  0.2796829740389862  0.4779511721698840 -0.3401786364433058
 ATT G31              4  0.2896676343251670 -0.9057562204642320 -0.2420471815558395 -0.1926434338763934
## 2026 09 05 10 00 00.000000000000 22
 ATT G04              4  0.1796898247780459 -0.9343389463119489 -0.1992194249162355  0.2345930966843648
 ATT G05              4  0.6045649208576005  0.7775584159139041  0.0489039416132114  0.1658691375892437
 ATT G06              4  0.2901748875170513  0.8283040994384433  0.3634000375906946 -0.3124920257974940
 ATT G07              4  0.4466414064365713  0.4005353925447716  0.6178895336422550 -0.5082276828260455
 ATT G09              4  0.1119839088609963  0.8768469337899704  0.3243980038026514 -0.3366971844078853
 ATT G11              4  0.2995448395213777  0.9110713128663388  0.2752819713737643 -0.0666467420411180
 ATT G13              4  0.6082506658181317  0.7502392887792393 -0.0265735173880041  0.2578099790106160
 ATT G14              4  0.9119327160753520  0.1432888522581885  0.2754236209124218 -0.2683073894126959
 ATT G15              4  0.9133825652064519  0.3659412712828949 -0.1320573988708132 -0.1199171336891379
 ATT G17              4  0.7828762880139487  0.4005540011930757  0.3706448750425955 -0.2988035916758364
 ATT G18              4  0.3421809536265499 -0.5245867807728667 -0.4661633282251908 -0.6248301015729040
 ATT G19              4  0.6667551203402809  0.6197052587294692  0.3294535249932361 -0.2507257000640213
 ATT G20              4  0.8496107475932375  0.5026622988342423  0.0856223351953313 -0.1347627790617150
 ATT G21              4  0.4623152813080557  0.8602106875580412  0.2147588018231588  0.0134465876511723
 ATT G22              4  0.9109520991013713  0.2858898328280557  0.1784650986009566 -0.2378728341145867
 ATT G24              4  0.9085660979063779  0.2616468584012659 -0.2915042371008578 -0.1451683401302641
 ATT G25              4  0.2457809314056178  0.8618317356939472  0.1769125151673067  0.4068657703534749
 ATT G26              4  0.3737170790773302 -0.9042353812781714 -0.1878841769425798 -0.0859852086421906
 ATT G28              4  0.2812426733924596 -0.8268594507677403 -0.3012996099077728 -0.3826546124229530
 ATT G29              4  0.0212671703765265 -0.9013737317466236 -0.2641850212119038 -0.3424607681890159
 ATT G30              4  0.7590387892050012  0.2801594347876842  0.4792853859736581 -0.3400828228148781
 ATT G31              4  0.2896754771823008 -0.9054849359528708 -0.2416641206980260 -0.1943800438545190
## 2026 09 05 10 00 30.000000000000 22
 ATT G04              4  0.1815547123172489 -0.9346965679128256 -0.1973038535175664  0.2333482413786469
 ATT G05              4  0.6031148400877188  0.7786412150840545  0.0496976061612296  0.1658327343447011
 ATT G06              4  0.2905932605401360  0.8276409142242571  0.3632977336268285 -0.3139758442496845
 ATT G07              4  0.4424802120517753  0.4049993907593820  0.6163845727292994 -0.5101537159802644
 ATT G09              4  0.1096856499389676  0.8779824703181853  0.3224778033456437 -0.3363389753817039
 ATT G11              4  0.2996002394716179  0.9110327206504664  0.2749249131686293 -0.0683766812004181
 ATT G13              4  0.6102758105423076  0.7489835851869046 -0.0285559037159025  0.2564597133088801
 ATT G14              4  0.9121229842518739  0.1416709136683660  0.2764598443490976 -0.2674527402781700
 ATT G15              4  0.9131018372060056  0.3675671061772015 -0.1308725227131011 -0.1183716188376568
 ATT G17              4  0.7841232084385096  0.3987260741962512  0.3705202841051474 -0.2981325725424628
 ATT G18              4  0.3374300519010814 -0.5285070801405631 -0.4636409416107518 -0.6259858653177660
 ATT G19              4  0.6680787092108529  0.6182611671749471  0.3293908060374369 -0.2508498841152685
 ATT G20              4  0.8488550370088775  0.5039271527491753  0.0867100675350194 -0.1341041202008438
 ATT G21              4  0.4609408431163501  0.8609383897262429  0.2148453538692046  0.0126531483668020
 ATT G22              4  0.9113753712036814  0.2843124676275680  0.1793366059808277 -0.2374862843832366
 ATT G24              4  0.9092096451675726  0.2620428267978692 -0.2896671216353566 -0.1440983577336300
 ATT G25              4  0.2481037758046258  0.8615320273586630  0.1746336153724496  0.4070751560200044
 ATT G26              4  0.3723641982372950 -0.9047043912907751 -0.1878606226886339 -0.0869669747279188
 ATT G28              4  0.2815504206545397 -0.8261411597837190 -0.3010526632544763 -0.3841711060033710
 ATT G29              4  0.0193046825190755 -0.9021488805181126 -0.2627396964143782 -0.3416468623313224
 ATT G30              4  0.7580596625178433  0.2806428829493334  0.4806150284741847 -0.3399916391883512
 ATT G31              4  0.2896865561612634 -0.9052090563553958 -0.2412820939114201 -0.1961153095230575
## 2026 09 05 10 01 00.000000000000 22
 ATT G04              4  0.1834158271079890 -0.9350447685879772 -0.1953937624847649  0.2321016860873676
 ATT G05              4  0.6016663397550523  0.7797209431735486  0.0504830102249731  0.1657839921733684
 ATT G06              4  0.2910179280827009  0.8269716630604123  0.3631997821863412 -0.3154557849356163
 ATT G07              4  0.4382307175625030  0.4095553164988636  0.6147814031330607 -0.5121153261462915
 ATT G09              4  0.1073864333457170  0.8791112597916884  0.3205493111049530 -0.3359757223236519
 ATT G11              4  0.2996587803955793  0.9109893158776247  0.2745692957002550 -0.0701055172388091
 ATT G13              4  0.6122926106006880  0.7477204362048804 -0.0305213745059376  0.2551085141339864
 ATT G14              4  0.9123101240602323  0.1400518844676943  0.2774973902648478 -0.2665912706568858
 ATT G15              4  0.9128139229120336  0.3691901116583315 -0.1296889805540609 -0.1168339501793229
 ATT G17              4  0.7853684723605723  0.3968944591628564  0.3703956291290679 -0.2974529018683961
 ATT G18              4  0.3326471914103534 -0.5324374855935038 -0.4610598358995715 -0.6271204012802790
 ATT G19              4  0.6694027061454474  0.6168123843687982  0.3293308429299536 -0.2509655262968981
 ATT G20              4  0.8480944595769979  0.5051918588245271  0.0877929358425066 -0.1334517659245316
 ATT G21              4  0.4595670762568798  0.8616637562173445  0.2149259269389436  0.0118540951388074
 ATT G22              4  0.9117957777954556  0.2827345880001181  0.1802119180943355 -0.2370933928213675
 ATT G24              4  0.9098469174342091  0.2624351712333020 -0.2878318051029619 -0.1430357287756759
 ATT G25              4  0.2504313502591542  0.8612248678111171  0.1723464140598914  0.4072745749881780
 ATT G26              4  0.3710121989962124 -0.9051704787607175 -0.1878310782286136 -0.0879536163416144
 ATT G28              4  0.2818630261558390 -0.8254179410177628 -0.3008086471865228 -0.3856846054875503
 ATT G29              4  0.0173431203308057 -0.9029174651497011 -0.2612927942602614 -0.3408303727259318
 ATT G30              4  0.7570748332788614  0.2811333835811919  0.4819400472584189 -0.3399051460341997
 ATT G31              4  0.2897008784014540 -0.9049285838851295 -0.2409011139482636 -0.1978492163734006
## 2026 09 05 10 01 30.000000000000 22
 ATT G04              4  0.1852731795731430 -0.9353835789310966 -0.1934892199063402  0.2308534837877688
 ATT G05              4  0.6002194295942623  0.7807976134842194  0.0512601898390187  0.1657230100274498
 ATT G06              4  0.2914489331968156  0.8262963239846964  0.3631062338449497 -0.3169318022079132
 ATT G07              4  0.4338905058183689  0.4142042184173945  0.6130764713327409 -0.5141119865400122
 ATT G09              4  0.1050863126160153  0.8802332255553870  0.3186126364634199 -0.3356073947560753
 ATT G11              4  0.2997204750994251  0.9109410978536215  0.2742151333030565 -0.0718332354485305
 ATT G13              4  0.6143010397880332  0.7464499657350228 -0.0324698109669082  0.2537565615807840
 ATT G14              4  0.9124941234052295  0.1384317459383896  0.2785362274729702 -0.2657229693731795
 ATT G15              4  0.9125188604015142  0.3708103055809837 -0.1285068101808078 -0.1153041474692745
 ATT G17              4  0.7866120420766859  0.3950591717543057  0.3702708805161186 -0.2967645887139657
 ATT G18              4  0.3278337293173268 -0.5363764251364903 -0.4584205627541790 -0.6282324125065828
 ATT G19              4  0.6707270925929381  0.6153589177217076  0.3292736184098090 -0.2510726067525250
 ATT G20              4  0.8473290348242186  0.5064564244126445  0.0888709226726551 -0.1328057077776842
 ATT G21              4  0.4581939835045256  0.8623867785112885  0.2150005284691935  0.0110494564186554
 ATT G22              4  0.9122133079281397  0.2811561904691683  0.1810910088631073 -0.2366941568957938
 ATT G24              4  0.9104779625409148  0.2628239977334082 -0.2859982644516103 -0.1419803460815744
 ATT G25              4  0.2527636297315809  0.8609101822703320  0.1700509943705396  0.4074639430204525
 ATT G26              4  0.3696610813904219 -0.9056336364014514 -0.1877955544316166 -0.0889451025030158
 ATT G28              4  0.2821805154035604 -0.8246897882303144 -0.3005675930433484 -0.3871950825195890
 ATT G29              4  0.0153825029143884 -0.9036794680056301 -0.2598443835349303 -0.3400113145977722
 ATT G30              4  0.7560842731150622  0.2816310030776672  0.4832603889959854 -0.3398234048457922
 ATT G31              4  0.2897184510449485 -0.9046435207458732 -0.2405211936721094 -0.1995817498950576
## 2026 09 05 10 02 00.000000000000 22
 ATT G04              4  0.1871267805725977 -0.9357130299928471 -0.1915902926616594  0.2296036873657795
 ATT G05              4  0.5987741189965796  0.7818712388303557  0.0520291807971840  0.1656498857691520
 ATT G06              4  0.2918863195588686  0.8256148745859314  0.3630171397868776 -0.3184038497534111
 ATT G07              4  0.4294571585663031  0.4189470250942630  0.6112661428138517 -0.5161430439038267
 ATT G09              4  0.1027853415229669  0.8813482915007630  0.3166678901773887 -0.3352339630277601
 ATT G11              4  0.2997853363930808  0.9108880658616118  0.2738624404533360 -0.0735598209862297
 ATT G13              4  0.6163010740399070  0.7451722982002950 -0.0344010988180376  0.2524040343026706
 ATT G14              4  0.9126749700992337  0.1368104791343476  0.2795763246202339 -0.2648478251095103
 ATT G15              4  0.9122166877109299  0.3724277058210035 -0.1273260491257648 -0.1137822297752614
 ATT G17              4  0.7878538796921311  0.3932202278100045  0.3701460085883722 -0.2960676426447255
 ATT G18              4  0.3229910938872378 -0.5403222955082122 -0.4557237550622767 -0.6293206093226303
 ATT G19              4  0.6720518497770593  0.6139007746782029  0.3292191150165075 -0.2511711057595721
 ATT G20              4  0.8465587821570776  0.5077208567020101  0.0899440105840163 -0.1321659373006837
 ATT G21              4  0.4568215675588216  0.8631074480629264  0.2150691657495245  0.0102392604816661
 ATT G22              4  0.9126279506143763  0.2795772714108177  0.1819738521752014 -0.2362885739776815
 ATT G24              4  0.9111028271051205  0.2632094102005441 -0.2841664770998307 -0.1409321046306090
 ATT G25              4  0.2551005873814456  0.8605878957909636  0.1677474423418997  0.4076431767164485
 ATT G26              4  0.3683108453511221 -0.9060938569106698 -0.1877540620132849 -0.0899414023851269
 ATT G28              4  0.2825029143087645 -0.8239566950153084 -0.3003295325163171 -0.3887025084110446
 ATT G29              4  0.0134228491433267 -0.9044348719019110 -0.2583945329169457 -0.3391897035101243
 ATT G30              4  0.7550879528982453  0.2821358092047905  0.4845759993507043 -0.3397464781356310
 ATT G31              4  0.2897392812447842 -0.9043538691520489 -0.2401423460355835 -0.2013128954985346
## 2026 09 05 10 02 30.000000000000 22
 ATT G04              4  0.1889766414132404 -0.9360331532669508 -0.1896970464183982  0.2283523495947426
 ATT G05              4  0.5973304170090659  0.7829418315576763  0.0527900186649013  0.1655647161754288
 ATT G06              4  0.2923301314820704  0.8249272919835310  0.3629325518225183 -0.3198718805959538
 ATT G07              4  0.4249282671426834  0.4237845288462564  0.6093467091837680 -0.5182077082604938
 ATT G09              4  0.1004835740405974  0.8824563820959117  0.3147151843488317 -0.3348553983236732
 ATT G11              4  0.2998533770915953  0.9108302191587984  0.2735112317758653 -0.0752852588914537
 ATT G13              4  0.6182926914272495  0.7438875584645449 -0.0363151282886750  0.2510511094313027
 ATT G14              4  0.9128526518590859  0.1351880648624956  0.2806176501952879 -0.2639658264083558
 ATT G15              4  0.9119074428266289  0.3740423302869010 -0.1261467346520275 -0.1122682154822885
 ATT G17              4  0.7890939471320687  0.3913776433276765  0.3700209835944856 -0.2953620737376044
 ATT G18              4  0.3181207829524159 -0.5442734656374285 -0.4529701276093415 -0.6303837129481918
 ATT G19              4  0.6733769587050934  0.6124379627010661  0.3291673150951094 -0.2512610037405855
 ATT G20              4  0.8457837208542416  0.5089851627290878  0.0910121821530185 -0.1315324460327092
 ATT G21              4  0.4554498310310107  0.8638257563073053  0.2151318459321468  0.0094235354176098
 ATT G22              4  0.9130396948291389  0.2779978270367727  0.1828604218947536 -0.2358766413480173
 ATT G24              4  0.9117215565665255  0.2635915104706782 -0.2823364209130754 -0.1398909015114843
 ATT G25              4  0.2574421945658836  0.8602579332909464  0.1654358469329553  0.4078121935605540
 ATT G26              4  0.3669614906907710 -0.9065511329733221 -0.1877066115450061 -0.0909424853250036
 ATT G28              4  0.2828302491942424 -0.8232186547858336 -0.3000944976615208 -0.3902068541512407
 ATT G29              4  0.0114641776391381 -0.9051836601103385 -0.2569433109657864 -0.3383655553543415
 ATT G30              4  0.7540858427102648  0.2826478711342345  0.4858868229677734 -0.3396744294666901
 ATT G31              4  0.2897633761645495 -0.9040596313234311 -0.2397645840864053 -0.2030426385342244
## 2026 09 05 10 03 00.000000000000 22
 ATT G04              4  0.1908227738003515 -0.9363439806686727 -0.1878095456781871  0.2270995231541452
 ATT G05              4  0.5958883323756752  0.7840094035301516  0.0535427387606358  0.1654675969513287
 ATT G06              4  0.2927804139191720  0.8242335528311874  0.3628525224004052 -0.3213358470514355
 ATT G07              4  0.4203014446908490  0.4287173683326969  0.6073143968606538 -0.5203050423035128
 ATT G09              4  0.0981810643795021  0.8835574223851217  0.3127546324468082 -0.3344716726847473
 ATT G11              4  0.2999246100153253  0.9107675569775936  0.2731615220517803 -0.0770095340498766
 ATT G13              4  0.6202758720867092  0.7425958717916390 -0.0382117940644627  0.2496979625456878
 ATT G14              4  0.9130271563003616  0.1335644837159411  0.2816601725039922 -0.2630769616914287
 ATT G15              4  0.9115911636858793  0.3756541968810598 -0.1249689037783799 -0.1107621223338716
 ATT G17              4  0.7903322061183720  0.3895314345030681  0.3698957757156415 -0.2946478926002625
 ATT G18              4  0.3132243621884815 -0.5482282801961577 -0.4501604775107648 -0.6314204591332697
 ATT G19              4  0.6747024001391533  0.6109704893032503  0.3291182007965059 -0.2513422812649848
 ATT G20              4  0.8450038700835757  0.5102493493526505  0.0920754199505324 -0.1309052255256166
 ATT G21              4  0.4540787764726082  0.8645416946453167  0.2151885760309430  0.0086023091505714
 ATT G22              4  0.9134485295008530  0.2764178534267964  0.1837506918418020 -0.2354583562061744
 ATT G24              4  0.9123341952081537  0.2639703983544052 -0.2805080742381307 -0.1388566359009379
 ATT G25              4  0.2597884207658094  0.8599202195919661  0.1631163001090956  0.4079709119675504
 ATT G26              4  0.3656130171310615 -0.9070054572527292 -0.1876532134552513 -0.0919483208003856
 ATT G28              4  0.2831625467965259 -0.8224756607851283 -0.2998625209114091 -0.3917080903688734
 ATT G29              4  0.0095065068112779 -0.9059258163424148 -0.2554907861443041 -0.3375388863641420
 ATT G30              4  0.7530779118414184  0.2831672594676579  0.4871928034173663 -0.3396073234788608
 ATT G31              4  0.2897907429791445 -0.9037608094912613 -0.2393879209756152 -0.2047709642558516
## 2026 09 05 10 03 30.000000000000 22
 ATT G04              4  0.1926651899823449 -0.9366455445457061 -0.1859278536251563  0.2258452605172181
 ATT G05              4  0.5944478734269868  0.7850739662284232  0.0542873762162490  0.1653586227327303
 ATT G06              4  0.2932372125127460  0.8235336332473410  0.3627771046112618 -0.3227957008357790
 ATT G07              4  0.4155743393623775  0.4337460106407899  0.6051653772165141 -0.5224339507872030
 ATT G09              4  0.0958778667809794  0.8846513381033969  0.3107863491227080 -0.3340827589870204
 ATT G11              4  0.2999990479976788  0.9107000785200003  0.2728133261900532 -0.0787326313371698
 ATT G13              4  0.6222505983572789  0.7412973636699939 -0.0400909954284002  0.2483447675017322
 ATT G14              4  0.9131984709497399  0.1319397159369506  0.2827038597540125 -0.2621812191857383
 ATT G15              4  0.9112678881446973  0.3772633236298413 -0.1237925931809729 -0.1092639673158660
 ATT G17              4  0.7915686182761636  0.3876816175760153  0.3697703550584830 -0.2939251103154266
 ATT G18              4  0.3083034625327244 -0.5521850637626936 -0.4472956840156208 -0.6324296019390047
 ATT G19              4  0.6760281547063206  0.6094983619258629  0.3290717540727451 -0.2514149190592045
 ATT G20              4  0.8442192488373299  0.5115134233605401  0.0931337066297700 -0.1302842672924037
 ATT G21              4  0.4527084062603164  0.8652552545042314  0.2152393629263763  0.0077756093724984
 ATT G22              4  0.9138544435452073  0.2748373463955648  0.1846446358655431 -0.2350337156346038
 ATT G24              4  0.9129407862403227  0.2643461717162989 -0.2786814157458702 -0.1378292089352579
 ATT G25              4  0.2621392337588185  0.8595746794253690  0.1607888966828850  0.4081192513452628
 ATT G26              4  0.3642654241896010 -0.9074568224291548 -0.1875938780252615 -0.0929588785119418
 ATT G28              4  0.2834998343030102 -0.8217277060194033 -0.2996336350625011 -0.3932061874506680
 ATT G29              4  0.0075498546919992 -0.9066613248106762 -0.2540370266891734 -0.3367097130431591
 ATT G30              4  0.7520641286822458  0.2836940463166194  0.4884938832739842 -0.3395452259093394
 ATT G31              4  0.2898213888784934 -0.9034574058728591 -0.2390123699265412 -0.2064978579649827
## 2026 09 05 10 04 00.000000000000 22
 ATT G04              4  0.1945039025086854 -0.9369378776243273 -0.1840520323699838  0.2245896141013522
 ATT G05              4  0.5930090482717461  0.7861355306244395  0.0550239658798359  0.1652378871098509
 ATT G06              4  0.2937005735512859  0.8228275088909514  0.3627063522087272 -0.3242513928657813
 ATT G07              4  0.4107446500427787  0.4388707313466965  0.6028957789710071 -0.5245931693487839
 ATT G09              4  0.0935740357935485  0.8857380555603271  0.3088104504355694 -0.3336886310009715
 ATT G11              4  0.3000767038778965  0.9106277829652749  0.2724666592720303 -0.0804545354014815
 ATT G13              4  0.6242168545002920  0.7399921599089245 -0.0419526360019402  0.2469916965478376
 ATT G14              4  0.9133665832209018  0.1303137416202549  0.2837486799208722 -0.2612785870358888
 ATT G15              4  0.9109376540122731  0.3788697284760407 -0.1226178393419512 -0.1077737668554927
 ATT G17              4  0.7928031449810599  0.3858282090635168  0.3696446916742551 -0.2931937385348254
 ATT G18              4  0.3033597782860616 -0.5561421243330934 -0.4443767085554134 -0.6334099173157691
 ATT G19              4  0.6773542027311034  0.6080215881238481  0.3290279566824659 -0.2514788979998710
 ATT G20              4  0.8434298760308683  0.5127773913115384  0.0941870247913796 -0.1296695628867424
 ATT G21              4  0.4513387227682025  0.8659664272482942  0.2152842133584132  0.0069434636490266
 ATT G22              4  0.9142574258133965  0.2732563016906479  0.1855422277308823 -0.2346027166510984
 ATT G24              4  0.9135413717553760  0.2647189264736111 -0.2768564246570630 -0.1368085237990525
 ATT G25              4  0.2644945993009657  0.8592212375101235  0.1584537346397902  0.4082571321249641
 ATT G26              4  0.3629187113491448 -0.9079052211432629 -0.1875286153958218 -0.0939741282545785
 ATT G28              4  0.2838421393196458 -0.8209747833464016 -0.2994078733116197 -0.3947011153452594
 ATT G29              4  0.0055942391815694 -0.9073901701345987 -0.2525821007856160 -0.3358780522657169
 ATT G30              4  0.7510444608259661  0.2842283052746502  0.4897900039211681 -0.3394882036275181
 ATT G31              4  0.2898553210655168 -0.9031494227089966 -0.2386379442824798 -0.2082233047933096
## 2026 09 05 10 04 30.000000000000 22
 ATT G04              4  0.1963389243748043 -0.9372210130210005 -0.1821821427988204  0.2233326361561788
 ATT G05              4  0.5915718646859270  0.7871941072796965  0.0557525423768399  0.1651054826305290
 ATT G06              4  0.2941705440196874  0.8221151548916455  0.3626403196136029 -0.3257028733664997
 ATT G07              4  0.4058101427334909  0.4440915946953908  0.6005017021359876 -0.5267812537546475
 ATT G09              4  0.0912696260667332  0.8868175017545803  0.3068270536662478 -0.3332892633702687
 ATT G11              4  0.3001575905086835  0.9105506694644778  0.2721215365228978 -0.0821752308073012
 ATT G13              4  0.6261746268340999  0.7386803864655359 -0.0437966238807424  0.2456389201591547
 ATT G14              4  0.9135314804269651  0.1286865405761186  0.2847946008324458 -0.2603690532305240
 ATT G15              4  0.9106004990193893  0.3804734294092774 -0.1214446784512245 -0.1062915367047843
 ATT G17              4  0.7940357474659344  0.3839712256058932  0.3695187555518611 -0.2924537894237819
 ATT G18              4  0.2983950638499917 -0.5600977578179239 -0.4414045938506441 -0.6343602068894677
 ATT G19              4  0.6786805243455840  0.6065401754441949  0.3289867901861463 -0.2515341991243893
 ATT G20              4  0.8426357704380457  0.5140412596421285  0.0952353570715723 -0.1290611038511159
 ATT G21              4  0.4499697282525419  0.8666752042393290  0.2153231339316409  0.0061058993531990
 ATT G22              4  0.9146574651260236  0.2716747148593714  0.1864434411915181 -0.2341653561737607
 ATT G24              4  0.9141359928098933  0.2650887566732643 -0.2750330805848760 -0.1357944855982371
 ATT G25              4  0.2668544813009613  0.8588598185612250  0.1561109149770674  0.4083844758259074
 ATT G26              4  0.3615728779441973 -0.9083506460347809 -0.1874574355631656 -0.0949940399995262
 ATT G28              4  0.2841894899082796 -0.8202168854081709 -0.2991852692438128 -0.3961928436815855
 ATT G29              4  0.0036396778832323 -0.9081123374019978 -0.2511260764380668 -0.3350439212043873
 ATT G30              4  0.7500188749589434  0.2847701114989524  0.4910811056290035 -0.3394363246566185
 ATT G31              4  0.2898925467597400 -0.9028368622386794 -0.2382646574756628 -0.2099472898471794
## 2026 09 05 10 05 00.000000000000 22
 ATT G04              4  0.1981702689734532 -0.9374949842213218 -0.1803182446203196  0.2220743787831053
 ATT G05              4  0.5901363301526216  0.7882497063313902  0.0564731400921296  0.1649615008134082
 ATT G06              4  0.2946471716030453  0.8213965458521135  0.3625790619267035 -0.3271500918246814
 ATT G07              4  0.4007686690964529  0.4494084324592965  0.5979792342896352 -0.5289965690470266
 ATT G09              4  0.0889646923859375  0.8878896043726680  0.3048362773359401 -0.3328846316302265
 ATT G11              4  0.3002417207565030  0.9104687371414637  0.2717779733197284 -0.0838947019985580
 ATT G13              4  0.6281239036596096  0.7373621694078497 -0.0456228715683845  0.2442866070160662
 ATT G14              4  0.9136931497745447  0.1270580923635442  0.2858415901442130 -0.2594526056216032
 ATT G15              4  0.9102564608199182  0.3820744444274808 -0.1202731464318220 -0.1048172919819120
 ATT G17              4  0.7952663867980059  0.3821106840062934  0.3693925166240279 -0.2917052756801921
 ATT G18              4  0.2934111306435415 -0.5640502522588265 -0.4383804629480665 -0.6352793016041670
 ATT G19              4  0.6800070994607568  0.6050541314578243  0.3289482359465066 -0.2515808036326911
 ATT G20              4  0.8418369507081574  0.5153050346408033  0.0962786861186283 -0.1284588817307127
 ATT G21              4  0.4486014248803140  0.8673815768222689  0.2153561311141104  0.0052629436850950
 ATT G22              4  0.9150545502640948  0.2700925812812191  0.1873482499698173 -0.2337216310294644
 ATT G24              4  0.9147246894415882  0.2654557545278123 -0.2732113635689556 -0.1347870013423205
 ATT G25              4  0.2692188417494406  0.8584903473343459  0.1537605417840867  0.4085012051036222
 ATT G26              4  0.3602279231889193 -0.9087930897334749 -0.1873803483801411 -0.0960185838711555
 ATT G28              4  0.2845419145896172 -0.8194540046414330 -0.2989658568447305 -0.3976813417296471
 ATT G29              4  0.0016861881434373 -0.9088278121523986 -0.2496690214929452 -0.3342073373440327
 ATT G30              4  0.7489873368557906  0.2853195417390795  0.4923671274935117 -0.3393896582031679
 ATT G31              4  0.2899330731981810 -0.9025197267051231 -0.2378925230356093 -0.2116697981709316
## 2026 09 05 10 05 30.000000000000 22
 ATT G04              4  0.1999979500607049 -0.9377598250649664 -0.1784603963831316  0.2208148939460783
 ATT G05              4  0.5887024518860425  0.7893023374892973  0.0571857931498410  0.1648060321684892
 ATT G06              4  0.2951305046986121  0.8206716558487414  0.3625226349304452 -0.3285929969520320
 ATT G07              4  0.3956181866898602  0.4548208221738329  0.5953244690928194 -0.5312372789787128
 ATT G09              4  0.0866592896900188  0.8889542918020951  0.3028382411951298 -0.3324747122216969
 ATT G11              4  0.3003291075034374  0.9103819850970384  0.2714359851846758 -0.0856129332740806
 ATT G13              4  0.6300646752008869  0.7360376348669568 -0.0474312959356199  0.2429349239803312
 ATT G14              4  0.9138515783629212  0.1254283763120619  0.2868896153224790 -0.2585292319244391
 ATT G15              4  0.9099055769913416  0.3836727915121253 -0.1191032789591502 -0.1033510471864183
 ATT G17              4  0.7964950238713804  0.3802466012578755  0.3692659447675243 -0.2909482105373978
 ATT G18              4  0.2884098436619214 -0.5679978921971727 -0.4353055178623970 -0.6361660653139490
 ATT G19              4  0.6813339077534203  0.6035634637822915  0.3289122751206030 -0.2516186928818449
 ATT G20              4  0.8410334353776120  0.5165687224353530  0.0973169945730949 -0.1278628880703967
 ATT G21              4  0.4472338147448416  0.8680855363202278  0.2153832112261313  0.0044146236897998
 ATT G22              4  0.9154486699669900  0.2685098961878962  0.1882566277412502 -0.2332715379473660
 ATT G24              4  0.9153075006931097  0.2658200104505027 -0.2713912540957203 -0.1337859799059032
 ATT G25              4  0.2715876406654669  0.8581127486709255  0.1514027222894933  0.4086072438045228
 ATT G26              4  0.3588838461935762 -0.9092325448569458 -0.1872973635458544 -0.0970477301282339
 ATT G28              4  0.2848994423541475 -0.8186861332850661 -0.2987496705004678 -0.3991665783716210
 ATT G29              4  0.0002662129219900  0.9095365803708623  0.2482110036365862  0.3333683184882452
 ATT G30              4  0.7479498113689781  0.2858766743772391  0.4936480073837896 -0.3393482746768234
 ATT G31              4  0.2899769076389251 -0.9021980183622909 -0.2375215545825434 -0.2133908147226969
## 2026 09 05 10 06 00.000000000000 22
 ATT G04              4  0.2018219818043832 -0.9380155697295073 -0.1766086554836508  0.2195542334227221
 ATT G05              4  0.5872702368121516  0.7903520100681855  0.0578905354703419  0.1646391661748187
 ATT G06              4  0.2956205924248347  0.8199404583821363  0.3624710951405595 -0.3300315367204912
 ATT G07              4  0.3903567807155812  0.4603280650405172  0.5925335271184088 -0.5335013360114923
 ATT G09              4  0.0843534729814419  0.8900114931649419  0.3008330661938043 -0.3320594824948039
 ATT G11              4  0.3004197636466532  0.9102904123927812  0.2710955878232383 -0.0873299088459729
 ATT G13              4  0.6319969336326016  0.7347069089441530 -0.0492218181975955  0.2415840359834324
 ATT G14              4  0.9140067531726526  0.1237973714647826  0.2879386436747913 -0.2575989197413702
 ATT G15              4  0.9095478850158487  0.3852684886708867 -0.1179351114120868 -0.1018928162171860
 ATT G17              4  0.7977216194268819  0.3783789944782322  0.3691390098231135 -0.2901826077893184
 ATT G18              4  0.2833931174996571 -0.5719389632456616 -0.4321810377727069 -0.6370193983427942
 ATT G19              4  0.6826609286863844  0.6020681800282789  0.3288788886891015 -0.2516478484253418
 ATT G20              4  0.8402252428435187  0.5178323290211899  0.0983502651197890 -0.1272731144425667
 ATT G21              4  0.4458668998305742  0.8687870740422058  0.2154043804853348  0.0035609662155553
 ATT G22              4  0.9158398129302724  0.2669266546126419  0.1891685481699182 -0.2328150735936897
 ATT G24              4  0.9158844646482941  0.2661816131203050 -0.2695727330336225 -0.1327913320114169
 ATT G25              4  0.2739608361579934  0.8577269475206981  0.1490375668737389  0.4087025170081516
 ATT G26              4  0.3575406459248928 -0.9096690040128759 -0.1872084906498116 -0.0980814492065404
 ATT G28              4  0.2852621026613287 -0.8179132633398501 -0.2985367450413354 -0.4006485221464346
 ATT G29              4  0.0022175084954100  0.9102386284923976  0.2467520903965920  0.3325268827347154
 ATT G30              4  0.7469062623573394  0.2864415894591548  0.4949236819541151 -0.3393122457567478
 ATT G31              4  0.2900240573529251 -0.9018717394543583 -0.2371517658641131 -0.2151103244329600
## 2026 09 05 10 06 30.000000000000 22
 ATT G04              4  0.2036423787825468 -0.9382622527328565 -0.1747630780777257  0.2182924487957675
 ATT G05              4  0.5858396915449821  0.7913987330147131  0.0585874007177510  0.1644609913332912
 ATT G06              4  0.2961174846676544  0.8192029263809237  0.3624244997550520 -0.3314656583423630
 ATT G07              4  0.3849826876033254  0.4659291635741339  0.5896025791204260 -0.5357864719003069
 ATT G09              4  0.0820472973054995  0.8910611383762890  0.2988208743607907 -0.3316389207054420
 ATT G11              4  0.3005137021081217  0.9101940180696966  0.2707567970511669 -0.0890456128397602
 ATT G13              4  0.6339206730520414  0.7333701176281008 -0.0509943639589260  0.2402341060129084
 ATT G14              4  0.9141586610847515  0.1221650565767410  0.2889886423520273 -0.2566616564796366
 ATT G15              4  0.9091834222779540  0.3868615539461885 -0.1167686788869473 -0.1004426122932291
 ATT G17              4  0.7989461340943783  0.3765078809120331  0.3690116815683174 -0.2894084817224674
 ATT G18              4  0.2783629122187374 -0.5758717567243222 -0.4290083768118022 -0.6378382408837336
 ATT G19              4  0.6839881415452567  0.6005682878046862  0.3288480574093247 -0.2516682519646252
 ATT G20              4  0.8394123913623023  0.5190958602872674  0.0993784804612465 -0.1266895523761118
 ATT G21              4  0.4445006819932864  0.8694861813096268  0.2154196449404129  0.0027019979378743
 ATT G22              4  0.9162279678281409  0.2653428513817821  0.1900839848994900 -0.2323522344950318
 ATT G24              4  0.9164556184769750  0.2665406495065432 -0.2677557816237965 -0.1318029701093579
 ATT G25              4  0.2763383844092199  0.8573328689880177  0.1466651889979542  0.4087869511017623
 ATT G26              4  0.3561983211944180 -0.9101024598195293 -0.1871137391011412 -0.0991197117041463
 ATT G28              4  0.2856299254862267 -0.8171353865743033 -0.2983271156850483 -0.4021271412399806
 ATT G29              4  0.0041676820595138  0.9109339434287598  0.2452923490449684  0.3316830484597981
 ATT G30              4  0.7458566526680211  0.2870143687834213  0.4961940866027281 -0.3392816443652625
 ATT G31              4  0.2900745296427693 -0.9015408922284958 -0.2367831706823122 -0.2168283122057818
## 2026 09 05 10 07 00.000000000000 22
 ATT G04              4  0.2054591558400157 -0.9384999088907335 -0.1729237192831710  0.2170295915373548
 ATT G05              4  0.5844108225174858  0.7924425148292679  0.0592764222828366  0.1642715951613434
 ATT G06              4  0.2966212320396580  0.8184590322277927  0.3623829067117092 -0.3328953081543752
 ATT G07              4  0.3794943207124365  0.4716227986221926  0.5865278722010265 -0.5380901890000619
 ATT G09              4  0.0797408179027624  0.8921031580662543  0.2968017889830259 -0.3312130060624019
 ATT G11              4  0.3006109358256054  0.9100928011413328  0.2704196288682430 -0.0907600291733158
 ATT G13              4  0.6358358893031790  0.7320273868436611 -0.0527488629991458  0.2388852951463904
 ATT G14              4  0.9143072888533302  0.1205314102279617  0.2900395782683574 -0.2557174294725492
 ATT G15              4  0.9088122260836370  0.3884520052900479 -0.1156040162717829 -0.0990004481246499
 ATT G17              4  0.8001685282848774  0.3746332780602056  0.3688839297504226 -0.2886258472212184
 ATT G18              4  0.2733212293311960 -0.5797945739032919 -0.4257889618651488 -0.6386215762272590
 ATT G19              4  0.6853155253204192  0.5990637948211129  0.3288197618477121 -0.2516798853856670
 ATT G20              4  0.8385948991085248  0.5203593219112265  0.1004016232609325 -0.1261121934462514
 ATT G21              4  0.4431351630689568  0.8701828493901765  0.2154290105135951  0.0018377454066124
 ATT G22              4  0.9166131232706369  0.2637584812289853  0.1910029114926136 -0.2318830171210799
 ATT G24              4  0.9170209984091536  0.2668972048930698 -0.2659403816063837 -0.1308208084671542
 ATT G25              4  0.2787202394901324  0.8569304383970430  0.1442857054608696  0.4088604738133511
 ATT G26              4  0.3548568707586697 -0.9105329048626603 -0.1870131181822563 -0.1001624883151520
 ATT G28              4  0.2860029412802457 -0.8163524945657336 -0.2981208181030299 -0.4036024033735868
 ATT G29              4  0.0061167172612898  0.9116225124994315  0.2438318467522003  0.3308368343815181
 ATT G30              4  0.7448009441731503  0.2875950958746760  0.4974591553475316 -0.3392565447394391
 ATT G31              4  0.2901283318286338 -0.9012054789489722 -0.2364157829690079 -0.2185447627966453
## 2026 09 05 10 07 30.000000000000 22
 ATT G04              4  0.2072723282086133 -0.9387285733238757 -0.1710906330426592  0.2157657129141860
 ATT G05              4  0.5829836358835070  0.7934833636507399  0.0599576333234838  0.1640710642002578
 ATT G06              4  0.2971318859328027  0.8177087476981887  0.3623463746861356 -0.3343204316994310
 ATT G07              4  0.3738902968547947  0.4774073075404198  0.5833057581202156 -0.5404097530288012
 ATT G09              4  0.0774340900315245  0.8931374836812550  0.2947759344237186 -0.3307817187045443
 ATT G11              4  0.3007114777608659  0.9099867605906338  0.2700840994233022 -0.0924731416755590
 ATT G13              4  0.6377425800752823  0.7306788422981741 -0.0544852493711471  0.2375377624246092
 ATT G14              4  0.9144526231172491  0.1188964107098604  0.2910914181728824 -0.2547662259020961
 ATT G15              4  0.9084343336312116  0.3900398606744921 -0.1144411581671473 -0.0975663358049515
 ATT G17              4  0.8013887622854236  0.3727552035515916  0.3687557240767509 -0.2878347197064359
 ATT G18              4  0.2682701068128439 -0.5837057308660056 -0.4225242895079833 -0.6393684339413289
 ATT G19              4  0.6866430588042244  0.5975547087862969  0.3287939823695915 -0.2516827307561052
 ATT G20              4  0.8377727841181800  0.5216227194535861  0.1014196762108682 -0.1255410292215439
 ATT G21              4  0.4417703447735928  0.8708770695520989  0.2154324829917066  0.0009682349929291
 ATT G22              4  0.9169952678338811  0.2621735386837846  0.1919253014923640 -0.2314074178399617
 ATT G24              4  0.9175806398037970  0.2672513629404448 -0.2641265150874326 -0.1298447630499618
 ATT G25              4  0.2811063535087618  0.8565195813086709  0.1418992362426788  0.4089230142772282
 ATT G26              4  0.3535162932240513 -0.9109603317293571 -0.1869066370308695 -0.1012097498983175
 ATT G28              4  0.2863811810145011 -0.8155645786416669 -0.2979178884033493 -0.4050742758989669
 ATT G29              4  0.0080645980479218  0.9123043234836532  0.2423706504637131  0.3299882594959386
 ATT G30              4  0.7437390976674086  0.2881838560771599  0.4987188208756398 -0.3392370224515330
 ATT G31              4  0.2901854712570169 -0.9008655018758082 -0.2360496167484562 -0.2202596609329568
## 2026 09 05 10 08 00.000000000000 22
 ATT G04              4  0.2090819114585181 -0.9389482814392524 -0.1692638721717958  0.2145008640088422
 ATT G05              4  0.5815581375563867  0.7945212872419116  0.0606310667483576  0.1638594840293448
 ATT G06              4  0.2976494985236299  0.8169520439611353  0.3623149631053090 -0.3357409736781569
 ATT G07              4  0.3681694647613414  0.4832806624730632  0.5799327244697275 -0.5427421870336525
 ATT G09              4  0.0751271690025742  0.8941640474819772  0.2927434361380980 -0.3303450397181251
 ATT G11              4  0.3008153409003388  0.9098758953711950  0.2697502250221615 -0.0941849340498575
 ATT G13              4  0.6396407448250080  0.7293246094528484 -0.0562034613223518  0.2361916648435131
 ATT G14              4  0.9145946503946034  0.1172600360580578  0.2921441286242575 -0.2538080328193189
 ATT G15              4  0.9080497820147032  0.3916251380532719 -0.1132801389120814 -0.0961402868513950
 ATT G17              4  0.8026067962373087  0.3708736751820494  0.3686270342209380 -0.2870351151551340
 ATT G18              4  0.2632116143488881 -0.5876035629692096 -0.4192159229001354 -0.6400778927948819
 ATT G19              4  0.6879707205629383  0.5960410374401234  0.3287706991391563 -0.2516767703284630
 ATT G20              4  0.8369460643065760  0.5228860583314581  0.1024326220084441 -0.1249760512770438
 ATT G21              4  0.4404062287321711  0.8715688330496669  0.2154300680253996  0.0000934929090943
 ATT G22              4  0.9173743900516091  0.2605880181033146  0.1928511284012586 -0.2309254329275769
 ATT G24              4  0.9181345771614018  0.2676032057151341 -0.2623141645729186 -0.1288747515072381
 ATT G25              4  0.2834966765453736  0.8561002235725076  0.1395059045771121  0.4089745030866297
 ATT G26              4  0.3521765870738660 -0.9113847329995663 -0.1867943046419483 -0.1022614674530283
 ATT G28              4  0.2867646761829422 -0.8147716298903309 -0.2977183631437637 -0.4065427257577574
 ATT G29              4  0.0100113086269587  0.9129793646042308  0.2409088269231337  0.3291373430909254
 ATT G30              4  0.7426710728586102  0.2887807365891557  0.4999730144757596 -0.3392231544427509
 ATT G31              4  0.2902459553006388 -0.9005209632715550 -0.2356846861456874 -0.2219729912770971
## 2026 09 05 10 08 30.000000000000 22
 ATT G04              4  0.2108879214887631 -0.9391590689169063 -0.1674434883683325  0.2132350957143926
 ATT G05              4  0.5801343332166752  0.7955562929970645  0.0612967552161289  0.1636369392771405
 ATT G06              4  0.2981741227880715  0.8161888915648402  0.3622887321602438 -0.3371568779299157
 ATT G07              4  0.3623309347160846  0.4892404497671587  0.5764054283376130 -0.5450842671021967
 ATT G09              4  0.0728201101646513  0.8951827825635212  0.2907044206465231 -0.3299029511447443
 ATT G11              4  0.3009225382568205  0.9097602044068930  0.2694180221286346 -0.0958953898730192
 ATT G13              4  0.6415303847379784  0.7279648134680617 -0.0579034412507532  0.2348471573208337
 ATT G14              4  0.9147333570801569  0.1156222640518942  0.2931976759876823 -0.2528428371455386
 ATT G15              4  0.9076586082197136  0.3932078553578811 -0.1121209925851067 -0.0947223122143972
 ATT G17              4  0.8038225901395335  0.3689887109151803  0.3684978298269479 -0.2862270501042090
 ATT G18              4  0.2581478482769203 -0.5914864293233386 -0.4158654882921951 -0.6407490834982312
 ATT G19              4  0.6892984889358171  0.5945227885550158  0.3287498921190539 -0.2516619865440164
 ATT G20              4  0.8361147574688595  0.5241493438194398  0.1034404433554492 -0.1244172511948089
 ATT G21              4  0.4390428164781139  0.8722581311236802  0.2154217711292384 -0.0007864547891880
 ATT G22              4  0.9177504784145730  0.2590019136716957  0.1937803656797873 -0.2304370585674809
 ATT G24              4  0.9186828441479248  0.2679528137261307 -0.2605033129640960 -0.1279106931388556
 ATT G25              4  0.2858911566377744  0.8556722913717523  0.1371058369728577  0.4090148723492906
 ATT G26              4  0.3508377506679509 -0.9118061012464278 -0.1866761298677661 -0.1033176121173819
 ATT G28              4  0.2871534588140620 -0.8139736391543251 -0.2975222793406602 -0.4080077194722255
 ATT G29              4  0.0119568334664952  0.9136476245257958  0.2394464426654132  0.3282841047426861
 ATT G30              4  0.7415968283348199  0.2893858265112927  0.5012216659962038 -0.3392150190573888
 ATT G31              4  0.2903097913601275 -0.9001718654008903 -0.2353210053872010 -0.2236847384259381
## 2026 09 05 10 09 00.000000000000 22
 ATT G04              4  0.2126903745176179 -0.9393609716970145 -0.1656295322215279  0.2119684587293048
 ATT G05              4  0.5787122283197021  0.7965883879493961  0.0619547311346566  0.1634035136325528
 ATT G06              4  0.2987058125167236  0.8154192604218923  0.3622677428187855 -0.3385680874133356
 ATT G07              4  0.3563741092280575  0.4952838508434362  0.5727207324082328 -0.5474325200747504
 ATT G09              4  0.0705129688899844  0.8961936228752245  0.2886590155069136 -0.3294554359889697
 ATT G11              4  0.3010330828713352  0.9096396865914792  0.2690875073654481 -0.0976044925942896
 ATT G13              4  0.6434115026898907  0.7265995791500429 -0.0595851356590645  0.2335043926649181
 ATT G14              4  0.9148687294428193  0.1139830722138549  0.2942520264317756 -0.2518706256735176
 ATT G15              4  0.9072608491194665  0.3947880304935126 -0.1109637530054129 -0.0933124222868253
 ATT G17              4  0.8050361038524702  0.3671003288829169  0.3683680805130432 -0.2854105416539974
 ATT G18              4  0.2530809263612761 -0.5953527171817347 -0.4124746712259074 -0.6413811912221385
 ATT G19              4  0.6906263420343517  0.5929999699372570  0.3287315410698783 -0.2516383620366511
 ATT G20              4  0.8352788812806321  0.5254125810503871  0.1044431229569663 -0.1238646205643292
 ATT G21              4  0.4376801094528910  0.8729449550019132  0.2154075976816138 -0.0016715822005042
 ATT G22              4  0.9181235213700131  0.2574152193992844  0.1947129867448259 -0.2299422908506774
 ATT G24              4  0.9192254736180022  0.2683002659604561 -0.2586939435529551 -0.1269525088619032
 ATT G25              4  0.2882897397679016  0.8552357112690814  0.1346991632329884  0.4090440557433398
 ATT G26              4  0.3494997822421599 -0.9122244290366749 -0.1865521214178635 -0.1043781551661687
 ATT G28              4  0.2875475614827862 -0.8131705970242394 -0.2973296744780971 -0.4094692231356308
 ATT G29              4  0.0139011572953949  0.9143090923530439  0.2379835640099034  0.3274285643122007
 ATT G30              4  0.7405163215304815  0.2899992168961799  0.5024647038013554 -0.3392126960778240
 ATT G31              4  0.2903769868656044 -0.8998182105302978 -0.2349585888015862 -0.2253948869102298
## 2026 09 05 10 09 30.000000000000 22
 ATT G04              4  0.2144892870354172 -0.9395540259631572 -0.1638220532597384  0.2107010035790711
 ATT G05              4  0.5772918281326977  0.7976175787567528  0.0626050266469300  0.1631592898610568
 ATT G06              4  0.2992446223189617  0.8146431198103196  0.3622520568390909 -0.3399745441569749
 ATT G07              4  0.3502987145682182  0.5014076248733644  0.5688757433986082 -0.5497832235194121
 ATT G09              4  0.0682058006080093  0.8971965032191410  0.2866073493298943 -0.3290024782351361
 ATT G11              4  0.3011469878125740  0.9095143407907661  0.2687586975222702 -0.0993122254986154
 ATT G13              4  0.6452841031680582  0.7252290309278046 -0.0612484950720590  0.2321635215737492
 ATT G14              4  0.9150007536203001  0.1123424378433589  0.2953071459033352 -0.2508913850894907
 ATT G15              4  0.9068565414795007  0.3963656813020875 -0.1098084537582028 -0.0919106269427346
 ATT G17              4  0.8062472970761783  0.3652085474256691  0.3682377558786278 -0.2845856074893182
 ATT G18              4  0.2480129825371046 -0.5992008461285465 -0.4090452125232285 -0.6419734578654455
 ATT G19              4  0.6919542577136480  0.5914725894603116  0.3287156255501312 -0.2516058796376932
 ATT G20              4  0.8344384533161875  0.5266757749896886  0.1054406434995462 -0.1233181509945085
 ATT G21              4  0.4363181090341310  0.8736292958851851  0.2153875529253155 -0.0025618635568704
 ATT G22              4  0.9184935073133393  0.2558279291551404  0.1956489649484509 -0.2294411257861936
 ATT G24              4  0.9197624976262415  0.2686456399105803 -0.2568860400554798 -0.1260001211983168
 ATT G25              4  0.2906923697993557  0.8547904102628680  0.1322860165233415  0.4090619885732020
 ATT G26              4  0.3481626799358147 -0.9126397089223078 -0.1864222878619810 -0.1054430679865887
 ATT G28              4  0.2879470173141216 -0.8123624938490123 -0.2971405865211761 -0.4109272023718664
 ATT G29              4  0.0158442650628143  0.9149637576151817  0.2365202570844084  0.3265707419596173
 ATT G30              4  0.7394295087141372  0.2906210007862626  0.5037020547008013 -0.3392162667605360
 ATT G31              4  0.2904475492767246 -0.8994600009352312 -0.2345974508279307 -0.2271034211582424
## 2026 09 05 10 10 00.000000000000 22
 ATT G04              4  0.2162846759457660 -0.9397382681457793 -0.1620210998087840  0.2094327805052526
 ATT G05              4  0.5758731376228817  0.7986438717949860  0.0632476736848292  0.1629043497950653
 ATT G06              4  0.2997906076841040  0.8138604382928175  0.3622417367816538 -0.3413761893565997
 ATT G07              4  0.3441048320367361  0.5076080945494573  0.5648678520823291 -0.5521324085767326
 ATT G09              4  0.0658986605973530  0.8981913593530753  0.2845495515780010 -0.3285440628161022
 ATT G11              4  0.3012642661884161  0.9093841658315821  0.2684316095291467 -0.1010185718486842
 ATT G13              4  0.6471481923884100  0.7238532926877884 -0.0628934741259197  0.2308246924959217
 ATT G14              4  0.9151294156275170  0.1107003378787125  0.2963630002126139 -0.2499051018922169
 ATT G15              4  0.9064457219199478  0.3979408256905543 -0.1086551280992029 -0.0905169354291988
 ATT G17              4  0.8074561294556972  0.3633133849342061  0.3681068254973782 -0.2837522658135426
 ATT G18              4  0.2429461610178066 -0.6030292725221148 -0.4055789036526560 -0.6425251841290540
 ATT G19              4  0.6932822136830212  0.5899406549380671  0.3287021249144647 -0.2515645223769293
 ATT G20              4  0.8335934909785770  0.5279389305419084  0.1064329877336115 -0.1227778340683488
 ATT G21              4  0.4349568164210396  0.8743111450050949  0.2153616419655850 -0.0034572732962287
 ATT G22              4  0.9188604246185210  0.2542400365332122  0.1965882736548513 -0.2289335592587297
 ATT G24              4  0.9202939474939535  0.2689890116369995 -0.2550795864555949 -0.1250534541633777
 ATT G25              4  0.2930989886679765  0.8543363157974267  0.1298665331856964  0.4090686078273680
 ATT G26              4  0.3468264416790939 -0.9130519334757089 -0.1862866376189658 -0.1065123221656101
 ATT G28              4  0.2883518600292181 -0.8115493196613534 -0.2969550539097423 -0.4123816224473997
 ATT G29              4  0.0177861421011227  0.9156116103187262  0.2350565876957809  0.3257106580686707
 ATT G30              4  0.7383363448609469  0.2912512733187199  0.5049336440062629 -0.3392258138735327
 ATT G31              4  0.2905214860902932 -0.8990972388696545 -0.2342376059862308 -0.2288103256382742
## 2026 09 05 10 10 30.000000000000 22
 ATT G04              4  0.2180765583487224 -0.9399137348855177 -0.1602267192221864  0.2081638396062837
 ATT G05              4  0.5744561616314707  0.7996672730444186  0.0638827039010378  0.1626387743671148
 ATT G06              4  0.3003438249314875  0.8130711837871722  0.3622368460331461 -0.3427729631934417
 ATT G07              4  0.3377929303784784  0.5138811336129985  0.5606947757409430 -0.5544758652635510
 ATT G09              4  0.0635916042363473  0.8991781278894748  0.2824857527844628 -0.3280801756729983
 ATT G11              4  0.3013849311336486  0.9092491605129935  0.2681062605052284 -0.1027235146881590
 ATT G13              4  0.6490037780395659  0.7224724878851067 -0.0645200313152395  0.2294880517555526
 ATT G14              4  0.9152547013359684  0.1090567490844635  0.2974195549083879 -0.2489117625176341
 ATT G15              4  0.9060284269579632  0.3995134814444477 -0.1075038090864568 -0.0891313565481959
 ATT G17              4  0.8086625604409852  0.3614148600664118  0.3679752589402415 -0.2829105354561244
 ATT G18              4  0.2378826113419311 -0.6068364929875917 -0.4020775825571750 -0.6430357312036774
 ATT G19              4  0.6946101873481516  0.5884041743004625  0.3286910183212317 -0.2515142734973733
 ATT G20              4  0.8327440115966994  0.5292020524033350  0.1074201383615760 -0.1222436614157027
 ATT G21              4  0.4335962327925162  0.8749904935424555  0.2153298697811988 -0.0043577859612625
 ATT G22              4  0.9192242615920254  0.2526515350342391  0.1975308861324053 -0.2284195870961767
 ATT G24              4  0.9208198537663964  0.2693304557633844 -0.2532745672083636 -0.1241124333551602
 ATT G25              4  0.2955095360969706  0.8538733558619821  0.1274408530409188  0.4090638522296448
 ATT G26              4  0.3454910653469760 -0.9134610952396759 -0.1861451789811216 -0.1075858893676696
 ATT G28              4  0.2887621239073987 -0.8107310642617380 -0.2967731155985836 -0.4138324480939482
 ATT G29              4  0.0197267739031040  0.9162526408667153  0.2335926215031089  0.3248483333425833
 ATT G30              4  0.7372367837380737  0.2918901317021164  0.5061593953421056 -0.3392414217417722
 ATT G31              4  0.2905988048313383 -0.8987299266048857 -0.2338790689294646 -0.2305155846620009
## 2026 09 05 10 11 00.000000000000 22
 ATT G04              4  0.2198649516071701 -0.9400804630375279 -0.1584389577681518  0.2068942307829504
 ATT G05              4  0.5730409048072986  0.8006877881475964  0.0645101486673075  0.1623626436341445
 ATT G06              4  0.3009043312650632  0.8122753235292408  0.3622374487857156 -0.3441648048662325
 ATT G07              4  0.3313638966895411  0.5202221589457503  0.5563546012034729 -0.5568091513546396
 ATT G09              4  0.0612846868940862  0.9001567463729363  0.2804160843919977 -0.3276108037379811
 ATT G11              4  0.3015089958208824  0.9091093236114640  0.2677826677073322 -0.1044270369077721
 ATT G13              4  0.6508508693210687  0.7210867394303376 -0.0661281290486193  0.2281537434938705
 ATT G14              4  0.9153765964876361  0.1074116479870272  0.2984767753194470 -0.2479113532582352
 ATT G15              4  0.9056046929897439  0.4010836662936019 -0.1063545295438909 -0.0877538985626005
 ATT G17              4  0.8098665493589416  0.3595129916751672  0.3678430257589230 -0.2820604358054056
 ATT G18              4  0.2328244826017436 -0.6106210483541695 -0.3985431286944421 -0.6435045222673548
 ATT G19              4  0.6959381558823614  0.5868631555377750  0.3286822847071301 -0.2514551164303627
 ATT G20              4  0.8318900323921310  0.5304651451260519  0.1084020780622909 -0.1217156246535187
 ATT G21              4  0.4322363592432154  0.8756673326686384  0.2152922411884120 -0.0052633762202914
 ATT G22              4  0.9195850064990047  0.2510624179993400  0.1984767755850854 -0.2278992050093653
 ATT G24              4  0.9213402462639724  0.2696700455145627 -0.2514709671619709 -0.1231769858416834
 ATT G25              4  0.2979239496833517  0.8534014590255232  0.1250091192540939  0.4090476623102731
 ATT G26              4  0.3441565487008132 -0.9138671867549337 -0.1859979200714617 -0.1086637413678595
 ATT G28              4  0.2891778438343155 -0.8099077171861430 -0.2965948110252372 -0.4152796435542844
 ATT G29              4  0.0216661461990735  0.9168868400972576  0.2321284239058876  0.3239837887615953
 ATT G30              4  0.7361307778295640  0.2925376753210597  0.5073792306416866 -0.3392631762559041
 ATT G31              4  0.2906795130672644 -0.8983580664224667 -0.2335218543907784 -0.2322191824517518
## 2026 09 05 10 11 30.000000000000 22
 ATT G04              4  0.2216498734126394 -0.9402384896553599 -0.1566578606350455  0.2056240036766675
 ATT G05              4  0.5716273715739781  0.8017054224477078  0.0651300391449035  0.1620760367431125
 ATT G06              4  0.3014721847889670  0.8114728240059018  0.3622436101008750 -0.3455516526361032
 ATT G07              4  0.3248190661860778  0.5266261266553343  0.5518458286396716 -0.5591276047370609
 ATT G09              4  0.0589779638149647  0.9011271533148398  0.2783406787051768 -0.3271359349274827
 ATT G11              4  0.3016364734607878  0.9089646538588941  0.2674608485754207 -0.1061291213222812
 ATT G13              4  0.6526894769812635  0.7196961695991169 -0.0677177336055330  0.2268219095625875
 ATT G14              4  0.9154950866812929  0.1057650107984040  0.2995346265949013 -0.2469038602855000
 ATT G15              4  0.9051745562668126  0.4026513979698375 -0.1052073219982764 -0.0863845692127274
 ATT G17              4  0.8110680554422198  0.3576077987194768  0.3677100955076638 -0.2812019868314127
 ATT G18              4  0.2277739176477697 -0.6143815272889710 -0.3949774579883414 -0.6439310437046285
 ATT G19              4  0.6972660962570598  0.5853176066278086  0.3286759028226646 -0.2513870348399939
 ATT G20              4  0.8310315704423766  0.5317282131561064  0.1093787895565413 -0.1211937154189130
 ATT G21              4  0.4308771967354705  0.8763416535562991  0.2152487608928991 -0.0061740189236387
 ATT G22              4  0.9199426475613002  0.2494726785414594  0.1994259151993677 -0.2273724086298791
 ATT G24              4  0.9218551541125947  0.2700078527749987 -0.2496687714738016 -0.1222470401549444
 ATT G25              4  0.3003421650008795  0.8529205544626762  0.1225714783109288  0.4090199804439174
 ATT G26              4  0.3428228893344085 -0.9142702005632464 -0.1858448688942900 -0.1097458501088594
 ATT G28              4  0.2895990553043670 -0.8090792676518213 -0.2964201801636572 -0.4167231726392940
 ATT G29              4  0.0236042450446277  0.9175141992890987  0.2306640600424607  0.3231170455477219
 ATT G30              4  0.7350182782367916  0.2931940057850883  0.5085930701558958 -0.3392911649585339
 ATT G31              4  0.2907636183981568 -0.8979816605864639 -0.2331659772268260 -0.2339211032169822
## 2026 09 05 10 12 00.000000000000 22
 ATT G04              4  0.2234313417008019 -0.9403878519791871 -0.1548834719705520  0.2043532077215825
 ATT G05              4  0.5702155661823038  0.8027201809596644  0.0657424062282579  0.1617790319751028
 ATT G06              4  0.3020474445178974  0.8106636509818714  0.3622553958908215 -0.3469334437394839
 ATT G07              4  0.3181602507422965  0.5330875324139200  0.5471674156827476 -0.5614263592382388
 ATT G09              4  0.0566714902031141  0.9020892881856598  0.2762596689000557 -0.3266555581619308
 ATT G11              4  0.3017673773036911  0.9088151499580113  0.2671408207088823 -0.1078297505934113
 ATT G13              4  0.6545196131978381  0.7183009000367127 -0.0692888150488142  0.2254926895820278
 ATT G14              4  0.9156101573751809  0.1041168134892071  0.3005930736570890 -0.2458892696512738
 ATT G15              4  0.9047380529119480  0.4042166941404028 -0.1040622187398511 -0.0850233757401085
 ATT G17              4  0.8122670377998525  0.3556993003505862  0.3675764377376318 -0.2803352090873927
 ATT G18              4  0.2227330477747850 -0.6181165694452140 -0.3913825178375451 -0.6443148459700310
 ATT G19              4  0.6985939852018314  0.5837675356079559  0.3286718512082118 -0.2513100126007864
 ATT G20              4  0.8301686427180056  0.5329912607915874  0.1103502555476573 -0.1206779253555028
 ATT G21              4  0.4295187461495761  0.8770134473631896  0.2151994334551195 -0.0070896890502397
 ATT G22              4  0.9202971729525009  0.2478823096118403  0.2003782780971824 -0.2268391934916568
 ATT G24              4  0.9223646057484416  0.2703439480960189 -0.2478679656841200 -0.1213225262595449
 ATT G25              4  0.3027641154882671  0.8524305720272232  0.1201280800804644  0.4089807509188344
 ATT G26              4  0.3414900847275431 -0.9146701291999993 -0.1856860333031712 -0.1108321876449640
 ATT G28              4  0.2900257944360694 -0.8082457045922198 -0.2962492635085486 -0.4181629986507636
 ATT G29              4  0.0255410567348030  0.9181347101449199  0.2291995948010940  0.3222481251939120
 ATT G30              4  0.7338992346914526  0.2938592269847637  0.5098008323418763 -0.3393254770552170
 ATT G31              4  0.2908511284650586 -0.8976007113662001 -0.2328114523953985 -0.2356213310781545
## 2026 09 05 10 12 30.000000000000 22
 ATT G04              4  0.2252093746242080 -0.9405285874214382 -0.1531158349220281  0.2030818921532409
 ATT G05              4  0.5688054927341389  0.8037320683644278  0.0663472805466530  0.1614717067544037
 ATT G06              4  0.3026301703835269  0.8098477694882015  0.3622728729407140 -0.3483101143520052
 ATT G07              4  0.3113897648317686  0.5396004170878209  0.5423188208514766 -0.5637003643665078
 ATT G09              4  0.0543653212306817  0.9030430914186172  0.2741731890267455 -0.3261696633770515
 ATT G11              4  0.3019017206385354  0.9086608105811992  0.2668226018806802 -0.1095289072119190
 ATT G13              4  0.6563412915183195  0.7169010517326254 -0.0708413471423680  0.2241662209338830
 ATT G14              4  0.9157217938804766  0.1024670318048254  0.3016520811871665 -0.2448675673111589
 ATT G15              4  0.9042952189205801  0.4057795723877615 -0.1029192518327965 -0.0836703249208828
 ATT G17              4  0.8134634554045767  0.3537875159311401  0.3674420220066882 -0.2794601237317388
 ATT G18              4  0.2177039873120073 -0.6218248684286369 -0.3877602819576542 -0.6446555441848678
 ATT G19              4  0.6999217991856029  0.5822129505917774  0.3286701081997535 -0.2512240338104027
 ATT G20              4  0.8293012660921506  0.5342542921677567  0.1113164587150665 -0.1201682461277732
 ATT G21              4  0.4281610082987651  0.8776827052227298  0.2151442633001207 -0.0080103616989258
 ATT G22              4  0.9206485707909269  0.2462913040160005  0.2013338373257091 -0.2262995550469100
 ATT G24              4  0.9228686289298287  0.2706784007244199 -0.2460685357295141 -0.1204033755439784
 ATT G25              4  0.3051897324209986  0.8519314423089226  0.1176790778575531  0.4089299199922130
 ATT G26              4  0.3401581322599180 -0.9150669651880224 -0.1855214210123511 -0.1119227261309673
 ATT G28              4  0.2904580979767312 -0.8074070166560680 -0.2960821020962233 -0.4195990843562129
 ATT G29              4  0.0274765677844783  0.9187483647797389  0.2277350928403311  0.3213770494704772
 ATT G30              4  0.7327735955222645  0.2945334451392317  0.5110024337967988 -0.3393662034639556
 ATT G31              4  0.2909420509483512 -0.8972152210380586 -0.2324582949695205 -0.2373198500493815
## 2026 09 05 10 13 00.000000000000 22
 ATT G04              4  0.2269839906913557 -0.9406607335671456 -0.1513549914995516  0.2018101058988857
 ATT G05              4  0.5673971550708269  0.8047410890998122  0.0669446925143747  0.1611541376327021
 ATT G06              4  0.3032204233020153  0.8090251437350412  0.3622961089250483 -0.3496815996800736
 ATT G07              4  0.3045104476929060  0.5461583786242569  0.5373000450586495 -0.5659444091820029
 ATT G09              4  0.0520595118304709  0.9039885045059183  0.2720813738030682 -0.3256782414877668
 ATT G11              4  0.3020395168071137  0.9085016343565639  0.2665062100118509 -0.1112265736391261
 ATT G13              4  0.6581545269720624  0.7154967448616595 -0.0723753074226486  0.2228426386354987
 ATT G14              4  0.9158299813680278  0.1008156411259370  0.3027116137101514 -0.2438387390403810
 ATT G15              4  0.9038460901208085  0.4073400503363722 -0.1017784530215636 -0.0823254229617395
 ATT G17              4  0.8146572671978198  0.3518724648742770  0.3673068178721877 -0.2785767524573632
 ATT G18              4  0.2126888278448561 -0.6255051748415325 -0.3841127447937521 -0.6449528184630723
 ATT G19              4  0.7012495145280180  0.5806538596393118  0.3286706519282557 -0.2511290827866173
 ATT G20              4  0.8284294572687559  0.5355173113629020  0.1122773817937149 -0.1196646693790389
 ATT G21              4  0.4268039838157039  0.8783494183000303  0.2150832547123331 -0.0089360121640533
 ATT G22              4  0.9209968291686623  0.2446996542786802  0.2022925659354594 -0.2257534886206963
 ATT G24              4  0.9233672507975784  0.2710112786584685 -0.2442704677881066 -0.1194895207162803
 ATT G25              4  0.3076189451132840  0.8514230966440929  0.1152246281593657  0.4088674359421565
 ATT G26              4  0.3388270290980087 -0.9154607010713923 -0.1853510395828737 -0.1130174379113363
 ATT G28              4  0.2908960033523069 -0.8065631921294841 -0.2959187375015780 -0.4210313920968677
 ATT G29              4  0.0294107650911552  0.9193551557699553  0.2262706184599611  0.3205038403478247
 ATT G30              4  0.7316413075163779  0.2952167689147822  0.5121977893006142 -0.3394134368624900
 ATT G31              4  0.2910363935763369 -0.8968251918530232 -0.2321065201087902 -0.2390166441795599
## 2026 09 05 10 13 30.000000000000 22
 ATT G04              4  0.2287552085353303 -0.9407843281450857 -0.1496009828086974  0.2005378977331513
 ATT G05              4  0.5659905569552781  0.8057472472399870  0.0675346722555980  0.1608264003389065
 ATT G06              4  0.3038182651174908  0.8081957371960966  0.3623251724203760 -0.3510478337628706
 ATT G07              4  0.2975256830562424  0.5527545885858161  0.5321116718369050 -0.5681531496121265
 ATT G09              4  0.0497541169697020  0.9049254698954363  0.2699843588446902 -0.3251812844527085
 ATT G11              4  0.3021807791879921  0.9083376198871335  0.2661916632130122 -0.1129227320915003
 ATT G13              4  0.6599593357994553  0.7140880989208576 -0.0738906769425487  0.2215220754952278
 ATT G14              4  0.9159347048510613  0.0991626166768688  0.3037716354589857 -0.2428027705644472
 ATT G15              4  0.9033907022258657  0.4088981454539170 -0.1006398538754285 -0.0809886756783937
 ATT G17              4  0.8158484319428569  0.3499541668852734  0.3671707949127699 -0.2776851176047122
 ATT G18              4  0.2076896336302042 -0.6291562982560511 -0.3804419166528036 -0.6452064138714380
 ATT G19              4  0.7025771072309906  0.5790902709549220  0.3286734603200541 -0.2510251440822862
 ATT G20              4  0.8275532328915004  0.5367803222412305  0.1132330074522376 -0.1191671867954907
 ATT G21              4  0.4254476733215088  0.8790135777085056  0.2150164118427405 -0.0098666158171914
 ATT G22              4  0.9213419361062199  0.2431073528442322  0.2032544368590704 -0.2252009894787696
 ATT G24              4  0.9238604978292202  0.2713426486350338 -0.2424737485005999 -0.1185808958919638
 ATT G25              4  0.3100516806115140  0.8509054672315678  0.1127648910340353  0.4087932491314999
 ATT G26              4  0.3374967723629634 -0.9158513293653109 -0.1851748964430426 -0.1141162953818871
 ATT G28              4  0.2913395486288299 -0.8057142190324972 -0.2957592118706843 -0.4224598835951613
 ATT G29              4  0.0313436356900823  0.9199550760734064  0.2248062357796855  0.3196285201027468
 ATT G30              4  0.7305023160138370  0.2959093094056735  0.5133868116055669 -0.3394672717287348
 ATT G31              4  0.2911341641167310 -0.8964306260841594 -0.2317561431047759 -0.2407116973385706
## 2026 09 05 10 14 00.000000000000 22
 ATT G04              4  0.2305230470533512 -0.9408994090289017 -0.1478538489134457  0.1992653161686320
 ATT G05              4  0.5645857019597942  0.8067505465862318  0.0681172496550985  0.1604885697637423
 ATT G06              4  0.3044237586697235  0.8073595125208017  0.3623601329218851 -0.3524087495627893
 ATT G07              4  0.2904394128685902  0.5593818163482892  0.5267549033267654 -0.5703211400716716
 ATT G09              4  0.0474491914424545  0.9058539310864587  0.2678822804581000 -0.3246787852374055
 ATT G11              4  0.3023255212104624  0.9081687657371575  0.2658789797588483 -0.1146173646820910
 ATT G13              4  0.6617557355641424  0.7126752325739560 -0.0753874403413106  0.2202046619906311
 ATT G14              4  0.9160359491919454  0.0975079333864619  0.3048321104595849 -0.2417596474754863
 ATT G15              4  0.9029290907945723  0.4104538751784904 -0.0995034856947151 -0.0796600883909367
 ATT G17              4  0.8170369083299550  0.3480326418008650  0.3670339227213372 -0.2767852420912822
 ATT G18              4  0.2027084361248561 -0.6327771096635604 -0.3767498180697627 -0.6454161401716353
 ATT G19              4  0.7039045530900078  0.5775221927579853  0.3286785110962329 -0.2509122024827232
 ATT G20              4  0.8266726094721193  0.5380433285588626  0.1141833183726874 -0.1186757900637753
 ATT G21              4  0.4240920773120079  0.8796751745660552  0.2149437387039068 -0.0108021481824889
 ATT G22              4  0.9216838795816134  0.2415143919417743  0.2042194229893105 -0.2246420527824145
 ATT G24              4  0.9243483958985186  0.2716725761843590 -0.2406783648153842 -0.1176774364905397
 ATT G25              4  0.3124878638991229  0.8503784871449608  0.1103000298525079  0.4087073120600491
 ATT G26              4  0.3361673590175591 -0.9162388425899437 -0.1849929988746921 -0.1152192710788913
 ATT G28              4  0.2917887725629250 -0.8048600850408092 -0.2956035679181686 -0.4238845200622152
 ATT G29              4  0.0332751669167698  0.9205481190785207  0.2233420086103374  0.3187511112412970
 ATT G30              4  0.7293565647658994  0.2966111802563174  0.5145694114749516 -0.3395278043903999
 ATT G31              4  0.2912353703853378 -0.8960315259942481 -0.2314071793523283 -0.2424049933585037
## 2026 09 05 10 14 30.000000000000 22
 ATT G04              4  0.2322875253608538 -0.9410060142233641 -0.1461136288844319  0.1979924094792883
 ATT G05              4  0.5631825935008719  0.8077509906517919  0.0686924543460206  0.1601407199765398
 ATT G06              4  0.3050369678004067  0.8065164315316619  0.3624010608586025 -0.3537642789105914
 ATT G07              4  0.2832561464248802  0.5660324590871503  0.5212315925826423 -0.5724428684733939
 ATT G09              4  0.0451447899028470  0.9067738326249869  0.2657752756515442 -0.3241707378274115
 ATT G11              4  0.3024737563536660  0.9079950704346712  0.2655681780962557 -0.1163104533835130
 ATT G13              4  0.6635437450737017  0.7112582636442901 -0.0768655857495290  0.2188905262880555
 ATT G14              4  0.9161336990968090  0.0958515659226115  0.3058930025053335 -0.2407093552557852
 ATT G15              4  0.9024612912378499  0.4120072568828010 -0.0983693795363091 -0.0783396659609094
 ATT G17              4  0.8182226549556060  0.3461079096294812  0.3668961709124846 -0.2758771494326233
 ATT G18              4  0.1977472292404858 -0.6363665432233016 -0.3730384745799328 -0.6455818712423846
 ATT G19              4  0.7052318276656465  0.5759496333169905  0.3286857817726151 -0.2507902430118123
 ATT G20              4  0.8257876034089638  0.5393063339381803  0.1151282972293798 -0.1181904708819905
 ATT G21              4  0.4227371961854509  0.8803341999813360  0.2148652391709568 -0.0117425849154121
 ATT G22              4  0.9220226475221477  0.2399207636178365  0.2051874971575044 -0.2240766735997420
 ATT G24              4  0.9248309702814550  0.2720011256498614 -0.2388843040217144 -0.1167790792288357
 ATT G25              4  0.3149274178484244  0.8498420903974678  0.1078302113548381  0.4086095794219228
 ATT G26              4  0.3348387858935256 -0.9166232332622111 -0.1848053540164912 -0.1163263376545573
 ATT G28              4  0.2922437146083315 -0.8040007774944985 -0.2954518489427524 -0.4253052621546997
 ATT G29              4  0.0352053463657971  0.9211342785886755  0.2218780004790340  0.3178716365132527
 ATT G30              4  0.7282039959087552  0.2973224977158273  0.5157454975937505 -0.3395951330721939
 ATT G31              4  0.2913400202461394 -0.8956278938432487 -0.2310596443580783 -0.2440965159972725
## 2026 09 05 10 15 00.000000000000 22
 ATT G04              4  0.2340486627827892 -0.9411041818539019 -0.1443803608101472  0.1967192256974910
 ATT G05              4  0.5617812348443694  0.8087485826677988  0.0692603157103126  0.1597829242355832
 ATT G06              4  0.3056579573720921  0.8056664552039982  0.3624480276090921 -0.3551143524787846
 ATT G07              4  0.2759809634003877  0.5726985783969123  0.5155442706275266 -0.5745127946059037
 ATT G09              4  0.0428409668501029  0.9076851201186064  0.2636634821019073 -0.3236571372309276
 ATT G11              4  0.3026254981486879  0.9078165324708258  0.2652592768457317 -0.1180019800265541
 ATT G13              4  0.6653233843387639  0.7098373090798944 -0.0783251047261683  0.2175797942361994
 ATT G14              4  0.9162279391125724  0.0941934886921793  0.3069542751536612 -0.2396518792799628
 ATT G15              4  0.9019873388161772  0.4135583078710796 -0.0972375662153664 -0.0770274127998292
 ATT G17              4  0.8194056303270502  0.3441799905512972  0.3667575091270783 -0.2749608637449017
 ATT G18              4  0.1928079647180709 -0.6399235977741633 -0.3693099114751708 -0.6457035442362485
 ATT G19              4  0.7065589062830844  0.5743726009510306  0.3286952496596246 -0.2506592509364047
 ATT G20              4  0.8248982309875204  0.5405693418685201  0.1160679266879172 -0.1177112209598811
 ATT G21              4  0.4213830302418911  0.8809906450540345  0.2147809169813166 -0.0126879018007733
 ATT G22              4  0.9223582278036712  0.2383264597355400  0.2061586321318381 -0.2235048469056708
 ATT G24              4  0.9253082456723603  0.2723283602141161 -0.2370915537453147 -0.1158857620955459
 ATT G25              4  0.3173702632250343  0.8492962119968519  0.1053556056424132  0.4085000081615600
 ATT G26              4  0.3335110496907939 -0.9170044938959917 -0.1846119688637778 -0.1174374678752195
 ATT G28              4  0.2927044149317001 -0.8031362833890657 -0.2953040988394484 -0.4267220699613669
 ATT G29              4  0.0371341618902499  0.9217135488194673  0.2204142746236214  0.3169901189082679
 ATT G30              4  0.7270445499120560  0.2980433807085830  0.5169149765020760 -0.3396693579450990
 ATT G31              4  0.2914481216131563 -0.8952197318878073 -0.2307135537414646 -0.2457862489377143
## 2026 09 05 10 15 30.000000000000 22
 ATT G04              4  0.2358064788220461 -0.9411939501571470 -0.1426540818164235  0.1954458126291014
 ATT G05              4  0.5603816291248044  0.8097433255783879  0.0698208628624520  0.1594152550097694
 ATT G06              4  0.3062867932846597  0.8048095436597236  0.3625011055065541 -0.3564588997348180
 ATT G07              4  0.2686195104304578  0.5793719432061303  0.5096961674730185 -0.5765253913792298
 ATT G09              4  0.0405377766446075  0.9085877402436906  0.2615470381344438 -0.3231379794865940
 ATT G11              4  0.3027807601804116  0.9076331503046932  0.2649522947948669 -0.1196919262752828
 ATT G13              4  0.6670946745089967  0.7084124849357339 -0.0797659921871464  0.2162725893850597
 ATT G14              4  0.9163186536259411  0.0925336758641566  0.3080158917090129 -0.2385872048181004
 ATT G15              4  0.9015072686437428  0.4151070453567863 -0.0961080763255154 -0.0757233328814149
 ATT G17              4  0.8205857928566415  0.3422489049453451  0.3666179070341235 -0.2740364097478117
 ATT G18              4  0.1878925478172460 -0.6434473379935193 -0.3655661486869620 -0.6457811584724231
 ATT G19              4  0.7078857640194066  0.5727911040538749  0.3287068918547310 -0.2505192117635076
 ATT G20              4  0.8240045083928611  0.5418323556936039  0.1170021893864519 -0.1172380320140999
 ATT G21              4  0.4200295796985172  0.8816445008702289  0.2146907757243280 -0.0136380747344113
 ATT G22              4  0.9226906082487900  0.2367314719949291  0.2071328006012408 -0.2229265675770422
 ATT G24              4  0.9257802461955551  0.2726543419173627 -0.2353001019683788 -0.1149974243249861
 ATT G25              4  0.3198163186603982  0.8487407880087346  0.1028763861856029  0.4083785575348159
 ATT G26              4  0.3321841469936299 -0.9173826170002743 -0.1844128502591566 -0.1185526346022692
 ATT G28              4  0.2931709144287069 -0.8022665893801390 -0.2951603621035824 -0.4281349029690059
 ATT G29              4  0.0390616015746951  0.9222859243920778  0.2189508939926082  0.3161065816627534
 ATT G30              4  0.7258781655435156  0.2987739509049100  0.5180777525088158 -0.3397505811669319
 ATT G31              4  0.2915596824541135 -0.8948070423885184 -0.2303689232285048 -0.2474741757632720
## 2026 09 05 10 16 00.000000000000 22
 ATT G04              4  0.2375609932061466 -0.9412753574661019 -0.1409348280811053  0.1941722178060581
 ATT G05              4  0.5589837793223198  0.8107352220684207  0.0703741247058040  0.1590377839511745
 ATT G06              4  0.3069235424925786  0.8039456561058659  0.3625603678971743 -0.3577978489630479
 ATT G07              4  0.2611779903501380  0.5860440789745114  0.5036912259751660 -0.5784751885182432
 ATT G09              4  0.0382352734173995  0.9094816407693432  0.2594260826809137 -0.3226132616540097
 ATT G11              4  0.3029395560873399  0.9074449223445407  0.2646472509380604 -0.1213802736841802
 ATT G13              4  0.6688576378890418  0.7069839063095433 -0.0811882463418899  0.2149690329157270
 ATT G14              4  0.9164058268505779  0.0908721013116542  0.3090778152514407 -0.2375153170574739
 ATT G15              4  0.9010211156700471  0.4166534865044106 -0.0949809401903467 -0.0744274297620426
 ATT G17              4  0.8217631008827727  0.3403146733215145  0.3664773343494696 -0.2731038127850119
 ATT G18              4  0.1830028330522603 -0.6469368953490313 -0.3618091956920157 -0.6458147740983502
 ATT G19              4  0.7092123757243146  0.5712051510384494  0.3287206852719346 -0.2503701112772214
 ATT G20              4  0.8231064516813036  0.5430953786387261  0.1179310679864943 -0.1167708957978849
 ATT G21              4  0.4186768446535025  0.8822957585085703  0.2145948188836298 -0.0145930797667689
 ATT G22              4  0.9230197766232787  0.2351357918808990  0.2081099752107942 -0.2223418304247327
 ATT G24              4  0.9262469954269188  0.2729791317027237 -0.2335099369652652 -0.1141140063967320
 ATT G25              4  0.3222655007430399  0.8481757555931515  0.1003927297902735  0.4082451891450589
 ATT G26              4  0.3308580742299508 -0.9177575950796590 -0.1842080049338111 -0.1196718108359564
 ATT G28              4  0.2936432547307884 -0.8013916817367421 -0.2950206838805374 -0.4295437200995124
 ATT G29              4  0.0409876537998814  0.9228514003340313  0.2174879212491619  0.3152210482315864
 ATT G30              4  0.7247047797665304  0.2995143327882079  0.5192337276652896 -0.3398389069732746
 ATT G31              4  0.2916747107826864 -0.8943898275871545 -0.2300257686894079 -0.2491602800153070
## 2026 09 05 10 16 30.000000000000 22
 ATT G04              4  0.2393122258879088 -0.9413484422115797 -0.1392226347506534  0.1928984884842172
 ATT G05              4  0.5575876882359210  0.8117242745879395  0.0709201298785096  0.1586505819416491
 ATT G06              4  0.3075682730617844  0.8030747508274572  0.3626258890966114 -0.3591311272308548
 ATT G07              4  0.2536631441992357  0.5927063224624428  0.4975341078832822 -0.5803568178980876
 ATT G09              4  0.0359335110481303  0.9103667706023716  0.2573007551464183 -0.3220829818041440
 ATT G11              4  0.3031018995755234  0.9072518469641577  0.2643441644047727 -0.1230670036970907
 ATT G13              4  0.6706122979056243  0.7055516872851667 -0.0825918687006687  0.2136692436719153
 ATT G14              4  0.9164894428431674  0.0892087386119797  0.3101400086406906 -0.2364362010197155
 ATT G15              4  0.9005289146761614  0.4181976484404869 -0.0938561878815264 -0.0731397065031870
 ATT G17              4  0.8229375127117705  0.3383773163210471  0.3663357608121054 -0.2721630987502699
 ATT G18              4  0.1781406203609509 -0.6503914687401395 -0.3580410465282253 -0.6458045104893868
 ATT G19              4  0.7105387160574398  0.5696147503407940  0.3287366065982097 -0.2502119354865718
 ATT G20              4  0.8222040767769889  0.5443584138378605  0.1188545451429598 -0.1163098040325544
 ATT G21              4  0.4173248250676396  0.8829444090656866  0.2144930497677448 -0.0155528930827893
 ATT G22              4  0.9233457206566198  0.2335394106556696  0.2090901285556243 -0.2217506301147868
 ATT G24              4  0.9267085164234491  0.2733027894264997 -0.2317210472943202 -0.1132354499296517
 ATT G25              4  0.3247177240316991  0.8476010530599797  0.0979048164819650  0.4080998670189971
 ATT G26              4  0.3295328276609540 -0.9181294206535595 -0.1839974394341972 -0.1207949697040275
 ATT G28              4  0.2941214782618226 -0.8005115463413899 -0.2948851099162988 -0.4309484796920070
 ATT G29              4  0.0429123072447009  0.9234099721002973  0.2160254186753661  0.3143335422744450
 ATT G30              4  0.7235243276917457  0.3002646537828446  0.5203828016835615 -0.3399344416778712
 ATT G31              4  0.2917932146810864 -0.8939680897175024 -0.2296841060670029 -0.2508445451930770
## 2026 09 05 10 17 00.000000000000 22
 ATT G04              4  0.2410601969085118 -0.9414132428993126 -0.1375175361351014  0.1916246717298252
 ATT G05              4  0.5561933586066511  0.8127104852757725  0.0714589067520393  0.1582537191047302
 ATT G06              4  0.3082210541209284  0.8021967852154149  0.3626977444426244 -0.3604586602689315
 ATT G07              4  0.2460822262763974  0.5993498807404452  0.4912301920929166 -0.5821650597069746
 ATT G09              4  0.0336325433160165  0.9112430797165019  0.2551711955894240 -0.3215471390641629
 ATT G11              4  0.3032678044018831  0.9070539225038061  0.2640430545312868 -0.1247520975275032
 ATT G13              4  0.6723586789394780  0.7041159410211059 -0.0839768638612368  0.2123733382295384
 ATT G14              4  0.9165694854814302  0.0875435611627649  0.3112024344334383 -0.2353498416951920
 ATT G15              4  0.9000307003075286  0.4197395481335035 -0.0927338492885291 -0.0718601658275109
 ATT G17              4  0.8241089865156707  0.3364368548510164  0.3661931562176796 -0.2712142942055367
 ATT G18              4  0.1733076519485422 -0.6538103244679374 -0.3542636754189739 -0.6457505444626871
 ATT G19              4  0.7118647593701869  0.5680199105306931  0.3287546323215914 -0.2500446706783154
 ATT G20              4  0.8212973995377095  0.5456214642284424  0.1197726034576472 -0.1158547484861401
 ATT G21              4  0.4159735208699912  0.8835904435940887  0.2143854715625375 -0.0165174909455598
 ATT G22              4  0.9236684280039427  0.2319423194738190  0.2100732331138248 -0.2211529612619687
 ATT G24              4  0.9271648316950859  0.2736253738681282 -0.2299334219212855 -0.1123616977751811
 ATT G25              4  0.3271729008936801  0.8470166199654328  0.0954128297270042  0.4079425576556547
 ATT G26              4  0.3282084034792545 -0.9184980862174489 -0.1837811601849409 -0.1219220843881970
 ATT G28              4  0.2946056281960513 -0.7996261687345779 -0.2947536866225145 -0.4323491393914292
 ATT G29              4  0.0448355507491218  0.9239616355147487  0.2145634483297466  0.3134440877202581
 ATT G30              4  0.7223367425936132  0.3010250442481277  0.5215248717835239 -0.3400372937573800
 ATT G31              4  0.2919152022802051 -0.8935418310263635 -0.2293439514504392 -0.2525269546342765
## 2026 09 05 10 17 30.000000000000 22
 ATT G04              4  0.2428049265134207 -0.9414697981082636 -0.1358195655835944  0.1903508143283977
 ATT G05              4  0.5548007930190305  0.8136938560373927  0.0719904834616318  0.1578472647954911
 ATT G06              4  0.3088819559324625  0.8013117156857041  0.3627760103060526 -0.3617803725336624
 ATT G07              4  0.2384429704931189  0.6059658953368100  0.4847855629853594 -0.5838948890271666
 ATT G09              4  0.0313324237230127  0.9121105192326558  0.2530375445223462 -0.3210057335794503
 ATT G11              4  0.3034372843893746  0.9068511472592307  0.2637439408287529 -0.1264355362749785
 ATT G13              4  0.6740968064101359  0.7026767796191324 -0.0853432395544813  0.2110814308130672
 ATT G14              4  0.9166459384703147  0.0858765420661526  0.3122650549551926 -0.2342562239567388
 ATT G15              4  0.8995265070378311  0.4212792025015604 -0.0916139540444046 -0.0705888100219916
 ATT G17              4  0.8252774804255495  0.3344933099492056  0.3660494904087592 -0.2702574263053132
 ATT G18              4  0.1685056087527151 -0.6571927964584693 -0.3504790319867969 -0.6456531082861563
 ATT G19              4  0.7131904798043311  0.5664206402029667  0.3287747387248879 -0.2498683034018396
 ATT G20              4  0.8203864356920758  0.5468845326446637  0.1206852255384816 -0.1154057209292855
 ATT G21              4  0.4146229318597032  0.8842338531521168  0.2142720873127655 -0.0174868497579990
 ATT G22              4  0.9239878862717805  0.2303445092689067  0.2110592613121895 -0.2205488183759536
 ATT G24              4  0.9276159632537998  0.2739469427734801 -0.2281470500893415 -0.1114926939190336
 ATT G25              4  0.3296309416898736  0.8464223971294277  0.0929169562206500  0.4077732300740375
 ATT G26              4  0.3268847977138215 -0.9188635842724023 -0.1835591734622113 -0.1230531281989215
 ATT G28              4  0.2950957485154483 -0.7987355340450482 -0.2946264610700444 -0.4337456562309570
 ATT G29              4  0.0467573734483010  0.9245063868107432  0.2131020719250297  0.3125527086998660
 ATT G30              4  0.7211419557683566  0.3017956376202732  0.5226598326925704 -0.3401475739054146
 ATT G31              4  0.2920406817730438 -0.8931110537458137 -0.2290053210402690 -0.2542074916319819
## 2026 09 05 10 18 00.000000000000 22
 ATT G04              4  0.2445464351074826 -0.9415181464796122 -0.1341287555321615  0.1890769628093640
 ATT G05              4  0.5534099939345968  0.8146743885293747  0.0725148878954674  0.1574312876181562
 ATT G06              4  0.3095510499003514  0.8004194976736216  0.3628607641068795 -0.3630961871478027
 ATT G07              4  0.2307535499761746  0.6125455088636083  0.4782069900587184 -0.5855415215024466
 ATT G09              4  0.0290332055275696  0.9129690414118108  0.2508999429214581 -0.3204587665245014
 ATT G11              4  0.3036103534259317  0.9066435194847288  0.2634468429912697 -0.1281173008881379
 ATT G13              4  0.6758267066995235  0.7012343141283762 -0.0866910065479203  0.2097936333264069
 ATT G14              4  0.9167187853369368  0.0842076541638415  0.3133278322744878 -0.2331553325848826
 ATT G15              4  0.8990163691771680  0.4228166283772906 -0.0904965315512925 -0.0693256409732430
 ATT G17              4  0.8264429525117413  0.3325467028243430  0.3659047332826071 -0.2692925228180696
 ATT G18              4  0.1637361076842734 -0.6605382858707932 -0.3466890370452772 -0.6455124875104278
 ATT G19              4  0.7145158512639035  0.5648169480122163  0.3287969018855104 -0.2496828204768551
 ATT G20              4  0.8194712008587532  0.5481476217916501  0.1215923939790852 -0.1149627131452153
 ATT G21              4  0.4132730577336313  0.8848746287904514  0.2141528999236944 -0.0184609460410625
 ATT G22              4  0.9243040830102691  0.2287459707860583  0.2120481855040120 -0.2199381958736323
 ATT G24              4  0.9280619326172654  0.2742675528703548 -0.2263619213524437 -0.1106283834775071
 ATT G25              4  0.3320917547388364  0.8458183267042741  0.0904173859143286  0.4075918558682018
 ATT G26              4  0.3255620062569091 -0.9192259073173094 -0.1833314853977463 -0.1241880745502734
 ATT G28              4  0.2955918840181682 -0.7978396269974043 -0.2945034810061380 -0.4351379865864421
 ATT G29              4  0.0486777647312945  0.9250442226160832  0.2116413508539996  0.3116594295606473
 ATT G30              4  0.7199398964945026  0.3025765704814513  0.5237875765382883 -0.3402653950893592
 ATT G31              4  0.2921696614143678 -0.8926757601013051 -0.2286682311569329 -0.2558861393982352
## 2026 09 05 10 18 30.000000000000 22
 ATT G04              4  0.2462847432471473 -0.9415583267077270 -0.1324451375152859  0.1878031634440475
 ATT G05              4  0.5520209636957870  0.8156520841646616  0.0730321476956450  0.1570058554359795
 ATT G06              4  0.3102284085911804  0.7995200856095687  0.3629520843316497 -0.3644060258683519
 ATT G07              4  0.2230225294470896  0.6190799337678543  0.4715018980657051 -0.5871004574052481
 ATT G09              4  0.0267349417298428  0.9138185996663445  0.2487585321916133 -0.3199062401023463
 ATT G11              4  0.3037870254664879  0.9064310373924082  0.2631517808975632 -0.1297973721628842
 ATT G13              4  0.6775484071128069  0.6997886545210827 -0.0880201785787878  0.2085100553580883
 ATT G14              4  0.9167880094272916  0.0825368700376607  0.3143907281994064 -0.2320471522707848
 ATT G15              4  0.8985003208701277  0.4243518425054839 -0.0893816109821974 -0.0680706601753555
 ATT G17              4  0.8276053607886964  0.3305970548560404  0.3657588547961239 -0.2683196121280635
 ATT G18              4  0.1590006991000815 -0.6638462605063374 -0.3428955785515078 -0.6453290186465097
 ATT G19              4  0.7158408474147431  0.5632088426746249  0.3288210976756389 -0.2494882089980263
 ATT G20              4  0.8185517105467831  0.5494107342463027  0.1224940913579629 -0.1145257169297088
 ATT G21              4  0.4119238980853650  0.8855127615523913  0.2140279121607535 -0.0194397564317978
 ATT G22              4  0.9246170057121786  0.2271466945813764  0.2130399779674197 -0.2193210880791998
 ATT G24              4  0.9285027608219675  0.2745872598904506 -0.2245780255710547 -0.1097687126755519
 ATT G25              4  0.3345552463338431  0.8452043522317397  0.0879143119879631  0.4073984092589384
 ATT G26              4  0.3242400248634138 -0.9195850478488801 -0.1830981019785374 -0.1253268969583368
 ATT G28              4  0.2960940803375499 -0.7969384319010071 -0.2943847948689994 -0.4365260861599961
 ATT G29              4  0.0505967142398225  0.9255751399498122  0.2101813461848299  0.3107642748627246
 ATT G30              4  0.7187304919663606  0.3033679826470884  0.5249079927623157 -0.3403908726106923
 ATT G31              4  0.2923021495230219 -0.8922359523109625 -0.2283326982420220 -0.2575628810630350
## 2026 09 05 10 19 00.000000000000 22
 ATT G04              4  0.2480198715954151 -0.9415903775308389 -0.1307687422130867  0.1865294622710744
 ATT G05              4  0.5506337045596521  0.8166269440968869  0.0735422902480863  0.1565710353895766
 ATT G06              4  0.3109141057422347  0.7986134329125787  0.3630500505492417 -0.3657098090266224
 ATT G07              4  0.2152588112681412  0.6255605217069705  0.4646783280680976 -0.5885675231245520
 ATT G09              4  0.0244376851063052  0.9146591485529290  0.2466134541764017 -0.3193481575557667
 ATT G11              4  0.3039673145323397  0.9062136991555715  0.2628587746188344 -0.1314757307059400
 ATT G13              4  0.6792619358044967  0.6983399096996875 -0.0893307722602977  0.2072308042139085
 ATT G14              4  0.9168535939019014  0.0808641620441087  0.3154537042513074 -0.2309316676426237
 ATT G15              4  0.8979783961053021  0.4258848615077115 -0.0882692213066806 -0.0668238687642508
 ATT G17              4  0.8287646631962479  0.3286443876345090  0.3656118249735654 -0.2673387232576871
 ATT G18              4  0.1543008647111886 -0.6671162538935731 -0.3391005078924717 -0.6451030867136324
 ATT G19              4  0.7171654416571487  0.5615963330026175  0.3288473017616075 -0.2492844563442191
 ATT G20              4  0.8176279801759430  0.5506738724307160  0.1233903002184917 -0.1140947241004632
 ATT G21              4  0.4105754524335633  0.8861482424603636  0.2138971266517773 -0.0204232576613161
 ATT G22              4  0.9249266418058552  0.2255466710537274  0.2140346108823229 -0.2186974892374861
 ATT G24              4  0.9289384684269357  0.2749061185831072 -0.2227953529458689 -0.1089136288437689
 ATT G25              4  0.3370213207111623  0.8445804187133121  0.0854079308712354  0.4071928671482938
 ATT G26              4  0.3229188491767805 -0.9199409983546220 -0.1828590290518345 -0.1264695690151123
 ATT G28              4  0.2966023839497581 -0.7960319326582141 -0.2942704518049765 -0.4379099099338201
 ATT G29              4  0.0525142118279765  0.9260991362082193  0.2087221186868703  0.3098672693934349
 ATT G30              4  0.7175136672512781  0.3041700172378365  0.5260209680074519 -0.3405241241640045
 ATT G31              4  0.2924381544802547 -0.8917916325946987 -0.2279987388666598 -0.2592376996377647
## 2026 09 05 10 19 30.000000000000 22
 ATT G04              4  0.2497518410605338 -0.9416143377248651 -0.1290995993222124  0.1852559049873563
 ATT G05              4  0.5492482185844612  0.8175989693074691  0.0740453427266863  0.1561268938705034
 ATT G06              4  0.3116082163400526  0.7976994918891525  0.3631547434369933 -0.3670074556032530
 ATT G07              4  0.2074715749374836  0.6319788330730832  0.4577448889292854 -0.5899389093793217
 ATT G09              4  0.0221414880017680  0.9154906438532345  0.2444648509425394 -0.3187845231185202
 ATT G11              4  0.3041512347274540  0.9059915028899692  0.2625678443960553 -0.1331523570732119
 ATT G13              4  0.6809673218830253  0.6968881873543676 -0.0906228071232205  0.2059559848183976
 ATT G14              4  0.9169155217376042  0.0791895021757893  0.3165167217508327 -0.2298088631752844
 ATT G15              4  0.8974506286693695  0.4274157020093570 -0.0871593911989607 -0.0655852674205995
 ATT G17              4  0.8299208177011810  0.3266887227975770  0.3654636138995268 -0.2663498857867060
 ATT G18              4  0.1496380153403110 -0.6703478644719167 -0.3353056360425714 -0.6448351226484516
 ATT G19              4  0.7184896072358204  0.5599794277722423  0.3288754896066313 -0.2490715501657904
 ATT G20              4  0.8167000249989834  0.5519370387196713  0.1242810031435583 -0.1136697264607141
 ATT G21              4  0.4092277201070220  0.8867810625697670  0.2137605458757596 -0.0214114266349698
 ATT G22              4  0.9252329786797693  0.2239458903109851  0.2150320564125852 -0.2180673934616533
 ATT G24              4  0.9293690755624476  0.2752241827637827 -0.2210138938637060 -0.1080630803254049
 ATT G25              4  0.3394898802769331  0.8439464726147796  0.0828984420001747  0.4069752091523167
 ATT G26              4  0.3215984746185292 -0.9202937513422281 -0.1826142723044779 -0.1276160644832510
 ATT G28              4  0.2971168422373953 -0.7951201126759786 -0.2941605016745133 -0.4392894122689724
 ATT G29              4  0.0544302477206015  0.9266162092051422  0.2072637287041774  0.3089684380887641
 ATT G30              4  0.7162893451152678  0.3049828208406437  0.5271263861180870 -0.3406652699124359
 ATT G31              4  0.2925776847445167 -0.8913428031357249 -0.2276663697048509 -0.2609105781548606
## 2026 09 05 10 20 00.000000000000 22
 ATT G04              4  0.2514806725695059 -0.9416302460910295 -0.1274377377787537  0.1839825371071196
 ATT G05              4  0.5478645078083746  0.8185681604876393  0.0745413320298923  0.1556734965849460
 ATT G06              4  0.3123108165572860  0.7967782138204276  0.3632662447867749 -0.3682988830297593
 ATT G07              4  0.1996702134172926  0.6383267033156061  0.4507107020265929 -0.5912112048894385
 ATT G09              4  0.0198464026047507  0.9163130424775799  0.2423128650144071 -0.3182153420840100
 ATT G11              4  0.3043388002188512  0.9057644466799131  0.2622790106786606 -0.1348272315573055
 ATT G13              4  0.6826645951580270  0.6954335941247771 -0.0918963053842859  0.2046856998843446
 ATT G14              4  0.9169737757161655  0.0775128622715006  0.3175797416803040 -0.2286787233338358
 ATT G15              4  0.8969170522113495  0.4289443804438909 -0.0860521491801103 -0.0643548565346646
 ATT G17              4  0.8310737821570199  0.3247300822750202  0.3653141917421889 -0.2653531299770907
 ATT G18              4  0.1450134899983093 -0.6735407538687734 -0.3315127307940775 -0.6445256006690904
 ATT G19              4  0.7198133170736553  0.5583581359269044  0.3289056364676065 -0.2488494784151561
 ATT G20              4  0.8157678602186023  0.5532002352818409  0.1251661826417041 -0.1132507158537442
 ATT G21              4  0.4078807004140904  0.8874112128889127  0.2136181721787652 -0.0224042403072922
 ATT G22              4  0.9255360036428715  0.2223443423696249  0.2160322865788536 -0.2174307948118584
 ATT G24              4  0.9297946018873244  0.2755415052935171 -0.2192336391180074 -0.1072170165638485
 ATT G25              4  0.3419608253208524  0.8433024620016252  0.0803860480949390  0.4067454176749391
 ATT G26              4  0.3202788965527286 -0.9206432992951233 -0.1823638372928588 -0.1287663571503939
 ATT G28              4  0.2976375034451020 -0.7942029549682108 -0.2940549950821928 -0.4406645467131927
 ATT G29              4  0.0563448122717985  0.9271263571028600  0.2058062363345129  0.3080678061418650
 ATT G30              4  0.7150574461022325  0.3058065435025708  0.5282241279036273 -0.3408144325365615
 ATT G31              4  0.2927207488358116 -0.8908894661360526 -0.2273356075769667 -0.2625814994557593
## 2026 09 05 10 20 30.000000000000 22
 ATT G04              4  0.2532063872240309 -0.9416381414492744 -0.1257831856234738  0.1827094038393317
 ATT G05              4  0.5464825741252999  0.8195345181332659  0.0750302848375233  0.1552109085169777
 ATT G06              4  0.3130219838355940  0.7958495488469213  0.3633846375406974 -0.3695840072773712
 ATT G07              4  0.1918642640484896  0.6445963075415889  0.4435853371217485 -0.5923814254139542
 ATT G09              4  0.0175524807162084  0.9171263025496748  0.2401576391478907 -0.3176406207511620
 ATT G11              4  0.3045300252543270  0.9055325285544203  0.2619922941083049 -0.1365003343450386
 ATT G13              4  0.6843537862645903  0.6939762354473629 -0.0931512919937138  0.2034200497972897
 ATT G14              4  0.9170283384246588  0.0758342138579011  0.3186427247798486 -0.2275412324822468
 ATT G15              4  0.8963777001917537  0.4304709131942642 -0.0849475235120667 -0.0631326361069193
 ATT G17              4  0.8322235144144716  0.3227684881025426  0.3651635287479080 -0.2643484866913428
 ATT G18              4  0.1404285542583882 -0.6766946456830140 -0.3277235134499203 -0.6441750355182061
 ATT G19              4  0.7211365438923893  0.5567324664255222  0.3289377174035045 -0.2486182293398246
 ATT G20              4  0.8148315009005885  0.5544634641968409  0.1260458212352945 -0.1128376841310371
 ATT G21              4  0.4065343925159430  0.8880386844361851  0.2134700077702291 -0.0234016757759909
 ATT G22              4  0.9258357039502050  0.2207420170027609  0.2170352733516648 -0.2167876872466516
 ATT G24              4  0.9302150666400499  0.2758581381306085 -0.2174545797360213 -0.1063753880124291
 ATT G25              4  0.3444340542749919  0.8426483365368136  0.0778709548947743  0.4065034779324925
 ATT G26              4  0.3189601101607912 -0.9209896347037324 -0.1821077294295767 -0.1299204209372331
 ATT G28              4  0.2981644167433096 -0.7932804420559216 -0.2939539833902762 -0.4420352661142269
 ATT G29              4  0.0582578961452959  0.9276295784553603  0.2043497012986253  0.3071653989150150
 ATT G30              4  0.7138178883400376  0.3066413388986191  0.5293140711449064 -0.3409717373217897
 ATT G31              4  0.2928673553480317 -0.8904316237720565 -0.2270064694291106 -0.2642504463486131
## 2026 09 05 10 21 00.000000000000 22
 ATT G04              4  0.2549290061850342 -0.9416380626344180 -0.1241359700720945  0.1814365501707788
 ATT G05              4  0.5451024193624322  0.8204980424962000  0.0755122275496882  0.1547391939865753
 ATT G06              4  0.3137417968828373  0.7949134460091668  0.3635100057709845 -0.3708627427323239
 ATT G07              4  0.1840633381688567  0.6507802198061724  0.4363787429560566 -0.5934470370195316
 ATT G09              4  0.0152597738820997  0.9179303833769383  0.2379993163826590 -0.3170603664539671
 ATT G11              4  0.3047249241593650  0.9052957465101479  0.2617077155007910 -0.1381716454055016
 ATT G13              4  0.6860349265193378  0.6925162156188779 -0.0943877945219882  0.2021591327291286
 ATT G14              4  0.9170791922578481  0.0741535282609250  0.3197056314788646 -0.2263963749154397
 ATT G15              4  0.8958326059147355  0.4319953164982998 -0.0838455422815208 -0.0619186057907378
 ATT G17              4  0.8333699722702436  0.3208039625502511  0.3650115952418563 -0.2633359874178774
 ATT G18              4  0.1358843996944407 -0.6798093236088403 -0.3239396563471600 -0.6437839796856238
 ATT G19              4  0.7224592601454494  0.5551024283520662  0.3289717072513119 -0.2483777914707535
 ATT G20              4  0.8138909620329806  0.5557267273875487  0.1269199013855985 -0.1124306231434621
 ATT G21              4  0.4051887955049644  0.8886634682121999  0.2133160546946681 -0.0244037102057299
 ATT G22              4  0.9261320667930164  0.2191389038415226  0.2180409885825121 -0.2161380646225812
 ATT G24              4  0.9306304886296585  0.2761741323225487 -0.2156767070896396 -0.1055381461263314
 ATT G25              4  0.3469094635803436  0.8419840475779128  0.0753533712267734  0.4062493780271878
 ATT G26              4  0.3176421105227446 -0.9213327500524782 -0.1818459539601968 -0.1310782298160255
 ATT G28              4  0.2986976322374274 -0.7923525560196806 -0.2938575187091593 -0.4434015225085862
 ATT G29              4  0.0601694901890406  0.9281258721834453  0.2028941829833427  0.3062612419906157
 ATT G30              4  0.7125705875459210  0.3074873644069410  0.5303960904136291 -0.3411373121903763
 ATT G31              4  0.2930175129538113 -0.8899692782292938 -0.2266789723176605 -0.2659174014979175
## 2026 09 05 10 21 30.000000000000 22
 ATT G04              4  0.2566485507728619 -0.9416300484810740 -0.1224961174921377  0.1801640207784983
 ATT G05              4  0.5437240452159530  0.8214587336382616  0.0759871863651958  0.1542584165993177
 ATT G06              4  0.3144703357138883  0.7939698531449298  0.3636424347541902 -0.3721350022492649
 ATT G07              4  0.1762770485670350  0.6568714675964517  0.4291011720651335 -0.5944059735050703
 ATT G09              4  0.0129683332321561  0.9187252454889780  0.2358380399419793 -0.3164745875275372
 ATT G11              4  0.3049235113421026  0.9050540984813572  0.2614252958872875 -0.1398411446003923
 ATT G13              4  0.6877080479911598  0.6910536377045023 -0.0956058431205481  0.2009030445383448
 ATT G14              4  0.9171263194039616  0.0724707764930772  0.3207684219562861 -0.2252441348552941
 ATT G15              4  0.8952818024927606  0.4335176065369404 -0.0827462333140122 -0.0607127648863241
 ATT G17              4  0.8345131135205903  0.3188365279898677  0.3648583616444118 -0.2623156642667283
 ATT G18              4  0.1313821430424508 -0.6828846297225378 -0.3201627803092763 -0.6433530205749584
 ATT G19              4  0.7237814380767787  0.5534680308060934  0.3290075806622424 -0.2481281536583785
 ATT G20              4  0.8129462584673315  0.5569900266834674  0.1277884055748761 -0.1120295247680306
 ATT G21              4  0.4038439083274062  0.8892855552218649  0.2131563148770894 -0.0254103209072124
 ATT G22              4  0.9264250793013203  0.2175349922712515  0.2190494040714906 -0.2154819207149785
 ATT G24              4  0.9310408862637495  0.2764895380557173 -0.2139000127753441 -0.1047052433532267
 ATT G25              4  0.3493869478791226  0.8413095481919511  0.0728335088701731  0.4059831089570454
 ATT G26              4  0.3163248925344789 -0.9216726378280774 -0.1815785160048295 -0.1322397578928915
 ATT G28              4  0.2992372009918671 -0.7914192784171398 -0.2937656539570731 -0.4447632671966319
 ATT G29              4  0.0620795855598005  0.9286152375869198  0.2014397404127149  0.3053553611132003
 ATT G30              4  0.7113154568535479  0.3083447812273300  0.5314700570437305 -0.3413112878254031
 ATT G31              4  0.2931712303987027 -0.8895024316624349 -0.2263531334467643 -0.2675823475342872
## 2026 09 05 10 22 00.000000000000 22
 ATT G04              4  0.2583650423523118 -0.9416141378212610 -0.1208636534723059  0.1788918601131428
 ATT G05              4  0.5423474533281627  0.8224165913827329  0.0764551872213683  0.1537686393053293
 ATT G06              4  0.3152076816475415  0.7930187169292054  0.3637820109506262 -0.3734006970254078
 ATT G07              4  0.1685149379873870  0.6628635792055637  0.4217631026793915 -0.5952566473851026
 ATT G09              4  0.0106782096127405  0.9195108506079205  0.2336739532853383 -0.3158832933375382
 ATT G11              4  0.3051258012899047  0.9048075823633871  0.2611450564960317 -0.1415088115722957
 ATT G13              4  0.6893731833594178  0.6895886036043138 -0.0968054704113742  0.1996518788852029
 ATT G14              4  0.9171697018475528  0.0707859293651560  0.3218310560718946 -0.2240844964838804
 ATT G15              4  0.8947253228797047  0.4350377993399415 -0.0816496242575901 -0.0595151123822045
 ATT G17              4  0.8356528959107560  0.3168662070233839  0.3647037984718928 -0.2612875499957025
 ATT G18              4  0.1269228262523459 -0.6859204622984765 -0.3163944527551116 -0.6428827776835819
 ATT G19              4  0.7251030496539248  0.5518292830127909  0.3290453120774095 -0.2478693050622645
 ATT G20              4  0.8119974049784522  0.5582533637529291  0.1286513162321098 -0.1116343808983066
 ATT G21              4  0.4024997298617182  0.8899049364468292  0.2129907900953543 -0.0264214852604615
 ATT G22              4  0.9267147285344568  0.2159302715328670  0.2200604914978568 -0.2148192492184412
 ATT G24              4  0.9314462775394052  0.2768044046463516 -0.2121244887250829 -0.1038766331254986
 ATT G25              4  0.3518663998850634  0.8406247932531707  0.0703115826189844  0.4057046646880041
 ATT G26              4  0.3150084509887678 -0.9220092905069703 -0.1813054205356038 -0.1334049793257391
 ATT G28              4  0.2997831750394160 -0.7904805903354735 -0.2936784428507971 -0.4461204506306587
 ATT G29              4  0.0639881735979124  0.9290976743205586  0.1999864322911837  0.3044477822405340
 ATT G30              4  0.7100524068132130  0.3092137544612606  0.5325358389434377 -0.3414937977058239
 ATT G31              4  0.2933285165055280 -0.8890310862306883 -0.2260289701527460 -0.2692452669441756
## 2026 09 05 10 22 30.000000000000 22
 ATT G04              4  0.2600785024872760 -0.9415903694743160 -0.1192386026917329  0.1776201122770810
 ATT G05              4  0.5409726451639117  0.8233716154072575  0.0769162558472237  0.1532699243571684
 ATT G06              4  0.3159539173955737  0.7920599827518702  0.3639288220448155 -0.3746597366819315
 ATT G07              4  0.1607864078453827  0.6687506247628345  0.4143751573599464 -0.5959979546059019
 ATT G09              4  0.0083894533569515  0.9202871617258591  0.2315071998804863 -0.3152864942214197
 ATT G11              4  0.3053318085892908  0.9045561959860234  0.2608670187374663 -0.1431746259010893
 ATT G13              4  0.6910303660361252  0.6881212139043075 -0.0979867115252318  0.1984057271232805
 ATT G14              4  0.9172093213677692  0.0690989573270430  0.3228934934623410 -0.2229174438487932
 ATT G15              4  0.8941631998172624  0.4365559109262973 -0.0805557424783298 -0.0583256468599641
 ATT G17              4  0.8367892772439336  0.3148930222951243  0.3645478763306149 -0.2602516779240031
 ATT G18              4  0.1225074161172394 -0.6889167739458150 -0.3126361855613037 -0.6423738997266701
 ATT G19              4  0.7264240666886312  0.5501861941687300  0.3290848757374522 -0.2476012351393828
 ATT G20              4  0.8110444161753296  0.5595167402200436  0.1295086158182162 -0.1112451834157664
 ATT G21              4  0.4011562587922410  0.8905216029010994  0.2128194819733256 -0.0274371808114102
 ATT G22              4  0.9270010015048554  0.2143247305703808  0.2210742225145531 -0.2141500436948759
 ATT G24              4  0.9318466800903404  0.2771187805899425 -0.2103501270343064 -0.1030522697741698
 ATT G25              4  0.3543477106514913  0.8399297394338585  0.0677878100028474  0.4054140421663253
 ATT G26              4  0.3136927804503141 -0.9223427005848320 -0.1810266723602866 -0.1345738684343814
 ATT G28              4  0.3003356074504585 -0.7895364722871067 -0.2935959399233840 -0.4474730225234840
 ATT G29              4  0.0658952460067824  0.9295731824334703  0.1985343168738875  0.3035385314546370
 ATT G30              4  0.7087813451812510  0.3100944532983164  0.5335933005807735 -0.3416849782065255
 ATT G31              4  0.2934893801886650 -0.8885552440509032 -0.2257064998845605 -0.2709061422263745
## 2026 09 05 10 23 00.000000000000 22
 ATT G04              4  0.2617889527179099 -0.9415587822416789 -0.1176209891370722  0.1763488211836034
 ATT G05              4  0.5395996221866406  0.8243238051277392  0.0773704177058747  0.1527623333802620
 ATT G06              4  0.3167091269946395  0.7910935948062764  0.3640829569476425 -0.3759120290640360
 ATT G07              4  0.1531006513230209  0.6745272481312103  0.4069480225409188 -0.5966292727004280
 ATT G09              4  0.0061021145593794  0.9210541430121192  0.2293379234398218 -0.3146842015583690
 ATT G11              4  0.3055415479030334  0.9042999371433924  0.2605912042416095 -0.1448385668921986
 ATT G13              4  0.6926796299221252  0.6866515680483163 -0.0991496038844903  0.1971646784728189
 ATT G14              4  0.9172451595293629  0.0674098306805331  0.3239556934037953 -0.2217429610130713
 ATT G15              4  0.8935954659038112  0.4380719571111191 -0.0794646152002599 -0.0571443666520341
 ATT G17              4  0.8379222152434714  0.3129169967386575  0.3643905659414801 -0.2592080820622365
 ATT G18              4  0.1181368051615288 -0.6918735689763122 -0.3088894340287417 -0.6418270618816364
 ATT G19              4  0.7277444606707403  0.5485387736495791  0.3291262456783061 -0.2473239336816697
 ATT G20              4  0.8100873066208013  0.5607801575064179  0.1303602867167203 -0.1108619242394362
 ATT G21              4  0.3998134937773046  0.8911355455532162  0.2126423920011648 -0.0284573851431155
 ATT G22              4  0.9272838851405473  0.2127183582318117  0.2220905686192026 -0.2134742976571587
 ATT G24              4  0.9322421111460608  0.2774327135390484 -0.2085769201814610 -0.1022321086152270
 ATT G25              4  0.3568307692946026  0.8392243453451668  0.0652624115480977  0.4051112413936803
 ATT G26              4  0.3123778754202108 -0.9226728605341978 -0.1807422761562756 -0.1357463995524274
 ATT G28              4  0.3008945522878569 -0.7885869043133680 -0.2935182005534613 -0.4488209316562785
 ATT G29              4  0.0678007946114701  0.9300417623048346  0.1970834521457925  0.3026276350719989
 ATT G30              4  0.7075021769857360  0.3109870510213862  0.5346423027279491 -0.3418849686535298
 ATT G31              4  0.2936538304366612 -0.8880749072560594 -0.2253857402462428 -0.2725649556815292
## 2026 09 05 10 23 30.000000000000 22
 ATT G04              4  0.2634964146976514 -0.9415194148987096 -0.1160108359772474  0.1750780304496772
 ATT G05              4  0.5382283857458027  0.8252731597829382  0.0778176980350931  0.1522459273408496
 ATT G06              4  0.3174733958928856  0.7901194959778950  0.3642445058277461 -0.3771574803052175
 ATT G07              4  0.1454665886779071  0.6801886918686604  0.3994923673336907 -0.5971504529635218
 ATT G09              4  0.0038162428711685  0.9218117598847687  0.2271662677032983 -0.3140764277150548
 ATT G11              4  0.3057550339896151  0.9040388035722922  0.2603176348366227 -0.1465006137142700
 ATT G13              4  0.6943210095129152  0.6851797642042088 -0.1002941872381507  0.1959288199328400
 ATT G14              4  0.9172771976828631  0.0657185194392721  0.3250176148972520 -0.2205610319623305
 ATT G15              4  0.8930221535468602  0.4395859536311624 -0.0783762694154930 -0.0559712697481723
 ATT G17              4  0.8390516676540672  0.3109381534108688  0.3642318381322069 -0.2581567970269317
 ATT G18              4  0.1138118118535570 -0.6947909013209140 -0.3051555953385386 -0.6412429629694723
 ATT G19              4  0.7290642028791131  0.5468870308745527  0.3291693957348328 -0.2470373907995047
 ATT G20              4  0.8091260907524871  0.5620436169376012  0.1312063113053247 -0.1104845952925132
 ATT G21              4  0.3984714333356268  0.8917467553782867  0.2124595215209596 -0.0294820759587458
 ATT G22              4  0.9275633663084417  0.2111111431338739  0.2231095012368859 -0.2127920045140122
 ATT G24              4  0.9326325875758000  0.2777462503466572 -0.2068048608754739 -0.1014161058625234
 ATT G25              4  0.3593154632382156  0.8385085715340163  0.0627356105071119  0.4047962654424982
 ATT G26              4  0.3110637302245245 -0.9229997628327027 -0.1804522364473866 -0.1369225471232476
 ATT G28              4  0.3014600646767571 -0.7876318658911398 -0.2934452809765656 -0.4501641259702003
 ATT G29              4  0.0697048115171688  0.9305034146808560  0.1956338956962974  0.3017151195636644
 ATT G30              4  0.7062148043240765  0.3118917251972992  0.5356827024243916 -0.3420939114194553
 ATT G31              4  0.2938218763277963 -0.8875900779550832 -0.2250667089713612 -0.2742216895500902
## 2026 09 05 10 24 00.000000000000 22
 ATT G04              4  0.2652009101504335 -0.9414723061881002 -0.1144081656095702  0.1738077834220834
 ATT G05              4  0.5368589371084830  0.8262196784185282  0.0782581218387478  0.1517207665647958
 ATT G06              4  0.3182468109599114  0.7891376278314651  0.3644135601288355 -0.3783959947576152
 ATT G07              4  0.1378928082456402  0.6857308132163392  0.3920187653275943 -0.5975618067370273
 ATT G09              4  0.0015318875352362  0.9225599789988993  0.2249923764481750 -0.3134631860527402
 ATT G11              4  0.3059722817016250  0.9037727929561377  0.2600463325569707 -0.1481607453620432
 ATT G13              4  0.6959545398304265  0.6837058992846681 -0.1014205035708938  0.1946982363253306
 ATT G14              4  0.9173054169600249  0.0640249933652094  0.3260792166424885 -0.2193716406334323
 ATT G15              4  0.8924432949736933  0.4410979161110819 -0.0772907319092924 -0.0548063538277019
 ATT G17              4  0.8401775922234542  0.3089565155322787  0.3640716638457670 -0.2570978580625078
 ATT G18              4  0.1095331815298031 -0.6976688720572720 -0.3014360076745159 -0.6406223227327827
 ATT G19              4  0.7303832643540749  0.5452309753423891  0.3292142995406679 -0.2467415969321400
 ATT G20              4  0.8081607829029829  0.5633071197171465  0.1320466719369673 -0.1101131885106603
 ATT G21              4  0.3971300758735488  0.8923552233449968  0.2122708717296087 -0.0305112310588305
 ATT G22              4  0.9278394318071040  0.2095030736947506  0.2241309916970782 -0.2121031575842504
 ATT G24              4  0.9330181258895404  0.2780594370761588 -0.2050339420893186 -0.1006042186281292
 ATT G25              4  0.3618016782008059  0.8377823805506747  0.0602076328487547  0.4044691204983120
 ATT G26              4  0.3097503390407944 -0.9233233999559091 -0.1801565576091764 -0.1381022856740164
 ATT G28              4  0.3020322008179629 -0.7866713359371915 -0.2933772383063475 -0.4515025525150390
 ATT G29              4  0.0716072890676583  0.9309581406608944  0.1941857047463726  0.3008010115703545
 ATT G30              4  0.7049191262888498  0.3128086577803729  0.5367143528228151 -0.3423119520025497
 ATT G31              4  0.2939935270292898 -0.8871007582418574 -0.2247494239316400 -0.2758763259759677
## 2026 09 05 10 24 30.000000000000 22
 ATT G04              4  0.2669024608642244 -0.9414174948132044 -0.1128129996713575  0.1725381231768930
 ATT G05              4  0.5354912774618357  0.8271633598912735  0.0786917138881763  0.1511869107463210
 ATT G06              4  0.3190294605122497  0.7881479305775853  0.3645902125899482 -0.3796274749476810
 ATT G07              4  0.1303875130374172  0.6911500919407803  0.3845376197888385 -0.5978640864120419
 ATT G09              4  0.0007509026265085 -0.9232987682509511 -0.2228163934533633  0.3128444909215450
 ATT G11              4  0.3061933059881574  0.9035019029238817  0.2597773196456574 -0.1498189406540055
 ATT G13              4  0.6975802563902359  0.6822300689385734 -0.1025285970378361  0.1934730103142566
 ATT G14              4  0.9173297982701535  0.0623292219701415  0.3271404570343805 -0.2181747709190404
 ATT G15              4  0.8918589222303985  0.4426078600618262 -0.0762080292620529 -0.0536496162662876
 ATT G17              4  0.8412999467079554  0.3069721064863188  0.3639100141456738 -0.2560313010415754
 ATT G18              4  0.1053015874507547 -0.7005076269493089 -0.2977319495281813 -0.6399658791657185
 ATT G19              4  0.7317016158974543  0.5435706166332899  0.3292609305288990 -0.2464365428527303
 ATT G20              4  0.8071913973000679  0.5645706669273485  0.1328813509390773 -0.1097476958417869
 ATT G21              4  0.3957894196838422  0.8929609404157340  0.2120764436782381 -0.0315448283395172
 ATT G22              4  0.9281120683655540  0.2078941381335210  0.2251550112318187 -0.2114077500971429
 ATT G24              4  0.9333987422472961  0.2783723190177289 -0.2032641570563029 -0.0997964049054430
 ATT G25              4  0.3642892982361793  0.8370457370012963  0.0576787071928858  0.4041298158947318
 ATT G26              4  0.3084376958971767 -0.9236437643771338 -0.1798552438684646 -0.1392855898142246
 ATT G28              4  0.3026110180136121 -0.7857052927923123 -0.2933141305543747 -0.4528361574256699
 ATT G29              4  0.0735082198434429  0.9314059416937289  0.1927389361453372  0.2998853378987258
 ATT G30              4  0.7036150388631611  0.3137380352380977  0.5377371030524293 -0.3425392391118343
 ATT G31              4  0.2941687918000757 -0.8866069501942950 -0.2244339031387350 -0.2775288470050820
## 2026 09 05 10 25 00.000000000000 22
 ATT G04              4  0.2686010886836153 -0.9413550194316874 -0.1112253590519682  0.1712690925196592
 ATT G05              4  0.5341254079163571  0.8281042028726829  0.0791184987230482  0.1506444189560251
 ATT G06              4  0.3198214343403030  0.7871503430377360  0.3647745572661096 -0.3808518215308977
 ATT G07              4  0.1229584737977923  0.6964436301743124  0.3770590935899645 -0.5980584617343527
 ATT G09              4  0.0030320792246080 -0.9240280967821817 -0.2206384624642408  0.3122203576548030
 ATT G11              4  0.3064181218983897  0.9032261310484485  0.2595106185564843 -0.1514751782304562
 ATT G13              4  0.6991981951700644  0.6807523675429252 -0.1036185139004936  0.1922532224247103
 ATT G14              4  0.9173503222967103  0.0606311745161994  0.3282012941587132 -0.2169704066721005
 ATT G15              4  0.8912690671813660  0.4441158008781172 -0.0751281878519099 -0.0525010541431062
 ATT G17              4  0.8424186888786778  0.3049849498174437  0.3637468602209098 -0.2549571624650182
 ATT G18              4  0.1011176320628995 -0.7033073539524440 -0.2940446392536274 -0.6392743859162602
 ATT G19              4  0.7330192280734849  0.5419059644098825  0.3293092619325015 -0.2461222196735217
 ATT G20              4  0.8062179480675926  0.5658342595290310  0.1337103306123489 -0.1093881092461754
 ATT G21              4  0.3944494629455996  0.8935638975462473  0.2118762382713740 -0.0325828457913530
 ATT G22              4  0.9283812626424283  0.2062843244684397  0.2261815309733650 -0.2107057751927975
 ATT G24              4  0.9337744524682651  0.2786849407032794 -0.2014954992670225 -0.0989926235531604
 ATT G25              4  0.3667782057770217  0.8362986075994925  0.0551490647410511  0.4037783641458889
 ATT G26              4  0.3071257946704489 -0.9239608485676837 -0.1795482993029988 -0.1404724342336764
 ATT G28              4  0.3031965746924316 -0.7847337142056070 -0.2932560166502682 -0.4541648858974789
 ATT G29              4  0.0754075966609924  0.9318468195739351  0.1912936463674380  0.2989681255170989
 ATT G30              4  0.7023024348125979  0.3146800486796691  0.5387507980764418 -0.3427759247544346
 ATT G31              4  0.2943476799925003 -0.8861086558739004 -0.2241201647460565 -0.2791792345834218
## 2026 09 05 10 25 30.000000000000 22
 ATT G04              4  0.2702968154470533 -0.9412849186529068 -0.1096452639434920  0.1700007340294067
 ATT G05              4  0.5327613295499086  0.8290422058238689  0.0795385006291098  0.1500933496747422
 ATT G06              4  0.3206228237122473  0.7861448026470690  0.3649666895324883 -0.3820689332011771
 ATT G07              4  0.1156129892740544  0.7016091445471955  0.3695930451052214 -0.5981464920976484
 ATT G09              4  0.0053115942370402 -0.9247479349614484 -0.2184587272163494  0.3115908025828322
 ATT G11              4  0.3066467445775742  0.9029454748584589  0.2592462519535633 -0.1531294364929252
 ATT G13              4  0.7008083925229812  0.6792728882438079 -0.1046903024359933  0.1910389511124251
 ATT G14              4  0.9173669694955833  0.0589308200781602  0.3292616857535400 -0.2157585317389442
 ATT G15              4  0.8906737615282748  0.4456217537877426 -0.0740512338969792 -0.0513606642728506
 ATT G17              4  0.8435337764936115  0.3029950693006980  0.3635821733930742 -0.2538754794868190
 ATT G18              4  0.0969818485932831 -0.7060682806131121 -0.2903752349720857 -0.6385486097944169
 ATT G19              4  0.7343360711684868  0.5402370284786093  0.3293592667768089 -0.2457986188522600
 ATT G20              4  0.8052404492584254  0.5670978983235351  0.1345335931964414 -0.1090344206972102
 ATT G21              4  0.3931102037661984  0.8941640856692682  0.2116702562619835 -0.0336252614581530
 ATT G22              4  0.9286470012184826  0.2046736205726983  0.2272105219165285 -0.2099972259340682
 ATT G24              4  0.9341452720287342  0.2789973459101951 -0.1997279625264195 -0.0981928342929220
 ATT G25              4  0.3692682815923330  0.8355409612425743  0.0526189392771412  0.4034147809947382
 ATT G26              4  0.3058146291305365 -0.9242746449884067 -0.1792357278394325 -0.1416627936586691
 ATT G28              4  0.3037889304239966 -0.7837565773527551 -0.2932029564544668 -0.4554886821146072
 ATT G29              4  0.0773054125042518  0.9322807764263384  0.1898498915443671  0.2980494015831037
 ATT G30              4  0.7009812036190942  0.3156348939659250  0.5397552785074808 -0.3430221643088969
 ATT G31              4  0.2945302010536452 -0.8856058773436860 -0.2238082270495981 -0.2808274704984141
## 2026 09 05 10 26 00.000000000000 22
 ATT G04              4  0.2719896632096623 -0.9412072310169241 -0.1080727336946005  0.1687330898796308
 ATT G05              4  0.5313990432403980  0.8299773671173147  0.0799517437360231  0.1495337607023008
 ATT G06              4  0.3214337214866770  0.7851312452678065  0.3651667061707490 -0.3832787068177121
 ATT G07              4  0.1083578525370933  0.7066449521900441  0.3621489694752477 -0.5981300955861515
 ATT G09              4  0.0075894003336094 -0.9254582544700050 -0.2162773311630940  0.3109558429437849
 ATT G11              4  0.3068791892925010  0.9026599317867861  0.2589842427252737 -0.1547816938331909
 ATT G13              4  0.7024108853664751  0.6777917227629611 -0.1057440129783815  0.1898302725908996
 ATT G14              4  0.9173797200825959  0.0572281273058791  0.3303215893464675 -0.2145391298524966
 ATT G15              4  0.8900730367291971  0.4471257340495038 -0.0729771932946650 -0.0502284431093944
 ATT G17              4  0.8446451674360858  0.3010024886619129  0.3634159251155061 -0.2527862898154190
 ATT G18              4  0.0928947020998285 -0.7087906718949025 -0.2867248341481383 -0.6377893282576016
 ATT G19              4  0.7356521153507829  0.5385638185564389  0.3294109179143612 -0.2454657321921865
 ATT G20              4  0.8042589147219898  0.5683615841106572  0.1353511210050519 -0.1086866221763759
 ATT G21              4  0.3917716400045396  0.8947614957616573  0.2114584982691669 -0.0346720535917184
 ATT G22              4  0.9289092706194472  0.2030620139514074  0.2282419550612404 -0.2092820952615645
 ATT G24              4  0.9345112161139149  0.2793095777267912 -0.1979615407059010 -0.0973969976371050
 ATT G25              4  0.3717594051798129  0.8347727689592138  0.0500885668046385  0.4030390853750780
 ATT G26              4  0.3045041927606454 -0.9245851461214644 -0.1789175332589233 -0.1428566430211871
 ATT G28              4  0.3043881459998840 -0.7827738586765774 -0.2931550108125363 -0.4568074894119398
 ATT G29              4  0.0792016607861036  0.9327078147489574  0.1884077273213403  0.2971291933159007
 ATT G30              4  0.6996512311738551  0.3166027719436360  0.5407503806002003 -0.3432781166856637
 ATT G31              4  0.2947163645370302 -0.8850986165904493 -0.2234981084942303 -0.2824735366069766
## 2026 09 05 10 26 30.000000000000 22
 ATT G04              4  0.2736796538922970 -0.9411219950106998 -0.1065077870594415  0.1674662021071009
 ATT G05              4  0.5300385499233061  0.8309096848632752  0.0803582518732228  0.1489657093142406
 ATT G06              4  0.3222542220122047  0.7841096053763978  0.3653747052924569 -0.3844810370931595
 ATT G07              4  0.1011993271734610  0.7115499488927087  0.3547359493566761 -0.5980115154781240
 ATT G09              4  0.0098654504178148 -0.9261590281793078 -0.2140944177966422  0.3103154969999615
 ATT G11              4  0.3071154714012312  0.9023694992439303  0.2587246139694616 -0.1564319282838840
 ATT G13              4  0.7040057108228509  0.6763089616747242 -0.1067796976982341  0.1886272611441613
 ATT G14              4  0.9173885540430364  0.0555230647837540  0.3313809620387860 -0.2133121848045660
 ATT G15              4  0.8894669241183524  0.4486277566514013 -0.0719060918685842 -0.0491043869074638
 ATT G17              4  0.8457528195219483  0.2990072319935636  0.3632480869874018 -0.2516896318607852
 ATT G18              4  0.0888565921021452 -0.7114748271525974 -0.2830944744840733 -0.6369973272194827
 ATT G19              4  0.7369673304323268  0.5368863446242497  0.3294641879744517 -0.2451235518545672
 ATT G20              4  0.8032733583040871  0.5696253174522883  0.1361628962206522 -0.1083447056808058
 ATT G21              4  0.3904337695344753  0.8953561187431712  0.2112409647494599 -0.0357232004163295
 ATT G22              4  0.9291680572788917  0.2014494920731965  0.2292758011934903 -0.2085603760619622
 ATT G24              4  0.9348722995612370  0.2796216784905194 -0.1961962281070913 -0.0966050749587328
 ATT G25              4  0.3742514542963462  0.8339940041101717  0.0475581858996354  0.4026512995375681
 ATT G26              4  0.3031944790233451 -0.9248923444224934 -0.1785937191873485 -0.1440539572009717
 ATT G28              4  0.3049942833809224 -0.7817855340826952 -0.2931122415277786 -0.4581212499661596
 ATT G29              4  0.0810963349525189  0.9331279373388500  0.1869672090656147  0.2962075281778466
 ATT G30              4  0.6983123999397196  0.3175838884418788  0.5417359358700973 -0.3435439443208364
 ATT G31              4  0.2949061800911011 -0.8845868756392833 -0.2231898276691888 -0.2841174144888102
## 2026 09 05 10 27 00.000000000000 22
 ATT G04              4  0.2753668095054063 -0.9410292490478237 -0.1049504420507487  0.1662001124327459
 ATT G05              4  0.5286798504235876  0.8318391570318364  0.0807580486685320  0.1483892521711445
 ATT G06              4  0.3230844212396045  0.7830798158757543  0.3655907864252292 -0.3856758167181993
 ATT G07              4  0.0941431283476152  0.7163235835113180  0.3473626108556013 -0.5977932850660094
 ATT G09              4  0.0121396979514961 -0.9268502302353007 -0.2119101303759716  0.3096697839480925
 ATT G11              4  0.3073556063778068  0.9020741745670369  0.2584673890074357 -0.1580801177473363
 ATT G13              4  0.7055929064098265  0.6748246942150380 -0.1077974106459740  0.1874299889551901
 ATT G14              4  0.9173934511191669  0.0538156007941481  0.3324397606430377 -0.2120776803400869
 ATT G15              4  0.8888554548254346  0.4501278365093872 -0.0708379552074070 -0.0479884916254351
 ATT G17              4  0.8468566906379891  0.2970093234755850  0.3630786307532994 -0.2505855446360792
 ATT G18              4  0.0848678539135796 -0.7141210779930283 -0.2794851339034682 -0.6361733987405810
 ATT G19              4  0.7382816860283112  0.5352046166943352  0.3295190493981728 -0.2447720703593261
 ATT G20              4  0.8022837937142904  0.5708890988308482  0.1369689010301854 -0.1080086632177918
 ATT G21              4  0.3890965900673947  0.8959479455439876  0.2110176560150231 -0.0367786802830426
 ATT G22              4  0.9294233475610311  0.1998360421478962  0.2303120310279815 -0.2078320611235907
 ATT G24              4  0.9352285369119341  0.2799336898533646 -0.1944320192136724 -0.0958170284194847
 ATT G25              4  0.3767443053534967  0.8332046423342387  0.0450280373424450  0.4022514490085468
 ATT G26              4  0.3018854811812403 -0.9251962323523156 -0.1782642891012400 -0.1452547111947941
 ATT G28              4  0.3056074057799520 -0.7807915787789865 -0.2930747114165676 -0.4594299049565274
 ATT G29              4  0.0829894287434660  0.9335411473353361  0.1855283917229284  0.2952844337471312
 ATT G30              4  0.6969645886346316  0.3185784545146487  0.5427117710738772 -0.3438198133416328
 ATT G31              4  0.2950996574714190 -0.8840706564758090 -0.2228834033144564 -0.2857590856747191
## 2026 09 05 10 27 30.000000000000 22
 ATT G04              4  0.2770511520855097 -0.9409290314665292 -0.1034007159909500  0.1649348623066474
 ATT G05              4  0.5273229455003198  0.8327657814269235  0.0811511575251466  0.1478044453512991
 ATT G06              4  0.3239244167285328  0.7820418080931563  0.3658150505179479 -0.3868629362655733
 ATT G07              4  0.0871944122272572  0.7209658270324230  0.3400370883512505 -0.5974781914625872
 ATT G09              4  0.0144120968875875 -0.9275318360383080 -0.2097246119515679  0.3090187239318598
 ATT G11              4  0.3075996098096746  0.9017739550308925  0.2582125913836676 -0.1597262399351211
 ATT G13              4  0.7071725099567826  0.6733390083257937 -0.1087972076638310  0.1862385261776398
 ATT G14              4  0.9173943908086115  0.0521057033789072  0.3334979416438302 -0.2108356001903317
 ATT G15              4  0.8882386597951004  0.4516259884158022 -0.0697728087078472 -0.0468807529576339
 ATT G17              4  0.8479567387147250  0.2950087874435305  0.3629075283098142 -0.2494740677815020
 ATT G18              4  0.0809287608059014 -0.7167297857369204 -0.2758977312714815 -0.6353183389381911
 ATT G19              4  0.7395951515178726  0.5335186448707193  0.3295754744307940 -0.2444112805913140
 ATT G20              4  0.8012902345594357  0.5721529286102837  0.1377691175900889 -0.1076784868059137
 ATT G21              4  0.3877600991952451  0.8965369670877464  0.2107885722281179 -0.0378384716291940
 ATT G22              4  0.9296751277534445  0.1982216511811336  0.2313506151699636 -0.2070971431481456
 ATT G24              4  0.9355799424080163  0.2802456527830604 -0.1926689087492961 -0.0950328209692174
 ATT G25              4  0.3792378333832122  0.8324046616193085  0.0424983641053407  0.4018395626286997
 ATT G26              4  0.3005771923403097 -0.9254968023687692 -0.1779292463255909 -0.1464588800722226
 ATT G28              4  0.3062275776781829 -0.7797919672921209 -0.2930424843232949 -0.4607333944893408
 ATT G29              4  0.0848809361253248  0.9339474482042968  0.1840913298501416  0.2943599377448982
 ATT G30              4  0.6956076721467090  0.3195866865674647  0.5436777079985601 -0.3441058936503428
 ATT G31              4  0.2952968065411603 -0.8835499610643931 -0.2225788543217562 -0.2873985315872703
## 2026 09 05 10 28 00.000000000000 22
 ATT G04              4  0.2787327036893097 -0.9408213805242938 -0.1018586255236260  0.1636704929083120
 ATT G05              4  0.5259678358487069  0.8336895556898448  0.0815376016230502  0.1472113443585827
 ATT G06              4  0.3247743076756620  0.7809955117397712  0.3660475999623348 -0.3880422841365933
 ATT G07              4  0.0803577719206623  0.7254771381816554  0.3327669967976001 -0.5970692391255896
 ATT G09              4  0.0166826016809545 -0.9282038222431452 -0.2075380053311535  0.3083623380335850
 ATT G11              4  0.3078474974005964  0.9014688378464918  0.2579602448684620 -0.1613702723654246
 ATT G13              4  0.7087445595767689  0.6718519906532471 -0.1097791463250145  0.1850529409594920
 ATT G14              4  0.9173913523605522  0.0503933403413827  0.3345554611939978 -0.2095859280786489
 ATT G15              4  0.8876165697865255  0.4531222270379533 -0.0687106775767903 -0.0457811663406343
 ATT G17              4  0.8490529217323686  0.2930056483871752  0.3627347517109605 -0.2483552415636314
 ATT G18              4  0.0770395261277998 -0.7193013390123081 -0.2723331271715405 -0.6344329459872632
 ATT G19              4  0.7409076960446370  0.5318284393509127  0.3296334351227614 -0.2440411758055818
 ATT G20              4  0.8002926943439085  0.5734168070365258  0.1385635280255231 -0.1073541684748481
 ATT G21              4  0.3864242943894479  0.8971231742914714  0.2105537134003947 -0.0389025529768850
 ATT G22              4  0.9299233840658003  0.1966063059735370  0.2323915241132013 -0.2063556147513216
 ATT G24              4  0.9359265299999309  0.2805576075767545 -0.1909068916743258 -0.0942524163316049
 ATT G25              4  0.3817319120916041  0.8315940423468154  0.0399694112655985  0.4014156725730272
 ATT G26              4  0.2992696054486685 -0.9257940469265089 -0.1775885940333702 -0.1476664389740896
 ATT G28              4  0.3068548648557013 -0.7787866734479786 -0.2930156251441510 -0.4620316575686192
 ATT G29              4  0.0867708512889960  0.9343468437342622  0.1826560776128157  0.2934340680314895
 ATT G30              4  0.6942415213966464  0.3206088065125908  0.5446335632803204 -0.3444023590279624
 ATT G31              4  0.2954976372739717 -0.8830247913471601 -0.2222761997367386 -0.2890357335389533
## 2026 09 05 10 28 30.000000000000 22
 ATT G04              4  0.2804114863527475 -0.9407063343951120 -0.1003241866568600  0.1624070451735297
 ATT G05              4  0.5246145221303256  0.8346104772835090  0.0819174039124359  0.1466100041430116
 ATT G06              4  0.3256341949250590  0.7799408548913142  0.3662885386094126 -0.3892137464816708
 ATT G07              4  0.0736372398348862  0.7298584262120652  0.3255594117123023 -0.5965696137436846
 ATT G09              4  0.0189511672513942 -0.9288661667448901 -0.2053504530914196  0.3077006482794842
 ATT G11              4  0.3080992849683061  0.9011588201661478  0.2577103734657799 -0.1630121923259303
 ATT G13              4  0.7103090936064622  0.6703637265785110 -0.1107432858537042  0.1838732994919791
 ATT G14              4  0.9173843147721241  0.0486784792845785  0.3356122750886187 -0.2083286477526926
 ATT G15              4  0.8869892153862271  0.4546165668854383 -0.0676515868556479 -0.0446897269821450
 ATT G17              4  0.8501451977040180  0.2909999309911639  0.3625602731771174 -0.2472291068981778
 ATT G18              4  0.0732003055843420 -0.7218361513491778 -0.2687921249083776 -0.6335180182559991
 ATT G19              4  0.7422192884898763  0.5301340104632708  0.3296929033294163 -0.2436617496406296
 ATT G20              4  0.7992911864909615  0.5746807342114695  0.1393521144130669 -0.1070357002716744
 ATT G21              4  0.3850891730277704  0.8977065580533098  0.2103130793971448 -0.0399709029089987
 ATT G22              4  0.9301681026234924  0.1949899931538585  0.2334347282160210 -0.2056074684791026
 ATT G24              4  0.9362683133469162  0.2808695938677905 -0.1891459632195480 -0.0934757790061966
 ATT G25              4  0.3842264138620817  0.8307727673520126  0.0374414259685431  0.4009798143777420
 ATT G26              4  0.2979627133227087 -0.9260879584706933 -0.1772423352522162 -0.1488773630855159
 ATT G28              4  0.3074893344094777 -0.7777756703727231 -0.2929941998518316 -0.4633246320387738
 ATT G29              4  0.0886591686083793  0.9347393380243517  0.1812226888128092  0.2925068526221673
 ATT G30              4  0.6928660032234828  0.3216450419072294  0.5455791481960439 -0.3447093872340803
 ATT G31              4  0.2957021597525893 -0.8824951492541523 -0.2219754587673893 -0.2906706726960170
## 2026 09 05 10 29 00.000000000000 22
 ATT G04              4  0.2820875222260092 -0.9405839311546254 -0.0987974146461872  0.1611445596889138
 ATT G05              4  0.5232630048615804  0.8355285435729524  0.0822905871468957  0.1460004790578216
 ATT G06              4  0.3265041810692071  0.7788777638567447  0.3665379718117409 -0.3903772072418957
 ATT G07              4  0.0670362950449163  0.7341110122768714  0.3184208556258317 -0.5959826469814316
 ATT G09              4  0.0212177491840487 -0.9295188487331322 -0.2031620973609984  0.3070336775750800
 ATT G11              4  0.3083549884686809  0.9008438990558761  0.2574630013952040 -0.1646519770086655
 ATT G13              4  0.7118661507105334  0.6688743000929647 -0.1116896871461439  0.1826996659354262
 ATT G14              4  0.9173732567838782  0.0469610874696015  0.3366683388497447 -0.2070637428850581
 ATT G15              4  0.8863566269550345  0.4561090224340453 -0.0665955613337486 -0.0436064297758836
 ATT G17              4  0.8512335247731496  0.2889916599652962  0.3623840650857248 -0.2460957052545412
 ATT G18              4  0.0694111991805117 -0.7243346591005312 -0.2652754712786087 -0.6325743524613974
 ATT G19              4  0.7435298975830590  0.5284353685266218  0.3297538507171562 -0.2432729960917765
 ATT G20              4  0.7982857242589458  0.5759447101993419  0.1401348588459770 -0.1067230742341483
 ATT G21              4  0.3837547322813100  0.8982871093012531  0.2100666699163228 -0.0410435001573761
 ATT G22              4  0.9304092694867446  0.1933726990426804  0.2344801977867519 -0.2048526967456843
 ATT G24              4  0.9366053058527937  0.2811816506649064 -0.1873861187354119 -0.0927028741897164
 ATT G25              4  0.3867212100215859  0.8299408218962937  0.0349146571231271  0.4005320269186006
 ATT G26              4  0.2966565085362850 -0.9263785294613051 -0.1768904728348533 -0.1500916277359793
 ATT G28              4  0.3081310548388255 -0.7767589303870538 -0.2929782755189844 -0.4646122546616671
 ATT G29              4  0.0905458827966727  0.9351249355130601  0.1797912167660519  0.2915783196056453
 ATT G30              4  0.6914809801200343  0.3226956262055162  0.5465142685458145 -0.3450271601423608
 ATT G31              4  0.2959103841889971 -0.8819610366577885 -0.2216766507612264 -0.2923033302135423
## 2026 09 05 10 29 30.000000000000 22
 ATT G04              4  0.2837608333568877 -0.9404542087897014 -0.0972783241986827  0.1598830768513041
 ATT G05              4  0.5219132845856050  0.8364437517128983  0.0826571738370143  0.1453828229427319
 ATT G06              4  0.3273843703700042  0.7778061632670527  0.3667960064149406 -0.3915325479436887
 ATT G07              4  0.0605578771467979  0.7382365888228931  0.3113572928069392 -0.5953117827277976
 ATT G09              4  0.0234823034541354 -0.9301618486070914 -0.2009730800620092  0.3063614497790443
 ATT G11              4  0.3086146239671430  0.9005240715328526  0.2572181531261111 -0.1662896033007112
 ATT G13              4  0.7134157696589812  0.6673837939863648 -0.1126184125909996  0.1815321025927283
 ATT G14              4  0.9173581568768271  0.0452411320336951  0.3377236075896868 -0.2057911972375650
 ATT G15              4  0.8857188347066951  0.4575996079365943 -0.0655426256836807 -0.0425312694447402
 ATT G17              4  0.8523178610823858  0.2869808602951661  0.3622060999985273 -0.2449550787962001
 ATT G18              4  0.0656722540179784 -0.7267973189021772 -0.2617838582057936 -0.6316027421344032
 ATT G19              4  0.7448394917376764  0.5267325240651131  0.3298162487570591 -0.2428749095641191
 ATT G20              4  0.7972763208674987  0.5772087348682321  0.1409117433342244 -0.1064162824304295
 ATT G21              4  0.3824209692812199  0.8988648189196898  0.2098144845179333 -0.0421203234669741
 ATT G22              4  0.9306468706185234  0.1917544098548856  0.2355279029504682 -0.2040912919281751
 ATT G24              4  0.9369375206300644  0.2814938163257171 -0.1856273539103380 -0.0919336678601470
 ATT G25              4  0.3892161705856041  0.8290981938101952  0.0323893556243544  0.4000723524783891
 ATT G26              4  0.2953509835837503 -0.9266657523359731 -0.1765330095020007 -0.1513092082455169
 ATT G28              4  0.3087800959987040 -0.7757364251118074 -0.2929679203465597 -0.4658944609217831
 ATT G29              4  0.0924309886669220  0.9355036409249610  0.1783617144805905  0.2906484972569862
 ATT G30              4  0.6900863102507049  0.3237607987982256  0.5474387243291605 -0.3453558638143658
 ATT G31              4  0.2961223209017593 -0.8814224554384128 -0.2213797952453743 -0.2939336870278627
## 2026 09 05 10 30 00.000000000000 22
 ATT G04              4  0.2854314418261121 -0.9403172051842090 -0.0957669293553576  0.1586226367624541
 ATT G05              4  0.5205653617604777  0.8373560987282780  0.0830171862837623  0.1447570890812325
 ATT G06              4  0.3282748688599900  0.7767259759420102  0.3670627507996601 -0.3926796477375388
 ATT G07              4  0.0542044031048742  0.7422371795778949  0.3043741287013838 -0.5945605450360559
 ATT G09              4  0.0257447866268283 -0.9307951480291511 -0.1987835426936206  0.3056839896381656
 ATT G11              4  0.3088782076627735  0.9001993345379496  0.2569758533595675 -0.1679250479189754
 ATT G13              4  0.7149579894331656  0.6658922897239303 -0.1135295260928970  0.1803706698358523
 ATT G14              4  0.9173389932680640  0.0435185798490836  0.3387780360957762 -0.2045109945625063
 ATT G15              4  0.8850758686551761  0.4590883375470057 -0.0644928043746036 -0.0414642404550476
 ATT G17              4  0.8533981648712392  0.2849675570724734  0.3620263506523172 -0.2438072702851902
 ATT G18              4  0.0619834663215897 -0.7292246057393961 -0.2583179237418593 -0.6306039760108406
 ATT G19              4  0.7461480391619720  0.5250254876680599  0.3298800687310388 -0.2424674848462530
 ATT G20              4  0.7962629894139328  0.5784728079964506  0.1416827498699534 -0.1061153169320036
 ATT G21              4  0.3810878810056295  0.8994396777982389  0.2095565226031659 -0.0432013516838474
 ATT G22              4  0.9308808919037665  0.1901351115634476  0.2365778137342841 -0.2033232463047754
 ATT G24              4  0.9372649705355274  0.2818061285952942 -0.1838696646200343 -0.0911681266983602
 ATT G25              4  0.3917111645274667  0.8282448734628007  0.0298657740433587  0.3996008367207453
 ATT G26              4  0.2940461307690878 -0.9269496195344213 -0.1761699478129035 -0.1525300800246340
 ATT G28              4  0.3094365291866740 -0.7747081253611027 -0.2929632036883156 -0.4671711851014270
 ATT G29              4  0.0943144812882872  0.9358754592997681  0.1769342345344159  0.2897174139562421
 ATT G30              4  0.6886818471748494  0.3248408052744303  0.5483523096110731 -0.3456956886406044
 ATT G31              4  0.2963379803361672 -0.8808794074389106 -0.2210849119037084 -0.2955617239916009
## 2026 09 05 10 30 30.000000000000 22
 ATT G04              4  0.2870993697241206 -0.9401729581144075 -0.0942632435299743  0.1573632792414698
 ATT G05              4  0.5192192367779765  0.8382655815058038  0.0833706465837410  0.1441233302093895
 ATT G06              4  0.3291757843583256  0.7756371228521456  0.3673383149090452 -0.3938183833260110
 ATT G07              4  0.0479777884600067  0.7461150994368863  0.2974762156862774 -0.5937325082120282
 ATT G09              4  0.0280051558434383 -0.9314187299119271 -0.1965936263340974  0.3050013227844251
 ATT G11              4  0.3091457558868023  0.8998696849349415  0.2567361270434458 -0.1695582873910957
 ATT G13              4  0.7164928491843298  0.6643998674674626 -0.1144230929966082  0.1792154261385832
 ATT G14              4  0.9173157439046401  0.0417933975422026  0.3398315788146759 -0.2032231186329050
 ATT G15              4  0.8844277586210323  0.4605752253024518 -0.0634461216821119 -0.0404053370444362
 ATT G17              4  0.8544743944667774  0.2829517755130605  0.3618447899691326 -0.2426523231020833
 ATT G18              4  0.0583447838516414 -0.7316170108462672 -0.2548782535108813 -0.6295788366240757
 ATT G19              4  0.7474555078418565  0.5233142700080502  0.3299452817378395 -0.2420507171271223
 ATT G20              4  0.7952457428837341  0.5797369292569422  0.1424478604231958 -0.1058201698254442
 ATT G21              4  0.3797554642934025  0.9000116768226221  0.2092927834252151 -0.0442865637452672
 ATT G22              4  0.9311113191428599  0.1885147899152307  0.2376299000551940 -0.2025485520733746
 ATT G24              4  0.9375876681717883  0.2821186246167214 -0.1821130469420773 -0.0904062180938540
 ATT G25              4  0.3942060598148946  0.8273808538067203  0.0273441665648459  0.3991175286981961
 ATT G26              4  0.2927419422184648 -0.9272301234927470 -0.1758012901778747 -0.1537542185619093
 ATT G28              4  0.3101004271661477 -0.7736740011277722 -0.2929641960863603 -0.4684423602342041
 ATT G29              4  0.0961963559646370  0.9362403959816210  0.1755088290999204  0.2887850981946268
 ATT G30              4  0.6872674396904460  0.3259358975851912  0.5492548122912844 -0.3460468294632153
 ATT G31              4  0.2965573730623582 -0.8803318944672046 -0.2207920205918467 -0.2971874218554815
## 2026 09 05 10 31 00.000000000000 22
 ATT G04              4  0.2887646390765621 -0.9400215052539530 -0.0927672795380228  0.1561050438845335
 ATT G05              4  0.5178749100100022  0.8391721967663390  0.0837175765830133  0.1434815985677595
 ATT G06              4  0.3300872264838110  0.7745395231264649  0.3676228102289447 -0.3949486288451067
 ATT G07              4  0.0418794717480631  0.7498729151752824  0.2906678639158760 -0.5928312692657256
 ATT G09              4  0.0302633687330725 -0.9320325783997258 -0.1944034716523925  0.3043134757515434
 ATT G11              4  0.3094172851034533  0.8995351195313318  0.2564989993476882 -0.1711892979791623
 ATT G13              4  0.7180203881457146  0.6629066061291663 -0.1152991800255827  0.1780664281744897
 ATT G14              4  0.9172883864690152  0.0400655515739370  0.3408841898073455 -0.2019275532599231
 ATT G15              4  0.8837745342574324  0.4620602850635942 -0.0624026017485099 -0.0393545532312133
 ATT G17              4  0.8555465082599667  0.2809335410443702  0.3616613910565819 -0.2414902812526220
 ATT G18              4  0.0547561084448327 -0.7339750396447464 -0.2514653822824539 -0.6285280990377545
 ATT G19              4  0.7487618655034691  0.5215988819193661  0.3300118586703613 -0.2416246019865694
 ATT G20              4  0.7942245941935137  0.5810010981757839  0.1432070568887377 -0.1055308331908283
 ATT G21              4  0.3784237158951039  0.9005808068614660  0.2090232660615108 -0.0453759386225170
 ATT G22              4  0.9313381380501681  0.1868934304995823  0.2386841316707497 -0.2017672013433471
 ATT G24              4  0.9379056258855983  0.2824313409231309 -0.1803574972302457 -0.0896479101226053
 ATT G25              4  0.3967007233644466  0.8265061304457569  0.0248247889438317  0.3986224808908851
 ATT G26              4  0.2914384099329955 -0.9275072566401453 -0.1754270388337942 -0.1549815993645948
 ATT G28              4  0.3107718641958466 -0.7726340216105543 -0.2929709692672611 -0.4697079180094199
 ATT G29              4  0.0980766081512753  0.9365984566087521  0.1740855499568921  0.2878515786092792
 ATT G30              4  0.6858429317262120  0.3270463342103234  0.5501460138254404 -0.3464094856564482
 ATT G31              4  0.2967805097817160 -0.8797799183248761 -0.2205011413146638 -0.2988107611932881
## 2026 09 05 10 31 30.000000000000 22
 ATT G04              4  0.2904272719430850 -0.9398628841555942 -0.0912790495805996  0.1548479699772993
 ATT G05              4  0.5165323817427675  0.8400759411141463  0.0840579979499579  0.1428319458418655
 ATT G06              4  0.3310093067102879  0.7734330939210082  0.3679163498725556 -0.3960702558832327
 ATT G07              4  0.0359104406479856  0.7535134078677297  0.2839528558853894 -0.5918604227776696
 ATT G09              4  0.0325193835675189 -0.9326366788876556 -0.1922132188101927  0.3036204759241711
 ATT G11              4  0.3096928119167283  0.8991956350429633  0.2562644957089754 -0.1728180557864812
 ATT G13              4  0.7195406457054893  0.6614125832998575 -0.1161578552354720  0.1769237307356941
 ATT G14              4  0.9172568983611568  0.0383350081264048  0.3419358228070972 -0.2006242822842118
 ATT G15              4  0.8831162250109467  0.4635435306014302 -0.0613622684977603 -0.0383118828144434
 ATT G17              4  0.8566144647566590  0.2789128791698221  0.3614761272207364 -0.2403211893536716
 ATT G18              4  0.0512172981515264 -0.7362992099664476 -0.2480797953688717 -0.6274525296009132
 ATT G19              4  0.7500670796716616  0.5198793342848500  0.3300797702530162 -0.2411891354229807
 ATT G20              4  0.7931995561272486  0.5822653141953821  0.1439603211639938 -0.1052472991332870
 ATT G21              4  0.3770926323936145  0.9011470587857171  0.2087479694532539 -0.0464694554030082
 ATT G22              4  0.9315613342527744  0.1852710186435998  0.2397404782477028 -0.2009791861500066
 ATT G24              4  0.9382188557865223  0.2827443134789796 -0.1786030119956347 -0.0888931715488833
 ATT G25              4  0.3991950212689825  0.8256207016174275  0.0223078983104680  0.3981157491581771
 ATT G26              4  0.2901355257061564 -0.9277810114031559 -0.1750471958794015 -0.1562121980439115
 ATT G28              4  0.3114509160759278 -0.7715881551133468 -0.2929835962181509 -0.4709677888256578
 ATT G29              4  0.0999552335746338  0.9369496471190273  0.1726644484686309  0.2869168839221509
 ATT G30              4  0.6844081620583652  0.3281723803782404  0.5510256890538032 -0.3467838613135767
 ATT G31              4  0.2970074013252493 -0.8792234807614440 -0.2202122942663008 -0.3004317225090055
## 2026 09 05 10 32 00.000000000000 22
 ATT G04              4  0.2920872903083080 -0.9396971322599011 -0.0897985653042855  0.1535920965810506
 ATT G05              4  0.5151916522511001  0.8409768109902714  0.0843919321220831  0.1421744232276680
 ATT G06              4  0.3319421383605653  0.7723177504473250  0.3682190485542703 -0.3971831333357317
 ATT G07              4  0.0300712606397181  0.7570395366641571  0.2773344653118735 -0.5908235384283840
 ATT G09              4  0.0347731591251118 -0.9332310179895039 -0.1900230075201763  0.3029223515683904
 ATT G11              4  0.3099723530654075  0.8988512281219724  0.2560326418109740 -0.1744445366470753
 ATT G13              4  0.7210536612883700  0.6599178753355647 -0.1169991879366865  0.1757873868552334
 ATT G14              4  0.9172212567047013  0.0366017332198469  0.3429864311525135 -0.1993132896211798
 ATT G15              4  0.8824528601615038  0.4650249755066240 -0.0603251457174817 -0.0372773194048699
 ATT G17              4  0.8576782225316565  0.2768898155986083  0.3612889719702935 -0.2391450926641779
 ATT G18              4  0.0477281698355612 -0.7385900501195132 -0.2447219303950887 -0.6263528849237524
 ATT G19              4  0.7513711176053047  0.5181556381504837  0.3301489870176753 -0.2407443138531535
 ATT G20              4  0.7921706414006960  0.5835295766065155  0.1447076350801970 -0.1049695597672487
 ATT G21              4  0.3757622102828370  0.9017104234436277  0.2084668923834524 -0.0475670932101142
 ATT G22              4  0.9317808932843404  0.1836475395148246  0.2407989092904440 -0.2001844984630997
 ATT G24              4  0.9385273697384229  0.2830575776650311 -0.1768495880178291 -0.0881419718193858
 ATT G25              4  0.4016888187023864  0.8247245682754557  0.0197937531748205  0.3975973927827018
 ATT G26              4  0.2888332812038693 -0.9280513801966425 -0.1746617632588105 -0.1574459902297911
 ATT G28              4  0.3121376601651298 -0.7705363690927699 -0.2930021511840316 -0.4722219016664743
 ATT G29              4  0.1018322281094834  0.9372939737323585  0.1712455756249392  0.2859810429943728
 ATT G30              4  0.6829629642180095  0.3293143082202519  0.5518936058839331 -0.3471701653258806
 ATT G31              4  0.2972380586553642 -0.8786625835146219 -0.2199254998138425 -0.3020502861277151
## 2026 09 05 10 32 30.000000000000 22
 ATT G04              4  0.2937447162333198 -0.9395242868749530 -0.0883258376834058  0.1523374624136981
 ATT G05              4  0.5138527216762347  0.8418748027586511  0.0847194003471979  0.1415090813722670
 ATT G06              4  0.3328858367196051  0.7711934058136685  0.3685310226475621 -0.3982871274436920
 ATT G07              4  0.0243621038971371  0.7604544051617298  0.2708154779913725 -0.5897241409711252
 ATT G09              4  0.0370246549120742 -0.9338155835862901 -0.1878329768202440  0.3022191317552320
 ATT G11              4  0.3102559254505102  0.8985018953204348  0.2558034635750658 -0.1760687162770176
 ATT G13              4  0.7225594744764925  0.6584225572249229 -0.1178232487128641  0.1746574477209581
 ATT G14              4  0.9171814383376355  0.0348656925511716  0.3440359678820272 -0.1979945591558334
 ATT G15              4  0.8817844687602047  0.4665046333272956 -0.0592912569597044 -0.0362508563428524
 ATT G17              4  0.8587377403315142  0.2748643760518517  0.3610998990074341 -0.2379620369823193
 ATT G18              4  0.0442885011860048 -0.7408480973835081 -0.2413921786399868 -0.6252299107987216
 ATT G19              4  0.7526739464172461  0.5164278045634801  0.3302194793169673 -0.2402901340839154
 ATT G20              4  0.7911378625646468  0.5847938846651312  0.1454489804772786 -0.1046976071982097
 ATT G21              4  0.3744324458419400  0.9022708917109963  0.2081800334590454 -0.0486688313077275
 ATT G22              4  0.9319968006020204  0.1820229779671096  0.2418593942393759 -0.1993831301232575
 ATT G24              4  0.9388311793933105  0.2833711683206085 -0.1750972221758006 -0.0873942809908055
 ATT G25              4  0.4041819802226708  0.8238177340344703  0.0172826130913011  0.3970674744150305
 ATT G26              4  0.2875316678404052 -0.9283183554468347 -0.1742707427344193 -0.1586829516873039
 ATT G28              4  0.3128321754788199 -0.7694786300310686 -0.2930267097074851 -0.4734701841813340
 ATT G29              4  0.1037075879543532  0.9376314429770066  0.1698289819180342  0.2850440847346833
 ATT G30              4  0.6815071661550214  0.3304723970742870  0.5527495251120244 -0.3475686115571444
 ATT G31              4  0.2974724928878332 -0.8780972282545967 -0.2196407784822180 -0.3036664323471076
## 2026 09 05 10 33 00.000000000000 22
 ATT G04              4  0.2953995716421803 -0.9393443851933572 -0.0868608772168666  0.1510841060087031
 ATT G05              4  0.5125155901956591  0.8427699125957427  0.0850404236428639  0.1408359704635328
 ATT G06              4  0.3338405189479870  0.7700599711124521  0.3688523901688013 -0.3993821015839259
 ATT G07              4  0.0187827801071671  0.7637612292884814  0.2643982164228169 -0.5885656929856081
 ATT G09              4  0.0392738308869829 -0.9343903647460819 -0.1856432653181961  0.3015108464369814
 ATT G11              4  0.3105435461035333  0.8981476331318259  0.2555769871927975 -0.1776905700666108
 ATT G13              4  0.7240581247979843  0.6569267027830792 -0.1186301092627879  0.1735339628455546
 ATT G14              4  0.9171374198128298  0.0331268517152570  0.3450843855980587 -0.1966680749153599
 ATT G15              4  0.8811110797127851  0.4679825173818137 -0.0582606256733983 -0.0352324868338481
 ATT G17              4  0.8597929769470402  0.2728365865149789  0.3609088822566577 -0.2367720687911758
 ATT G18              4  0.0408980334685737 -0.7430738960964981 -0.2380908871402170 -0.6240843414628842
 ATT G19              4  0.7539755329114777  0.5146958447907930  0.3302912173171274 -0.2398265933734574
 ATT G20              4  0.7901012321344845  0.5860582374337410  0.1461843391091884 -0.1044314335573297
 ATT G21              4  0.3731033353013564  0.9028284544201224  0.2078873911453135 -0.0497746489608424
 ATT G22              4  0.9322090415573683  0.1803973187440527  0.2429219023356464 -0.1985750729429118
 ATT G24              4  0.9391302961584012  0.2836851197150219 -0.1733459116655693 -0.0866500698126826
 ATT G25              4  0.4066743695264772  0.8229002053088577  0.0147747388628209  0.3965260601327749
 ATT G26              4  0.2862306769406896 -0.9285819295569817 -0.1738741359347337 -0.1599230581600396
 ATT G28              4  0.3135345426424965 -0.7684149035413244 -0.2930573486573491 -0.4747125624875175
 ATT G29              4  0.1055813093933101  0.9379620616422443  0.1684147175196210  0.2841060382135764
 ATT G30              4  0.6800405902133924  0.3316469335503046  0.5535932000395039 -0.3479794189300935
 ATT G31              4  0.2977107152662452 -0.8775274166532885 -0.2193581509930460 -0.3052801412315925
## 2026 09 05 10 33 30.000000000000 22
 ATT G04              4  0.2970518784564217 -0.9391574642748353 -0.0854036938144171  0.1498320656108991
 ATT G05              4  0.5111802579118976  0.8436621365689388  0.0853550228258725  0.1401551401820755
 ATT G06              4  0.3348063041908106  0.7689173552728101  0.3691832708241071 -0.4004679162903992
 ATT G07              4  0.0133327662364537  0.7669633083550087  0.2580845647811336 -0.5873515798934731
 ATT G09              4  0.0415206476572048 -0.9349553517680592 -0.1834540109778112  0.3007975263770409
 ATT G11              4  0.3108352322132545  0.8977884379603920  0.2553532391096761 -0.1793100732133333
 ATT G13              4  0.7255496518333809  0.6554303845329704 -0.1194198424199698  0.1724169799985379
 ATT G14              4  0.9170891773912067  0.0313851760632973  0.3461316365513472 -0.1953338209672975
 ATT G15              4  0.8804327217242208  0.4694586408820954 -0.0572332751196464 -0.0342222038667610
 ATT G17              4  0.8608438913088327  0.2708064730661880  0.3607158958544019 -0.2355752351578522
 ATT G18              4  0.0375564735063757 -0.7452679963142270 -0.2348183601144729 -0.6229168987278280
 ATT G19              4  0.7552758436936747  0.5129597701765464  0.3303641710053368 -0.2393536893995815
 ATT G20              4  0.7890607625042217  0.5873226338877466  0.1469136927058846 -0.1041710309776185
 ATT G21              4  0.3717748747299670  0.9033831024068810  0.2075889637414037 -0.0508845255260303
 ATT G22              4  0.9324176014133276  0.1787705463422956  0.2439864027075958 -0.1977603186407821
 ATT G24              4  0.9394247312277754  0.2839994655843666 -0.1715956538504882 -0.0859093096529263
 ATT G25              4  0.4091658497271655  0.8219719912618564  0.0122703922160232  0.3959732193885511
 ATT G26              4  0.2849302996297027 -0.9288420949297300 -0.1734719443214402 -0.1611662854719315
 ATT G28              4  0.3142448439901692 -0.7673451542515120 -0.2930941462619205 -0.4759489612335719
 ATT G29              4  0.1074533889510383  0.9382858368033240  0.1670028321606038  0.2831669325814065
 ATT G30              4  0.6785630527953082  0.3328382118408074  0.5544243762598776 -0.3484028115968267
 ATT G31              4  0.2979527371848077 -0.8769531503361605 -0.2190776382433224 -0.3068913927455359
## 2026 09 05 10 34 00.000000000000 22
 ATT G04              4  0.2987016585556641 -0.9389635610460805 -0.0839542968382872  0.1485813792039577
 ATT G05              4  0.5098467248817832  0.8445514706204377  0.0856632185066259  0.1394666397217079
 ATT G06              4  0.3357833135892802  0.7677654650282566  0.3695237860247105 -0.4015444291568681
 ATT G07              4  0.0080112366817070  0.7700639982395977  0.2518759957881760 -0.5860850974455772
 ATT G09              4  0.0437650664388319 -0.9355105361634707 -0.1812653511349963  0.3000792031525165
 ATT G11              4  0.3111310011234041  0.8974243061263736  0.2551322460335160 -0.1809272006842575
 ATT G13              4  0.7270340951639669  0.6539336737437718 -0.1201925220844085  0.1713065452575572
 ATT G14              4  0.9170366870384858  0.0296406307427826  0.3471776726151972 -0.1939917814551586
 ATT G15              4  0.8797494233127146  0.4709330169016819 -0.0562092283955212 -0.0332200002409614
 ATT G17              4  0.8618904424712146  0.2687740619167064  0.3605209141582288 -0.2343715837555528
 ATT G18              4  0.0342634959823385 -0.7474309523190779 -0.2315748607560136 -0.6217282913172770
 ATT G19              4  0.7565748451451002  0.5112195921798958  0.3304383101899694 -0.2388714202743573
 ATT G20              4  0.7880164659681940  0.5885870728892729  0.1476370229569156 -0.1039163915994863
 ATT G21              4  0.3704470600616721  0.9039348264986409  0.2072847493852087 -0.0519984404270947
 ATT G22              4  0.9326224653380558  0.1771426450448735  0.2450528643463789 -0.1969388588595723
 ATT G24              4  0.9397144955814065  0.2843142391352944 -0.1698464462952833 -0.0851719725025041
 ATT G25              4  0.4116562833726273  0.8210331038459501  0.0097698357382601  0.3954090250090042
 ATT G26              4  0.2836305268583062 -0.9290988439610324 -0.1730641691967806 -0.1624126094999506
 ATT G28              4  0.3149631635920994 -0.7662693457975966 -0.2931371821413641 -0.4771793035298189
 ATT G29              4  0.1093238233512147  0.9386027758101334  0.1655933751597491  0.2822267970845259
 ATT G30              4  0.6770743641671965  0.3340465339183823  0.5552427913419066 -0.3488390190726264
 ATT G31              4  0.2981985701871324 -0.8763744308925994 -0.2187992613143954 -0.3085001667168107
## 2026 09 05 10 34 30.000000000000 22
 ATT G04              4  0.3003489337731344 -0.9387627122973661 -0.0825126951135378  0.1473320845116125
 ATT G05              4  0.5085149911175417  0.8454379105699720  0.0859650310905016  0.1387705177961766
 ATT G06              4  0.3367716703118643  0.7666042048596322  0.3698740589082932 -0.4026114947608863
 ATT G07              4  0.0028170927187585  0.7730666871775662  0.2457735981615854 -0.5847694414139873
 ATT G09              4  0.0460070490635101 -0.9360559106486663 -0.1790774224684355  0.2993559091419905
 ATT G11              4  0.3114308703362282  0.8970552338640401  0.2549140349378880 -0.1825419272124617
 ATT G13              4  0.7285114943525264  0.6524366404385518 -0.1209482231731838  0.1702027030359948
 ATT G14              4  0.9169799244212433  0.0278931807013850  0.3482224452817712 -0.1926419406068093
 ATT G15              4  0.8790612128098778  0.4724056583749117 -0.0551885084362383 -0.0322258685713669
 ATT G17              4  0.8629325896185375  0.2667393794086580  0.3603239117520674 -0.2331611628608407
 ATT G18              4  0.0310187456167563 -0.7495633212672728 -0.2283606129613565 -0.6205192142706420
 ATT G19              4  0.7578725034239381  0.5094753223768387  0.3305136045022880 -0.2383797845494808
 ATT G20              4  0.7869683547212375  0.5898515531874976  0.1483543115106688 -0.1036675075703251
 ATT G21              4  0.3691198870940631  0.9044836175140233  0.2069747460523063 -0.0531163731536545
 ATT G22              4  0.9328236184033878  0.1755135989205969  0.2461212561037097 -0.1961106851670381
 ATT G24              4  0.9399995999905677  0.2846294730550923 -0.1680982867634138 -0.0844380309644950
 ATT G25              4  0.4141455325161883  0.8200835578222840  0.0072733327601029  0.3948335531803135
 ATT G26              4  0.2823313494017695 -0.9293521690397581 -0.1726508117028062 -0.1636620061725916
 ATT G28              4  0.3156895872980553 -0.7651874407937044 -0.2931865373412627 -0.4784035109037221
 ATT G29              4  0.1111926095141809  0.9389128862831490  0.1641863954225987  0.2812856610618651
 ATT G30              4  0.6755743282261470  0.3352722097634133  0.5560481745180772 -0.3492882763810783
 ATT G31              4  0.2984482259699194 -0.8757912598745744 -0.2185230414748962 -0.3101064428341934
## 2026 09 05 10 35 00.000000000000 22
 ATT G04              4  0.3019937258568547 -0.9385549546837079 -0.0810788969683221  0.1460842190250573
 ATT G05              4  0.5071850566156763  0.8463214520989955  0.0862604807731210  0.1380668226606024
 ATT G06              4  0.3377714995644316  0.7654334769611646  0.3702342143524755 -0.4036689645637193
 ATT G07              4  0.0022510088077725 -0.7759747739944323 -0.2397781044788561  0.5834076993802586
 ATT G09              4  0.0482465579380445 -0.9365914691265116 -0.1768903610166122  0.2986276775283708
 ATT G11              4  0.3117348575096858  0.8966812173275525  0.2546986330701663 -0.1841542272596153
 ATT G13              4  0.7299818888940081  0.6509393534338189 -0.1216870215566770  0.1691054961335297
 ATT G14              4  0.9169188649042910  0.0261427907277058  0.3492659056365608 -0.1912842827716637
 ATT G15              4  0.8783681183755239  0.4738765780653325 -0.0541711380385642 -0.0312398013140631
 ATT G17              4  0.8639702920497880  0.2647024520555613  0.3601248634556433 -0.2319440213763531
 ATT G18              4  0.0278218393548828 -0.7516656618807168 -0.2251758031245114 -0.6192903484566584
 ATT G19              4  0.7591687844395306  0.5077269724986901  0.3305900233966128 -0.2378787812322680
 ATT G20              4  0.7859164408809326  0.5911160733924641  0.1490655399588156 -0.1034243710491499
 ATT G21              4  0.3677933515148621  0.9050294662512303  0.2066589515615991 -0.0542383032362006
 ATT G22              4  0.9330210455791685  0.1738833918576115  0.2471915466671512 -0.1952757890747122
 ATT G24              4  0.9402800550172640  0.2849451995149255 -0.1663511732510570 -0.0837074582586866
 ATT G25              4  0.4166334587362286  0.8191233707979543  0.0047811472884447  0.3942468834432226
 ATT G26              4  0.2810327578854740 -0.9296020625420769 -0.1722318728294977 -0.1649144514420959
 ATT G28              4  0.3164242027662553 -0.7640994008241296 -0.2932422943658855 -0.4796215032283056
 ATT G29              4  0.1130597445154962  0.9392161761030984  0.1627819414699359  0.2803435539612882
 ATT G30              4  0.6740627422882005  0.3365155575719873  0.5568402463430472 -0.3497508241927993
 ATT G31              4  0.2987017163813437 -0.8752036388076171 -0.2182490001895034 -0.3117102006111286
## 2026 09 05 10 35 30.000000000000 22
 ATT G04              4  0.3036360566199136 -0.9383403247013380 -0.0796529101203994  0.1448378198850374
 ATT G05              4  0.5058569212355911  0.8472020908345884  0.0865495875776473  0.1373556020469983
 ATT G06              4  0.3387829287109232  0.7642531810671764  0.3706043790373534 -0.4047166869318485
 ATT G07              4  0.0071946284687905 -0.7787916491035048 -0.2338899182901324  0.5820028442628755
 ATT G09              4  0.0504835562620643 -0.9371172067261858 -0.1747043019554240  0.2978945422177395
 ATT G11              4  0.3120429804877228  0.8963022525512607  0.2544860679443360 -0.1857640751655394
 ATT G13              4  0.7314453183359872  0.6494418802099549 -0.1224089940726856  0.1680149656543806
 ATT G14              4  0.9168534835389829  0.0243894252887286  0.3503080044520770 -0.1899187923121975
 ATT G15              4  0.8776701679329100  0.4753457887023934 -0.0531571397634859 -0.0302617906886747
 ATT G17              4  0.8650035092790644  0.2626633063465495  0.3599237443137361 -0.2307202087230005
 ATT G18              4  0.0246723681247889 -0.7537385334616789 -0.2220205815687504 -0.6180423600256131
 ATT G19              4  0.7604636539721285  0.5059745542674772  0.3306675361644649 -0.2373684097518274
 ATT G20              4  0.7848607363886388  0.5923806320915800  0.1497706899076429 -0.1031869741917796
 ATT G21              4  0.3664674487765109  0.9055723635363748  0.2063373635538576 -0.0553642103531281
 ATT G22              4  0.9332147317479609  0.1722520074083476  0.2482637046592983 -0.1944341619706250
 ATT G24              4  0.9405558710444742  0.2852614502105409 -0.1646051038189929 -0.0829802281527996
 ATT G25              4  0.4191199234443331  0.8181525631508446  0.0022935436623634  0.3936490986134626
 ATT G26              4  0.2797347426607251 -0.9298485168524504 -0.1718073533843018 -0.1661699214025213
 ATT G28              4  0.3171670995727529 -0.7630051863069365 -0.2933045372268190 -0.4808331987908995
 ATT G29              4  0.1149252257603151  0.9395126534332833  0.1613800613157836  0.2794005052472325
 ATT G30              4  0.6725393966897841  0.3377769041072693  0.5576187184310639 -0.3502269090277761
 ATT G31              4  0.2989590534453596 -0.8746115691323304 -0.2179771591055282 -0.3133114195352976
## 2026 09 05 10 36 00.000000000000 22
 ATT G04              4  0.3052759476625136 -0.9381188587221400 -0.0782347418822083  0.1435929240988245
 ATT G05              4  0.5045305849114399  0.8480798222117285  0.0868323712737775  0.1366369033066093
 ATT G06              4  0.3398060871575028  0.7630632145969117  0.3709846813756158 -0.4057545068688340
 ATT G07              4  0.0120155171925401 -0.7815206771218079 -0.2281091423232249  0.5805577299168720
 ATT G09              4  0.0527180076568847 -0.9376331197151321 -0.1725193798885914  0.2971565379472842
 ATT G11              4  0.3123552572617075  0.8959183355192318  0.2542763673430884 -0.1873714448688142
 ATT G13              4  0.7329018220150744  0.6479442871594119 -0.1231142183867533  0.1669311512435272
 ATT G14              4  0.9167837550771312  0.0226330488341315  0.3513486920133453 -0.1885454537973820
 ATT G15              4  0.8769673892834136  0.4768133027390063 -0.0521465361233140 -0.0292918288076559
 ATT G17              4  0.8660322008823046  0.2606219690910501  0.3597205296232298 -0.2294897750001961
 ATT G18              4  0.0215698993777409 -0.7557824944669862 -0.2188950647390055 -0.6167759002514639
 ATT G19              4  0.7617570774727855  0.5042180796965519  0.3307461119033042 -0.2368486700154587
 ATT G20              4  0.7838012531853794  0.5936452276500539  0.1504697428375710 -0.1029553091576266
 ATT G21              4  0.3651421743130622  0.9061123001428507  0.2060099795054280 -0.0564940741311666
 ATT G22              4  0.9334046616793096  0.1706194290650126  0.2493376984540065 -0.1935857952188749
 ATT G24              4  0.9408270582390368  0.2855782563135661 -0.1628600768863286 -0.0822563150327375
 ATT G25              4  0.4216047875366947  0.8171711581989206 -0.0001892131960372  0.3930402848721017
 ATT G26              4  0.2784372940217740 -0.9300915243295707 -0.1713772540219559 -0.1674283920726239
 ATT G28              4  0.3179183691581131 -0.7619047566504102 -0.2933733514388838 -0.4820385140326905
 ATT G29              4  0.1167890506651601  0.9398023266729802  0.1599808026571624  0.2784565445558005
 ATT G30              4  0.6710040747840482  0.3390565847664682  0.5583832929594915 -0.3507167833072998
 ATT G31              4  0.2992202493370801 -0.8740150523077230 -0.2177075400649676 -0.3149100787924179
## 2026 09 05 10 36 30.000000000000 22
 ATT G04              4  0.3069134206066459 -0.9378905929565621 -0.0768243990281900  0.1423495683487538
 ATT G05              4  0.5032060474756236  0.8489546415938933  0.0871088514720704  0.1359107732866112
 ATT G06              4  0.3408411064989344  0.7618634724047175  0.3713752516301506 -0.4067822660990191
 ATT G07              4  0.0167155921985296 -0.7841651825586233 -0.2224356043039482  0.5790750878583821
 ATT G09              4  0.0549498765022290 -0.9381392055539071 -0.1703357285721807  0.2964137001672845
 ATT G11              4  0.3126717060053744  0.8955294620950893  0.2540695593464948 -0.1889763101471965
 ATT G13              4  0.7343514392556024  0.6464466393946591 -0.1238027730092849  0.1658540909166634
 ATT G14              4  0.9167096539467479  0.0208736255348122  0.3523879182615736 -0.1871642518782459
 ATT G15              4  0.8762598100079249  0.4782791325597003 -0.0511393494126236 -0.0283299075973137
 ATT G17              4  0.8670563266342435  0.2585784671097299  0.3595151949265867 -0.2282527708651427
 ATT G18              4  0.0185139785337944 -0.7577981017754748 -0.2157993364888353 -0.6154916050729846
 ATT G19              4  0.7630490202313932  0.5024575608277636  0.3308257195603212 -0.2363195623902582
 ATT G20              4  0.7827380030585021  0.5949098583787337  0.1511626802379191 -0.1027293681236029
 ATT G21              4  0.3638175233500102  0.9066492668545671  0.2056767967382436 -0.0576278743234460
 ATT G22              4  0.9335908200436276  0.1689856400161307  0.2504134963342730 -0.1927306801011533
 ATT G24              4  0.9410936265904021  0.2858956485351325 -0.1611160909664641 -0.0815356938480896
 ATT G25              4  0.4240879118393178  0.8161791820752767 -0.0026668582024643  0.3924205316316037
 ATT G26              4  0.2771404020127962 -0.9303310773301321 -0.1709415752418891 -0.1686898395866376
 ATT G28              4  0.3186781049490806 -0.7607980700487609 -0.2934488241122795 -0.4832373636871081
 ATT G29              4  0.1186512169333945  0.9400852044856293  0.1585842127348109  0.2775117015527820
 ATT G30              4  0.6694565524319001  0.3403549439750523  0.5591336624299187 -0.3512207056189058
 ATT G31              4  0.2994853164031794 -0.8734140897141073 -0.2174401651231088 -0.3165061575056680
## 2026 09 05 10 37 00.000000000000 22
 ATT G04              4  0.3085484969896524 -0.9376555634665460 -0.0754218878500472  0.1411077890791229
 ATT G05              4  0.5018833087320872  0.8498265442273325  0.0873790475732784  0.1351772583978240
 ATT G06              4  0.3418881205086092  0.7606538467980668  0.3717762218815174 -0.4077998029056676
 ATT G07              4  0.0212969133736570 -0.7867284370445761 -0.2168688830091096  0.5775575256271335
 ATT G09              4  0.0571791277979948 -0.9386354628629344 -0.1681534809773604  0.2956660650726495
 ATT G11              4  0.3129923450693199  0.8951356280516725  0.2538656723117657 -0.1905786445073098
 ATT G13              4  0.7357942092616170  0.6449490008397879 -0.1244747372354022  0.1647838211810033
 ATT G14              4  0.9166311542597433  0.0191111194030617  0.3534256327285144 -0.1857751713390798
 ATT G15              4  0.8755474575092562  0.4797432903914667 -0.0501356017893740 -0.0273760188242602
 ATT G17              4  0.8680758464642395  0.2565328273646010  0.3593077160175158 -0.2270092475649315
 ATT G18              4  0.0155041310508540 -0.7597859096431676 -0.2127334498938243 -0.6141900949415721
 ATT G19              4  0.7643394473131849  0.5006930098478707  0.3309063279090225 -0.2357810877068476
 ATT G20              4  0.7816709977078804  0.5961745224661872  0.1518494835403814 -0.1025091432658702
 ATT G21              4  0.3624934909831328  0.9071832544420095  0.2053378124000883 -0.0587655907280337
 ATT G22              4  0.9337731914073331  0.1673506232502018  0.2514910664201317 -0.1918688078286847
 ATT G24              4  0.9413555859026791  0.2862136571088922 -0.1593731447784355 -0.0808183401067579
 ATT G25              4  0.4265691570217842  0.8151766637914418 -0.0051391261234256  0.3917899315580605
 ATT G26              4  0.2758440565078140 -0.9305671682011929 -0.1705003173740497 -0.1699542401079693
 ATT G28              4  0.3194464023841478 -0.7596850835226998 -0.2935310439563454 -0.4844296606431468
 ATT G29              4  0.1205117224335125  0.9403612957839248  0.1571903383757716  0.2765660059895269
 ATT G30              4  0.6678965978171889  0.3416723353971714  0.5598695092222994 -0.3517389408235195
 ATT G31              4  0.2997542671630903 -0.8728086826951545 -0.2171750565320377 -0.3180996346269142
## 2026 09 05 10 37 30.000000000000 22
 ATT G04              4  0.3101811982782894 -0.9374138061598755 -0.0740272141623138  0.1398676224823649
 ATT G05              4  0.5005623684450757  0.8506955252512874  0.0876429787815644  0.1344364046097264
 ATT G06              4  0.3429472651735980  0.7594342274569746  0.3721877260581147 -0.4088069520549648
 ATT G07              4  0.0257616615744150 -0.7892136486834753 -0.2114083329173311  0.5760075262509672
 ATT G09              4  0.0594057271941718 -0.9391218914160766 -0.1659727692530675  0.2949136695816133
 ATT G11              4  0.3133171929846696  0.8947368290631589  0.2536647348843383 -0.1921784211983017
 ATT G13              4  0.7372301711160886  0.6434514342288404 -0.1251301911007519  0.1637203770460010
 ATT G14              4  0.9165482298052008  0.0173454942788293  0.3544617845434486 -0.1843781971043549
 ATT G15              4  0.8748303590052303  0.4812057883184325 -0.0491353152620668 -0.0264301540993578
 ATT G17              4  0.8690907204693049  0.2544850769350575  0.3590980689473364 -0.2257592569304721
 ATT G18              4  0.0125398641775871 -0.7617464688638305 -0.2096974288599432 -0.6128719746483968
 ATT G19              4  0.7656283235692821  0.4989244390717060  0.3309879055575365 -0.2352332472677106
 ATT G20              4  0.7806002487343697  0.5974392179901933  0.1525301341314383 -0.1022946267648240
 ATT G21              4  0.3611700721629361  0.9077142536653363  0.2049930234698765 -0.0599072032003064
 ATT G22              4  0.9339517602306264  0.1657143615387054  0.2525703766785643 -0.1910001695454330
 ATT G24              4  0.9416129458007969  0.2865323118056085 -0.1576312372247003 -0.0801042298676663
 ATT G25              4  0.4290483836978577  0.8141636352331639 -0.0076057517152410  0.3911485805305001
 ATT G26              4  0.2745482471965267 -0.9307997892797920 -0.1700534805835793 -0.1712215698427690
 ATT G28              4  0.3202233589675912 -0.7585657528690325 -0.2936201013276473 -0.4856153159056004
 ATT G29              4  0.1223705652157288  0.9406306097268391  0.1557992259897901  0.2756194876903357
 ATT G30              4  0.6663239711280652  0.3430091222105439  0.5605905052026524 -0.3522717602322321
 ATT G31              4  0.3000271143135188 -0.8721988325480391 -0.2169122367505231 -0.3196904889520923
## 2026 09 05 10 38 00.000000000000 22
 ATT G04              4  0.3118115458642922 -0.9371653567878091 -0.0726403833123257  0.1386291045009679
 ATT G05              4  0.4992432263404771  0.8515615797000698  0.0879006641055662  0.1336882574562050
 ATT G06              4  0.3440186787260843  0.7582045013652710  0.3726098999549714 -0.4098035447047149
 ATT G07              4  0.0301121184533278 -0.7916239531649428 -0.2060531077442556  0.5744274487580638
 ATT G09              4  0.0616296409946274 -0.9395984921303508 -0.1637937247007800  0.2941565513224075
 ATT G11              4  0.3136462684677728  0.8943330607024037  0.2534667760019380 -0.1937756132079027
 ATT G13              4  0.7386593637663749  0.6419540011160779 -0.1257692153392948  0.1626637920505232
 ATT G14              4  0.9164608540456657  0.0155767138341302  0.3554963224294357 -0.1829733142487397
 ATT G15              4  0.8741085415293974  0.4826666382806957 -0.0481385116921920 -0.0254923048825582
 ATT G17              4  0.8701009089207435  0.2524352430146220  0.3588862300298301 -0.2245028513725900
 ATT G18              4  0.0096206686680762 -0.7636803259864163 -0.2066912697189230 -0.6115378332185533
 ATT G19              4  0.7669156136389754  0.4971518609433023  0.3310704209506083 -0.2346760428525986
 ATT G20              4  0.7795257676403839  0.5987039429173967  0.1532046133514058 -0.1020858108048416
 ATT G21              4  0.3598472616938849  0.9082422552737395  0.2046424267563943 -0.0610526916518927
 ATT G22              4  0.9341265108660183  0.1640768374348773  0.2536513949208415 -0.1901247563295255
 ATT G24              4  0.9418657157351207  0.2868516419411040 -0.1558903673891410 -0.0793933397316361
 ATT G25              4  0.4315254525006663  0.8131401311623814 -0.0100664698501026  0.3904965776061049
 ATT G26              4  0.2732529635819731 -0.9310289328926887 -0.1696010648700719 -0.1724918050381251
 ATT G28              4  0.3210090743211615 -0.7574400326232723 -0.2937160882704256 -0.4867942385384706
 ATT G29              4  0.1242277435102388  0.9408931557156328  0.1544109215687514  0.2746721765489252
 ATT G30              4  0.6647384242444215  0.3443656773805980  0.5612963113019707 -0.3528194417744714
 ATT G31              4  0.3003038707319585 -0.8715845405221720 -0.2166517284475042 -0.3212786991178670
## 2026 09 05 10 38 30.000000000000 22
 ATT G04              4  0.3134395610267520 -0.9369102509480777 -0.0712614002185178  0.1373922708548985
 ATT G05              4  0.4979258821339431  0.8524247024873843  0.0881521223545609  0.1329328620575773
 ATT G06              4  0.3451025016509028  0.7569645527667699  0.3730428812425055 -0.4107894082899233
 ATT G07              4  0.0343506477745145 -0.7939624064587939 -0.2008021828315223  0.5728195296057307
 ATT G09              4  0.0638508361148782 -0.9400652670456950 -0.1616164777951350  0.2933947486354078
 ATT G11              4  0.3139795904170677  0.8939243184472236  0.2532718249027192 -0.1953701932246738
 ATT G13              4  0.7400818259800424  0.6404567619184580 -0.1263918913286968  0.1616140983123970
 ATT G14              4  0.9163690001152275  0.0138047416157098  0.3565291946783496 -0.1815605080372703
 ATT G15              4  0.8733820319466921  0.4841258520433678 -0.0471452128170179 -0.0245624625066724
 ATT G17              4  0.8711063722493668  0.2503833529515357  0.3586721758508429 -0.2232400839045683
 ATT G18              4  0.0067460204838853 -0.7655880225625731 -0.2037149428488308 -0.6101882438858199
 ATT G19              4  0.7682012819245719  0.4953752880750682  0.3311538423700900 -0.2341094767358118
 ATT G20              4  0.7784475658525285  0.5999686950771674  0.1538729024798527 -0.1018826875779336
 ATT G21              4  0.3585250542604548  0.9087672499941727  0.2042860189046203 -0.0622020360251226
 ATT G22              4  0.9342974275530254  0.1624380333077669  0.2547340887774968 -0.1892425592133152
 ATT G24              4  0.9421139049806627  0.2871716763781154 -0.1541505345711184 -0.0786856468468722
 ATT G25              4  0.4340002241054999  0.8121061892385014 -0.0125210155908806  0.3898340249971410
 ATT G26              4  0.2719581950061789 -0.9312545913510846 -0.1691430700763710 -0.1737649219539086
 ATT G28              4  0.3218036502213299 -0.7563078760442179 -0.2938190985560775 -0.4879663355820854
 ATT G29              4  0.1260832556857084  0.9411489433845396  0.1530254707154250  0.2737241025452134
 ATT G30              4  0.6631397004449526  0.3457423839133103  0.5619865770621931 -0.3533822701574623
 ATT G31              4  0.3005845494752420 -0.8709658078305046 -0.2163935545110603 -0.3228642435653003
## 2026 09 05 10 39 00.000000000000 22
 ATT G04              4  0.3150652650649440 -0.9366485240610938 -0.0698902692644472  0.1361571569396079
 ATT G05              4  0.4966103354211335  0.8532848884808802  0.0883973721607139  0.1321702630630834
 ATT G06              4  0.3461988768068650  0.7557142629893414  0.3734868095203236 -0.4117643665088980
 ATT G07              4  0.0384796787215448 -0.7962319792270345 -0.1956543756757698  0.5711858846825728
 ATT G09              4  0.0660692802720055 -0.9405222193529071 -0.1594411579771488  0.2926283004952349
 ATT G11              4  0.3143171779452294  0.8935105976435710  0.2530799111131702 -0.1969621337671993
 ATT G13              4  0.7414975964501700  0.6389597758014690 -0.1269983011015061  0.1605713264679994
 ATT G14              4  0.9162726408078992  0.0120295409019957  0.3575603492340672 -0.1801397638174884
 ATT G15              4  0.8726508568929170  0.4855834413183552 -0.0461554401684888 -0.0236406181039559
 ATT G17              4  0.8721070711359692  0.2483294340740886  0.3584558832553084 -0.2219710080320035
 ATT G18              4  0.0039153821228259 -0.7674700946601652 -0.2007683939435374 -0.6088237639731920
 ATT G19              4  0.7694852927010720  0.4935947331005556  0.3312381379442312 -0.2335335516438221
 ATT G20              4  0.7773656546312442  0.6012334722678323  0.1545349827907923 -0.1016852492663275
 ATT G21              4  0.3572034443148026  0.9092892285749123  0.2039237963644851 -0.0633552163880888
 ATT G22              4  0.9344644944306867  0.1607979312044133  0.2558184257867088 -0.1883535691108474
 ATT G24              4  0.9423575226620693  0.2874924435613698 -0.1524117381373879 -0.0779811288406559
 ATT G25              4  0.4364725595119991  0.8110618499283868 -0.0149691245234219  0.3891610279753013
 ATT G26              4  0.2706639305399859 -0.9314767569689186 -0.1686794958492056 -0.1750408969680290
 ATT G28              4  0.3226071907214237 -0.7551692349784269 -0.2939292277347726 -0.4891315120907375
 ATT G29              4  0.1279371004022614  0.9413979826180550  0.1516429185271858  0.2727752956627086
 ATT G30              4  0.6615275339323519  0.3471396352597316  0.5626609402344351 -0.3539605370880002
 ATT G31              4  0.3008691638075596 -0.8703426355958958 -0.2161377380304886 -0.3244471006694247
## 2026 09 05 10 39 30.000000000000 22
 ATT G04              4  0.3166886790901573 -0.9363802113998603 -0.0685269944815516  0.1349237979832038
 ATT G05              4  0.4952965858439307  0.8541421323958505  0.0886364319487956  0.1314005047517142
 ATT G06              4  0.3473079493203172  0.7544535105272022  0.3739418262793178 -0.4127282391004861
 ATT G07              4  0.0425016898297442 -0.7984355520715708 -0.1906083662112227  0.5695285122626199
 ATT G09              4  0.0682849417088627 -0.9409693533235842 -0.1572678939042875  0.2918572465924488
 ATT G11              4  0.3146590503414392  0.8930918935543892  0.2528910644769390 -0.1985514069791061
 ATT G13              4  0.7429067136032868  0.6374631008789978 -0.1275885272271283  0.1595355058315022
 ATT G14              4  0.9161717485853538  0.0102510749316154  0.3585897335593126 -0.1787110672081216
 ATT G15              4  0.8719150428665911  0.4870394175804362 -0.0451692152001604 -0.0227267627273389
 ATT G17              4  0.8731029663911826  0.2462735139458921  0.3582373293791449 -0.2206956779072948
 ATT G18              4  0.0011282044758623 -0.7693270720412310 -0.1978515458626963 -0.6074449351001884
 ATT G19              4  0.7707676099565324  0.4918102088995581  0.3313232756395584 -0.2329482708318381
 ATT G20              4  0.7762800452064488  0.6024982720978607  0.1551908354680002 -0.1014934880675257
 ATT G21              4  0.3558824262414640  0.9098081817191416  0.2035557554344583 -0.0645122127888061
 ATT G22              4  0.9346276955143087  0.1591565130554700  0.2569043732557643 -0.1874577769304393
 ATT G24              4  0.9425965777265811  0.2878139714854142 -0.1506739777385953 -0.0772797638995008
 ATT G25              4  0.4389423198077683  0.8100071566306017 -0.0174105325748313  0.3884776949123938
 ATT G26              4  0.2693701591441568 -0.9316954220339189 -0.1682103416959526 -0.1763197064148617
 ATT G28              4  0.3234198021086023 -0.7540240599606194 -0.2940465731665602 -0.4902896709227538
 ATT G29              4  0.1297892763756838  0.9416402835147721  0.1502633097701319  0.2718257860046103
 ATT G30              4  0.6599016496791003  0.3485578354385147  0.5633190262124371 -0.3545545413787471
 ATT G31              4  0.3011577271696547 -0.8697150249271735 -0.2158843023325678 -0.3260272485365552
## 2026 09 05 10 40 00.000000000000 22
 ATT G04              4  0.3183098241588074 -0.9361053480666786 -0.0671715794426285  0.1336922289444563
 ATT G05              4  0.4939846329805203  0.8549964288698146  0.0888693199586697  0.1306236309748416
 ATT G06              4  0.3484298667051255  0.7531821708617854  0.3744080749533658 -0.4136808418255480
 ATT G07              4  0.0464191952636166 -0.8005759124526707 -0.1856627146369754  0.5678492961211481
 ATT G09              4  0.0704977893834308 -0.9414066743377100 -0.1550968132448485  0.2910816272555816
 ATT G11              4  0.3150052271034919  0.8926682013228685  0.2527053151427919 -0.2001379847581592
 ATT G13              4  0.7443092157060631  0.6359667940997157 -0.1281626528256099  0.1585066643339064
 ATT G14              4  0.9160662955655513  0.0084693067608975  0.3596172947190347 -0.1772744039921264
 ATT G15              4  0.8711746161686813  0.4884937921891739 -0.0441865592059283 -0.0218208872765214
 ATT G17              4  0.8740940190461223  0.2442156201911904  0.3580164916362965 -0.2194141482194567
 ATT G18              4  0.0016160719919384  0.7711594778005715  0.1949642998128887  0.6060522831473700
 ATT G19              4  0.7720481975019570  0.4900217284510222  0.3314092232702652 -0.2323536380417870
 ATT G20              4  0.7751907486873169  0.6037630920920701  0.1558404416604784 -0.1013073961766327
 ATT G21              4  0.3545619942449553  0.9103241001286055  0.2031818922305097 -0.0656730053501226
 ATT G22              4  0.9347870147080978  0.1575137605374867  0.2579918983493387 -0.1865551735025558
 ATT G24              4  0.9428310789689976  0.2881362877293079 -0.1489372531612248 -0.0765815307010833
 ATT G25              4  0.4414093664504953  0.8089421555805866 -0.0198449763464650  0.3877841371797174
 ATT G26              4  0.2680768695591398 -0.9319105788260061 -0.1677356069454836 -0.1776013266903796
 ATT G28              4  0.3242415930287637 -0.7528723000755095 -0.2941712340750900 -0.4914407127741072
 ATT G29              4  0.1316397825304544  0.9418758564049748  0.1488866887628674  0.2708756037113004
 ATT G30              4  0.6582617629232494  0.3499973994533923  0.5639604475895768 -0.3551645891746603
 ATT G31              4  0.3014502532068632 -0.8690829768656003 -0.2156332709637247 -0.3276046651338037
## 2026 09 05 10 40 30.000000000000 22
 ATT G04              4  0.3199287212144283 -0.9358239690006340 -0.0658240273037234  0.1324624845589205
 ATT G05              4  0.4926744763871380  0.8558477724377606  0.0890960542277056  0.1298396851930859
 ATT G06              4  0.3495647788610178  0.7519001164300599  0.3748857009098593 -0.4146219863268663
 ATT G07              4  0.0502347319846492 -0.8026557523808057 -0.1808158785014170  0.5661500092327091
 ATT G09              4  0.0727077928955654 -0.9418341888586771 -0.1529280427144384  0.2903014834628074
 ATT G11              4  0.3153557279336994  0.8922395159865142  0.2525226935639419 -0.2017218386956947
 ATT G13              4  0.7457051408050981  0.6344709113063360 -0.1287207615183568  0.1574848285934079
 ATT G14              4  0.9159562535244394  0.0066841993325024  0.3606429793435201 -0.1758297601630288
 ATT G15              4  0.8704296029273166  0.4899465763404349 -0.0432074933606069 -0.0209229825210531
 ATT G17              4  0.8750801903288624  0.2421557805635507  0.3577933477275697 -0.2181264742197984
 ATT G18              4  0.0043180157908654  0.7729678278422883  0.1921065368187738  0.6046463184142484
 ATT G19              4  0.7733270189346104  0.4882293048970342  0.3314959484916780 -0.2317496575166245
 ATT G20              4  0.7740977760989669  0.6050279296525409  0.1564837824525064 -0.1011269657823911
 ATT G21              4  0.3532421423921657  0.9108369744887540  0.2028022026850622 -0.0668375742262944
 ATT G22              4  0.9349424358003330  0.1558696551292898  0.2590809680496539 -0.1856457495987273
 ATT G24              4  0.9430610350287079  0.2884594194519481 -0.1472015643858400 -0.0758864084167336
 ATT G25              4  0.4438735612568636  0.8078668958735030 -0.0222721931715486  0.3870804691277935
 ATT G26              4  0.2667840503477722 -0.9321222196116261 -0.1672552907506124 -0.1788857342055634
 ATT G28              4  0.3250726745266420 -0.7517139029538060 -0.2943033115809003 -0.4925845360692619
 ATT G29              4  0.1334886179333890  0.9421047118404909  0.1475130994096156  0.2699247789899088
 ATT G30              4  0.6566075788392205  0.3514587535638714  0.5645848036089822 -0.3557909941075468
 ATT G31              4  0.3017467557686426 -0.8684464924061844 -0.2153846676912793 -0.3291793282300909
## 2026 09 05 10 41 00.000000000000 22
 ATT G04              4  0.3215453911667260 -0.9355361089592031 -0.0644843407979190  0.1312345992670069
 ATT G05              4  0.4913661155440406  0.8566961575693481  0.0893166526461606  0.1290487104203821
 ATT G06              4  0.3507128381335970  0.7506072164665868  0.3753748515239878 -0.4155514800838845
 ATT G07              4  0.0539508485819662 -0.8046776671804531 -0.1760662281299530  0.5644323176346331
 ATT G09              4  0.0749149226073078 -0.9422519044328788 -0.1507617080009246  0.2895168567873047
 ATT G11              4  0.3157105727492514  0.8918058324416355  0.2523432305395345 -0.2033029401614628
 ATT G13              4  0.7470945267881924  0.6329755071849493 -0.1292629373845631  0.1564700238569730
 ATT G14              4  0.9158415938780768  0.0048957153803852  0.3616667336735306 -0.1743771219159790
 ATT G15              4  0.8696800290624948  0.4913977811359779 -0.0422320386512903 -0.0200330391067989
 ATT G17              4  0.8760614417053536  0.2400940228289423  0.3575678756475831 -0.2168327117015092
 ATT G18              4  0.0069782032826505  0.7747526305429383  0.1892781189674236  0.6032275356993414
 ATT G19              4  0.7746040376878921  0.4864329514442408  0.3315834188318911 -0.2311363340165634
 ATT G20              4  0.7730011383263385  0.6062927821098248  0.1571208389238112 -0.1009521890975819
 ATT G21              4  0.3519228645457626  0.9113467954818769  0.2024166825742791 -0.0680058996738160
 ATT G22              4  0.9350939424592408  0.1542241780220115  0.2601715492128549 -0.1847294959383976
 ATT G24              4  0.9432864544003370  0.2887833934223398 -0.1454669114892705 -0.0751943767185708
 ATT G25              4  0.4463347666109385  0.8067814294014999 -0.0246919213137272  0.3863668079805401
 ATT G26              4  0.2654916898243699 -0.9323303366443796 -0.1667693921120644 -0.1801729054584887
 ATT G28              4  0.3259131601214222 -0.7505488146565870 -0.2944429087935777 -0.4937210369616021
 ATT G29              4  0.1353357818908096  0.9423268605937699  0.1461425851843293  0.2689733420603923
 ATT G30              4  0.6549387920393384  0.3529423356407685  0.5651916796634440 -0.3564340775426907
 ATT G31              4  0.3020472489105702 -0.8678055724551011 -0.2151385165400370 -0.3307512154813415
## 2026 09 05 10 41 30.000000000000 22
 ATT G04              4  0.3231598547312531 -0.9352418025474823 -0.0631525222950181  0.1300086073519421
 ATT G05              4  0.4900595499649643  0.8575415786005544  0.0895311328727944  0.1282507493386428
 ATT G06              4  0.3518741992699839  0.7493033370678945  0.3758756760898327 -0.4164691261918929
 ATT G07              4  0.0575700947501080 -0.8066441547888523 -0.1714120613345375  0.5626977847517163
 ATT G09              4  0.0771191494220683 -0.9426598296502929 -0.1485979338684562  0.2887277894594244
 ATT G11              4  0.3160697816701473  0.8913671454989368  0.2521669571676383 -0.2048812601310325
 ATT G13              4  0.7484774112348536  0.6314806354035136 -0.1297892649241792  0.1554622741760595
 ATT G14              4  0.9157222877027105  0.0031038176261250  0.3626885034635322 -0.1729164757217891
 ATT G15              4  0.8689259203562526  0.4928474174478295 -0.0412602160056751 -0.0191510475747999
 ATT G17              4  0.8770377348130791  0.2380303749772456  0.3573400536912176 -0.2155329170453907
 ATT G18              4  0.0095972171802211  0.7765143862430565  0.1864788908975300  0.6017964146034732
 ATT G19              4  0.7758792169354183  0.4846326815537417  0.3316716016489497 -0.2305136728207995
 ATT G20              4  0.7719008462214949  0.6075576466200794  0.1577515920444863 -0.1007830583155906
 ATT G21              4  0.3506041544875907  0.9118535537556524  0.2020253274820066 -0.0691779619172195
 ATT G22              4  0.9352415182314811  0.1525773102878065  0.2612636084554273 -0.1838064032025661
 ATT G24              4  0.9435073454226832  0.2891082359861273 -0.1437332948223032 -0.0745054157626071
 ATT G25              4  0.4487928452846872  0.8056858109340362 -0.0271038999353885  0.3856432738803249
 ATT G26              4  0.2641997761838388 -0.9325349221581631 -0.1662779098505322 -0.1814628168954149
 ATT G28              4  0.3267631658319082 -0.7493769797551149 -0.2945901307912372 -0.4948501091330741
 ATT G29              4  0.1371812737576267  0.9425423136448235  0.1447751891837014  0.2680213232489618
 ATT G30              4  0.6532550863314869  0.3544485953979493  0.5657806466412036 -0.3570941686568500
 ATT G31              4  0.3023517468971028 -0.8671602179023157 -0.2148948417527597 -0.3323203042607199
## 2026 09 05 10 42 00.000000000000 22
 ATT G04              4  0.3247721326439157 -0.9349410841753224 -0.0618285736835065  0.1287845427652761
 ATT G05              4  0.4887547790335966  0.8583840298416420  0.0897395124081247  0.1274458441746869
 ATT G06              4  0.3530490195748145  0.7479883409213525  0.3763883259342248 -0.4173747233882510
 ATT G07              4  0.0610950128185791 -0.8085576161629724 -0.1668516159455367  0.5609478754839121
 ATT G09              4  0.0793204450889597 -0.9430579741775532 -0.1464368439023470  0.2879343242458958
 ATT G11              4  0.3164333750599486  0.8909234498110608  0.2519939048721254 -0.2064567694027713
 ATT G13              4  0.7498538315945794  0.6299863484362291 -0.1302998290604328  0.1544616022632822
 ATT G14              4  0.9155983057070033  0.0013084685340875  0.3637082341125900 -0.1714478081961516
 ATT G15              4  0.8681673023542331  0.4942954961093953 -0.0402920461420727 -0.0182769982937119
 ATT G17              4  0.8780090315837943  0.2359648649321670  0.3571098604413539 -0.2142271470901646
 ATT G18              4  0.0121756457809105  0.7782535871562232  0.1837086807122650  0.6003534195448970
 ATT G19              4  0.7771525197479966  0.4828285086915126  0.3317604641699820 -0.2298816796915100
 ATT G20              4  0.7707969104553307  0.6088225203222144  0.1583760227879405 -0.1006195656266734
 ATT G21              4  0.3492860057416243  0.9123572399786860  0.2016281327941687 -0.0703537413182570
 ATT G22              4  0.9353851465503793  0.1509290326518405  0.2623571123020238 -0.1828764619633997
 ATT G24              4  0.9437237163076900  0.2894339731227289 -0.1420007147667401 -0.0738195061384951
 ATT G25              4  0.4512476608514694  0.8045800979580616 -0.0295078694975041  0.3849099897165499
 ATT G26              4  0.2629082973223756 -0.9327359683849488 -0.1657808425894388 -0.1827554450909169
 ATT G28              4  0.3276228103268350 -0.7481983411136855 -0.2947450847277048 -0.4959716438841403
 ATT G29              4  0.1390250931892937  0.9427510821983951  0.1434109539967708  0.2670687528543948
 ATT G30              4  0.6515561340442029  0.3559779948867944  0.5663512604251045 -0.3577716047433723
 ATT G31              4  0.3026602642292417 -0.8665104295248831 -0.2146536678065462 -0.3338865718750718
## 2026 09 05 10 42 30.000000000000 22
 ATT G04              4  0.3263822454347138 -0.9346339880968201 -0.0605124965504909  0.1275624393011391
 ATT G05              4  0.4874518021815708  0.8592235054641227  0.0899418085552705  0.1266340368214397
 ATT G06              4  0.3542374587820458  0.7466620874038749  0.3769129543485506 -0.4182680658065791
 ATT G07              4  0.0645281293405485 -0.8104203557490833 -0.1623830823768787  0.5591839608475239
 ATT G09              4  0.0815187818979186 -0.9434463486901936 -0.1442785607745203  0.2871365045441917
 ATT G11              4  0.3168013734834853  0.8904747399330862  0.2518241054205119 -0.2080294383716915
 ATT G13              4  0.7512238249844665  0.6284926977803685 -0.1307947150409434  0.1534680296668484
 ATT G14              4  0.9154696182469177 -0.0004903694306195  0.3647258705210761 -0.1699711063013662
 ATT G15              4  0.8674042004699557  0.4957420277156454 -0.0393275497111031 -0.0174108815739132
 ATT G17              4  0.8789752941180866  0.2338975208364722  0.3568772748017898 -0.2129154592945885
 ATT G18              4  0.0147140815209775  0.7799707168604846  0.1809673015475152  0.5988990001792870
 ATT G19              4  0.7784239089236471  0.4810204465817013  0.3318499734756991 -0.2292403609545025
 ATT G20              4  0.7696893416697588  0.6100874001664492  0.1589941120358397 -0.1004617032309017
 ATT G21              4  0.3479684117540471  0.9128578447729780  0.2012250937394610 -0.0715332182090766
 ATT G22              4  0.9355248107159466  0.1492793257217807  0.2634520270310728 -0.1819396628010622
 ATT G24              4  0.9439355751144761  0.2897606304061507 -0.1402691719750995 -0.0731366289444329
 ATT G25              4  0.4536990774156762  0.8034643508065779 -0.0319035715636163  0.3841670811725247
 ATT G26              4  0.2616172410156543 -0.9329334675279292 -0.1652781888095650 -0.1840507665659217
 ATT G28              4  0.3284922148820639 -0.7470128400022038 -0.2949078798549155 -0.4970855298972192
 ATT G29              4  0.1408672398819655  0.9429531776521323  0.1420499218814086  0.2661156612777070
 ATT G30              4  0.6498415958044339  0.3575310086321359  0.5669030611829133 -0.3584667313019143
 ATT G31              4  0.3029728156123317 -0.8658562080760749 -0.2144150194397741 -0.3354499953416317
## 2026 09 05 10 43 00.000000000000 22
 ATT G04              4  0.3279902135593925 -0.9343205483845528 -0.0592042920786752  0.1263423304958315
 ATT G05              4  0.4861506187799952  0.8600599995732582  0.0901380384388008  0.1258153687761692
 ATT G06              4  0.3554396791778678  0.7453244323853903  0.3774497166389408 -0.4191489429361792
 ATT G07              4  0.0678719484872981 -0.8122345828802283 -0.1580046140548614  0.5574073222691784
 ATT G09              4  0.0837141328647316 -0.9438249648932524 -0.1421232060430692  0.2863343743021414
 ATT G11              4  0.3171737977425143  0.8900210102824957  0.2516575909139782 -0.2095992371567508
 ATT G13              4  0.7525874282960967  0.6269997338434778 -0.1312740084496399  0.1524815767115606
 ATT G14              4  0.9153361953125334 -0.0022927339458040  0.3657413571732156 -0.1684863572367995
 ATT G15              4  0.8666366399227734  0.4971870227436381 -0.0383667472166761 -0.0165526875973966
 ATT G17              4  0.8799364847738559  0.2318283708751671  0.3566422759825262 -0.2115979116229692
 ATT G18              4  0.0172131201844814  0.7816662502200770  0.1782545524796506  0.5974335915235108
 ATT G19              4  0.7796933470976941  0.4792085090566979  0.3319400965103144 -0.2285897234522511
 ATT G20              4  0.7685781503862108  0.6113522830197448  0.1596058406300620 -0.1003094633234117
 ATT G21              4  0.3466513657819205  0.9133553587556226  0.2008162053550264 -0.0727163729893610
 ATT G22              4  0.9356604939057277  0.1476281698487021  0.2645483187633711 -0.1809959962283388
 ATT G24              4  0.9441429297716153  0.2900882330382464 -0.1385386672237960 -0.0724567657218792
 ATT G25              4  0.4561469598910103  0.8023386325428392 -0.0342907491269509  0.3834146766045759
 ATT G26              4  0.2603265948078247 -0.9331274117783854 -0.1647699468069165 -0.1853487578938223
 ATT G28              4  0.3293715035199537 -0.7458204159450497 -0.2950786275880501 -0.4981916532513501
 ATT G29              4  0.1427077137254959  0.9431486116109311  0.1406921346497129  0.2651620789391361
 ATT G30              4  0.6481111199203623  0.3591081240977960  0.5674355727652564 -0.3591799022817171
 ATT G31              4  0.3032894159858767 -0.8651975542297923 -0.2141789216358914 -0.3370105515152614
## 2026 09 05 10 43 30.000000000000 22
 ATT G04              4  0.3295960573639641 -0.9340007989340352 -0.0579039610825345  0.1251242496547712
 ATT G05              4  0.4848512281660625  0.8608935061926545  0.0903282190020041  0.1249898811628682
 ATT G06              4  0.3566558455991521  0.7439752281677505  0.3779987701225247 -0.4200171394819014
 ATT G07              4  0.0711289459769885 -0.8140024133775976 -0.1537143372872478  0.5556191560520515
 ATT G09              4  0.0859064716868753 -0.9441938354987288 -0.1399709001787862  0.2855279780190628
 ATT G11              4  0.3175506688717759  0.8895622551457305  0.2514943937962609 -0.2111661355619883
 ATT G13              4  0.7539446781567319  0.6255075059887110 -0.1317377951624998  0.1515022625463135
 ATT G14              4  0.9151980065267594 -0.0040986627859702  0.3667546381134627 -0.1669935484834018
 ATT G15              4  0.8658646457537642  0.4986304915229292 -0.0374096590376751 -0.0157024064397140
 ATT G17              4  0.8808925661513221  0.2297574433167702  0.3564048435095735 -0.2102745625671317
 ATT G18              4  0.0196733598971611  0.7833406531597021  0.1755702196803152  0.5959576142471014
 ATT G19              4  0.7809607967178074  0.4773927100974935  0.3320308000829852 -0.2279297745620643
 ATT G20              4  0.7674633470278290  0.6126171656403554  0.1602111893593225 -0.1001628380972380
 ATT G21              4  0.3453348609178787  0.9138497725280531  0.2004014624934560 -0.0739031861000709
 ATT G22              4  0.9357921791693524  0.1459755451626106  0.2656459534371828 -0.1800454527123801
 ATT G24              4  0.9443457880756290  0.2904168058498681 -0.1368092014468687 -0.0717798984622569
 ATT G25              4  0.4585911740195530  0.8012030089568516 -0.0366691466835974  0.3826529069945181
 ATT G26              4  0.2590363460379297 -0.9333177933101766 -0.1642561147021442 -0.1866493956724710
 ATT G28              4  0.3302608030637194 -0.7446210066891680 -0.2952574415577152 -0.4992898973158902
 ATT G29              4  0.1445465147609786  0.9433373958784158  0.1393376336977838  0.2642080362958101
 ATT G30              4  0.6463643419181913  0.3607098420020142  0.5679483020123233 -0.3599114802571139
 ATT G31              4  0.3036100805236519 -0.8645344685913031 -0.2139453996334026 -0.3385682170518678
## 2026 09 05 10 44 00.000000000000 22
 ATT G04              4  0.3311997970813332 -0.9336747734626241 -0.0566115040168194  0.1239082298548316
 ATT G05              4  0.4835536296439016  0.8617240192658302  0.0905123670076930  0.1241576147371536
 ATT G06              4  0.3578861254568036  0.7426143233933357  0.3785602741324846 -0.4208724352405565
 ATT G07              4  0.0743015639156819 -0.8157258715310211 -0.1495103600507456  0.5538205777615517
 ATT G09              4  0.0880957727432701 -0.9445529742112531 -0.1378217625474285  0.2847173607312428
 ATT G11              4  0.3179320081446111  0.8890984686747462  0.2513345468587404 -0.2127301030711700
 ATT G13              4  0.7552956109209918  0.6240160625477206 -0.1321861613166966  0.1505301051693158
 ATT G14              4  0.9150550211421341 -0.0059081938151875  0.3677656569436222 -0.1654926678171559
 ATT G15              4  0.8650882428267574  0.5000724442347652 -0.0364563054303446 -0.0148600280737718
 ATT G17              4  0.8818435010994180  0.2276847665095083  0.3561649572292431 -0.2089454711405002
 ATT G18              4  0.0220954002374557  0.7849943825125819  0.1729140774628211  0.5944714749483121
 ATT G19              4  0.7822262200472005  0.4755730638346861  0.3321220508705496 -0.2272605222010645
 ATT G20              4  0.7663449419199706  0.6138820446773591  0.1608101389582179 -0.1000218197428105
 ATT G21              4  0.3440188900891089  0.9143410766752328  0.1999808598211412 -0.0750936380223623
 ATT G22              4  0.9359198494268335  0.1443214315716103  0.2667448968053733 -0.1790880226767483
 ATT G24              4  0.9445441576944502  0.2907463733068045 -0.1350807757344640 -0.0711060095997512
 ATT G25              4  0.4610315864412294  0.8000575485362701 -0.0390385103532415  0.3818819058858646
 ATT G26              4  0.2577464818373375 -0.9335046042792778 -0.1637366904394880 -0.1879526565222994
 ATT G28              4  0.3311602432098678 -0.7434145481469080 -0.2954444376659452 -0.5003801426645205
 ATT G29              4  0.1463836431788317  0.9435195424531161  0.1379864600060306  0.2632535638386725
 ATT G30              4  0.6446008840239871  0.3623366766675297  0.5684407380424711 -0.3606618366153505
 ATT G31              4  0.3039348246384818 -0.8638669516954534 -0.2137144789304005 -0.3401229684039150
## 2026 09 05 10 44 30.000000000000 22
 ATT G04              4  0.3328014527952866 -0.9333425055153364 -0.0553269210115457  0.1226943039716424
 ATT G05              4  0.4822578225117646  0.8625515326407729  0.0906904990357455  0.1233186099091113
 ATT G06              4  0.3591306887306817  0.7412415629810177  0.3791343900089255 -0.4217146049567727
 ATT G07              4  0.0773922063383332 -0.8174068923177724 -0.1453907799450973  0.5520126265733831
 ATT G09              4  0.0902820110488241 -0.9449023957063636 -0.1356759114373379  0.2839025680141072
 ATT G11              4  0.3183178370696387  0.8886296448937313  0.2511780832489213 -0.2142911088093684
 ATT G13              4  0.7566402626344214  0.6225254508654335 -0.1326191932711473  0.1495651214736134
 ATT G14              4  0.9149072080406356 -0.0077213649408336  0.3687743567993176 -0.1639837033549128
 ATT G15              4  0.8643074558453885  0.5015128908818703 -0.0355067065500399 -0.0140255423906990
 ATT G17              4  0.8827892527019736  0.2256103689217898  0.3559225973177989 -0.2076106969002786
 ATT G18              4  0.0244798413553922  0.7866278858674063  0.1702858893363301  0.5929755664746466
 ATT G19              4  0.7834895791408623  0.4737495845884849  0.3322138154186660 -0.2265819748455015
 ATT G20              4  0.7652229453136511  0.6151469166443621  0.1614026700942960 -0.0998864004500601
 ATT G21              4  0.3427034460829885  0.9148292617549484  0.1995543918257813 -0.0762877092511337
 ATT G22              4  0.9360434874640190  0.1426658087966874  0.2678451144098244 -0.1781236965240016
 ATT G24              4  0.9447380461666238  0.2910769595094796 -0.1333533913670709 -0.0704350820180552
 ATT G25              4  0.4634680647126774  0.7989023224591284 -0.0413985879529448  0.3811018093323649
 ATT G26              4  0.2564569891550305 -0.9336878368191639 -0.1632116717968263 -0.1892585170574222
 ATT G28              4  0.3320699565842896 -0.7422009743616905 -0.2956397341398608 -0.5014622669637072
 ATT G29              4  0.1482190992775794  0.9436950635210190  0.1366386541681061  0.2622986921098436
 ATT G30              4  0.6428203546603201  0.3639891563417755  0.5689123514994907 -0.3614313517271370
 ATT G31              4  0.3042636639810262 -0.8631950040185031 -0.2134861852941286 -0.3416747817836442
## 2026 09 05 10 45 00.000000000000 22
 ATT G04              4  0.3344010445721807 -0.9330040284357698 -0.0540502117727042  0.1214825045798295
 ATT G05              4  0.4809638059536258  0.8633760401409937  0.0908626314991481  0.1224729066778190
 ATT G06              4  0.3603897080939715  0.7398567879157383  0.3797212811483530 -0.4225434182637384
 ATT G07              4  0.0804032357635101 -0.8190473240115845 -0.1413536908651221  0.5501962693321629
 ATT G09              4  0.0924651624375109 -0.9452421156448124 -0.1335334638631775  0.2830836458989244
 ATT G11              4  0.3187081774282147  0.8881557776563654  0.2510250364628518 -0.2158491216679578
 ATT G13              4  0.7579786691382820  0.6210357171886863 -0.1330369776128347  0.1486073271912909
 ATT G14              4  0.9147545357179422 -0.0095382142573697  0.3697806804321147 -0.1624666434422703
 ATT G15              4  0.8635223092882984  0.5029518414090077 -0.0345608823736083 -0.0131989391336308
 ATT G17              4  0.8837297843628356  0.2235342789650384  0.3556777442655559 -0.2062702998295320
 ATT G18              4  0.0268272833963080  0.7882416016165291  0.1676854087387850  0.5914702680969626
 ATT G19              4  0.7847508359542404  0.4719222867173340  0.3323060601526691 -0.2258941414787386
 ATT G20              4  0.7640973672914054  0.6164117780255680  0.1619887634170294 -0.0997565723966383
 ATT G21              4  0.3413885214350380  0.9153143183380524  0.1991220527790949 -0.0774853803938990
 ATT G22              4  0.9361630759408769  0.1410086562328268  0.2689465716711024 -0.1771524645572043
 ATT G24              4  0.9449274609206187  0.2914085882270551 -0.1316270496688835 -0.0697670989872365
 ATT G25              4  0.4659004775788397  0.7977374044629059 -0.0437491293132993  0.3803127557641565
 ATT G26              4  0.2551678546475994 -0.9338674830552959 -0.1626810563406538 -0.1905669539936027
 ATT G28              4  0.3329900788958991 -0.7409802173441594 -0.2958434516076906 -0.5025361449710415
 ATT G29              4  0.1500528836150732  0.9438639714663127  0.1352942562788783  0.2613434516198727
 ATT G30              4  0.6410223477329581  0.3656678236944723  0.5693625938155644 -0.3622204151964519
 ATT G31              4  0.3045966144730787 -0.8625186259194147 -0.2132605447469205 -0.3432236332886656
## 2026 09 05 10 45 30.000000000000 22
 ATT G04              4  0.3359985922731595 -0.9326593754031094 -0.0527813757493915  0.1202728640930324
 ATT G05              4  0.4796715791914709  0.8641975354699171  0.0910287806329320  0.1216205447289503
 ATT G06              4  0.3616633587825893  0.7384598353070354  0.3803211129433736 -0.4233586394558623
 ATT G07              4  0.0833369697606626 -0.8206489306188561 -0.1373971897163116  0.5483724048521229
 ATT G09              4  0.0946452033101472 -0.9455721506153382 -0.1313945358094536  0.2822606409517380
 ATT G11              4  0.3191030512326131  0.8876768606943322  0.2508754403778330 -0.2174041101201228
 ATT G13              4  0.7593108659070026  0.6195469068547236 -0.1334396010711090  0.1476567370230362
 ATT G14              4  0.9145969722957750 -0.0113587798305652  0.3707845700896145 -0.1609414768529995
 ATT G15              4  0.8627328275005736  0.5043893055354322 -0.0336188528069100 -0.0123802080071480
 ATT G17              4  0.8846650596995418  0.2214565252282447  0.3554303789116135 -0.2049243404951867
 ATT G18              4  0.0291383255068006  0.7898359587037382  0.1651123802580696  0.5899559459914989
 ATT G19              4  0.7860099521968293  0.4700911848282632  0.3323987513747902 -0.2251970316828809
 ATT G20              4  0.7629682178968342  0.6176766251269011  0.1625683994942722 -0.0996323277708814
 ATT G21              4  0.3400741085795085  0.9157962369489269  0.1986838367939985 -0.0786866320340123
 ATT G22              4  0.9362785973732639  0.1393499531389240  0.2700492337591607 -0.1761743171039007
 ATT G24              4  0.9451124092545494  0.2917412828664634 -0.1299017522042068 -0.0691020442445135
 ATT G25              4  0.4683286947610049  0.7965628709424830 -0.0460898861142613  0.3795148860022499
 ATT G26              4  0.2538790648254489 -0.9340435350812966 -0.1621448414954580 -0.1918779439972332
 ATT G28              4  0.3339207489052393 -0.7397522071461148 -0.2960557131447027 -0.5036016483168018
 ATT G29              4  0.1518849967948352  0.9440262788456671  0.1339533061017353  0.2603878729546620
 ATT G30              4  0.6392064422466727  0.3673732359815994  0.5697908963488704 -0.3630294259598149
 ATT G31              4  0.3049336922716561 -0.8618378177135283 -0.2130375836065551 -0.3447694987197110
## 2026 09 05 10 46 00.000000000000 22
 ATT G04              4  0.3375941156217774 -0.9323085794185128 -0.0515204120431024  0.1190654147227326
 ATT G05              4  0.4783811414197779  0.8650160122551676  0.0911889624691345  0.1207615634209993
 ATT G06              4  0.3629518186850819  0.7370505382428030  0.3809340527744012 -0.4241600273788872
 ATT G07              4  0.0861956785665692 -0.8222133947221698 -0.1335193816794484  0.5465418677940733
 ATT G09              4  0.0968221107243663 -0.9458925181421353 -0.1292592420765656  0.2814336002246413
 ATT G11              4  0.3195024807574472  0.8871928876028172  0.2507293292142752 -0.2189560422746411
 ATT G13              4  0.7606368880984223  0.6180590642300038 -0.1338271505367250  0.1467133646478904
 ATT G14              4  0.9144344855189509 -0.0131830997574150  0.3717859675611098 -0.1594081926976451
 ATT G15              4  0.8619390346590651  0.5058252928207476 -0.0326806376625663 -0.0115693386057692
 ATT G17              4  0.8855950426020485  0.2193771363929133  0.3551804824281997 -0.2035728799442474
 ATT G18              4  0.0314135652551510  0.7914113766749598  0.1625665403366472  0.5884329534878052
 ATT G19              4  0.7872668894032872  0.4682562937076208  0.3324918552525171 -0.2244906555810650
 ATT G20              4  0.7618355070866580  0.6189414541416846  0.1631415588148445 -0.0995136587331459
 ATT G21              4  0.3387601997892831  0.9162750080960591  0.1982397377665915 -0.0798914447705605
 ATT G22              4  0.9363900341442007  0.1376896785720467  0.2711530656362451 -0.1751892444364598
 ATT G24              4  0.9452928983514823  0.2920750664885893 -0.1281775007069040 -0.0684399019174825
 ATT G25              4  0.4707525871173172  0.7953788008581559 -0.0484206121430912  0.3787083431712143
 ATT G26              4  0.2525906059987255 -0.9342159849735678 -0.1616030244808733 -0.1931914637340368
 ATT G28              4  0.3348621085681116 -0.7385168717500187 -0.2962766443140959 -0.5046586454425069
 ATT G29              4  0.1537154395382980  0.9441819983987608  0.1326158429680765  0.2594319867347502
 ATT G30              4  0.6373722016266411  0.3691059655066266  0.5701966695462546 -0.3638587924722876
 ATT G31              4  0.3052749138040295 -0.8611525796479005 -0.2128173284455049 -0.3463123536361782
## 2026 09 05 10 46 30.000000000000 22
 ATT G04              4  0.3391876342646774 -0.9319516732886616 -0.0502673194285701  0.1178601884177346
 ATT G05              4  0.4770924917681390  0.8658314640731571  0.0913431928960944  0.1198960017304637
 ATT G06              4  0.3642552683765476  0.7356287256153055  0.3815602700702536 -0.4249473353410383
 ATT G07              4  0.0889815832092988 -0.8237423203642193 -0.1297183849563285  0.5447054324080703
 ATT G09              4  0.0989958624867512 -0.9462032366723537 -0.1271276962494096  0.2806025712062991
 ATT G11              4  0.3199064885459011  0.8867038518045441  0.2505867375905798 -0.2205048859434385
 ATT G13              4  0.7619567706025350  0.6165722326800789 -0.1341997130101968  0.1457772226681636
 ATT G14              4  0.9142670427368474 -0.0150112122436578  0.3727848142097336 -0.1578667804410178
 ATT G15              4  0.8611409547446429  0.5072598127169340 -0.0317462565984318 -0.0107663204417963
 ATT G17              4  0.8865196972585059  0.2172961411351121  0.3549280363296857 -0.2022159797039599
 ATT G18              4  0.0336535981257170  0.7929682657126373  0.1600476180490624  0.5869016313341695
 ATT G19              4  0.7885216089667468  0.4664176282379331  0.3325853378539466 -0.2237750238654275
 ATT G20              4  0.7606992446850741  0.6202062611847883  0.1637082218455223 -0.0994005574578141
 ATT G21              4  0.3374467871234983  0.9167506222758519  0.1977897494148417 -0.0810997992801691
 ATT G22              4  0.9364973684949520  0.1360278113128222  0.2722580321012994 -0.1741972367972687
 ATT G24              4  0.9454689352843794  0.2924099618338059 -0.1264542970007103 -0.0677806565520965
 ATT G25              4  0.4731720268181482  0.7941852756546230 -0.0507410634431236  0.3778932725662904
 ATT G26              4  0.2513024642184811 -0.9343848247865629 -0.1610556023486179 -0.1945074899288699
 ATT G28              4  0.3358143031215409 -0.7372741369387082 -0.2965063732843904 -0.5057070015552650
 ATT G29              4  0.1555442127622106  0.9443311430416675  0.1312819057891784  0.2584758235699537
 ATT G30              4  0.6355191729945441  0.3708666000109700  0.5705793020955683 -0.3647089329489628
 ATT G31              4  0.3056202957645399 -0.8604629118619327 -0.2125998061411791 -0.3478521734237326
## 2026 09 05 10 47 00.000000000000 22
 ATT G04              4  0.3407791677049247 -0.9315886896399501 -0.0490220963708292  0.1166572169249352
 ATT G05              4  0.4758056293444226  0.8666438844237925  0.0914914876181435  0.1190238983079469
 ATT G06              4  0.3655738911007952  0.7341942220853526  0.3821999362468227 -0.4257203109258886
 ATT G07              4  0.0916968538186785 -0.8252372358826920 -0.1259923351027081  0.5428638162631761
 ATT G09              4  0.1011664370587221 -0.9465043255535318 -0.1250000107247874  0.2797676018414261
 ATT G11              4  0.3203150974092510  0.8862097465741537  0.2504477004984278 -0.2220506085641940
 ATT G13              4  0.7632705479795892  0.6150864546334174 -0.1345573755857430  0.1448483226996852
 ATT G14              4  0.9140946109129138 -0.0168431555114187  0.3737810509336038 -0.1563172299375871
 ATT G15              4  0.8603386115728699  0.5086928745133604 -0.0308157291751399 -0.0099711429439452
 ATT G17              4  0.8874389881344963  0.2152135682140724  0.3546730224768836 -0.2008537017893940
 ATT G18              4  0.0358590168344154  0.7945070265943617  0.1575553359415493  0.5853623080795382
 ATT G19              4  0.7897740721042136  0.4645752034811996  0.3326791651284932 -0.2230501477958302
 ATT G20              4  0.7595594404297690  0.6214710422521774  0.1642683689836463 -0.0992930161061903
 ATT G21              4  0.3361338624777484  0.9172230699620940  0.1973338652559872 -0.0823116762569958
 ATT G22              4  0.9366005825258097  0.1343643299383864  0.2733640977405448 -0.1731982843997680
 ATT G24              4  0.9456405270148578  0.2927459913101137 -0.1247321430736726 -0.0671242930925334
 ATT G25              4  0.4755868873017244  0.7929823792601177 -0.0530509983708977  0.3770698216265450
 ATT G26              4  0.2500146253305400 -0.9345500465519182 -0.1605025719633973 -0.1958259993049287
 ATT G28              4  0.3367774811561329 -0.7360239262813513 -0.2967450308577138 -0.5067465784677500
 ATT G29              4  0.1573713174970278  0.9444737258625064  0.1299515330688654  0.2575194140986250
 ATT G30              4  0.6336468865866527  0.3726557429987159  0.5709381599716894 -0.3655802754762094
 ATT G31              4  0.3059698551223826 -0.8597688144188016 -0.2123850438546395 -0.3493889332193308
## 2026 09 05 10 47 30.000000000000 22
 ATT G04              4  0.3423687353159834 -0.9312196609140581 -0.0477847410303536  0.1154565317767055
 ATT G05              4  0.4745205532239807  0.8674532667388043  0.0916338621670028  0.1181452914700622
 ATT G06              4  0.3669078727877967  0.7327468479602037  0.3828532247081283 -0.4264786958586681
 ATT G07              4  0.0943436085038164 -0.8266995968357617 -0.1223393886590290  0.5410176837300289
 ATT G09              4  0.1033338135780992 -0.9467958050195924 -0.1228762966878071  0.2789287405073225
 ATT G11              4  0.3207283304338405  0.8857105650274717  0.2503122533163198 -0.2235931772115319
 ATT G13              4  0.7645782544682511  0.6136017715826806 -0.1349002254233889  0.1439266753788216
 ATT G14              4  0.9139171566188046 -0.0186789678102368  0.3747746181733402 -0.1547595314427293
 ATT G15              4  0.8595320287873407  0.5101244873504955 -0.0298890748440843 -0.0091837954615567
 ATT G17              4  0.8883528799854165  0.2131294464458098  0.3544154230811494 -0.1994861086931400
 ATT G18              4  0.0380304108274976  0.7960280507373377  0.1550894107499527  0.5838153003860397
 ATT G19              4  0.7910242398692753  0.4627290346599494  0.3327733029160049 -0.2223160392060857
 ATT G20              4  0.7584161039603591  0.6227357932310454  0.1648219805682248 -0.0991910268323757
 ATT G21              4  0.3348214175691401  0.9176923416077560  0.1968720786101204 -0.0835270564260383
 ATT G22              4  0.9366996581933321  0.1326992128043705  0.2744712269365153 -0.1721923774316435
 ATT G24              4  0.9458076803970267  0.2930831770032985 -0.1230110410574307 -0.0664707968781694
 ATT G25              4  0.4779970433618366  0.7917701980306547 -0.0553501777201856  0.3762381398452151
 ATT G26              4  0.2487270749595359 -0.9347116422775787 -0.1599439300063282 -0.1971469685969285
 ATT G28              4  0.3377517947083062 -0.7347661610446585 -0.2969927505472221 -0.5077772345009288
 ATT G29              4  0.1591967549040106  0.9446097601179175  0.1286247629016712  0.2565627889747344
 ATT G30              4  0.6317548550420132  0.3744740141098781  0.5712725854811374 -0.3664732581853400
 ATT G31              4  0.3063236091275818 -0.8590702872943919 -0.2121730690428056 -0.3509226079236599
## 2026 09 05 10 48 00.000000000000 22
 ATT G04              4  0.3439563563064013 -0.9308446193752450 -0.0465552512962383  0.1142581643180296
 ATT G05              4  0.4732372624765071  0.8682596043664298  0.0917703319000921  0.1172602192226441
 ATT G06              4  0.3682574020326325  0.7312864191169854  0.3835203108170550 -0.4272222258427399
 ATT G07              4  0.0969239124992744 -0.8281307888832067 -0.1187577263767025  0.5391676493590369
 ATT G09              4  0.1054979718118816 -0.9470776961690939 -0.1207566641437681  0.2780860360167203
 ATT G11              4  0.3211462109778696  0.8852063001282678  0.2501804318184300 -0.2251325585581244
 ATT G13              4  0.7658799239529965  0.6121182241296113 -0.1352283497175974  0.1430122904047847
 ATT G14              4  0.9137346460355793 -0.0205186873685393  0.3757654558897259 -0.1531936756622025
 ATT G15              4  0.8587212298775325  0.5115546601899431 -0.0289663129685570 -0.0084042672839749
 ATT G17              4  0.8892613378431652  0.2110438047433727  0.3541552207139242 -0.1981132634073233
 ATT G18              4  0.0401683657508399  0.7975317202161736  0.1526495541446453  0.5822609133896780
 ATT G19              4  0.7922720731293067  0.4608791371974671  0.3328677169483420 -0.2215727105243551
 ATT G20              4  0.7572692448423946  0.6240005098732866  0.1653690368679939 -0.0990945817845907
 ATT G21              4  0.3335094439618320  0.9181584276345346  0.1964043826084476 -0.0847459205162467
 ATT G22              4  0.9367945773063089  0.1310324380800386  0.2755793838421575 -0.1711795060790701
 ATT G24              4  0.9459704021768490  0.2934215406754442 -0.1212909932615812 -0.0658201536509951
 ATT G25              4  0.4804023711572180  0.7905488207283221 -0.0576383647822251  0.3753983787082949
 ATT G26              4  0.2474397985338302 -0.9348696039436065 -0.1593796729858147 -0.1984703745217380
 ATT G28              4  0.3387373993307123 -0.7335007601422620 -0.2972496686415128 -0.5087988243479962
 ATT G29              4  0.1610205262344162  0.9447392592267384  0.1273016330017638  0.2556059788854565
 ATT G30              4  0.6298425727232373  0.3763220494418373  0.5715818962507863 -0.3673883293840826
 ATT G31              4  0.3066815753099139 -0.8583673303894021 -0.2119639094685738 -0.3524531721639082
## 2026 09 05 10 48 30.000000000000 22
 ATT G04              4  0.3455420498510644 -0.9304635970781682 -0.0453336246905140  0.1130621456080826
 ATT G05              4  0.4719557560582293  0.8690628906405553  0.0919009120129334  0.1163687191911199
 ATT G06              4  0.3696226702133943  0.7298127467709009  0.3842013719328364 -0.4279506304703408
 ATT G07              4  0.0994397778929375 -0.8295321307957043 -0.1152455556106299  0.5373142809028454
 ATT G09              4  0.1076588923356062 -0.9473500209725980 -0.1186412217285641  0.2772395375321577
 ATT G11              4  0.3215687627119888  0.8846969446420638  0.2500522721697807 -0.2266687189967115
 ATT G13              4  0.7671755900679078  0.6106358518746675 -0.1355418357005250  0.1421051764862642
 ATT G14              4  0.9135470449356985 -0.0223623525374173  0.3767535036453479 -0.1516196536376563
 ATT G15              4  0.8579062381114636  0.5129834019344985 -0.0280474627482445 -0.0076325475782460
 ATT G17              4  0.8901643270977015  0.2089566719387730  0.3538923982889206 -0.1967352293014316
 ATT G18              4  0.0422734631824513  0.7990184079537893  0.1502354731819312  0.5806994408980934
 ATT G19              4  0.7935175326732871  0.4590255265643186  0.3329623728609319 -0.2208201747152398
 ATT G20              4  0.7561188724709196  0.6252651879016781  0.1659095181266153 -0.0990036730964149
 ATT G21              4  0.3321979329548623  0.9186213184712249  0.1959307701522609 -0.0859682493613189
 ATT G22              4  0.9368853215314694  0.1293639836090714  0.2766885324711378 -0.1701596604446469
 ATT G24              4  0.9461286990083057  0.2937611037990442 -0.1195720020277988 -0.0651723494948962
 ATT G25              4  0.4828027484709070  0.7893183383693554 -0.0599153256428376  0.3745506915437402
 ATT G26              4  0.2461527811758138 -0.9350239235143354 -0.1588097971890210 -0.1997961938878081
 ATT G28              4  0.3397344542691077 -0.7322276399482248 -0.2975159242981217 -0.5098111990407443
 ATT G29              4  0.1628426329794425  0.9448622367770840  0.1259821805933961  0.2546490144686676
 ATT G30              4  0.6279095148071671  0.3782005020611953  0.5718653842047259 -0.3683259477740768
 ATT G31              4  0.3070437715158948 -0.8576599434674833 -0.2117575931891945 -0.3539806004167043
## 2026 09 05 10 49 00.000000000000 22
 ATT G04              4  0.3471258348888142 -0.9300766259147915 -0.0441198585302300  0.1118685065734581
 ATT G05              4  0.4706760329739889  0.8698631187804726  0.0920256175226508  0.1154708287359015
 ATT G06              4  0.3710038713240650  0.7283256375470640  0.3848965873050369 -0.4286636329748045
 ATT G07              4  0.1018931630886453 -0.8309048771272907 -0.1118011130449546  0.5354581025661902
 ATT G09              4  0.1098165562578741 -0.9476128022209550 -0.1165300769642600  0.2763892946575838
 ATT G11              4  0.3219960095734836  0.8841824911950886  0.2499278109491663 -0.2282016244397935
 ATT G13              4  0.7684652860287874  0.6091546936167496 -0.1358407705782562  0.1412053414785970
 ATT G14              4  0.9133543187037214 -0.0242100015496633  0.3777387004783645 -0.1500374569604040
 ATT G15              4  0.8570870766389086  0.5144107212476051 -0.0271325433375531 -0.0068686254903675
 ATT G17              4  0.8910618133887637  0.2068680770408056  0.3536269390984342 -0.1953520702875763
 ATT G18              4  0.0443462799571620  0.8004884776125074  0.1478468712281385  0.5791311659128909
 ATT G19              4  0.7947605790589996  0.4571682185115111  0.3330572361843334 -0.2200584453777460
 ATT G20              4  0.7549649962152288  0.6265298228501094  0.1664434044930008 -0.0989182928983908
 ATT G21              4  0.3308868757460180  0.9190810044940311  0.1954512339699213 -0.0871940237454374
 ATT G22              4  0.9369718723797025  0.1276938271185232  0.2777986365554569 -0.1691328306776382
 ATT G24              4  0.9462825774357301  0.2941018875189751 -0.1178540699449608 -0.0645273709117195
 ATT G25              4  0.4851980544648435  0.7880788443261163 -0.0621808289984767  0.3736952335449426
 ATT G26              4  0.2448660078607633 -0.9351745929178811 -0.1582342987516810 -0.2011244034267702
 ATT G28              4  0.3407431224340419 -0.7309467143735406 -0.2977916595846379 -0.5108142056973893
 ATT G29              4  0.1646630766391997  0.9449787065064464  0.1246664425782505  0.2536919264304703
 ATT G30              4  0.6259551367476538  0.3801100421205076  0.5721223144318542 -0.3692865824634213
 ATT G31              4  0.3074102158696971 -0.8569481262412810 -0.2115541485884206 -0.3555048668099137
## 2026 09 05 10 49 30.000000000000 22
 ATT G04              4  0.3487077302548316 -0.9296837375823307 -0.0429139498309579  0.1106772779091550
 ATT G05              4  0.4693980921684423  0.8706602819604576  0.0921444632810153  0.1145665848832884
 ATT G06              4  0.3724012020846446  0.7268248932459849  0.3856061381026582 -0.4293609501356994
 ATT G07              4  0.1042859730527560 -0.8322502211378743 -0.1084226662902331  0.5335995977087299
 ATT G09              4  0.1119709454002742 -0.9478660635328680 -0.1144233360703722  0.2755353573525602
 ATT G11              4  0.3224279758058921  0.8836629322285161  0.2498070851444532 -0.2297312404411962
 ATT G13              4  0.7697490447374090  0.6076747872434006 -0.1361252415355946  0.1403127923299018
 ATT G14              4  0.9131564323185587 -0.0260616726618618  0.3787209849849680 -0.1484470776584223
 ATT G15              4  0.8562637684237882  0.5158366266743246 -0.0262215737694009 -0.0061124900822561
 ATT G17              4  0.8919537626871185  0.2047780490579127  0.3533588267958302 -0.1939638506985354
 ATT G18              4  0.0463873879745585  0.8019422838129514  0.1454834483371494  0.5775563608252450
 ATT G19              4  0.7960011727204730  0.4553072289179748  0.3331522723561977 -0.2192875366877266
 ATT G20              4  0.7538076253218726  0.6277944101704993  0.1669706760671765 -0.0988384333088445
 ATT G21              4  0.3295762633186092  0.9195374760653819  0.1949657665761896 -0.0884232245035847
 ATT G22              4  0.9370542112116170  0.1260219460807437  0.2789096596360788 -0.1680990068926211
 ATT G24              4  0.9464320439098228  0.2944439126872724 -0.1161371997027831 -0.0638852047604415
 ATT G25              4  0.4875881699353107  0.7868304341719690 -0.0644346464480282  0.3728321616183430
 ATT G26              4  0.2435794633080476 -0.9353216040580458 -0.1576531736098788 -0.2024549799031463
 ATT G28              4  0.3417635705834013 -0.7296578946731200 -0.2980770195760560 -0.5118076874803003
 ATT G29              4  0.1664818588717815  0.9450886823090994  0.1233544554262355  0.2527347454631957
 ATT G30              4  0.6239788733059835  0.3820513573549971  0.5723519240724085 -0.3702707131567582
 ATT G31              4  0.3077809268111796 -0.8562318783101091 -0.2113536043652645 -0.3570259452457309
## 2026 09 05 10 50 00.000000000000 22
 ATT G04              4  0.3502877546448850 -0.9292849635908820 -0.0417158953398840  0.1094884901061859
 ATT G05              4  0.4681219325534887  0.8714543732939826  0.0922574639722420  0.1136560243479984
 ATT G06              4  0.3738148619087133  0.7253103107586102  0.3863302073699489 -0.4300422921026638
 ATT G07              4  0.1066200594952175 -0.8335692975025624 -0.1051085155216068  0.5317392115870031
 ATT G09              4  0.1141220422482789 -0.9481098293323891 -0.1123211039986770  0.2746777759355694
 ATT G11              4  0.3228646859570407  0.8831382600044031  0.2496901321620122 -0.2312575321566336
 ATT G13              4  0.7710268987505255  0.6061961697751793 -0.1363953357078964  0.1394275351219508
 ATT G14              4  0.9129533503552143 -0.0279174041054508  0.3797002952973457 -0.1468485082468095
 ATT G15              4  0.8554363362623152  0.5172611266108146 -0.0253145729767682 -0.0053641303512404
 ATT G17              4  0.8928401412811966  0.2026866170375753  0.3530880454044805 -0.1925706353089230
 ATT G18              4  0.0483973538179927  0.8033801722070620  0.1431449018486084  0.5759752877708582
 ATT G19              4  0.7972392739459366  0.4534425738299626  0.3332474467229261 -0.2185074634177687
 ATT G20              4  0.7526467689390655  0.6290589452056449  0.1674913128879504 -0.0987640864354038
 ATT G21              4  0.3282660864676419  0.9199907235230620  0.1944743602801417 -0.0896558324949571
 ATT G22              4  0.9371323192335754  0.1243483177479690  0.2800215650367134 -0.1670581791937834
 ATT G24              4  0.9465771047868260  0.2947871998605335 -0.1144213941266996 -0.0632458382653043
 ATT G25              4  0.4899729773158114  0.7855732056515767 -0.0666765525430025  0.3719616343167241
 ATT G26              4  0.2422931320052487 -0.9354649488102261 -0.1570664175106949 -0.2037879000846875
 ATT G28              4  0.3427959694030699 -0.7283610893830292 -0.2983721524269816 -0.5127914834412418
 ATT G29              4  0.1682989814531315  0.9451921782297519  0.1220462552044466  0.2517775022628297
 ATT G30              4  0.6219801377510573  0.3840251533742489  0.5725534211232813 -0.3712788302328717
 ATT G31              4  0.3081559230948354 -0.8555111991720404 -0.2111559895446173 -0.3585438093625704
## 2026 09 05 10 50 30.000000000000 22
 ATT G04              4  0.3518659265939606 -0.9288803352683549 -0.0405256915446827  0.1083021734719577
 ATT G05              4  0.4668475530214023  0.8722453858271413  0.0923646341016671  0.1127391835541602
 ATT G06              4  0.3752450528833443  0.7237816819724225  0.3870689799734366 -0.4307073622194927
 ATT G07              4  0.1088972212531551 -0.8348631849672891 -0.1018569947650334  0.5298773539292411
 ATT G09              4  0.1162698299195962 -0.9483441248310996 -0.1102234844362738  0.2738166010809660
 ATT G11              4  0.3233061648828708  0.8826084666107488  0.2495769898234984 -0.2327804643143336
 ATT G13              4  0.7722988802595655  0.6047188773948914 -0.1366511401650287  0.1385495751118901
 ATT G14              4  0.9127450369870418 -0.0297772340486251  0.3806765690719519 -0.1452417417533508
 ATT G15              4  0.8546048027935685  0.5186842292876335 -0.0244115598115838 -0.0046235352305030
 ATT G17              4  0.8937209157746269  0.2005938100916941  0.3528145793220873 -0.1911724893326464
 ATT G18              4  0.0503767384202869  0.8048024795781616  0.1408309269185346  0.5743881989684729
 ATT G19              4  0.7984748428699056  0.4515742694884759  0.3333427245366783 -0.2177182409406608
 ATT G20              4  0.7514824361313446  0.6303234231766474  0.1680052949183986 -0.0986952443654576
 ATT G21              4  0.3269563358140387  0.9204407371766826  0.1939770071775006 -0.0908918285830211
 ATT G22              4  0.9372061774967877  0.1226729191760104  0.2811343158465724 -0.1660103376786453
 ATT G24              4  0.9467177663301011  0.2951317692996282 -0.1127066562000583 -0.0626092590055121
 ATT G25              4  0.4923523606955009  0.7843072586381163 -0.0689063248665199  0.3710838117710382
 ATT G26              4  0.2410069982237077 -0.9356046190207391 -0.1564740260061399 -0.2051231407220741
 ATT G28              4  0.3438404936060351 -0.7270562042463711 -0.2986772094385978 -0.5137654283674523
 ATT G29              4  0.1701144462499906  0.9452892084604663  0.1207418775818198  0.2508202275400931
 ATT G30              4  0.6199583210155617  0.3860321539634388  0.5727259831938577 -0.3723114348022977
 ATT G31              4  0.3085352237973246 -0.8547860882319729 -0.2109613334751310 -0.3600584325075772
## 2026 09 05 10 51 00.000000000000 22
 ATT G04              4  0.3534422645207159 -0.9284698837478929 -0.0393433346966775  0.1071183580838992
 ATT G05              4  0.4655749524176004  0.8730333125556816  0.0924659880439501  0.1118160985925625
 ATT G06              4  0.3766919797705814  0.7222387935945543  0.3878226426174925 -0.4313558568940383
 ATT G07              4  0.1111192049484310 -0.8361329089692696 -0.0986664728436713  0.5280144012873205
 ATT G09              4  0.1184142922298357 -0.9485689760120850 -0.1081305797911441  0.2729518837764727
 ATT G11              4  0.3237524377529136  0.8820735439309626  0.2494676964145899 -0.2343000012627367
 ATT G13              4  0.7735650211269161  0.6032429454304122 -0.1368927418671299  0.1376789166919093
 ATT G14              4  0.9125314559711922 -0.0316412006513924  0.3816497435126128 -0.1436267717425751
 ATT G15              4  0.8537691904788427  0.5201059428076800 -0.0235125529967670 -0.0038906936159332
 ATT G17              4  0.8945960531044119  0.1984996573215261  0.3525384133277013 -0.1897694784248357
 ATT G18              4  0.0523260968709379  0.8062095339942553  0.1385412169823841  0.5727953369922472
 ATT G19              4  0.7997078394975436  0.4497023322659032  0.3334380709848979 -0.2169198852540969
 ATT G20              4  0.7503146358445950  0.6315878392067599  0.1685126020908039 -0.0986318992016168
 ATT G21              4  0.3256470017642261  0.9208875073086313  0.1934736991829792 -0.0921311936822836
 ATT G22              4  0.9372757668886300  0.1209957271677322  0.2822478749525116 -0.1649554724623468
 ATT G24              4  0.9468540347129824  0.2954776409893574 -0.1109929890035240 -0.0619754549412676
 ATT G25              4  0.4947262059480671  0.7830326950461322 -0.0711237441427385  0.3701988555575816
 ATT G26              4  0.2397210459731080 -0.9357406065014219 -0.1558759944843890 -0.2064606785938068
 ATT G28              4  0.3448973220403858 -0.7257431420681055 -0.2989923451849897 -0.5147293526808692
 ATT G29              4  0.1719282552764719  0.9453797873336072  0.1194413578451818  0.2498629519851910
 ATT G30              4  0.6179127907209884  0.3880731014059924  0.5728687562425961 -0.3733690388203046
 ATT G31              4  0.3089188483163413 -0.8540565447692372 -0.2107696658741330 -0.3615697877852158
## 2026 09 05 10 51 30.000000000000 22
 ATT G04              4  0.3550167867392767 -0.9280536399645909 -0.0381688207310823  0.1059370738022964
 ATT G05              4  0.4643041295143030  0.8738181464440623  0.0925615399783135  0.1108868052469487
 ATT G06              4  0.3781558500450817  0.7206814270382079  0.3885913837559231 -0.4319874654078674
 ATT G07              4  0.1132877056749347 -0.8373794441699319 -0.0955353540236077  0.5261506992831537
 ATT G09              4  0.1205554136972530 -0.9487844096239478 -0.1060424910833164  0.2720836753053519
 ATT G11              4  0.3242035300811958  0.8815334836502933  0.2493622906235071 -0.2358161069589384
 ATT G13              4  0.7748253528894516  0.6017684083372830 -0.1371202276937301  0.1368155634574265
 ATT G14              4  0.9123125706545916 -0.0335093420509459  0.3826197553855167 -0.1420035922420760
 ATT G15              4  0.8529295215909235  0.5215262751640311 -0.0226175711555645 -0.0031655942942056
 ATT G17              4  0.8954655205725446  0.1964041878115211  0.3522595325655775 -0.1883616685860526
 ATT G18              4  0.0542459781521209  0.8076016549688804  0.1362754641156781  0.5711969350634725
 ATT G19              4  0.8009382237422851  0.4478267786661365  0.3335334511609527 -0.2161124129121949
 ATT G20              4  0.7491433768969368  0.6328521883516394  0.1690132142643713 -0.0985740430033373
 ATT G21              4  0.3243380744967969  0.9213310241939032  0.1929644279506970 -0.0933739087496430
 ATT G22              4  0.9373410681437809  0.1193167182713768  0.2833622050423202 -0.1638935735945169
 ATT G24              4  0.9469859160273956  0.2958248346394460 -0.1092803957125119 -0.0613444143277791
 ATT G25              4  0.4970944007831383  0.7817496187478817 -0.0733285944156614  0.3693069286360887
 ATT G26              4  0.2384352589968294 -0.9358729030421219 -0.1552723180885943 -0.2078004905047691
 ATT G28              4  0.3459666378549082 -0.7244218026183580 -0.2993177175471763 -0.5156830822752391
 ATT G29              4  0.1737404106975592  0.9454639293283128  0.1181447308109958  0.2489057062650649
 ATT G30              4  0.6158428902374866  0.3901487568404773  0.5729808532063537 -0.3744521650874658
 ATT G31              4  0.3093068164113353 -0.8533225679399565 -0.2105810167669540 -0.3630778480481026
## 2026 09 05 10 52 00.000000000000 22
 ATT G04              4  0.3565895113386351 -0.9276316346860992 -0.0370021454138193  0.1047583503480557
 ATT G05              4  0.4630350831166745  0.8745998803598835  0.0926513039261181  0.1099513390478043
 ATT G06              4  0.3796368737348906  0.7191093584043594  0.3893753935178008 -0.4326018697127069
 ATT G07              4  0.1154043676661649 -0.8386037167742640 -0.0924620788385941  0.5242865648791801
 ATT G09              4  0.1226931793832271 -0.9489904531411369 -0.1039593181509955  0.2712120272948779
 ATT G11              4  0.3246594676852564  0.8809882772811120  0.2492608116014734 -0.2373287448569220
 ATT G13              4  0.7760799066628884  0.6002952998359847 -0.1373336843758077  0.1359595182571545
 ATT G14              4  0.9120883439821417 -0.0353816962208218  0.3835865409407496 -0.1403721979366475
 ATT G15              4  0.8520858182810771  0.5229452341289270 -0.0217266328578152 -0.0024482260463101
 ATT G17              4  0.8963292857724263  0.1943074307735262  0.3519779225809785 -0.1869491263110503
 ATT G18              4  0.0561369247981746  0.8089791534819313  0.1340333596768349  0.5695932174803398
 ATT G19              4  0.8021659553212517  0.4459476254572206  0.3336288300838029 -0.2152958411338351
 ATT G20              4  0.7479686680662000  0.6341164654906214  0.1695071112170335 -0.0985216678290374
 ATT G21              4  0.3230295440593441  0.9217712780541786  0.1924491849592772 -0.0946199547013798
 ATT G22              4  0.9374020618282851  0.1176358688998310  0.2844772685201215 -0.1628246311944073
 ATT G24              4  0.9471134162723759  0.2961733696677166 -0.1075688797162733 -0.0607161258079590
 ATT G25              4  0.4994568346226257  0.7804581356168050 -0.0755206629202358  0.3684081953083829
 ATT G26              4  0.2371496208611471 -0.9360015003910671 -0.1546629918108716 -0.2091425531908753
 ATT G28              4  0.3470486285021115 -0.7230920826173544 -0.2996534878107152 -0.5166264383031289
 ATT G29              4  0.1755509146958018  0.9455416490540717  0.1168520309777213  0.2479485210884680
 ATT G30              4  0.6137479378571061  0.3922599003261048  0.5730613526167193 -0.3755613471983017
 ATT G31              4  0.3096991481624139 -0.8525841568210281 -0.2103954165522815 -0.3645825857868779
## 2026 09 05 10 52 30.000000000000 22
 ATT G04              4  0.3581604562935611 -0.9272038984834797 -0.0358433042508393  0.1035822172238526
 ATT G05              4  0.4617678119692670  0.8753785071332134  0.0927352937480294  0.1090097352157688
 ATT G06              4  0.3811352635045077  0.7175223582522973  0.3901748636962207 -0.4331987442976374
 ATT G07              4  0.1174707853541746 -0.8398066069591844 -0.0894451241932564  0.5224222882439368
 ATT G09              4  0.1248275750393068 -0.9491871347648189 -0.1018811594807745  0.2703369916412018
 ATT G11              4  0.3251202767278731  0.8804379161226704  0.2491632989509107 -0.2388378780048561
 ATT G13              4  0.7773287132288943  0.5988236528171335 -0.1375331985029490  0.1351107831603719
 ATT G14              4  0.9118587384817911 -0.0372583010878654  0.3845500359829132 -0.1387325840600736
 ATT G15              4  0.8512381025197091  0.5243628273562148 -0.0208397565633863 -0.0017385775863049
 ATT G17              4  0.8971873166595655  0.1922094153964256  0.3516935693010138 -0.1855319184681934
 ATT G18              4  0.0579994728371178  0.8103423322274834  0.1318145945260986  0.5679843998039583
 ATT G19              4  0.8033909938511037  0.4440648895416620  0.3337241727032671 -0.2144701877390182
 ATT G20              4  0.7467905180067731  0.6353806654199676  0.1699942726735718 -0.0984747657211764
 ATT G21              4  0.3217214002729115  0.9222082590916377  0.1919279614619843 -0.0958693124970529
 ATT G22              4  0.9374587283445043  0.1159531552138548  0.2855930275823848 -0.1617486353666897
 ATT G24              4  0.9472365413669198  0.2965232652282624 -0.1058584444965714 -0.0600905783494733
 ATT G25              4  0.5018133988103494  0.7791583533720041 -0.0776997403350920  0.3675028210733830
 ATT G26              4  0.2358641148627639 -0.9361263902655648 -0.1540480104361512 -0.2104868434107804
 ATT G28              4  0.3481434859376550 -0.7217538755360736 -0.2999998207676721 -0.5175592370803589
 ATT G29              4  0.1773597695964381  0.9456129612554204  0.1155632924216414  0.2469914271369072
 ATT G30              4  0.6116272256461111  0.3944073312281567  0.5731092971572956 -0.3766971295799821
 ATT G31              4  0.3100958640105536 -0.8518413103567787 -0.2102128959846233 -0.3660839732287591
## 2026 09 05 10 53 00.000000000000 22
 ATT G04              4  0.3597296394301350 -0.9267704617397381 -0.0346922925192877  0.1024087037411205
 ATT G05              4  0.4605023147824297  0.8761540195412945  0.0928135231426736  0.1080620286849388
 ATT G06              4  0.3826512345926261  0.7159201915074663  0.3909899876700212 -0.4337777559977591
 ATT G07              4  0.1194885043035739 -0.8409889510923843 -0.0864830036075127  0.5205581346659102
 ATT G09              4  0.1269585870577503 -0.9493744834012248 -0.0998081122454220  0.2694586205133632
 ATT G11              4  0.3255859837144826  0.8798823912673239  0.2490697927351875 -0.2403434690047183
 ATT G13              4  0.7785718030062352  0.5973534993858001 -0.1377188565007791  0.1342693594953090
 ATT G14              4  0.9116237162677459 -0.0391391944801566  0.3855101758509277 -0.1370847464491156
 ATT G15              4  0.8503863961147278  0.5257790623517057 -0.0199569606428149 -0.0010366375791817
 ATT G17              4  0.8980395815381798  0.1901101708862964  0.3514064590436492 -0.1841101123206464
 ATT G18              4  0.0598341515814134  0.8116914857335245  0.1296188594415613  0.5663706891862503
 ATT G19              4  0.8046132988263421  0.4421785879967621  0.3338194439022298 -0.2136354711694420
 ATT G20              4  0.7456089352739047  0.6366447828262168  0.1704746782943793 -0.0984333287068150
 ATT G21              4  0.3204136327572222  0.9226419574786388  0.1914007484952614 -0.0971219631121723
 ATT G22              4  0.9375110479274046  0.1142685531579932  0.2867094441918116 -0.1606655762273408
 ATT G24              4  0.9473552971492373  0.2968745402087913 -0.1041490936622531 -0.0594677612529086
 ATT G25              4  0.5041639866031394  0.7778503815408848 -0.0798656208153867  0.3665909725578433
 ATT G26              4  0.2345787240534986 -0.9362475643479752 -0.1534273685534517 -0.2118333379161138
 ATT G28              4  0.3492514067181726 -0.7204070715110715 -0.3003568848008589 -0.5184812898986286
 ATT G29              4  0.1791669778267757  0.9456778808066024  0.1142785488258540  0.2460344550826427
 ATT G30              4  0.6094800184490672  0.3965918683747217  0.5731236921566902 -0.3778600674046657
 ATT G31              4  0.3104969847577831 -0.8510940273707430 -0.2100334861856453 -0.3675819822990250
## 2026 09 05 10 53 30.000000000000 22
 ATT G04              4  0.3612970784243906 -0.9263313546498623 -0.0335491052737457  0.1012378390221988
 ATT G05              4  0.4592385902320077  0.8769264103097617  0.0928860056474880  0.1071082541068200
 ATT G06              4  0.3841850047742534  0.7143026173359669  0.3918209603345298 -0.4343385638141329
 ATT G07              4  0.1214590222540895 -0.8421515438879329 -0.0835742672465764  0.5186943463104760
 ATT G09              4  0.1290862024668271 -0.9495525286447779 -0.0977402722984058  0.2685769663393299
 ATT G11              4  0.3260566155000177  0.8793216935954631  0.2489803334862207 -0.2418454800036028
 ATT G13              4  0.7798092060487780  0.5958848708748105 -0.1378907446142293  0.1334352478688533
 ATT G14              4  0.9113832390394426 -0.0410244141136341  0.3864668954184852 -0.1354286815641634
 ATT G15              4  0.8495307207124433  0.5271939464733522 -0.0190782633790401 -0.0003423946432674
 ATT G17              4  0.8988860490661088  0.1880097264626573  0.3511165785208756 -0.1826837755181183
 ATT G18              4  0.0616414834822554  0.8130269005154426  0.1274458454616363  0.5647522846584433
 ATT G19              4  0.8058328296235486  0.4402887380757119  0.3339146085009311 -0.2127917104923828
 ATT G20              4  0.7444239283235616  0.6379088122860100  0.1709483076749538 -0.0983973487968079
 ATT G21              4  0.3191062309284359  0.9230723633567591  0.1908675368767883 -0.0983778875368109
 ATT G22              4  0.9375590006423343  0.1125820384614181  0.2878264800745436 -0.1595754439076391
 ATT G24              4  0.9474696893788518  0.2972272132351183 -0.1024408309479171 -0.0588476641467657
 ATT G25              4  0.5065084932096365  0.7765343313940105 -0.0820181020688575  0.3656728174283485
 ATT G26              4  0.2332934312379945 -0.9363650142845424 -0.1528010605547034 -0.2131820134497094
 ATT G28              4  0.3503725921243317 -0.7190515572274520 -0.3007248519769180 -0.5193924028519444
 ATT G29              4  0.1809725419136125  0.9457364227082219  0.1129978334820484  0.2450776355866589
 ATT G30              4  0.6073055528167567  0.3988143502189634  0.5731035040286364 -0.3790507264832258
 ATT G31              4  0.3109025315755382 -0.8503423065620982 -0.2098572186516794 -0.3690765846140279
## 2026 09 05 10 54 00.000000000000 22
 ATT G04              4  0.3628627908010203 -0.9258866072209126 -0.0324137373523709  0.1000696520024754
 ATT G05              4  0.4579766369590260  0.8776956721138337  0.0929527546395667  0.1061484458542175
 ATT G06              4  0.3857367943166790  0.7126693890180634  0.3926679780252578 -0.4348808187313746
 ATT G07              4  0.1233837902116715 -0.8432951404720787 -0.0807175018223975  0.5168311438649312
 ATT G09              4  0.1312104089259057 -0.9497213007612054 -0.0956777341690430  0.2676920817921613
 ATT G11              4  0.3265321992958675  0.8787558137703132  0.2488949622122458 -0.2433438726848200
 ATT G13              4  0.7810409520437480  0.5944177978579509 -0.1380489488914296  0.1326084481859090
 ATT G14              4  0.9111372680807145 -0.0429139975783894  0.3874201290947367 -0.1337643865102902
 ATT G15              4  0.8486710977984715  0.5286074869314398 -0.0182036829691106  0.0003441626474212
 ATT G17              4  0.8997266882596436  0.1859081113546975  0.3508239148417943 -0.1812529760885143
 ATT G18              4  0.0634219840047467  0.8143488552328713  0.1252952442034334  0.5631293774132362
 ATT G19              4  0.8070495455057040  0.4383953572086442  0.3340096312613292 -0.2119389254045017
 ATT G20              4  0.7432355055122780  0.6391727482658989  0.1714151403454097 -0.0983668179849916
 ATT G21              4  0.3177991839968750  0.9234994668358112  0.1903283172035267 -0.0996370667742143
 ATT G22              4  0.9376025663827874  0.1108935866388346  0.2889440967173668 -0.1584782285582896
 ATT G24              4  0.9475797237386511  0.2975813026755709 -0.1007336602126044 -0.0582302769825643
 ATT G25              4  0.5088468158269669  0.7752103158788805 -0.0841569854284733  0.3647485243031395
 ATT G26              4  0.2320082189714029 -0.9364787316841972 -0.1521690806335785 -0.2145328467438238
 ATT G28              4  0.3515072482871849 -0.7176872157972288 -0.3011038981417803 -0.5202923766562607
 ATT G29              4  0.1827764644806707  0.9457886020839278  0.1117211792923438  0.2441209992966734
 ATT G30              4  0.6051030359009132  0.4010756349589880  0.5730476586554077 -0.3802696831135773
 ATT G31              4  0.3113125260132125 -0.8495861465019977 -0.2096841252614325 -0.3705677514740178
## 2026 09 05 10 54 30.000000000000 22
 ATT G04              4  0.3644267938996062 -0.9254362492815806 -0.0312861834063605  0.0989041714568208
 ATT G05              4  0.4567164535955031  0.8784617975635551  0.0930137833353088  0.1051826380454947
 ATT G06              4  0.3873068258955644  0.7110202538557885  0.3935312384157419 -0.4354041635222706
 ATT G07              4  0.1252642135380568 -0.8444204583367981 -0.0779113304412031  0.5149687281164246
 ATT G09              4  0.1333311946761613 -0.9498808306674142 -0.0936205911011604  0.2668040197948342
 ATT G11              4  0.3270127626666037  0.8781847422447482  0.2488137204073453 -0.2448386082274166
 ATT G13              4  0.7822670702844644  0.5929523101939378 -0.1381935551652162  0.1317889596856847
 ATT G14              4  0.9108857642644541 -0.0448079822846279  0.3883698108054575 -0.1320918590938804
 ATT G15              4  0.8478075487166492  0.5300196907594215 -0.0173332375439870  0.0010230457468543
 ATT G17              4  0.9005614684807507  0.1838053548418311  0.3505284555219011 -0.1798177824596209
 ATT G18              4  0.0651761614858369  0.8156576208218402  0.1231667482026854  0.5615021511146744
 ATT G19              4  0.8082634056010374  0.4364984630436787  0.3341044768895839 -0.2110771362536903
 ATT G20              4  0.7420436751218311  0.6404365850958609  0.1718751557604750 -0.0983417282477460
 ATT G21              4  0.3164924809918515  0.9239232579840863  0.1897830798612007 -0.1008994818128106
 ATT G22              4  0.9376417248673281  0.1092031730271677  0.2900622553415604 -0.1573739203768851
 ATT G24              4  0.9476854058346661  0.2979368266380799 -0.0990275854741486 -0.0576155900427805
 ATT G25              4  0.5111788536262583  0.7738784495807878 -0.0862820758771110  0.3638182626836104
 ATT G26              4  0.2307230695842350 -0.9365887081149887 -0.1515314227977030 -0.2158858144900463
 ATT G28              4  0.3526555862939180 -0.7163139266616193 -0.3014942030102555 -0.5211810064435565
 ATT G29              4  0.1845787482080286  0.9458344341762530  0.1104486187978282  0.2431645768653385
 ATT G30              4  0.6028716443633527  0.4033766005607651  0.5729550397165891 -0.3815175238518312
 ATT G31              4  0.3117269899984369 -0.8488255456456693 -0.2095142382874206 -0.3720554538246825
## 2026 09 05 10 55 00.000000000000 22
 ATT G04              4  0.3659891050036525 -0.9249803104447789 -0.0301664378118032  0.0977414259045521
 ATT G05              4  0.4554580386593300  0.8792247792687327  0.0930691047958838  0.1042108644669080
 ATT G06              4  0.3888953246701380  0.7093549529059129  0.3944109404986518 -0.4359082326046728
 ATT G07              4  0.1271016532622267 -0.8455281793229680 -0.0751544120622879  0.5131072812349967
 ATT G09              4  0.1354485487120445 -0.9500311499277684 -0.0915689348774200  0.2659128334325751
 ATT G11              4  0.3274983335784998  0.8776084692074285  0.2487366500528594 -0.2463296474222773
 ATT G13              4  0.7834875897721837  0.5914884369159904 -0.1383246490506110  0.1309767808914303
 ATT G14              4  0.9106286880311610 -0.0467064056080052  0.3893158740734051 -0.1304110977037241
 ATT G15              4  0.8469400945979427  0.5314305649317230 -0.0164669450977948  0.0016942661912047
 ATT G17              4  0.9013903595119247  0.1817014860727239  0.3502301884608616 -0.1783782633299205
 ATT G18              4  0.0669045171944286  0.8169534607659412  0.1210600510089568  0.5598707820303217
 ATT G19              4  0.8094743690097547  0.4345980732880003  0.3341991100482654 -0.2102063639701885
 ATT G20              4  0.7408484452597659  0.6417003170742990  0.1723283333371315 -0.0983220715413422
 ATT G21              4  0.3151861106507358  0.9243437268624397  0.1892318149763770 -0.1021651137309907
 ATT G22              4  0.9376764556407787  0.1075107726439670  0.2911809169934780 -0.1562625095193455
 ATT G24              4  0.9477867412070090  0.2982938030033724 -0.0973226107653822 -0.0570035938849103
 ATT G25              4  0.5135045079809611  0.7725388485426620 -0.0883931822916661  0.3628822027875772
 ATT G26              4  0.2294379650713696 -0.9366949351122946 -0.1508880808138233 -0.2172408934505809
 ATT G28              4  0.3538178224167419 -0.7149315653448985 -0.3018959502989775 -0.5220580816411597
 ATT G29              4  0.1863793959815015  0.9458739343470356  0.1091801840735838  0.2422083988677755
 ATT G30              4  0.6006105230196879  0.4057181449671041  0.5728244869501732 -0.3827948453581139
 ATT G31              4  0.3121459458800191 -0.8480605022651676 -0.2093475903897293 -0.3735396623739390
## 2026 09 05 10 55 30.000000000000 22
 ATT G04              4  0.3675497411594297 -0.9245188201595157 -0.0290544948160678  0.0965814437429826
 ATT G05              4  0.4542013907006185  0.8799846097502915  0.0931187319302149  0.1032331586844232
 ATT G06              4  0.3905025180301825  0.7076732210399322  0.3953072843924617 -0.4363926517957359
 ATT G07              4  0.1288974270409765 -0.8466189512921118 -0.0724454414425814  0.5112469683327745
 ATT G09              4  0.1375624605326797 -0.9501722907175456 -0.0895228560651703  0.2650185760408208
 ATT G11              4  0.3279889403473338  0.8770269846415346  0.2486637936441141 -0.2478169504915485
 ATT G13              4  0.7847025390729285  0.5900262064176148 -0.1384423159066576  0.1301719097168904
 ATT G14              4  0.9103659994163779 -0.0486093046573901  0.3902582519090483 -0.1287221015375407
 ATT G15              4  0.8460687564612233  0.5328401162006837 -0.0156048235849017  0.0023578355091463
 ATT G17              4  0.9022133314611849  0.1795965343038058  0.3499291019818658 -0.1769344878364291
 ATT G18              4  0.0686075450610725  0.8182366311051100  0.1189748476960143  0.5582354394824520
 ATT G19              4  0.8106823946643519  0.4326942059271709  0.3342934953545914 -0.2093266301786253
 ATT G20              4  0.7396498239960337  0.6429639383198205  0.1727746524074060 -0.0983078398115086
 ATT G21              4  0.3138800615664673  0.9247608634723127  0.1886745124873267 -0.1034339435516478
 ATT G22              4  0.9377067380654002  0.1058163603834523  0.2923000424130855 -0.1551439862426426
 ATT G24              4  0.9478837353185255  0.2986522493898911 -0.0956187403279268 -0.0563942794178680
 ATT G25              4  0.5158236822282291  0.7711916303523558 -0.0904901172487810  0.3619405155647701
 ATT G26              4  0.2281528872382119 -0.9367974041627088 -0.1502390482903925 -0.2185980603017268
 ATT G28              4  0.3549941781118067 -0.7135400034735683 -0.3023093277916480 -0.5229233856692846
 ATT G29              4  0.1881784106815659  0.9459071180676700  0.1079159068889732  0.2412524959095928
 ATT G30              4  0.5983187838941095  0.4081011857790459  0.5726547943797958 -0.3841022539364316
 ATT G31              4  0.3125694163862396 -0.8472910145310957 -0.2091842146530744 -0.3750203474143914
## 2026 09 05 10 56 00.000000000000 22
 ATT G04              4  0.3691087192433821 -0.9240518076921600 -0.0279503484526269  0.0954242532102860
 ATT G05              4  0.4529465082387309  0.8807412814809303  0.0931626774630349  0.1022495540214784
 ATT G06              4  0.3921286356124595  0.7059747867563916  0.3962204712419150 -0.4368570381324027
 ATT G07              4  0.1306528104143392 -0.8476933899036008 -0.0697831485042431  0.5093879386375516
 ATT G09              4  0.1396729202238030 -0.9503042858181771 -0.0874824438790202  0.2641213011567151
 ATT G11              4  0.3284846116784421  0.8764402783028734  0.2485951941588371 -0.2493004771354795
 ATT G13              4  0.7859119463693345  0.5885656463908778 -0.1385466408553339  0.1293743434772106
 ATT G14              4  0.9100976580449416 -0.0505167163320743  0.3911968768587067 -0.1270248705102032
 ATT G15              4  0.8451935551745905  0.5342483511615569 -0.0147468909026555  0.0030137652865409
 ATT G17              4  0.9030303548134713  0.1774905288114369  0.3496251848133624 -0.1754865254426031
 ATT G18              4  0.0702857316853267  0.8195073806667118  0.1169108349602987  0.5565962860306671
 ATT G19              4  0.8118874413999786  0.4307868791512429  0.3343875973716421 -0.2084379571290976
 ATT G20              4  0.7384478193121038  0.6442274428364617  0.1732140922135867 -0.0982990249606658
 ATT G21              4  0.3125743221290896  0.9251746577822310  0.1881111620793999 -0.1047059522864492
 ATT G22              4  0.9377325513273969  0.1041199109506037  0.2934195920786539 -0.1540183408203332
 ATT G24              4  0.9479763935644933  0.2990121831697660 -0.0939159785438868 -0.0557876378300224
 ATT G25              4  0.5181362817917416  0.7698369140079820 -0.0925726972157180  0.3609933725872347
 ATT G26              4  0.2268678176468069 -0.9368961067145811 -0.1495843186089827 -0.2199572916852822
 ATT G28              4  0.3561848802323601 -0.7121391085839286 -0.3027345274319287 -0.5237766957585229
 ATT G29              4  0.1899757952556036  0.9459340009230959  0.1066558186111497  0.2402968985880043
 ATT G30              4  0.5959955049067275  0.4105266602640564  0.5724447084555540 -0.3854403651729453
 ATT G31              4  0.3129974246679139 -0.8465170804823710 -0.2090241445523733 -0.3764974788720473
## 2026 09 05 10 56 30.000000000000 22
 ATT G04              4  0.3706660560215062 -0.9235793021085207 -0.0268539925647097  0.0942698823248264
 ATT G05              4  0.4516933897243968  0.8814947869068851  0.0932009539908203  0.1012600835002294
 ATT G06              4  0.3937739092495043  0.7042593719688568  0.3971507031748143 -0.4373009997200414
 ATT G07              4  0.1323690380870033 -0.8487520802861553 -0.0671662977707695  0.5075303265910482
 ATT G09              4  0.1417799185418404 -0.9504271685993573 -0.0854477861656659  0.2632210624662607
 ATT G11              4  0.3289853766766021  0.8758483396781823  0.2485308951170232 -0.2507801865942750
 ATT G13              4  0.7871158395101244  0.5871067837966051 -0.1386377087356239  0.1285840788310063
 ATT G14              4  0.9098236231139147 -0.0524286773969499  0.3921316810362738 -0.1253194052728648
 ATT G15              4  0.8443145114257596  0.5356552763029317 -0.0138931648305652  0.0036620671353993
 ATT G17              4  0.9038414004526436  0.1753834987930201  0.3493184260920375 -0.1740344459338629
 ATT G18              4  0.0719395563883054  0.8207659512666496  0.1148677113139921  0.5549534776587077
 ATT G19              4  0.8130894679883991  0.4288761112684332  0.3344813806428764 -0.2075403677187794
 ATT G20              4  0.7372424390527240  0.6454908245469893  0.1736466319623112 -0.0982956188921280
 ATT G21              4  0.3112688804714177  0.9255850997295387  0.1875417532196315 -0.1059811209982206
 ATT G22              4  0.9377538744259942  0.1024213987852680  0.2945395262495318 -0.1528855635650715
 ATT G24              4  0.9480647212741332  0.2993736214913510 -0.0922143298569674 -0.0551836606214757
 ATT G25              4  0.5204422143102714  0.7684748198058102 -0.0946407426305867  0.3600409458972455
 ATT G26              4  0.2255827375551721 -0.9369910341708863 -0.1489238849572945 -0.2213185642681525
 ATT G28              4  0.3573901611822243 -0.7107287439068571 -0.3031717454897753 -0.5246177827822939
 ATT G29              4  0.1917715527929360  0.9459545986028699  0.1053999502209029  0.2393416374451031
 ATT G30              4  0.5936397285146051  0.4129955252083378  0.5721929261749322 -0.3868098035499696
 ATT G31              4  0.3134299943000886 -0.8457386979821585 -0.2088674140077018 -0.3779710263687251
## 2026 09 05 10 57 00.000000000000 22
 ATT G04              4  0.3722217680862843 -0.9231013322925432 -0.0257654208147308  0.0931183589454537
 ATT G05              4  0.4504420335818231  0.8822451184244283  0.0932335739448500  0.1002647799000797
 ATT G06              4  0.3954385728369645  0.7025266919566954  0.3980981831111677 -0.4377241355061846
 ATT G07              4  0.1340473050279964 -0.8497955785602544 -0.0645936878599798  0.5056742530155394
 ATT G09              4  0.1438834468182426 -0.9505409730006610 -0.0834189694402025  0.2623179138301370
 ATT G11              4  0.3294912648455841  0.8752511580108282  0.2484709405567723 -0.2522560375689680
 ATT G13              4  0.7883142459590519  0.5856496449257893 -0.1387156041104879  0.1278011118596963
 ATT G14              4  0.9095438534081025 -0.0543452243799218  0.3930625960923262 -0.1236057072622429
 ATT G15              4  0.8434316457553050  0.5370608979538498 -0.0130436630857493  0.0043027527015037
 ATT G17              4  0.9046464396422589  0.1732754734559161  0.3490088153691661 -0.1725783194257804
 ATT G18              4  0.0735694910996049  0.8220125778305123  0.1128451773272737  0.5533071640795557
 ATT G19              4  0.8142884331062545  0.4269619207905125  0.3345748096756711 -0.2066338854949192
 ATT G20              4  0.7360336909743121  0.6467540772526111  0.1740722507812814 -0.0982976134796558
 ATT G21              4  0.3099637245193713  0.9259921792113938  0.1869662751377398 -0.1072594307393741
 ATT G22              4  0.9377706861763146  0.1007207981385762  0.2956598049173052 -0.1517456448369953
 ATT G24              4  0.9481487237110416  0.2997365812658927 -0.0905137988469451 -0.0545823395839260
 ATT G25              4  0.5227413895599571  0.7671054693161146 -0.0966940779067712  0.3590834079764633
 ATT G26              4  0.2242976279716505 -0.9370821778901166 -0.1482577403140115 -0.2226818546806011
 ATT G28              4  0.3586102590409339 -0.7093087682781016 -0.3036211826274313 -0.5254464109824322
 ATT G29              4  0.1935656864453604  0.9459689269011754  0.1041483323234540  0.2383867430093817
 ATT G30              4  0.5912504605349369  0.4155087565642195  0.5718980931241340 -0.3882112018175968
 ATT G31              4  0.3138671492915020 -0.8449558647506372 -0.2087140573649520 -0.3794409591456762
## 2026 09 05 10 57 30.000000000000 22
 ATT G04              4  0.3737758718387482 -0.9226179269523100 -0.0246846267112323  0.0919697107831442
 ATT G05              4  0.4491924382237462  0.8829922683714084  0.0932605496007919  0.0992636757685386
 ATT G06              4  0.3971228622082629  0.7007764552553092  0.3990631146188590 -0.4381260350880997
 ATT G07              4  0.1356887676404829 -0.8508244133103702 -0.0620641509031981  0.5038198261521067
 ATT G09              4  0.1459834969316854 -0.9506457335131910 -0.0813960789181224  0.2614119092802020
 ATT G11              4  0.3300023060873538  0.8746487222993597  0.2484153750525460 -0.2537279881972648
 ATT G13              4  0.7895071927824084  0.5841942554302628 -0.1387804112487270  0.1270254380852892
 ATT G14              4  0.9092583073031434 -0.0562663935371277  0.3939895532056384 -0.1218837787540722
 ATT G15              4  0.8425449785681158  0.5384652222679702 -0.0121984033287799  0.0049358336468903
 ATT G17              4  0.9054454440189749  0.1711664820346353  0.3486963426186681 -0.1711182163813520
 ATT G18              4  0.0751760003316018  0.8232474885423910  0.1108429358396987  0.5516574889886188
 ATT G19              4  0.8154842953240518  0.4250443264526721  0.3346678489494853 -0.2057185346772523
 ATT G20              4  0.7348215827580504  0.6480171946162286  0.1744909277208318 -0.0983050005736872
 ATT G21              4  0.3086588420036271  0.9263958860771582  0.1863847168404220 -0.1085408625385623
 ATT G22              4  0.9377829652056210  0.0990180830913561  0.2967803877910047 -0.1505985750719095
 ATT G24              4  0.9482284060736567  0.3001010791680465 -0.0888143902452306 -0.0539836668128117
 ATT G25              4  0.5250337194529811  0.7657289853294255 -0.0987325314497615  0.3581209316659137
 ATT G26              4  0.2230124696651873 -0.9371695291825498 -0.1475858774651644 -0.2240471395006673
 ATT G28              4  0.3598454176943822 -0.7078790359925468 -0.3040830440134307 -0.5262623377272466
 ATT G29              4  0.1953581994063344  0.9459770017128724  0.1029009951744286  0.2374322458032058
 ATT G30              4  0.5888266688739084  0.4180673490237168  0.5715588014914004 -0.3896452003308329
 ATT G31              4  0.3143089140855189 -0.8441685783678325 -0.2085641094151741 -0.3809072460411747
## 2026 09 05 10 58 00.000000000000 22
 ATT G04              4  0.3753283836178324 -0.9221291145798355 -0.0236116035237672  0.0908239653069206
 ATT G05              4  0.4479446019462502  0.8837362290907970  0.0932818930815170  0.0982568033406600
 ATT G06              4  0.3988270151656489  0.6990083633831692  0.4000457018442365 -0.4385062785529953
 ATT G07              4  0.1372945450697275 -0.8518390870818342 -0.0595765516831375  0.5019671424537991
 ATT G09              4  0.1480800614776172 -0.9507414851715512 -0.0793791983455682  0.2605031029308393
 ATT G11              4  0.3305185307530822  0.8740410212405254  0.2483642437197270 -0.2551959961660329
 ATT G13              4  0.7906947067488678  0.5827406402130293 -0.1388322141186054  0.1262570524222711
 ATT G14              4  0.9089669427425046 -0.0581922209975716  0.3949124831636855 -0.1201536227427562
 ATT G15              4  0.8416545300599132  0.5398682553415393 -0.0113574030945375  0.0055613217008345
 ATT G17              4  0.9062383856634915  0.1690565536101944  0.3483809982131822 -0.1696542074793951
 ATT G18              4  0.0767595413111754  0.8244709051111501  0.1088606919580914  0.5500045901529433
 ATT G19              4  0.8166770132112874  0.4231233470534368  0.3347604629285201 -0.2047943400840770
 ATT G20              4  0.7336061219080131  0.6492801702679977  0.1749026417884430 -0.0983177720011575
 ATT G21              4  0.3073542203477332  0.9267962101609675  0.1857970670602977 -0.1098253975066723
 ATT G22              4  0.9377906899519811  0.0973132274128994  0.2979012343882157 -0.1494443446900962
 ATT G24              4  0.9483037735035516  0.3004671316702371 -0.0871161087913472 -0.0533876346529964
 ATT G25              4  0.5273191182486974  0.7643454916696475 -0.1007559358716677  0.3571536899995974
 ATT G26              4  0.2217272430551100 -0.9372530793160782 -0.1469082889464522 -0.2254143953667058
 ATT G28              4  0.3610958870935244 -0.7064393965179173 -0.3045575394769170 -0.5270653133334712
 ATT G29              4  0.1971490950587030  0.9459788390309990  0.1016579685775301  0.2364781762611304
 ATT G30              4  0.5863672820099202  0.4206723157327978  0.5711735879952788 -0.3911124464152302
 ATT G31              4  0.3147553136076230 -0.8433768362029603 -0.2084176053915120 -0.3823698556043901
## 2026 09 05 10 58 30.000000000000 22
 ATT G04              4  0.3768793195041565 -0.9216349235123076 -0.0225463444240359  0.0896811498903877
 ATT G05              4  0.4466985230853820  0.8844769928377111  0.0932976163543943  0.0972441946683141
 ATT G06              4  0.4005512711470365  0.6972221109374913  0.4010461492282935 -0.4388644362346094
 ATT G07              4  0.1388657201538652 -0.8528400775920408 -0.0571297872732251  0.5001162877022389
 ATT G09              4  0.1501731334976729 -0.9508282635241351 -0.0773684102539241  0.2595915490803791
 ATT G11              4  0.3310399695871055  0.8734280432984629  0.2483175922309587 -0.2566600185151718
 ATT G13              4  0.7918768141796496  0.5812888236234020 -0.1388710963686560  0.1254959492915253
 ATT G14              4  0.9086697172747110 -0.0601227425047439  0.3958313162492975 -0.1184152431824390
 ATT G15              4  0.8407603203296463  0.5412700030371259 -0.0105206799000639  0.0061792285783507
 ATT G17              4  0.9070252370040799  0.1669457173714126  0.3480627729655810 -0.1681863637889528
 ATT G18              4  0.0783205637859367  0.8256830427770744  0.1068981534588768  0.5483485998393087
 ATT G19              4  0.8178665451911163  0.4211990016964186  0.3348526160549697 -0.2038613272502496
 ATT G20              4  0.7323873159033493  0.6505429976461802  0.1753073718957056 -0.0983359195636714
 ATT G21              4  0.3060498468296161  0.9271931412297388  0.1852033143268544 -0.1111130166742353
 ATT G22              4  0.9377938386604477  0.0956062047766451  0.2990223038913716 -0.1482829442458128
 ATT G24              4  0.9483748310770796  0.3008347550005407 -0.0854189594455032 -0.0527942357699679
 ATT G25              4  0.5295975022823717  0.7629551132955701 -0.1027641277751769  0.3561818562406394
 ATT G26              4  0.2204419283701777 -0.9373328195037758 -0.1462249671265060 -0.2267835988037805
 ATT G28              4  0.3623619232576899 -0.7049896945015686 -0.3050448835675044 -0.5278550807076343
 ATT G29              4  0.1989383767468678  0.9459744549427433  0.1004192820435714  0.2355245648482490
 ATT G30              4  0.5838711879747283  0.4233246873429836  0.5707409318441451 -0.3926135933161558
 ATT G31              4  0.3152063732204848 -0.8425806355086972 -0.2082745809977684 -0.3838287559018403
## 2026 09 05 10 59 00.000000000000 22
 ATT G04              4  0.3784286954495341 -0.9211353818921814 -0.0214888424001904  0.0885412917175448
 ATT G05              4  0.4454541999118531  0.8852145518430545  0.0933077312342472  0.0962258815397971
 ATT G06              4  0.4022958712338731  0.6954173853255606  0.4020646614120381 -0.4392000685550554
 ATT G07              4  0.1404033407022336 -0.8538278390899801 -0.0547227861243013  0.4982673376746505
 ATT G09              4  0.1522627066490469 -0.9509061046256465 -0.0753637957908048  0.2586773021229146
 ATT G11              4  0.3315666537780389  0.8728097766476152  0.2482754668208455 -0.2581200117497044
 ATT G13              4  0.7930535410489334  0.5798388293469842 -0.1388971413228924  0.1247421225713225
 ATT G14              4  0.9083665880311590 -0.0620579935603183  0.3967459823219788 -0.1166686448677143
 ATT G15              4  0.8398623693061668  0.5426704711016641 -0.0096882511752458  0.0067895660316438
 ATT G17              4  0.9078059708875637  0.1648340024343712  0.3477416581049309 -0.1667147566377654
 ATT G18              4  0.0798595101772755  0.8268841105761531  0.1049550307564776  0.5466896448898951
 ATT G19              4  0.8190528496457714  0.4192713096302954  0.3349442727617930 -0.2029195223533555
 ATT G20              4  0.7311651720965450  0.6518056701026871  0.1757050968931069 -0.0983594350370271
 ATT G21              4  0.3047457084696262  0.9275866690158349  0.1846034469155358 -0.1124037010972459
 ATT G22              4  0.9377923893819240  0.0938969886192304  0.3001435552388498 -0.1471143643366200
 ATT G24              4  0.9484415838137763  0.3012039651768363 -0.0837229472450886 -0.0522034630955187
 ATT G25              4  0.5318687901722148  0.7615579761139529 -0.1047569479614071  0.3552056037167469
 ATT G26              4  0.2191565055383312 -0.9374087409098369 -0.1455359041493866 -0.2281547263360641
 ATT G28              4  0.3636437885402441 -0.7035297694709383 -0.3055452957141261 -0.5286313751483507
 ATT G29              4  0.2007260479245954  0.9459638656272824  0.0991849646879766  0.2345714419785781
 ATT G30              4  0.5813372328228055  0.4260255114584895  0.5702592525905424 -0.3941492993211254
 ATT G31              4  0.3156621187718036 -0.8417799733504567 -0.2081350724056465 -0.3852839146308846
## 2026 09 05 10 59 30.000000000000 22
 ATT G04              4  0.3799765272436620 -0.9206305176777806 -0.0204390902846609  0.0874044178089779
 ATT G05              4  0.4442116306567183  0.8859488982987386  0.0933122493834128  0.0952018955040355
 ATT G06              4  0.4040610579708951  0.6935938666812739  0.4031014430281788 -0.4395127258250462
 ATT G07              4  0.1419084205811099 -0.8548028035428239 -0.0523545074015245  0.4964203589481896
 ATT G09              4  0.1543487751536210 -0.9509750450184437 -0.0733654347638209  0.2577604165551098
 ATT G11              4  0.3320986149566320  0.8721862091783872  0.2482379142969380 -0.2595759317972866
 ATT G13              4  0.7942249129592945  0.5783906804480675 -0.1389104319692225  0.1239955656293796
 ATT G14              4  0.9080575117339483 -0.0639980093664032  0.3976564108023080 -0.1149138334949998
 ATT G15              4  0.8389606967676828  0.5440696651373303 -0.0088601342821018  0.0073923458349209
 ATT G17              4  0.9085805605664410  0.1627214378823977  0.3474176452851954 -0.1652394576327010
 ATT G18              4  0.0813768155733987  0.8280743114729660  0.1030310370691820  0.5450278469639490
 ATT G19              4  0.8202358848966368  0.4173402902895031  0.3350353974758465 -0.2019689522355058
 ATT G20              4  0.7299396977385564  0.6530681808762323  0.1760957955608355 -0.0983883101702255
 ATT G21              4  0.3034417920552610  0.9279767832072658  0.1839974528576775 -0.1136974318288501
 ATT G22              4  0.9377863199705807  0.0921855521779215  0.3012649470986872 -0.1459385956329407
 ATT G24              4  0.9485040366762300  0.3015747780027613 -0.0820280773392403 -0.0516153098364464
 ATT G25              4  0.5341329027839079  0.7601542069366087 -0.1067342414199168  0.3542251057572425
 ATT G26              4  0.2178709542110354 -0.9374808346461908 -0.1448410919474243 -0.2295277544562629
 ATT G28              4  0.3649417517690572 -0.7020594556761645 -0.3060590003385192 -0.5293939240520317
 ATT G29              4  0.2025121121150145  0.9459470873525988  0.0979550452592685  0.2336188380334680
 ATT G30              4  0.5787642193557855  0.4287758516616667  0.5697269079915903 -0.3957202265940484
 ATT G31              4  0.3161225765962290 -0.8409748466178416 -0.2079991162681895 -0.3867352990792455
## 2026 09 05 11 00 00.000000000000 22
 ATT G04              4  0.3815228305134232 -0.9201203586438608 -0.0193970807590189  0.0862705550240012
 ATT G05              4  0.4429708135108175  0.8866800243585851  0.0933111823122736  0.0941722678738912
 ATT G06              4  0.4058470752081087  0.6917512277482263  0.4041566984987825 -0.4398019480543623
 ATT G07              4  0.1433819408125309 -0.8557653817823604 -0.0500239402561658  0.4945754096120964
 ATT G09              4  0.1564313337909599 -0.9510351217162881 -0.0713734056422516  0.2568409469642551
 ATT G11              4  0.3326358852044760  0.8715573284900892  0.2482049820495763 -0.2610277339962659
 ATT G13              4  0.7953909551423330  0.5769443993813589 -0.1389110509499127  0.1232562713383955
 ATT G14              4  0.9077424446981185 -0.0659428248075830  0.3985625306761625 -0.1131508156881579
 ATT G15              4  0.8380553223426715  0.5454675906018681 -0.0080363465163829  0.0079875797827164
 ATT G17              4  0.9093489797022720  0.1606080527628828  0.3470907265868381 -0.1637605386519446
 ATT G18              4  0.0828729077643976  0.8292538425177267  0.1011258885304404  0.5433633227382859
 ATT G19              4  0.8214156092095148  0.4154059632947773  0.3351259546229657 -0.2010096444058041
 ATT G20              4  0.7287108999785868  0.6543305230919679  0.1764794466083451 -0.0984225366844628
 ATT G21              4  0.3021380841385238  0.9283634734463845  0.1833853199381549 -0.1149941899177933
 ATT G22              4  0.9377756080816045  0.0904718684925259  0.3023864378657634 -0.1447556288836639
 ATT G24              4  0.9485621945716419  0.3019472090712116 -0.0803343549878522 -0.0510297694706209
 ATT G25              4  0.5363897632410535  0.7587439334087669 -0.1086958573580766  0.3532405356110692
 ATT G26              4  0.2165852537607033 -0.9375490917709766 -0.1441405222398997 -0.2309026596235738
 ATT G28              4  0.3662560884165985 -0.7005785818953036 -0.3065862269806622 -0.5301424466245863
 ATT G29              4  0.2042965729081705  0.9459241364725846  0.0967295521412688  0.2326667833600744
 ATT G30              4  0.5761509058070183  0.4315767864200861  0.5691421918429270 -0.3973270398869107
 ATT G31              4  0.3165877735268245 -0.8401652520195330 -0.2078667497301855 -0.3881828761149743
## 2026 09 05 11 00 30.000000000000 22
 ATT G04              4  0.3830676207033739 -0.9196049323883924 -0.0183628063591370  0.0851397300807064
 ATT G05              4  0.4417317466372523  0.8874079221320100  0.0933045413687639  0.0931370297471316
 ATT G06              4  0.4076541679132978  0.6898891337933607  0.4052306317968584 -0.4400672647565193
 ATT G07              4  0.1448248506271317 -0.8567159645819463 -0.0477301031056860  0.4927325399532462
 ATT G09              4  0.1585103778639623 -0.9510863721885162 -0.0693877855702663  0.2559189480291918
 ATT G11              4  0.3331784970596376  0.8709231218943225  0.2481767180512529 -0.2624753730623872
 ATT G13              4  0.7965516924443249  0.5755000080187592 -0.1388990805599007  0.1225242321098455
 ATT G14              4  0.9074213428393545 -0.0678924744046227  0.3994642704897428 -0.1113795990338474
 ATT G15              4  0.8371462655211712  0.5468642527927493 -0.0072169051255015  0.0085752796920457
 ATT G17              4  0.9101112023627215  0.1584938761120005  0.3467608945208380 -0.1622780718396235
 ATT G18              4  0.0843482072607122  0.8304228949889404  0.0992393043001765  0.5416961841217927
 ATT G19              4  0.8225919807886926  0.4134683484806412  0.3352159086268652 -0.2000416270437072
 ATT G20              4  0.7274787858793117  0.6555926897487969  0.1768560286613576 -0.0984621062624394
 ATT G21              4  0.3008345710496851  0.9287467293264782  0.1827670356885539 -0.1162939563878663
 ATT G22              4  0.9377602311709170  0.0887559104314318  0.3035079856448662 -0.1435654549240659
 ATT G24              4  0.9486160623533272  0.3023212737626185 -0.0786417855840550 -0.0504468357379358
 ATT G25              4  0.5386392969027719  0.7573272839528136 -0.1106416492136537  0.3522520663843262
 ATT G26              4  0.2152993832962075 -0.9376135032880002 -0.1434341865282261 -0.2322794182429090
 ATT G28              4  0.3675870807651554 -0.6990869712528016 -0.3071272104116199 -0.5308766535683354
 ATT G29              4  0.2060794339347216  0.9458950294257751  0.0955085133576816  0.2317153082836023
 ATT G30              4  0.5734960045821406  0.4344294077778876  0.5685033318050576 -0.3989704050586040
 ATT G31              4  0.3170577369064388 -0.8393511860900412 -0.2077380104298396 -0.3896266121553588
## 2026 09 05 11 01 00.000000000000 22
 ATT G04              4  0.3846109131183684 -0.9190842663194061 -0.0173362595001291  0.0840119695098288
 ATT G05              4  0.4404944281445043  0.8881325836985310  0.0932923377837204  0.0920962119604768
 ATT G06              4  0.4094825820100010  0.6880072424293667  0.4063234462763193 -0.4403081947923509
 ATT G07              4  0.1462380685771969 -0.8576549237095558 -0.0454720428787296  0.4908917930175697
 ATT G09              4  0.1605859032572508 -0.9511288343419899 -0.0674086503670879  0.2549944744773703
 ATT G11              4  0.3337264835268828  0.8702835763784377  0.2481531709104428 -0.2639188031304933
 ATT G13              4  0.7977071493636110  0.5740575276302803 -0.1388746027090858  0.1217994398492406
 ATT G14              4  0.9070941616631802 -0.0698469923667586  0.4003615583740420 -0.1096001921084146
 ATT G15              4  0.8362335456333292  0.5482596568830451 -0.0064018272614406  0.0091554573732743
 ATT G17              4  0.9108672030365216  0.1563789368785918  0.3464281420297919 -0.1607921296050716
 ATT G18              4  0.0858031274091029  0.8315816545713793  0.0973710066466516  0.5400265383958134
 ATT G19              4  0.8237649578028138  0.4115274658284654  0.3353052239376598 -0.1990649290182671
 ATT G20              4  0.7262433623807125  0.6568546737416958  0.1772255203044718 -0.0985070105853347
 ATT G21              4  0.2995312388560550  0.9291265403907084  0.1821425874162633 -0.1175967122850871
 ATT G22              4  0.9377401664855023  0.0870376506335512  0.3046295482809591 -0.1423680646987771
 ATT G24              4  0.9486656448213061  0.3026969872611558 -0.0769503745947519 -0.0498665026698785
 ATT G25              4  0.5408814314462140  0.7559043876662145 -0.1125714746889802  0.3512598709075823
 ATT G26              4  0.2140133216147104 -0.9376740601398273 -0.1427220761241527 -0.2336580067088304
 ATT G28              4  0.3689350180905294 -0.6975844409554802 -0.3076821908126433 -0.5315962468077681
 ATT G29              4  0.2078606989218196  0.9458597827269499  0.0942919565907976  0.2307644430707238
 ATT G30              4  0.5707981809078363  0.4373348199066296  0.5678084872364990 -0.4006509875087566
 ATT G31              4  0.3175324945910895 -0.8385326451533625 -0.2076129365487941 -0.3910664732094193
## 2026 09 05 11 01 30.000000000000 22
 ATT G04              4  0.3861527229388693 -0.9185583876489579 -0.0163174323970401  0.0828872996701782
 ATT G05              4  0.4392588560605403  0.8888540011259770  0.0932745826034073  0.0910498451118400
 ATT G06              4  0.4113325642361729  0.6861052035137196  0.4074353443871980 -0.4405242461594820
 ATT G07              4  0.1476224835420278 -0.8585826129209199 -0.0432488341815133  0.4890532051676095
 ATT G09              4  0.1626579064399247 -0.9511625465103035 -0.0654360744303787  0.2540675810719649
 ATT G11              4  0.3342798781139401  0.8696386786078851  0.2481343898156889 -0.2653579777358484
 ATT G13              4  0.7988573500574119  0.5726169788655371 -0.1388376989561575  0.1210818860223012
 ATT G14              4  0.9067608562714630 -0.0718064125688182  0.4012543220677746 -0.1078126044104925
 ATT G15              4  0.8353171818360008  0.5496538079414773 -0.0055911300126222  0.0097281247000506
 ATT G17              4  0.9116169566589128  0.1542632639182951  0.3460924624727127 -0.1593027845230350
 ATT G18              4  0.0872380744241655  0.8327303015291480  0.0955207209384295  0.5383544883785620
 ATT G19              4  0.8249344984210699  0.4095833354660700  0.3353938650068178 -0.1980795798134092
 ATT G20              4  0.7250046362889738  0.6581164678932453  0.1775879000355277 -0.0985572412772669
 ATT G21              4  0.2982280733487790  0.9295028961500338  0.1815119621220676 -0.1189024386712662
 ATT G22              4  0.9377153910711794  0.0853170615105842  0.3057510833655299 -0.1411634491794220
 ATT G24              4  0.9487109467276363  0.3030743645584290 -0.0752601275588471 -0.0492887645055608
 ATT G25              4  0.5431160968737174  0.7544753742222146 -0.1144851958521565  0.3502641216847716
 ATT G26              4  0.2127270471998420 -0.9377307532172421 -0.1420041820667982 -0.2350384014066668
 ATT G28              4  0.3703001969054876 -0.6960708020736678 -0.3082514138641580 -0.5323009191453905
 ATT G29              4  0.2096403716966238  0.9458184129707096  0.0930799090955551  0.2298142179309956
 ATT G30              4  0.5680560515988297  0.4402941374738718  0.5670557469873468 -0.4023694503273219
 ATT G31              4  0.3180120750001617 -0.8377096253208142 -0.2074915667583867 -0.3925024248627070
## 2026 09 05 11 02 00.000000000000 22
 ATT G04              4  0.3876930651021038 -0.9180273234345832 -0.0153063171971362  0.0817657468206238
 ATT G05              4  0.4380250284354616  0.8895721664091053  0.0932512867362386  0.0899979596233301
 ATT G06              4  0.4132043617588694  0.6841826591788712  0.4085665273575560 -0.4407149158190174
 ATT G07              4  0.1489789556414656 -0.8594993688094623 -0.0410595787805803  0.4872168067528846
 ATT G09              4  0.1647263843064463 -0.9511875474315833 -0.0634701309446495  0.2531383226662563
 ATT G11              4  0.3348387147845153  0.8689884149563590  0.2481204245923286 -0.2667928497040613
 ATT G13              4  0.8000023182584657  0.5711783818855675 -0.1387884504743789  0.1203715616854318
 ATT G14              4  0.9064213813866084 -0.0737707683978645  0.4021424888486897 -0.1060168465752744
 ATT G15              4  0.8343971931868992  0.5510467108222212 -0.0047848304421254  0.0102932935194830
 ATT G17              4  0.9123604385473488  0.1521468861387687  0.3457538496610303 -0.1578101094877818
 ATT G18              4  0.0886534473639531  0.8338690107574763  0.0936881759021438  0.5366801327280211
 ATT G19              4  0.8261005607162775  0.4076359778041297  0.3354817963065008 -0.1970856096494329
 ATT G20              4  0.7237626143697184  0.6593780648437640  0.1779431462696255 -0.0986127899375757
 ATT G21              4  0.2969250601380261  0.9298757860423316  0.1808751465947413 -0.1202111165346986
 ATT G22              4  0.9376858817650587  0.0835941153693199  0.3068725481494020 -0.1399515995135475
 ATT G24              4  0.9487519727717513  0.3034534204303199 -0.0735710502050181 -0.0487136157822707
 ATT G25              4  0.5453432253563898  0.7530403739176925 -0.1163826789619802  0.3492649908671459
 ATT G26              4  0.2114405383083396 -0.9377835733459313 -0.1412804952256346 -0.2364205786119672
 ATT G28              4  0.3716829210096149 -0.6945458594171612 -0.3088351308713803 -0.5329903538863504
 ATT G29              4  0.2114184560555552  0.9457709368269027  0.0918723978457969  0.2288646630799831
 ATT G30              4  0.5652681840914889  0.4433084834069386  0.5662431273531471 -0.4041264521392862
 ATT G31              4  0.3184965070706958 -0.8368821225401334 -0.2073739402834533 -0.3939344321683552
-EPHEMERIS/DATA
%END_ORBEX
