3.04                 C                    M                      RINEX VERSION / TYPE
CCRNXC V5.5          AIUB                 11-SEP-26 23:34        PGM / RUN BY / DATE 
Center for Orbit Determination in Europe (CODE)                  COMMENT             
Final GNSS clock information for year-day 2026-248               COMMENT             
Clock information consistent with phase and C1W/C2W code data    COMMENT             
Satellite/receiver clock values at intervals of 30/300 sec       COMMENT             
High-rate (30 sec) clock interpolation based on phase data       COMMENT             
Product reference: DOI 10.48620/97773                            COMMENT             
   GPS                                                           TIME SYSTEM ID      
G  CLKEST V5.5        IGS20_2425                                 SYS / PCVS APPLIED  
G  CLKEST V5.5        CODE.BIA @ ftp.aiub.unibe.ch/CODE/         SYS / DCBS APPLIED  
COD  Center for Orbit Determination in Europe                    ANALYSIS CENTER     
     1                                                           # OF CLK REF        
MGUE00ARG 41558M001                           0.000000000000E+00 ANALYSIS CLK REF    
                                                                 END OF HEADER       
AS G04       2026 09 05 09 58 00.000000  1    0.647353673717E-04                              
AS G05       2026 09 05 09 58 00.000000  1   -0.236544777075E-03                              
AS G06       2026 09 05 09 58 00.000000  1   -0.531832573275E-03                              
AS G07       2026 09 05 09 58 00.000000  1   -0.221880899179E-03                              
AS G09       2026 09 05 09 58 00.000000  1    0.685604115252E-03                              
AS G11       2026 09 05 09 58 00.000000  1   -0.219666536707E-03                              
AS G13       2026 09 05 09 58 00.000000  1    0.438218598449E-03                              
AS G14       2026 09 05 09 58 00.000000  1    0.749970409849E-03                              
AS G15       2026 09 05 09 58 00.000000  1    0.442226280719E-03                              
AS G17       2026 09 05 09 58 00.000000  1   -0.197389852516E-03                              
AS G18       2026 09 05 09 58 00.000000  1   -0.263557997570E-03                              
AS G19       2026 09 05 09 58 00.000000  1    0.704957497307E-03                              
AS G20       2026 09 05 09 58 00.000000  1    0.278452460788E-03                              
AS G21       2026 09 05 09 58 00.000000  1    0.369312846428E-03                              
AS G22       2026 09 05 09 58 00.000000  1    0.742373661450E-04                              
AS G24       2026 09 05 09 58 00.000000  1    0.193665713942E-03                              
AS G25       2026 09 05 09 58 00.000000  1    0.391488545593E-03                              
AS G26       2026 09 05 09 58 00.000000  1   -0.391814298949E-03                              
AS G28       2026 09 05 09 58 00.000000  1   -0.422708625032E-03                              
AS G29       2026 09 05 09 58 00.000000  1   -0.248932018403E-03                              
AS G30       2026 09 05 09 58 00.000000  1    0.353591581988E-03                              
AS G31       2026 09 05 09 58 00.000000  1   -0.122860020362E-03                              
AS G04       2026 09 05 09 58 30.000000  1    0.647353753427E-04                              
AS G05       2026 09 05 09 58 30.000000  1   -0.236544499654E-03                              
AS G06       2026 09 05 09 58 30.000000  1   -0.531832245461E-03                              
AS G07       2026 09 05 09 58 30.000000  1   -0.221881127228E-03                              
AS G09       2026 09 05 09 58 30.000000  1    0.685603846133E-03                              
AS G11       2026 09 05 09 58 30.000000  1   -0.219666173664E-03                              
AS G13       2026 09 05 09 58 30.000000  1    0.438218744373E-03                              
AS G14       2026 09 05 09 58 30.000000  1    0.749970396777E-03                              
AS G15       2026 09 05 09 58 30.000000  1    0.442226314604E-03                              
AS G17       2026 09 05 09 58 30.000000  1   -0.197389685469E-03                              
AS G18       2026 09 05 09 58 30.000000  1   -0.263557734880E-03                              
AS G19       2026 09 05 09 58 30.000000  1    0.704957508357E-03                              
AS G20       2026 09 05 09 58 30.000000  1    0.278452729044E-03                              
AS G21       2026 09 05 09 58 30.000000  1    0.369312604213E-03                              
AS G22       2026 09 05 09 58 30.000000  1    0.742376280100E-04                              
AS G24       2026 09 05 09 58 30.000000  1    0.193666221647E-03                              
AS G25       2026 09 05 09 58 30.000000  1    0.391488443464E-03                              
AS G26       2026 09 05 09 58 30.000000  1   -0.391814334494E-03                              
AS G28       2026 09 05 09 58 30.000000  1   -0.422708301752E-03                              
AS G29       2026 09 05 09 58 30.000000  1   -0.248931875370E-03                              
AS G30       2026 09 05 09 58 30.000000  1    0.353591951126E-03                              
AS G31       2026 09 05 09 58 30.000000  1   -0.122859954581E-03                              
AS G04       2026 09 05 09 59 00.000000  1    0.647353904808E-04                              
AS G05       2026 09 05 09 59 00.000000  1   -0.236544686782E-03                              
AS G06       2026 09 05 09 59 00.000000  1   -0.531831924339E-03                              
AS G07       2026 09 05 09 59 00.000000  1   -0.221881194511E-03                              
AS G09       2026 09 05 09 59 00.000000  1    0.685603580840E-03                              
AS G11       2026 09 05 09 59 00.000000  1   -0.219665821513E-03                              
AS G13       2026 09 05 09 59 00.000000  1    0.438218883541E-03                              
AS G14       2026 09 05 09 59 00.000000  1    0.749970389982E-03                              
AS G15       2026 09 05 09 59 00.000000  1    0.442226535895E-03                              
AS G17       2026 09 05 09 59 00.000000  1   -0.197389626455E-03                              
AS G18       2026 09 05 09 59 00.000000  1   -0.263557467909E-03                              
AS G19       2026 09 05 09 59 00.000000  1    0.704957535991E-03                              
AS G20       2026 09 05 09 59 00.000000  1    0.278453006157E-03                              
AS G21       2026 09 05 09 59 00.000000  1    0.369312368392E-03                              
AS G22       2026 09 05 09 59 00.000000  1    0.742379014285E-04                              
AS G24       2026 09 05 09 59 00.000000  1    0.193666739633E-03                              
AS G25       2026 09 05 09 59 00.000000  1    0.391488344451E-03                              
AS G26       2026 09 05 09 59 00.000000  1   -0.391814382029E-03                              
AS G28       2026 09 05 09 59 00.000000  1   -0.422707988403E-03                              
AS G29       2026 09 05 09 59 00.000000  1   -0.248931619238E-03                              
AS G30       2026 09 05 09 59 00.000000  1    0.353592317890E-03                              
AS G31       2026 09 05 09 59 00.000000  1   -0.122859840763E-03                              
AS G04       2026 09 05 09 59 30.000000  1    0.647353973756E-04                              
AS G05       2026 09 05 09 59 30.000000  1   -0.236544843629E-03                              
AS G06       2026 09 05 09 59 30.000000  1   -0.531831595847E-03                              
AS G07       2026 09 05 09 59 30.000000  1   -0.221881153114E-03                              
AS G09       2026 09 05 09 59 30.000000  1    0.685603313496E-03                              
AS G11       2026 09 05 09 59 30.000000  1   -0.219665465696E-03                              
AS G13       2026 09 05 09 59 30.000000  1    0.438219030490E-03                              
AS G14       2026 09 05 09 59 30.000000  1    0.749970384317E-03                              
AS G15       2026 09 05 09 59 30.000000  1    0.442226687464E-03                              
AS G17       2026 09 05 09 59 30.000000  1   -0.197389540855E-03                              
AS G18       2026 09 05 09 59 30.000000  1   -0.263557206955E-03                              
AS G19       2026 09 05 09 59 30.000000  1    0.704957660001E-03                              
AS G20       2026 09 05 09 59 30.000000  1    0.278453277403E-03                              
AS G21       2026 09 05 09 59 30.000000  1    0.369312113851E-03                              
AS G22       2026 09 05 09 59 30.000000  1    0.742383104782E-04                              
AS G24       2026 09 05 09 59 30.000000  1    0.193667254227E-03                              
AS G25       2026 09 05 09 59 30.000000  1    0.391488244182E-03                              
AS G26       2026 09 05 09 59 30.000000  1   -0.391814420675E-03                              
AS G28       2026 09 05 09 59 30.000000  1   -0.422707668142E-03                              
AS G29       2026 09 05 09 59 30.000000  1   -0.248931262831E-03                              
AS G30       2026 09 05 09 59 30.000000  1    0.353592694313E-03                              
AS G31       2026 09 05 09 59 30.000000  1   -0.122859696631E-03                              
AS G04       2026 09 05 10 00 00.000000  2    0.647354017237E-04  0.145510879083E-11          
AS G05       2026 09 05 10 00 00.000000  2   -0.236544840751E-03  0.169760533350E-11          
AS G06       2026 09 05 10 00 00.000000  2   -0.531831264111E-03  0.142954902905E-11          
AS G07       2026 09 05 10 00 00.000000  2   -0.221881303217E-03  0.160311225433E-11          
AS G09       2026 09 05 10 00 00.000000  2    0.685603050129E-03  0.140473353951E-11          
AS G11       2026 09 05 10 00 00.000000  2   -0.219665096292E-03  0.143455694294E-11          
AS G13       2026 09 05 10 00 00.000000  2    0.438219171034E-03  0.184389091400E-11          
AS G14       2026 09 05 10 00 00.000000  2    0.749970374687E-03  0.212457033070E-11          
AS G15       2026 09 05 10 00 00.000000  2    0.442226731084E-03  0.220512775921E-11          
AS G17       2026 09 05 10 00 00.000000  2   -0.197389924744E-03  0.194411567658E-11          
AS G18       2026 09 05 10 00 00.000000  2   -0.263556938714E-03  0.204262533953E-11          
AS G19       2026 09 05 10 00 00.000000  2    0.704957564717E-03  0.175780678276E-11          
AS G20       2026 09 05 10 00 00.000000  2    0.278453546684E-03  0.189977450745E-11          
AS G21       2026 09 05 10 00 00.000000  2    0.369311878095E-03  0.151925084446E-11          
AS G22       2026 09 05 10 00 00.000000  2    0.742384769375E-04  0.202930585910E-11          
AS G24       2026 09 05 10 00 00.000000  2    0.193667769984E-03  0.230144785092E-11          
AS G25       2026 09 05 10 00 00.000000  2    0.391488135058E-03  0.171439764161E-11          
AS G26       2026 09 05 10 00 00.000000  2   -0.391814462529E-03  0.180598344728E-11          
AS G28       2026 09 05 10 00 00.000000  2   -0.422707353297E-03  0.201716312255E-11          
AS G29       2026 09 05 10 00 00.000000  2   -0.248931097043E-03  0.178167381738E-11          
AS G30       2026 09 05 10 00 00.000000  2    0.353593059903E-03  0.200418025673E-11          
AS G31       2026 09 05 10 00 00.000000  2   -0.122859568333E-03  0.190648530930E-11          
AS G04       2026 09 05 10 00 30.000000  1    0.647354151539E-04                              
AS G05       2026 09 05 10 00 30.000000  1   -0.236544762083E-03                              
AS G06       2026 09 05 10 00 30.000000  1   -0.531830945162E-03                              
AS G07       2026 09 05 10 00 30.000000  1   -0.221881329635E-03                              
AS G09       2026 09 05 10 00 30.000000  1    0.685602779692E-03                              
AS G11       2026 09 05 10 00 30.000000  1   -0.219664734655E-03                              
AS G13       2026 09 05 10 00 30.000000  1    0.438219320327E-03                              
AS G14       2026 09 05 10 00 30.000000  1    0.749970364518E-03                              
AS G15       2026 09 05 10 00 30.000000  1    0.442226739113E-03                              
AS G17       2026 09 05 10 00 30.000000  1   -0.197390182853E-03                              
AS G18       2026 09 05 10 00 30.000000  1   -0.263556679895E-03                              
AS G19       2026 09 05 10 00 30.000000  1    0.704957514078E-03                              
AS G20       2026 09 05 10 00 30.000000  1    0.278453817361E-03                              
AS G21       2026 09 05 10 00 30.000000  1    0.369311649455E-03                              
AS G22       2026 09 05 10 00 30.000000  1    0.742387201274E-04                              
AS G24       2026 09 05 10 00 30.000000  1    0.193668286567E-03                              
AS G25       2026 09 05 10 00 30.000000  1    0.391488029971E-03                              
AS G26       2026 09 05 10 00 30.000000  1   -0.391814512034E-03                              
AS G28       2026 09 05 10 00 30.000000  1   -0.422707026623E-03                              
AS G29       2026 09 05 10 00 30.000000  1   -0.248930968630E-03                              
AS G30       2026 09 05 10 00 30.000000  1    0.353593423439E-03                              
AS G31       2026 09 05 10 00 30.000000  1   -0.122859532734E-03                              
AS G04       2026 09 05 10 01 00.000000  1    0.647354233807E-04                              
AS G05       2026 09 05 10 01 00.000000  1   -0.236544948129E-03                              
AS G06       2026 09 05 10 01 00.000000  1   -0.531830618746E-03                              
AS G07       2026 09 05 10 01 00.000000  1   -0.221881493784E-03                              
AS G09       2026 09 05 10 01 00.000000  1    0.685602519736E-03                              
AS G11       2026 09 05 10 01 00.000000  1   -0.219664376283E-03                              
AS G13       2026 09 05 10 01 00.000000  1    0.438219474515E-03                              
AS G14       2026 09 05 10 01 00.000000  1    0.749970356762E-03                              
AS G15       2026 09 05 10 01 00.000000  1    0.442226809686E-03                              
AS G17       2026 09 05 10 01 00.000000  1   -0.197390309046E-03                              
AS G18       2026 09 05 10 01 00.000000  1   -0.263556420113E-03                              
AS G19       2026 09 05 10 01 00.000000  1    0.704957406130E-03                              
AS G20       2026 09 05 10 01 00.000000  1    0.278454096033E-03                              
AS G21       2026 09 05 10 01 00.000000  1    0.369311406840E-03                              
AS G22       2026 09 05 10 01 00.000000  1    0.742389926480E-04                              
AS G24       2026 09 05 10 01 00.000000  1    0.193668793650E-03                              
AS G25       2026 09 05 10 01 00.000000  1    0.391487919449E-03                              
AS G26       2026 09 05 10 01 00.000000  1   -0.391814546346E-03                              
AS G28       2026 09 05 10 01 00.000000  1   -0.422706707869E-03                              
AS G29       2026 09 05 10 01 00.000000  1   -0.248930712054E-03                              
AS G30       2026 09 05 10 01 00.000000  1    0.353593796948E-03                              
AS G31       2026 09 05 10 01 00.000000  1   -0.122859398145E-03                              
AS G04       2026 09 05 10 01 30.000000  1    0.647354235892E-04                              
AS G05       2026 09 05 10 01 30.000000  1   -0.236544932301E-03                              
AS G06       2026 09 05 10 01 30.000000  1   -0.531830291118E-03                              
AS G07       2026 09 05 10 01 30.000000  1   -0.221881582863E-03                              
AS G09       2026 09 05 10 01 30.000000  1    0.685602254116E-03                              
AS G11       2026 09 05 10 01 30.000000  1   -0.219664015625E-03                              
AS G13       2026 09 05 10 01 30.000000  1    0.438219604763E-03                              
AS G14       2026 09 05 10 01 30.000000  1    0.749970342127E-03                              
AS G15       2026 09 05 10 01 30.000000  1    0.442226917276E-03                              
AS G17       2026 09 05 10 01 30.000000  1   -0.197390527675E-03                              
AS G18       2026 09 05 10 01 30.000000  1   -0.263556158002E-03                              
AS G19       2026 09 05 10 01 30.000000  1    0.704957456410E-03                              
AS G20       2026 09 05 10 01 30.000000  1    0.278454365336E-03                              
AS G21       2026 09 05 10 01 30.000000  1    0.369311168937E-03                              
AS G22       2026 09 05 10 01 30.000000  1    0.742391133374E-04                              
AS G24       2026 09 05 10 01 30.000000  1    0.193669310382E-03                              
AS G25       2026 09 05 10 01 30.000000  1    0.391487825831E-03                              
AS G26       2026 09 05 10 01 30.000000  1   -0.391814595996E-03                              
AS G28       2026 09 05 10 01 30.000000  1   -0.422706391352E-03                              
AS G29       2026 09 05 10 01 30.000000  1   -0.248930514953E-03                              
AS G30       2026 09 05 10 01 30.000000  1    0.353594167344E-03                              
AS G31       2026 09 05 10 01 30.000000  1   -0.122859263693E-03                              
AS G04       2026 09 05 10 02 00.000000  1    0.647354297136E-04                              
AS G05       2026 09 05 10 02 00.000000  1   -0.236545109008E-03                              
AS G06       2026 09 05 10 02 00.000000  1   -0.531829969531E-03                              
AS G07       2026 09 05 10 02 00.000000  1   -0.221881596533E-03                              
AS G09       2026 09 05 10 02 00.000000  1    0.685601986903E-03                              
AS G11       2026 09 05 10 02 00.000000  1   -0.219663651047E-03                              
AS G13       2026 09 05 10 02 00.000000  1    0.438219746137E-03                              
AS G14       2026 09 05 10 02 00.000000  1    0.749970328800E-03                              
AS G15       2026 09 05 10 02 00.000000  1    0.442226954160E-03                              
AS G17       2026 09 05 10 02 00.000000  1   -0.197390780239E-03                              
AS G18       2026 09 05 10 02 00.000000  1   -0.263555900216E-03                              
AS G19       2026 09 05 10 02 00.000000  1    0.704957447619E-03                              
AS G20       2026 09 05 10 02 00.000000  1    0.278454633066E-03                              
AS G21       2026 09 05 10 02 00.000000  1    0.369310924360E-03                              
AS G22       2026 09 05 10 02 00.000000  1    0.742392647370E-04                              
AS G24       2026 09 05 10 02 00.000000  1    0.193669827237E-03                              
AS G25       2026 09 05 10 02 00.000000  1    0.391487726455E-03                              
AS G26       2026 09 05 10 02 00.000000  1   -0.391814641360E-03                              
AS G28       2026 09 05 10 02 00.000000  1   -0.422706081277E-03                              
AS G29       2026 09 05 10 02 00.000000  1   -0.248930437390E-03                              
AS G30       2026 09 05 10 02 00.000000  1    0.353594537992E-03                              
AS G31       2026 09 05 10 02 00.000000  1   -0.122859148236E-03                              
AS G04       2026 09 05 10 02 30.000000  1    0.647354418340E-04                              
AS G05       2026 09 05 10 02 30.000000  1   -0.236545014408E-03                              
AS G06       2026 09 05 10 02 30.000000  1   -0.531829643061E-03                              
AS G07       2026 09 05 10 02 30.000000  1   -0.221881835375E-03                              
AS G09       2026 09 05 10 02 30.000000  1    0.685601720194E-03                              
AS G11       2026 09 05 10 02 30.000000  1   -0.219663292812E-03                              
AS G13       2026 09 05 10 02 30.000000  1    0.438219893889E-03                              
AS G14       2026 09 05 10 02 30.000000  1    0.749970328240E-03                              
AS G15       2026 09 05 10 02 30.000000  1    0.442226990083E-03                              
AS G17       2026 09 05 10 02 30.000000  1   -0.197390958897E-03                              
AS G18       2026 09 05 10 02 30.000000  1   -0.263555641995E-03                              
AS G19       2026 09 05 10 02 30.000000  1    0.704957394312E-03                              
AS G20       2026 09 05 10 02 30.000000  1    0.278454903127E-03                              
AS G21       2026 09 05 10 02 30.000000  1    0.369310689624E-03                              
AS G22       2026 09 05 10 02 30.000000  1    0.742395415615E-04                              
AS G24       2026 09 05 10 02 30.000000  1    0.193670339079E-03                              
AS G25       2026 09 05 10 02 30.000000  1    0.391487616044E-03                              
AS G26       2026 09 05 10 02 30.000000  1   -0.391814678112E-03                              
AS G28       2026 09 05 10 02 30.000000  1   -0.422705764124E-03                              
AS G29       2026 09 05 10 02 30.000000  1   -0.248930268120E-03                              
AS G30       2026 09 05 10 02 30.000000  1    0.353594906856E-03                              
AS G31       2026 09 05 10 02 30.000000  1   -0.122859043802E-03                              
AS G04       2026 09 05 10 03 00.000000  1    0.647354534287E-04                              
AS G05       2026 09 05 10 03 00.000000  1   -0.236544980223E-03                              
AS G06       2026 09 05 10 03 00.000000  1   -0.531829319647E-03                              
AS G07       2026 09 05 10 03 00.000000  1   -0.221882099012E-03                              
AS G09       2026 09 05 10 03 00.000000  1    0.685601464147E-03                              
AS G11       2026 09 05 10 03 00.000000  1   -0.219662935448E-03                              
AS G13       2026 09 05 10 03 00.000000  1    0.438220046999E-03                              
AS G14       2026 09 05 10 03 00.000000  1    0.749970322878E-03                              
AS G15       2026 09 05 10 03 00.000000  1    0.442227027555E-03                              
AS G17       2026 09 05 10 03 00.000000  1   -0.197391094456E-03                              
AS G18       2026 09 05 10 03 00.000000  1   -0.263555362681E-03                              
AS G19       2026 09 05 10 03 00.000000  1    0.704957404413E-03                              
AS G20       2026 09 05 10 03 00.000000  1    0.278455177111E-03                              
AS G21       2026 09 05 10 03 00.000000  1    0.369310444133E-03                              
AS G22       2026 09 05 10 03 00.000000  1    0.742397101994E-04                              
AS G24       2026 09 05 10 03 00.000000  1    0.193670864586E-03                              
AS G25       2026 09 05 10 03 00.000000  1    0.391487498865E-03                              
AS G26       2026 09 05 10 03 00.000000  1   -0.391814733936E-03                              
AS G28       2026 09 05 10 03 00.000000  1   -0.422705450436E-03                              
AS G29       2026 09 05 10 03 00.000000  1   -0.248930075709E-03                              
AS G30       2026 09 05 10 03 00.000000  1    0.353595275965E-03                              
AS G31       2026 09 05 10 03 00.000000  1   -0.122858983890E-03                              
AS G04       2026 09 05 10 03 30.000000  1    0.647354690438E-04                              
AS G05       2026 09 05 10 03 30.000000  1   -0.236545032892E-03                              
AS G06       2026 09 05 10 03 30.000000  1   -0.531828987731E-03                              
AS G07       2026 09 05 10 03 30.000000  1   -0.221882132819E-03                              
AS G09       2026 09 05 10 03 30.000000  1    0.685601207277E-03                              
AS G11       2026 09 05 10 03 30.000000  1   -0.219662569449E-03                              
AS G13       2026 09 05 10 03 30.000000  1    0.438220200411E-03                              
AS G14       2026 09 05 10 03 30.000000  1    0.749970314040E-03                              
AS G15       2026 09 05 10 03 30.000000  1    0.442227252897E-03                              
AS G17       2026 09 05 10 03 30.000000  1   -0.197391338445E-03                              
AS G18       2026 09 05 10 03 30.000000  1   -0.263555100206E-03                              
AS G19       2026 09 05 10 03 30.000000  1    0.704957515334E-03                              
AS G20       2026 09 05 10 03 30.000000  1    0.278455444217E-03                              
AS G21       2026 09 05 10 03 30.000000  1    0.369310189607E-03                              
AS G22       2026 09 05 10 03 30.000000  1    0.742399913246E-04                              
AS G24       2026 09 05 10 03 30.000000  1    0.193671380880E-03                              
AS G25       2026 09 05 10 03 30.000000  1    0.391487404289E-03                              
AS G26       2026 09 05 10 03 30.000000  1   -0.391814772098E-03                              
AS G28       2026 09 05 10 03 30.000000  1   -0.422705116439E-03                              
AS G29       2026 09 05 10 03 30.000000  1   -0.248929773197E-03                              
AS G30       2026 09 05 10 03 30.000000  1    0.353595642237E-03                              
AS G31       2026 09 05 10 03 30.000000  1   -0.122858909299E-03                              
AS G04       2026 09 05 10 04 00.000000  1    0.647354775340E-04                              
AS G05       2026 09 05 10 04 00.000000  1   -0.236544880912E-03                              
AS G06       2026 09 05 10 04 00.000000  1   -0.531828659687E-03                              
AS G07       2026 09 05 10 04 00.000000  1   -0.221882167389E-03                              
AS G09       2026 09 05 10 04 00.000000  1    0.685600948343E-03                              
AS G11       2026 09 05 10 04 00.000000  1   -0.219662200699E-03                              
AS G13       2026 09 05 10 04 00.000000  1    0.438220348924E-03                              
AS G14       2026 09 05 10 04 00.000000  1    0.749970307416E-03                              
AS G15       2026 09 05 10 04 00.000000  1    0.442227273921E-03                              
AS G17       2026 09 05 10 04 00.000000  1   -0.197391630141E-03                              
AS G18       2026 09 05 10 04 00.000000  1   -0.263554841891E-03                              
AS G19       2026 09 05 10 04 00.000000  1    0.704957487330E-03                              
AS G20       2026 09 05 10 04 00.000000  1    0.278455727340E-03                              
AS G21       2026 09 05 10 04 00.000000  1    0.369309948781E-03                              
AS G22       2026 09 05 10 04 00.000000  1    0.742403226423E-04                              
AS G24       2026 09 05 10 04 00.000000  1    0.193671895070E-03                              
AS G25       2026 09 05 10 04 00.000000  1    0.391487293062E-03                              
AS G26       2026 09 05 10 04 00.000000  1   -0.391814809692E-03                              
AS G28       2026 09 05 10 04 00.000000  1   -0.422704789955E-03                              
AS G29       2026 09 05 10 04 00.000000  1   -0.248929368068E-03                              
AS G30       2026 09 05 10 04 00.000000  1    0.353596015953E-03                              
AS G31       2026 09 05 10 04 00.000000  1   -0.122858748171E-03                              
AS G04       2026 09 05 10 04 30.000000  1    0.647354834131E-04                              
AS G05       2026 09 05 10 04 30.000000  1   -0.236544770820E-03                              
AS G06       2026 09 05 10 04 30.000000  1   -0.531828334393E-03                              
AS G07       2026 09 05 10 04 30.000000  1   -0.221882159996E-03                              
AS G09       2026 09 05 10 04 30.000000  1    0.685600687891E-03                              
AS G11       2026 09 05 10 04 30.000000  1   -0.219661839182E-03                              
AS G13       2026 09 05 10 04 30.000000  1    0.438220498210E-03                              
AS G14       2026 09 05 10 04 30.000000  1    0.749970295253E-03                              
AS G15       2026 09 05 10 04 30.000000  1    0.442227450800E-03                              
AS G17       2026 09 05 10 04 30.000000  1   -0.197391748384E-03                              
AS G18       2026 09 05 10 04 30.000000  1   -0.263554585268E-03                              
AS G19       2026 09 05 10 04 30.000000  1    0.704957479332E-03                              
AS G20       2026 09 05 10 04 30.000000  1    0.278456002782E-03                              
AS G21       2026 09 05 10 04 30.000000  1    0.369309709422E-03                              
AS G22       2026 09 05 10 04 30.000000  1    0.742405300543E-04                              
AS G24       2026 09 05 10 04 30.000000  1    0.193672407292E-03                              
AS G25       2026 09 05 10 04 30.000000  1    0.391487198782E-03                              
AS G26       2026 09 05 10 04 30.000000  1   -0.391814849527E-03                              
AS G28       2026 09 05 10 04 30.000000  1   -0.422704472704E-03                              
AS G29       2026 09 05 10 04 30.000000  1   -0.248929272485E-03                              
AS G30       2026 09 05 10 04 30.000000  1    0.353596378655E-03                              
AS G31       2026 09 05 10 04 30.000000  1   -0.122858755323E-03                              
AS G04       2026 09 05 10 05 00.000000  2    0.647354908815E-04  0.145403203074E-11          
AS G05       2026 09 05 10 05 00.000000  2   -0.236544785606E-03  0.167579346803E-11          
AS G06       2026 09 05 10 05 00.000000  2   -0.531828005511E-03  0.143267956204E-11          
AS G07       2026 09 05 10 05 00.000000  2   -0.221882342290E-03  0.158318354581E-11          
AS G09       2026 09 05 10 05 00.000000  2    0.685600423240E-03  0.140454193315E-11          
AS G11       2026 09 05 10 05 00.000000  2   -0.219661472940E-03  0.143112424983E-11          
AS G13       2026 09 05 10 05 00.000000  2    0.438220649807E-03  0.187206528047E-11          
AS G14       2026 09 05 10 05 00.000000  2    0.749970289471E-03  0.212348045164E-11          
AS G15       2026 09 05 10 05 00.000000  2    0.442227474662E-03  0.218602297711E-11          
AS G17       2026 09 05 10 05 00.000000  2   -0.197391863590E-03  0.195407382156E-11          
AS G18       2026 09 05 10 05 00.000000  2   -0.263554319609E-03  0.204101841226E-11          
AS G19       2026 09 05 10 05 00.000000  2    0.704957412854E-03  0.176597681009E-11          
AS G20       2026 09 05 10 05 00.000000  2    0.278456275536E-03  0.188800856221E-11          
AS G21       2026 09 05 10 05 00.000000  2    0.369309469903E-03  0.151160182304E-11          
AS G22       2026 09 05 10 05 00.000000  2    0.742407336098E-04  0.205557997330E-11          
AS G24       2026 09 05 10 05 00.000000  2    0.193672929263E-03  0.229278873811E-11          
AS G25       2026 09 05 10 05 00.000000  2    0.391487096692E-03  0.171891671520E-11          
AS G26       2026 09 05 10 05 00.000000  2   -0.391814894563E-03  0.179576958024E-11          
AS G28       2026 09 05 10 05 00.000000  2   -0.422704151201E-03  0.201273487926E-11          
AS G29       2026 09 05 10 05 00.000000  2   -0.248929085561E-03  0.175861470734E-11          
AS G30       2026 09 05 10 05 00.000000  2    0.353596745737E-03  0.198898232464E-11          
AS G31       2026 09 05 10 05 00.000000  2   -0.122858644486E-03  0.191623303211E-11          
AS G04       2026 09 05 10 05 30.000000  1    0.647355003682E-04                              
AS G05       2026 09 05 10 05 30.000000  1   -0.236544840473E-03                              
AS G06       2026 09 05 10 05 30.000000  1   -0.531827669908E-03                              
AS G07       2026 09 05 10 05 30.000000  1   -0.221882557472E-03                              
AS G09       2026 09 05 10 05 30.000000  1    0.685600160494E-03                              
AS G11       2026 09 05 10 05 30.000000  1   -0.219661115541E-03                              
AS G13       2026 09 05 10 05 30.000000  1    0.438220804411E-03                              
AS G14       2026 09 05 10 05 30.000000  1    0.749970283066E-03                              
AS G15       2026 09 05 10 05 30.000000  1    0.442227548882E-03                              
AS G17       2026 09 05 10 05 30.000000  1   -0.197392060658E-03                              
AS G18       2026 09 05 10 05 30.000000  1   -0.263554051936E-03                              
AS G19       2026 09 05 10 05 30.000000  1    0.704957411880E-03                              
AS G20       2026 09 05 10 05 30.000000  1    0.278456544156E-03                              
AS G21       2026 09 05 10 05 30.000000  1    0.369309231137E-03                              
AS G22       2026 09 05 10 05 30.000000  1    0.742409582995E-04                              
AS G24       2026 09 05 10 05 30.000000  1    0.193673456014E-03                              
AS G25       2026 09 05 10 05 30.000000  1    0.391486992634E-03                              
AS G26       2026 09 05 10 05 30.000000  1   -0.391814925586E-03                              
AS G28       2026 09 05 10 05 30.000000  1   -0.422703817827E-03                              
AS G29       2026 09 05 10 05 30.000000  1   -0.248928857307E-03                              
AS G30       2026 09 05 10 05 30.000000  1    0.353597125351E-03                              
AS G31       2026 09 05 10 05 30.000000  1   -0.122858503889E-03                              
AS G04       2026 09 05 10 06 00.000000  1    0.647355200834E-04                              
AS G05       2026 09 05 10 06 00.000000  1   -0.236544609690E-03                              
AS G06       2026 09 05 10 06 00.000000  1   -0.531827351382E-03                              
AS G07       2026 09 05 10 06 00.000000  1   -0.221882610471E-03                              
AS G09       2026 09 05 10 06 00.000000  1    0.685599900731E-03                              
AS G11       2026 09 05 10 06 00.000000  1   -0.219660749361E-03                              
AS G13       2026 09 05 10 06 00.000000  1    0.438220951936E-03                              
AS G14       2026 09 05 10 06 00.000000  1    0.749970265250E-03                              
AS G15       2026 09 05 10 06 00.000000  1    0.442227554971E-03                              
AS G17       2026 09 05 10 06 00.000000  1   -0.197392244224E-03                              
AS G18       2026 09 05 10 06 00.000000  1   -0.263553781820E-03                              
AS G19       2026 09 05 10 06 00.000000  1    0.704957396808E-03                              
AS G20       2026 09 05 10 06 00.000000  1    0.278456812756E-03                              
AS G21       2026 09 05 10 06 00.000000  1    0.369308993841E-03                              
AS G22       2026 09 05 10 06 00.000000  1    0.742412083460E-04                              
AS G24       2026 09 05 10 06 00.000000  1    0.193673972318E-03                              
AS G25       2026 09 05 10 06 00.000000  1    0.391486889554E-03                              
AS G26       2026 09 05 10 06 00.000000  1   -0.391814964125E-03                              
AS G28       2026 09 05 10 06 00.000000  1   -0.422703495430E-03                              
AS G29       2026 09 05 10 06 00.000000  1   -0.248928567048E-03                              
AS G30       2026 09 05 10 06 00.000000  1    0.353597503096E-03                              
AS G31       2026 09 05 10 06 00.000000  1   -0.122858420391E-03                              
AS G04       2026 09 05 10 06 30.000000  1    0.647355404615E-04                              
AS G05       2026 09 05 10 06 30.000000  1   -0.236544870661E-03                              
AS G06       2026 09 05 10 06 30.000000  1   -0.531827019194E-03                              
AS G07       2026 09 05 10 06 30.000000  1   -0.221882710815E-03                              
AS G09       2026 09 05 10 06 30.000000  1    0.685599632431E-03                              
AS G11       2026 09 05 10 06 30.000000  1   -0.219660393744E-03                              
AS G13       2026 09 05 10 06 30.000000  1    0.438221097456E-03                              
AS G14       2026 09 05 10 06 30.000000  1    0.749970253544E-03                              
AS G15       2026 09 05 10 06 30.000000  1    0.442227633279E-03                              
AS G17       2026 09 05 10 06 30.000000  1   -0.197392251946E-03                              
AS G18       2026 09 05 10 06 30.000000  1   -0.263553513363E-03                              
AS G19       2026 09 05 10 06 30.000000  1    0.704957352540E-03                              
AS G20       2026 09 05 10 06 30.000000  1    0.278457083462E-03                              
AS G21       2026 09 05 10 06 30.000000  1    0.369308744880E-03                              
AS G22       2026 09 05 10 06 30.000000  1    0.742416583810E-04                              
AS G24       2026 09 05 10 06 30.000000  1    0.193674480939E-03                              
AS G25       2026 09 05 10 06 30.000000  1    0.391486780740E-03                              
AS G26       2026 09 05 10 06 30.000000  1   -0.391815021893E-03                              
AS G28       2026 09 05 10 06 30.000000  1   -0.422703188817E-03                              
AS G29       2026 09 05 10 06 30.000000  1   -0.248928357555E-03                              
AS G30       2026 09 05 10 06 30.000000  1    0.353597860003E-03                              
AS G31       2026 09 05 10 06 30.000000  1   -0.122858363402E-03                              
AS G04       2026 09 05 10 07 00.000000  1    0.647355439796E-04                              
AS G05       2026 09 05 10 07 00.000000  1   -0.236544970381E-03                              
AS G06       2026 09 05 10 07 00.000000  1   -0.531826698617E-03                              
AS G07       2026 09 05 10 07 00.000000  1   -0.221882804521E-03                              
AS G09       2026 09 05 10 07 00.000000  1    0.685599366974E-03                              
AS G11       2026 09 05 10 07 00.000000  1   -0.219660023096E-03                              
AS G13       2026 09 05 10 07 00.000000  1    0.438221244216E-03                              
AS G14       2026 09 05 10 07 00.000000  1    0.749970261307E-03                              
AS G15       2026 09 05 10 07 00.000000  1    0.442227894674E-03                              
AS G17       2026 09 05 10 07 00.000000  1   -0.197392311880E-03                              
AS G18       2026 09 05 10 07 00.000000  1   -0.263553239292E-03                              
AS G19       2026 09 05 10 07 00.000000  1    0.704957453202E-03                              
AS G20       2026 09 05 10 07 00.000000  1    0.278457358588E-03                              
AS G21       2026 09 05 10 07 00.000000  1    0.369308514968E-03                              
AS G22       2026 09 05 10 07 00.000000  1    0.742419666959E-04                              
AS G24       2026 09 05 10 07 00.000000  1    0.193674998297E-03                              
AS G25       2026 09 05 10 07 00.000000  1    0.391486695804E-03                              
AS G26       2026 09 05 10 07 00.000000  1   -0.391815052190E-03                              
AS G28       2026 09 05 10 07 00.000000  1   -0.422702866364E-03                              
AS G29       2026 09 05 10 07 00.000000  1   -0.248928099500E-03                              
AS G30       2026 09 05 10 07 00.000000  1    0.353598234647E-03                              
AS G31       2026 09 05 10 07 00.000000  1   -0.122858197994E-03                              
AS G04       2026 09 05 10 07 30.000000  1    0.647355450597E-04                              
AS G05       2026 09 05 10 07 30.000000  1   -0.236544903836E-03                              
AS G06       2026 09 05 10 07 30.000000  1   -0.531826380540E-03                              
AS G07       2026 09 05 10 07 30.000000  1   -0.221882903192E-03                              
AS G09       2026 09 05 10 07 30.000000  1    0.685599099831E-03                              
AS G11       2026 09 05 10 07 30.000000  1   -0.219659660625E-03                              
AS G13       2026 09 05 10 07 30.000000  1    0.438221389460E-03                              
AS G14       2026 09 05 10 07 30.000000  1    0.749970255846E-03                              
AS G15       2026 09 05 10 07 30.000000  1    0.442228010596E-03                              
AS G17       2026 09 05 10 07 30.000000  1   -0.197392348853E-03                              
AS G18       2026 09 05 10 07 30.000000  1   -0.263552981255E-03                              
AS G19       2026 09 05 10 07 30.000000  1    0.704957484622E-03                              
AS G20       2026 09 05 10 07 30.000000  1    0.278457631830E-03                              
AS G21       2026 09 05 10 07 30.000000  1    0.369308274938E-03                              
AS G22       2026 09 05 10 07 30.000000  1    0.742422016696E-04                              
AS G24       2026 09 05 10 07 30.000000  1    0.193675518729E-03                              
AS G25       2026 09 05 10 07 30.000000  1    0.391486593848E-03                              
AS G26       2026 09 05 10 07 30.000000  1   -0.391815102504E-03                              
AS G28       2026 09 05 10 07 30.000000  1   -0.422702549147E-03                              
AS G29       2026 09 05 10 07 30.000000  1   -0.248927949128E-03                              
AS G30       2026 09 05 10 07 30.000000  1    0.353598608274E-03                              
AS G31       2026 09 05 10 07 30.000000  1   -0.122858132896E-03                              
AS G04       2026 09 05 10 08 00.000000  1    0.647355483780E-04                              
AS G05       2026 09 05 10 08 00.000000  1   -0.236544870703E-03                              
AS G06       2026 09 05 10 08 00.000000  1   -0.531826051123E-03                              
AS G07       2026 09 05 10 08 00.000000  1   -0.221882950364E-03                              
AS G09       2026 09 05 10 08 00.000000  1    0.685598828179E-03                              
AS G11       2026 09 05 10 08 00.000000  1   -0.219659298722E-03                              
AS G13       2026 09 05 10 08 00.000000  1    0.438221528294E-03                              
AS G14       2026 09 05 10 08 00.000000  1    0.749970247374E-03                              
AS G15       2026 09 05 10 08 00.000000  1    0.442228041438E-03                              
AS G17       2026 09 05 10 08 00.000000  1   -0.197392374045E-03                              
AS G18       2026 09 05 10 08 00.000000  1   -0.263552711989E-03                              
AS G19       2026 09 05 10 08 00.000000  1    0.704957414250E-03                              
AS G20       2026 09 05 10 08 00.000000  1    0.278457901412E-03                              
AS G21       2026 09 05 10 08 00.000000  1    0.369308038388E-03                              
AS G22       2026 09 05 10 08 00.000000  1    0.742423919341E-04                              
AS G24       2026 09 05 10 08 00.000000  1    0.193676042876E-03                              
AS G25       2026 09 05 10 08 00.000000  1    0.391486484525E-03                              
AS G26       2026 09 05 10 08 00.000000  1   -0.391815141362E-03                              
AS G28       2026 09 05 10 08 00.000000  1   -0.422702230033E-03                              
AS G29       2026 09 05 10 08 00.000000  1   -0.248927650567E-03                              
AS G30       2026 09 05 10 08 00.000000  1    0.353598972876E-03                              
AS G31       2026 09 05 10 08 00.000000  1   -0.122858279886E-03                              
AS G04       2026 09 05 10 08 30.000000  1    0.647355472763E-04                              
AS G05       2026 09 05 10 08 30.000000  1   -0.236544925986E-03                              
AS G06       2026 09 05 10 08 30.000000  1   -0.531825726379E-03                              
AS G07       2026 09 05 10 08 30.000000  1   -0.221882995698E-03                              
AS G09       2026 09 05 10 08 30.000000  1    0.685598562579E-03                              
AS G11       2026 09 05 10 08 30.000000  1   -0.219658947501E-03                              
AS G13       2026 09 05 10 08 30.000000  1    0.438221671203E-03                              
AS G14       2026 09 05 10 08 30.000000  1    0.749970240948E-03                              
AS G15       2026 09 05 10 08 30.000000  1    0.442228060152E-03                              
AS G17       2026 09 05 10 08 30.000000  1   -0.197392411533E-03                              
AS G18       2026 09 05 10 08 30.000000  1   -0.263552428501E-03                              
AS G19       2026 09 05 10 08 30.000000  1    0.704957328558E-03                              
AS G20       2026 09 05 10 08 30.000000  1    0.278458169682E-03                              
AS G21       2026 09 05 10 08 30.000000  1    0.369307795687E-03                              
AS G22       2026 09 05 10 08 30.000000  1    0.742425660985E-04                              
AS G24       2026 09 05 10 08 30.000000  1    0.193676551478E-03                              
AS G25       2026 09 05 10 08 30.000000  1    0.391486377488E-03                              
AS G26       2026 09 05 10 08 30.000000  1   -0.391815191070E-03                              
AS G28       2026 09 05 10 08 30.000000  1   -0.422701904538E-03                              
AS G29       2026 09 05 10 08 30.000000  1   -0.248927371315E-03                              
AS G30       2026 09 05 10 08 30.000000  1    0.353599346990E-03                              
AS G31       2026 09 05 10 08 30.000000  1   -0.122858124595E-03                              
AS G04       2026 09 05 10 09 00.000000  1    0.647355603523E-04                              
AS G05       2026 09 05 10 09 00.000000  1   -0.236545148064E-03                              
AS G06       2026 09 05 10 09 00.000000  1   -0.531825397302E-03                              
AS G07       2026 09 05 10 09 00.000000  1   -0.221883128607E-03                              
AS G09       2026 09 05 10 09 00.000000  1    0.685598292997E-03                              
AS G11       2026 09 05 10 09 00.000000  1   -0.219658591913E-03                              
AS G13       2026 09 05 10 09 00.000000  1    0.438221822087E-03                              
AS G14       2026 09 05 10 09 00.000000  1    0.749970243935E-03                              
AS G15       2026 09 05 10 09 00.000000  1    0.442228054388E-03                              
AS G17       2026 09 05 10 09 00.000000  1   -0.197392530712E-03                              
AS G18       2026 09 05 10 09 00.000000  1   -0.263552160264E-03                              
AS G19       2026 09 05 10 09 00.000000  1    0.704957389178E-03                              
AS G20       2026 09 05 10 09 00.000000  1    0.278458446893E-03                              
AS G21       2026 09 05 10 09 00.000000  1    0.369307567204E-03                              
AS G22       2026 09 05 10 09 00.000000  1    0.742427855189E-04                              
AS G24       2026 09 05 10 09 00.000000  1    0.193677062410E-03                              
AS G25       2026 09 05 10 09 00.000000  1    0.391486266488E-03                              
AS G26       2026 09 05 10 09 00.000000  1   -0.391815229513E-03                              
AS G28       2026 09 05 10 09 00.000000  1   -0.422701581381E-03                              
AS G29       2026 09 05 10 09 00.000000  1   -0.248927185452E-03                              
AS G30       2026 09 05 10 09 00.000000  1    0.353599714747E-03                              
AS G31       2026 09 05 10 09 00.000000  1   -0.122857864905E-03                              
AS G04       2026 09 05 10 09 30.000000  1    0.647355656006E-04                              
AS G05       2026 09 05 10 09 30.000000  1   -0.236545163459E-03                              
AS G06       2026 09 05 10 09 30.000000  1   -0.531825083447E-03                              
AS G07       2026 09 05 10 09 30.000000  1   -0.221883188677E-03                              
AS G09       2026 09 05 10 09 30.000000  1    0.685598025229E-03                              
AS G11       2026 09 05 10 09 30.000000  1   -0.219658226108E-03                              
AS G13       2026 09 05 10 09 30.000000  1    0.438221969923E-03                              
AS G14       2026 09 05 10 09 30.000000  1    0.749970221838E-03                              
AS G15       2026 09 05 10 09 30.000000  1    0.442228401774E-03                              
AS G17       2026 09 05 10 09 30.000000  1   -0.197392696554E-03                              
AS G18       2026 09 05 10 09 30.000000  1   -0.263551893198E-03                              
AS G19       2026 09 05 10 09 30.000000  1    0.704957408140E-03                              
AS G20       2026 09 05 10 09 30.000000  1    0.278458707952E-03                              
AS G21       2026 09 05 10 09 30.000000  1    0.369307319634E-03                              
AS G22       2026 09 05 10 09 30.000000  1    0.742430822604E-04                              
AS G24       2026 09 05 10 09 30.000000  1    0.193677579436E-03                              
AS G25       2026 09 05 10 09 30.000000  1    0.391486159144E-03                              
AS G26       2026 09 05 10 09 30.000000  1   -0.391815269829E-03                              
AS G28       2026 09 05 10 09 30.000000  1   -0.422701260247E-03                              
AS G29       2026 09 05 10 09 30.000000  1   -0.248926975120E-03                              
AS G30       2026 09 05 10 09 30.000000  1    0.353600086639E-03                              
AS G31       2026 09 05 10 09 30.000000  1   -0.122857801731E-03                              
AS G04       2026 09 05 10 10 00.000000  2    0.647355716531E-04  0.146398608452E-11          
AS G05       2026 09 05 10 10 00.000000  2   -0.236545232202E-03  0.165866418681E-11          
AS G06       2026 09 05 10 10 00.000000  2   -0.531824754212E-03  0.143865887472E-11          
AS G07       2026 09 05 10 10 00.000000  2   -0.221883293577E-03  0.156445831835E-11          
AS G09       2026 09 05 10 10 00.000000  2    0.685597764938E-03  0.140305947611E-11          
AS G11       2026 09 05 10 10 00.000000  2   -0.219657869627E-03  0.142796071224E-11          
AS G13       2026 09 05 10 10 00.000000  2    0.438222115245E-03  0.189876752100E-11          
AS G14       2026 09 05 10 10 00.000000  2    0.749970216493E-03  0.211646042813E-11          
AS G15       2026 09 05 10 10 00.000000  2    0.442228592473E-03  0.217353500919E-11          
AS G17       2026 09 05 10 10 00.000000  2   -0.197392836997E-03  0.196465919247E-11          
AS G18       2026 09 05 10 10 00.000000  2   -0.263551634051E-03  0.204744059588E-11          
AS G19       2026 09 05 10 10 00.000000  2    0.704957438139E-03  0.178373800213E-11          
AS G20       2026 09 05 10 10 00.000000  2    0.278458975084E-03  0.187745910127E-11          
AS G21       2026 09 05 10 10 00.000000  2    0.369307071474E-03  0.150299656249E-11          
AS G22       2026 09 05 10 10 00.000000  2    0.742434260561E-04  0.206451629740E-11          
AS G24       2026 09 05 10 10 00.000000  2    0.193678097592E-03  0.228544585414E-11          
AS G25       2026 09 05 10 10 00.000000  2    0.391486048238E-03  0.172943665459E-11          
AS G26       2026 09 05 10 10 00.000000  2   -0.391815321865E-03  0.180013140740E-11          
AS G28       2026 09 05 10 10 00.000000  2   -0.422700938392E-03  0.202680678798E-11          
AS G29       2026 09 05 10 10 00.000000  2   -0.248926857388E-03  0.173763186355E-11          
AS G30       2026 09 05 10 10 00.000000  2    0.353600461670E-03  0.197766174991E-11          
AS G31       2026 09 05 10 10 00.000000  2   -0.122857707004E-03  0.193068829020E-11          
AS G04       2026 09 05 10 10 30.000000  1    0.647355757119E-04                              
AS G05       2026 09 05 10 10 30.000000  1   -0.236545130201E-03                              
AS G06       2026 09 05 10 10 30.000000  1   -0.531824429502E-03                              
AS G07       2026 09 05 10 10 30.000000  1   -0.221883404604E-03                              
AS G09       2026 09 05 10 10 30.000000  1    0.685597508973E-03                              
AS G11       2026 09 05 10 10 30.000000  1   -0.219657514986E-03                              
AS G13       2026 09 05 10 10 30.000000  1    0.438222263445E-03                              
AS G14       2026 09 05 10 10 30.000000  1    0.749970212488E-03                              
AS G15       2026 09 05 10 10 30.000000  1    0.442228680757E-03                              
AS G17       2026 09 05 10 10 30.000000  1   -0.197392966858E-03                              
AS G18       2026 09 05 10 10 30.000000  1   -0.263551367522E-03                              
AS G19       2026 09 05 10 10 30.000000  1    0.704957445734E-03                              
AS G20       2026 09 05 10 10 30.000000  1    0.278459260324E-03                              
AS G21       2026 09 05 10 10 30.000000  1    0.369306828875E-03                              
AS G22       2026 09 05 10 10 30.000000  1    0.742437076002E-04                              
AS G24       2026 09 05 10 10 30.000000  1    0.193678612681E-03                              
AS G25       2026 09 05 10 10 30.000000  1    0.391485952675E-03                              
AS G26       2026 09 05 10 10 30.000000  1   -0.391815360567E-03                              
AS G28       2026 09 05 10 10 30.000000  1   -0.422700622080E-03                              
AS G29       2026 09 05 10 10 30.000000  1   -0.248926730385E-03                              
AS G30       2026 09 05 10 10 30.000000  1    0.353600826987E-03                              
AS G31       2026 09 05 10 10 30.000000  1   -0.122857519602E-03                              
AS G04       2026 09 05 10 11 00.000000  1    0.647355824521E-04                              
AS G05       2026 09 05 10 11 00.000000  1   -0.236544818986E-03                              
AS G06       2026 09 05 10 11 00.000000  1   -0.531824109222E-03                              
AS G07       2026 09 05 10 11 00.000000  1   -0.221883537072E-03                              
AS G09       2026 09 05 10 11 00.000000  1    0.685597237572E-03                              
AS G11       2026 09 05 10 11 00.000000  1   -0.219657158260E-03                              
AS G13       2026 09 05 10 11 00.000000  1    0.438222409653E-03                              
AS G14       2026 09 05 10 11 00.000000  1    0.749970211106E-03                              
AS G15       2026 09 05 10 11 00.000000  1    0.442228707169E-03                              
AS G17       2026 09 05 10 11 00.000000  1   -0.197393168584E-03                              
AS G18       2026 09 05 10 11 00.000000  1   -0.263551101959E-03                              
AS G19       2026 09 05 10 11 00.000000  1    0.704957540008E-03                              
AS G20       2026 09 05 10 11 00.000000  1    0.278459516792E-03                              
AS G21       2026 09 05 10 11 00.000000  1    0.369306588227E-03                              
AS G22       2026 09 05 10 11 00.000000  1    0.742441871419E-04                              
AS G24       2026 09 05 10 11 00.000000  1    0.193679125177E-03                              
AS G25       2026 09 05 10 11 00.000000  1    0.391485843284E-03                              
AS G26       2026 09 05 10 11 00.000000  1   -0.391815405197E-03                              
AS G28       2026 09 05 10 11 00.000000  1   -0.422700309924E-03                              
AS G29       2026 09 05 10 11 00.000000  1   -0.248926487331E-03                              
AS G30       2026 09 05 10 11 00.000000  1    0.353601185771E-03                              
AS G31       2026 09 05 10 11 00.000000  1   -0.122857410921E-03                              
AS G04       2026 09 05 10 11 30.000000  1    0.647355985112E-04                              
AS G05       2026 09 05 10 11 30.000000  1   -0.236545046118E-03                              
AS G06       2026 09 05 10 11 30.000000  1   -0.531823779610E-03                              
AS G07       2026 09 05 10 11 30.000000  1   -0.221883637698E-03                              
AS G09       2026 09 05 10 11 30.000000  1    0.685596981848E-03                              
AS G11       2026 09 05 10 11 30.000000  1   -0.219656796913E-03                              
AS G13       2026 09 05 10 11 30.000000  1    0.438222558094E-03                              
AS G14       2026 09 05 10 11 30.000000  1    0.749970203310E-03                              
AS G15       2026 09 05 10 11 30.000000  1    0.442228913234E-03                              
AS G17       2026 09 05 10 11 30.000000  1   -0.197393252629E-03                              
AS G18       2026 09 05 10 11 30.000000  1   -0.263550838512E-03                              
AS G19       2026 09 05 10 11 30.000000  1    0.704957606000E-03                              
AS G20       2026 09 05 10 11 30.000000  1    0.278459790946E-03                              
AS G21       2026 09 05 10 11 30.000000  1    0.369306363761E-03                              
AS G22       2026 09 05 10 11 30.000000  1    0.742444454671E-04                              
AS G24       2026 09 05 10 11 30.000000  1    0.193679637342E-03                              
AS G25       2026 09 05 10 11 30.000000  1    0.391485744888E-03                              
AS G26       2026 09 05 10 11 30.000000  1   -0.391815445220E-03                              
AS G28       2026 09 05 10 11 30.000000  1   -0.422699989305E-03                              
AS G29       2026 09 05 10 11 30.000000  1   -0.248926247289E-03                              
AS G30       2026 09 05 10 11 30.000000  1    0.353601565930E-03                              
AS G31       2026 09 05 10 11 30.000000  1   -0.122857294715E-03                              
AS G04       2026 09 05 10 12 00.000000  1    0.647356089001E-04                              
AS G05       2026 09 05 10 12 00.000000  1   -0.236545198481E-03                              
AS G06       2026 09 05 10 12 00.000000  1   -0.531823451143E-03                              
AS G07       2026 09 05 10 12 00.000000  1   -0.221883768152E-03                              
AS G09       2026 09 05 10 12 00.000000  1    0.685596719333E-03                              
AS G11       2026 09 05 10 12 00.000000  1   -0.219656439838E-03                              
AS G13       2026 09 05 10 12 00.000000  1    0.438222707278E-03                              
AS G14       2026 09 05 10 12 00.000000  1    0.749970194028E-03                              
AS G15       2026 09 05 10 12 00.000000  1    0.442228984770E-03                              
AS G17       2026 09 05 10 12 00.000000  1   -0.197393427117E-03                              
AS G18       2026 09 05 10 12 00.000000  1   -0.263550577223E-03                              
AS G19       2026 09 05 10 12 00.000000  1    0.704957610773E-03                              
AS G20       2026 09 05 10 12 00.000000  1    0.278460061319E-03                              
AS G21       2026 09 05 10 12 00.000000  1    0.369306137014E-03                              
AS G22       2026 09 05 10 12 00.000000  1    0.742446918433E-04                              
AS G24       2026 09 05 10 12 00.000000  1    0.193680160091E-03                              
AS G25       2026 09 05 10 12 00.000000  1    0.391485633844E-03                              
AS G26       2026 09 05 10 12 00.000000  1   -0.391815482458E-03                              
AS G28       2026 09 05 10 12 00.000000  1   -0.422699672388E-03                              
AS G29       2026 09 05 10 12 00.000000  1   -0.248926088160E-03                              
AS G30       2026 09 05 10 12 00.000000  1    0.353601934534E-03                              
AS G31       2026 09 05 10 12 00.000000  1   -0.122857164542E-03                              
AS G04       2026 09 05 10 12 30.000000  1    0.647356230969E-04                              
AS G05       2026 09 05 10 12 30.000000  1   -0.236545216339E-03                              
AS G06       2026 09 05 10 12 30.000000  1   -0.531823128074E-03                              
AS G07       2026 09 05 10 12 30.000000  1   -0.221884056092E-03                              
AS G09       2026 09 05 10 12 30.000000  1    0.685596451443E-03                              
AS G11       2026 09 05 10 12 30.000000  1   -0.219656072303E-03                              
AS G13       2026 09 05 10 12 30.000000  1    0.438222851511E-03                              
AS G14       2026 09 05 10 12 30.000000  1    0.749970190068E-03                              
AS G15       2026 09 05 10 12 30.000000  1    0.442229001527E-03                              
AS G17       2026 09 05 10 12 30.000000  1   -0.197393670336E-03                              
AS G18       2026 09 05 10 12 30.000000  1   -0.263550304330E-03                              
AS G19       2026 09 05 10 12 30.000000  1    0.704957519978E-03                              
AS G20       2026 09 05 10 12 30.000000  1    0.278460331874E-03                              
AS G21       2026 09 05 10 12 30.000000  1    0.369305912340E-03                              
AS G22       2026 09 05 10 12 30.000000  1    0.742449222953E-04                              
AS G24       2026 09 05 10 12 30.000000  1    0.193680678642E-03                              
AS G25       2026 09 05 10 12 30.000000  1    0.391485540587E-03                              
AS G26       2026 09 05 10 12 30.000000  1   -0.391815532425E-03                              
AS G28       2026 09 05 10 12 30.000000  1   -0.422699349719E-03                              
AS G29       2026 09 05 10 12 30.000000  1   -0.248925927065E-03                              
AS G30       2026 09 05 10 12 30.000000  1    0.353602311519E-03                              
AS G31       2026 09 05 10 12 30.000000  1   -0.122857055173E-03                              
AS G04       2026 09 05 10 13 00.000000  1    0.647356485052E-04                              
AS G05       2026 09 05 10 13 00.000000  1   -0.236544766060E-03                              
AS G06       2026 09 05 10 13 00.000000  1   -0.531822789040E-03                              
AS G07       2026 09 05 10 13 00.000000  1   -0.221884185951E-03                              
AS G09       2026 09 05 10 13 00.000000  1    0.685596191337E-03                              
AS G11       2026 09 05 10 13 00.000000  1   -0.219655702447E-03                              
AS G13       2026 09 05 10 13 00.000000  1    0.438222999170E-03                              
AS G14       2026 09 05 10 13 00.000000  1    0.749970188600E-03                              
AS G15       2026 09 05 10 13 00.000000  1    0.442229029936E-03                              
AS G17       2026 09 05 10 13 00.000000  1   -0.197394095652E-03                              
AS G18       2026 09 05 10 13 00.000000  1   -0.263550040900E-03                              
AS G19       2026 09 05 10 13 00.000000  1    0.704957472255E-03                              
AS G20       2026 09 05 10 13 00.000000  1    0.278460604922E-03                              
AS G21       2026 09 05 10 13 00.000000  1    0.369305668523E-03                              
AS G22       2026 09 05 10 13 00.000000  1    0.742451902446E-04                              
AS G24       2026 09 05 10 13 00.000000  1    0.193681181654E-03                              
AS G25       2026 09 05 10 13 00.000000  1    0.391485441108E-03                              
AS G26       2026 09 05 10 13 00.000000  1   -0.391815567373E-03                              
AS G28       2026 09 05 10 13 00.000000  1   -0.422699025029E-03                              
AS G29       2026 09 05 10 13 00.000000  1   -0.248925704578E-03                              
AS G30       2026 09 05 10 13 00.000000  1    0.353602692751E-03                              
AS G31       2026 09 05 10 13 00.000000  1   -0.122857023838E-03                              
AS G04       2026 09 05 10 13 30.000000  1    0.647356589287E-04                              
AS G05       2026 09 05 10 13 30.000000  1   -0.236544785773E-03                              
AS G06       2026 09 05 10 13 30.000000  1   -0.531822464625E-03                              
AS G07       2026 09 05 10 13 30.000000  1   -0.221884209463E-03                              
AS G09       2026 09 05 10 13 30.000000  1    0.685595928885E-03                              
AS G11       2026 09 05 10 13 30.000000  1   -0.219655344013E-03                              
AS G13       2026 09 05 10 13 30.000000  1    0.438223142900E-03                              
AS G14       2026 09 05 10 13 30.000000  1    0.749970192169E-03                              
AS G15       2026 09 05 10 13 30.000000  1    0.442229091068E-03                              
AS G17       2026 09 05 10 13 30.000000  1   -0.197394095695E-03                              
AS G18       2026 09 05 10 13 30.000000  1   -0.263549765334E-03                              
AS G19       2026 09 05 10 13 30.000000  1    0.704957460286E-03                              
AS G20       2026 09 05 10 13 30.000000  1    0.278460882212E-03                              
AS G21       2026 09 05 10 13 30.000000  1    0.369305430932E-03                              
AS G22       2026 09 05 10 13 30.000000  1    0.742455224547E-04                              
AS G24       2026 09 05 10 13 30.000000  1    0.193681693561E-03                              
AS G25       2026 09 05 10 13 30.000000  1    0.391485335666E-03                              
AS G26       2026 09 05 10 13 30.000000  1   -0.391815615033E-03                              
AS G28       2026 09 05 10 13 30.000000  1   -0.422698708780E-03                              
AS G29       2026 09 05 10 13 30.000000  1   -0.248925492733E-03                              
AS G30       2026 09 05 10 13 30.000000  1    0.353603070337E-03                              
AS G31       2026 09 05 10 13 30.000000  1   -0.122857013118E-03                              
AS G04       2026 09 05 10 14 00.000000  1    0.647356766625E-04                              
AS G05       2026 09 05 10 14 00.000000  1   -0.236544974050E-03                              
AS G06       2026 09 05 10 14 00.000000  1   -0.531822135819E-03                              
AS G07       2026 09 05 10 14 00.000000  1   -0.221884296439E-03                              
AS G09       2026 09 05 10 14 00.000000  1    0.685595671513E-03                              
AS G11       2026 09 05 10 14 00.000000  1   -0.219654972815E-03                              
AS G13       2026 09 05 10 14 00.000000  1    0.438223289895E-03                              
AS G14       2026 09 05 10 14 00.000000  1    0.749970194808E-03                              
AS G15       2026 09 05 10 14 00.000000  1    0.442229295427E-03                              
AS G17       2026 09 05 10 14 00.000000  1   -0.197394154512E-03                              
AS G18       2026 09 05 10 14 00.000000  1   -0.263549505583E-03                              
AS G19       2026 09 05 10 14 00.000000  1    0.704957518437E-03                              
AS G20       2026 09 05 10 14 00.000000  1    0.278461153572E-03                              
AS G21       2026 09 05 10 14 00.000000  1    0.369305199936E-03                              
AS G22       2026 09 05 10 14 00.000000  1    0.742457561818E-04                              
AS G24       2026 09 05 10 14 00.000000  1    0.193682212974E-03                              
AS G25       2026 09 05 10 14 00.000000  1    0.391485239389E-03                              
AS G26       2026 09 05 10 14 00.000000  1   -0.391815641662E-03                              
AS G28       2026 09 05 10 14 00.000000  1   -0.422698372023E-03                              
AS G29       2026 09 05 10 14 00.000000  1   -0.248925198865E-03                              
AS G30       2026 09 05 10 14 00.000000  1    0.353603440328E-03                              
AS G31       2026 09 05 10 14 00.000000  1   -0.122856937040E-03                              
AS G04       2026 09 05 10 14 30.000000  1    0.647356885117E-04                              
AS G05       2026 09 05 10 14 30.000000  1   -0.236545160921E-03                              
AS G06       2026 09 05 10 14 30.000000  1   -0.531821807001E-03                              
AS G07       2026 09 05 10 14 30.000000  1   -0.221884349069E-03                              
AS G09       2026 09 05 10 14 30.000000  1    0.685595418480E-03                              
AS G11       2026 09 05 10 14 30.000000  1   -0.219654604840E-03                              
AS G13       2026 09 05 10 14 30.000000  1    0.438223438586E-03                              
AS G14       2026 09 05 10 14 30.000000  1    0.749970183623E-03                              
AS G15       2026 09 05 10 14 30.000000  1    0.442229383041E-03                              
AS G17       2026 09 05 10 14 30.000000  1   -0.197394290190E-03                              
AS G18       2026 09 05 10 14 30.000000  1   -0.263549247620E-03                              
AS G19       2026 09 05 10 14 30.000000  1    0.704957527338E-03                              
AS G20       2026 09 05 10 14 30.000000  1    0.278461426660E-03                              
AS G21       2026 09 05 10 14 30.000000  1    0.369304964528E-03                              
AS G22       2026 09 05 10 14 30.000000  1    0.742460788545E-04                              
AS G24       2026 09 05 10 14 30.000000  1    0.193682728335E-03                              
AS G25       2026 09 05 10 14 30.000000  1    0.391485130975E-03                              
AS G26       2026 09 05 10 14 30.000000  1   -0.391815683516E-03                              
AS G28       2026 09 05 10 14 30.000000  1   -0.422698053913E-03                              
AS G29       2026 09 05 10 14 30.000000  1   -0.248924936906E-03                              
AS G30       2026 09 05 10 14 30.000000  1    0.353603810176E-03                              
AS G31       2026 09 05 10 14 30.000000  1   -0.122856821721E-03                              
AS G04       2026 09 05 10 15 00.000000  2    0.647356969598E-04  0.146850358893E-11          
AS G05       2026 09 05 10 15 00.000000  2   -0.236544901163E-03  0.164353689827E-11          
AS G06       2026 09 05 10 15 00.000000  2   -0.531821484387E-03  0.144177965438E-11          
AS G07       2026 09 05 10 15 00.000000  2   -0.221884592674E-03  0.154639370510E-11          
AS G09       2026 09 05 10 15 00.000000  2    0.685595160970E-03  0.140051111714E-11          
AS G11       2026 09 05 10 15 00.000000  2   -0.219654242469E-03  0.142618716518E-11          
AS G13       2026 09 05 10 15 00.000000  2    0.438223587496E-03  0.193290876495E-11          
AS G14       2026 09 05 10 15 00.000000  2    0.749970170627E-03  0.211965651981E-11          
AS G15       2026 09 05 10 15 00.000000  2    0.442229453627E-03  0.215039255720E-11          
AS G17       2026 09 05 10 15 00.000000  2   -0.197394470261E-03  0.197320296342E-11          
AS G18       2026 09 05 10 15 00.000000  2   -0.263548978220E-03  0.204338231389E-11          
AS G19       2026 09 05 10 15 00.000000  2    0.704957589873E-03  0.180551135649E-11          
AS G20       2026 09 05 10 15 00.000000  2    0.278461695129E-03  0.186451833493E-11          
AS G21       2026 09 05 10 15 00.000000  2    0.369304730971E-03  0.149373841936E-11          
AS G22       2026 09 05 10 15 00.000000  2    0.742463170505E-04  0.207352994615E-11          
AS G24       2026 09 05 10 15 00.000000  2    0.193683247659E-03  0.227268521117E-11          
AS G25       2026 09 05 10 15 00.000000  2    0.391485039245E-03  0.174016770256E-11          
AS G26       2026 09 05 10 15 00.000000  2   -0.391815720109E-03  0.180333575153E-11          
AS G28       2026 09 05 10 15 00.000000  2   -0.422697729935E-03  0.202436005540E-11          
AS G29       2026 09 05 10 15 00.000000  2   -0.248924611342E-03  0.172374153879E-11          
AS G30       2026 09 05 10 15 00.000000  2    0.353604187472E-03  0.193773573509E-11          
AS G31       2026 09 05 10 15 00.000000  2   -0.122856718917E-03  0.193736217786E-11          
AS G04       2026 09 05 10 15 30.000000  1    0.647357028103E-04                              
AS G05       2026 09 05 10 15 30.000000  1   -0.236544875655E-03                              
AS G06       2026 09 05 10 15 30.000000  1   -0.531821157705E-03                              
AS G07       2026 09 05 10 15 30.000000  1   -0.221884690294E-03                              
AS G09       2026 09 05 10 15 30.000000  1    0.685594896725E-03                              
AS G11       2026 09 05 10 15 30.000000  1   -0.219653891193E-03                              
AS G13       2026 09 05 10 15 30.000000  1    0.438223728789E-03                              
AS G14       2026 09 05 10 15 30.000000  1    0.749970174332E-03                              
AS G15       2026 09 05 10 15 30.000000  1    0.442229575572E-03                              
AS G17       2026 09 05 10 15 30.000000  1   -0.197394650487E-03                              
AS G18       2026 09 05 10 15 30.000000  1   -0.263548710782E-03                              
AS G19       2026 09 05 10 15 30.000000  1    0.704957612415E-03                              
AS G20       2026 09 05 10 15 30.000000  1    0.278461967833E-03                              
AS G21       2026 09 05 10 15 30.000000  1    0.369304488382E-03                              
AS G22       2026 09 05 10 15 30.000000  1    0.742465311047E-04                              
AS G24       2026 09 05 10 15 30.000000  1    0.193683765000E-03                              
AS G25       2026 09 05 10 15 30.000000  1    0.391484924863E-03                              
AS G26       2026 09 05 10 15 30.000000  1   -0.391815761268E-03                              
AS G28       2026 09 05 10 15 30.000000  1   -0.422697407747E-03                              
AS G29       2026 09 05 10 15 30.000000  1   -0.248924314716E-03                              
AS G30       2026 09 05 10 15 30.000000  1    0.353604560569E-03                              
AS G31       2026 09 05 10 15 30.000000  1   -0.122856640522E-03                              
AS G04       2026 09 05 10 16 00.000000  1    0.647357121344E-04                              
AS G05       2026 09 05 10 16 00.000000  1   -0.236544958788E-03                              
AS G06       2026 09 05 10 16 00.000000  1   -0.531820829411E-03                              
AS G07       2026 09 05 10 16 00.000000  1   -0.221884530496E-03                              
AS G09       2026 09 05 10 16 00.000000  1    0.685594632744E-03                              
AS G11       2026 09 05 10 16 00.000000  1   -0.219653538647E-03                              
AS G13       2026 09 05 10 16 00.000000  1    0.438223866764E-03                              
AS G14       2026 09 05 10 16 00.000000  1    0.749970166505E-03                              
AS G15       2026 09 05 10 16 00.000000  1    0.442229638675E-03                              
AS G17       2026 09 05 10 16 00.000000  1   -0.197394772350E-03                              
AS G18       2026 09 05 10 16 00.000000  1   -0.263548450535E-03                              
AS G19       2026 09 05 10 16 00.000000  1    0.704957524447E-03                              
AS G20       2026 09 05 10 16 00.000000  1    0.278462249554E-03                              
AS G21       2026 09 05 10 16 00.000000  1    0.369304242008E-03                              
AS G22       2026 09 05 10 16 00.000000  1    0.742467717934E-04                              
AS G24       2026 09 05 10 16 00.000000  1    0.193684284335E-03                              
AS G25       2026 09 05 10 16 00.000000  1    0.391484821645E-03                              
AS G26       2026 09 05 10 16 00.000000  1   -0.391815802087E-03                              
AS G28       2026 09 05 10 16 00.000000  1   -0.422697089458E-03                              
AS G29       2026 09 05 10 16 00.000000  1   -0.248924090264E-03                              
AS G30       2026 09 05 10 16 00.000000  1    0.353604928454E-03                              
AS G31       2026 09 05 10 16 00.000000  1   -0.122856622167E-03                              
AS G04       2026 09 05 10 16 30.000000  1    0.647357178278E-04                              
AS G05       2026 09 05 10 16 30.000000  1   -0.236544874416E-03                              
AS G06       2026 09 05 10 16 30.000000  1   -0.531820499334E-03                              
AS G07       2026 09 05 10 16 30.000000  1   -0.221884667533E-03                              
AS G09       2026 09 05 10 16 30.000000  1    0.685594362253E-03                              
AS G11       2026 09 05 10 16 30.000000  1   -0.219653171195E-03                              
AS G13       2026 09 05 10 16 30.000000  1    0.438224013344E-03                              
AS G14       2026 09 05 10 16 30.000000  1    0.749970154834E-03                              
AS G15       2026 09 05 10 16 30.000000  1    0.442229706143E-03                              
AS G17       2026 09 05 10 16 30.000000  1   -0.197394922970E-03                              
AS G18       2026 09 05 10 16 30.000000  1   -0.263548185043E-03                              
AS G19       2026 09 05 10 16 30.000000  1    0.704957502952E-03                              
AS G20       2026 09 05 10 16 30.000000  1    0.278462511042E-03                              
AS G21       2026 09 05 10 16 30.000000  1    0.369304006274E-03                              
AS G22       2026 09 05 10 16 30.000000  1    0.742470083353E-04                              
AS G24       2026 09 05 10 16 30.000000  1    0.193684797057E-03                              
AS G25       2026 09 05 10 16 30.000000  1    0.391484714476E-03                              
AS G26       2026 09 05 10 16 30.000000  1   -0.391815842887E-03                              
AS G28       2026 09 05 10 16 30.000000  1   -0.422696764358E-03                              
AS G29       2026 09 05 10 16 30.000000  1   -0.248923877904E-03                              
AS G30       2026 09 05 10 16 30.000000  1    0.353605289390E-03                              
AS G31       2026 09 05 10 16 30.000000  1   -0.122856462118E-03                              
AS G04       2026 09 05 10 17 00.000000  1    0.647357358240E-04                              
AS G05       2026 09 05 10 17 00.000000  1   -0.236544716790E-03                              
AS G06       2026 09 05 10 17 00.000000  1   -0.531820181593E-03                              
AS G07       2026 09 05 10 17 00.000000  1   -0.221884848357E-03                              
AS G09       2026 09 05 10 17 00.000000  1    0.685594103889E-03                              
AS G11       2026 09 05 10 17 00.000000  1   -0.219652809255E-03                              
AS G13       2026 09 05 10 17 00.000000  1    0.438224160186E-03                              
AS G14       2026 09 05 10 17 00.000000  1    0.749970155488E-03                              
AS G15       2026 09 05 10 17 00.000000  1    0.442229715116E-03                              
AS G17       2026 09 05 10 17 00.000000  1   -0.197394923867E-03                              
AS G18       2026 09 05 10 17 00.000000  1   -0.263547915783E-03                              
AS G19       2026 09 05 10 17 00.000000  1    0.704957510369E-03                              
AS G20       2026 09 05 10 17 00.000000  1    0.278462786790E-03                              
AS G21       2026 09 05 10 17 00.000000  1    0.369303765074E-03                              
AS G22       2026 09 05 10 17 00.000000  1    0.742472846522E-04                              
AS G24       2026 09 05 10 17 00.000000  1    0.193685311044E-03                              
AS G25       2026 09 05 10 17 00.000000  1    0.391484596409E-03                              
AS G26       2026 09 05 10 17 00.000000  1   -0.391815880707E-03                              
AS G28       2026 09 05 10 17 00.000000  1   -0.422696437815E-03                              
AS G29       2026 09 05 10 17 00.000000  1   -0.248923655403E-03                              
AS G30       2026 09 05 10 17 00.000000  1    0.353605661873E-03                              
AS G31       2026 09 05 10 17 00.000000  1   -0.122856276319E-03                              
AS G04       2026 09 05 10 17 30.000000  1    0.647357466471E-04                              
AS G05       2026 09 05 10 17 30.000000  1   -0.236544817423E-03                              
AS G06       2026 09 05 10 17 30.000000  1   -0.531819858451E-03                              
AS G07       2026 09 05 10 17 30.000000  1   -0.221884961376E-03                              
AS G09       2026 09 05 10 17 30.000000  1    0.685593843986E-03                              
AS G11       2026 09 05 10 17 30.000000  1   -0.219652455775E-03                              
AS G13       2026 09 05 10 17 30.000000  1    0.438224304853E-03                              
AS G14       2026 09 05 10 17 30.000000  1    0.749970153190E-03                              
AS G15       2026 09 05 10 17 30.000000  1    0.442229821864E-03                              
AS G17       2026 09 05 10 17 30.000000  1   -0.197395009608E-03                              
AS G18       2026 09 05 10 17 30.000000  1   -0.263547654878E-03                              
AS G19       2026 09 05 10 17 30.000000  1    0.704957530035E-03                              
AS G20       2026 09 05 10 17 30.000000  1    0.278463059292E-03                              
AS G21       2026 09 05 10 17 30.000000  1    0.369303515513E-03                              
AS G22       2026 09 05 10 17 30.000000  1    0.742474677463E-04                              
AS G24       2026 09 05 10 17 30.000000  1    0.193685834687E-03                              
AS G25       2026 09 05 10 17 30.000000  1    0.391484501469E-03                              
AS G26       2026 09 05 10 17 30.000000  1   -0.391815924837E-03                              
AS G28       2026 09 05 10 17 30.000000  1   -0.422696114732E-03                              
AS G29       2026 09 05 10 17 30.000000  1   -0.248923341495E-03                              
AS G30       2026 09 05 10 17 30.000000  1    0.353606026882E-03                              
AS G31       2026 09 05 10 17 30.000000  1   -0.122856147743E-03                              
AS G04       2026 09 05 10 18 00.000000  1    0.647357710282E-04                              
AS G05       2026 09 05 10 18 00.000000  1   -0.236544746770E-03                              
AS G06       2026 09 05 10 18 00.000000  1   -0.531819531323E-03                              
AS G07       2026 09 05 10 18 00.000000  1   -0.221885104032E-03                              
AS G09       2026 09 05 10 18 00.000000  1    0.685593580394E-03                              
AS G11       2026 09 05 10 18 00.000000  1   -0.219652085483E-03                              
AS G13       2026 09 05 10 18 00.000000  1    0.438224460545E-03                              
AS G14       2026 09 05 10 18 00.000000  1    0.749970137798E-03                              
AS G15       2026 09 05 10 18 00.000000  1    0.442229983071E-03                              
AS G17       2026 09 05 10 18 00.000000  1   -0.197395162152E-03                              
AS G18       2026 09 05 10 18 00.000000  1   -0.263547373702E-03                              
AS G19       2026 09 05 10 18 00.000000  1    0.704957505436E-03                              
AS G20       2026 09 05 10 18 00.000000  1    0.278463329320E-03                              
AS G21       2026 09 05 10 18 00.000000  1    0.369303275576E-03                              
AS G22       2026 09 05 10 18 00.000000  1    0.742477380848E-04                              
AS G24       2026 09 05 10 18 00.000000  1    0.193686354325E-03                              
AS G25       2026 09 05 10 18 00.000000  1    0.391484398165E-03                              
AS G26       2026 09 05 10 18 00.000000  1   -0.391815967187E-03                              
AS G28       2026 09 05 10 18 00.000000  1   -0.422695792175E-03                              
AS G29       2026 09 05 10 18 00.000000  1   -0.248923317438E-03                              
AS G30       2026 09 05 10 18 00.000000  1    0.353606402829E-03                              
AS G31       2026 09 05 10 18 00.000000  1   -0.122856101735E-03                              
AS G04       2026 09 05 10 18 30.000000  1    0.647357716141E-04                              
AS G05       2026 09 05 10 18 30.000000  1   -0.236544873093E-03                              
AS G06       2026 09 05 10 18 30.000000  1   -0.531819193181E-03                              
AS G07       2026 09 05 10 18 30.000000  1   -0.221885273649E-03                              
AS G09       2026 09 05 10 18 30.000000  1    0.685593316045E-03                              
AS G11       2026 09 05 10 18 30.000000  1   -0.219651737508E-03                              
AS G13       2026 09 05 10 18 30.000000  1    0.438224598034E-03                              
AS G14       2026 09 05 10 18 30.000000  1    0.749970131761E-03                              
AS G15       2026 09 05 10 18 30.000000  1    0.442230055706E-03                              
AS G17       2026 09 05 10 18 30.000000  1   -0.197395358681E-03                              
AS G18       2026 09 05 10 18 30.000000  1   -0.263547118031E-03                              
AS G19       2026 09 05 10 18 30.000000  1    0.704957553901E-03                              
AS G20       2026 09 05 10 18 30.000000  1    0.278463597952E-03                              
AS G21       2026 09 05 10 18 30.000000  1    0.369303049729E-03                              
AS G22       2026 09 05 10 18 30.000000  1    0.742480164267E-04                              
AS G24       2026 09 05 10 18 30.000000  1    0.193686856837E-03                              
AS G25       2026 09 05 10 18 30.000000  1    0.391484288324E-03                              
AS G26       2026 09 05 10 18 30.000000  1   -0.391816005165E-03                              
AS G28       2026 09 05 10 18 30.000000  1   -0.422695477723E-03                              
AS G29       2026 09 05 10 18 30.000000  1   -0.248923083403E-03                              
AS G30       2026 09 05 10 18 30.000000  1    0.353606768989E-03                              
AS G31       2026 09 05 10 18 30.000000  1   -0.122856197608E-03                              
AS G04       2026 09 05 10 19 00.000000  1    0.647357741827E-04                              
AS G05       2026 09 05 10 19 00.000000  1   -0.236544909246E-03                              
AS G06       2026 09 05 10 19 00.000000  1   -0.531818860424E-03                              
AS G07       2026 09 05 10 19 00.000000  1   -0.221885436606E-03                              
AS G09       2026 09 05 10 19 00.000000  1    0.685593050839E-03                              
AS G11       2026 09 05 10 19 00.000000  1   -0.219651378809E-03                              
AS G13       2026 09 05 10 19 00.000000  1    0.438224752433E-03                              
AS G14       2026 09 05 10 19 00.000000  1    0.749970128583E-03                              
AS G15       2026 09 05 10 19 00.000000  1    0.442230165155E-03                              
AS G17       2026 09 05 10 19 00.000000  1   -0.197395410265E-03                              
AS G18       2026 09 05 10 19 00.000000  1   -0.263546851421E-03                              
AS G19       2026 09 05 10 19 00.000000  1    0.704957595372E-03                              
AS G20       2026 09 05 10 19 00.000000  1    0.278463875883E-03                              
AS G21       2026 09 05 10 19 00.000000  1    0.369302826213E-03                              
AS G22       2026 09 05 10 19 00.000000  1    0.742483235458E-04                              
AS G24       2026 09 05 10 19 00.000000  1    0.193687370757E-03                              
AS G25       2026 09 05 10 19 00.000000  1    0.391484186891E-03                              
AS G26       2026 09 05 10 19 00.000000  1   -0.391816050655E-03                              
AS G28       2026 09 05 10 19 00.000000  1   -0.422695155007E-03                              
AS G29       2026 09 05 10 19 00.000000  1   -0.248922951546E-03                              
AS G30       2026 09 05 10 19 00.000000  1    0.353607144318E-03                              
AS G31       2026 09 05 10 19 00.000000  1   -0.122855991521E-03                              
AS G04       2026 09 05 10 19 30.000000  1    0.647357789170E-04                              
AS G05       2026 09 05 10 19 30.000000  1   -0.236545072952E-03                              
AS G06       2026 09 05 10 19 30.000000  1   -0.531818531953E-03                              
AS G07       2026 09 05 10 19 30.000000  1   -0.221885492922E-03                              
AS G09       2026 09 05 10 19 30.000000  1    0.685592782372E-03                              
AS G11       2026 09 05 10 19 30.000000  1   -0.219651028735E-03                              
AS G13       2026 09 05 10 19 30.000000  1    0.438224898202E-03                              
AS G14       2026 09 05 10 19 30.000000  1    0.749970115007E-03                              
AS G15       2026 09 05 10 19 30.000000  1    0.442230271382E-03                              
AS G17       2026 09 05 10 19 30.000000  1   -0.197395404368E-03                              
AS G18       2026 09 05 10 19 30.000000  1   -0.263546592484E-03                              
AS G19       2026 09 05 10 19 30.000000  1    0.704957576630E-03                              
AS G20       2026 09 05 10 19 30.000000  1    0.278464148636E-03                              
AS G21       2026 09 05 10 19 30.000000  1    0.369302594789E-03                              
AS G22       2026 09 05 10 19 30.000000  1    0.742486279973E-04                              
AS G24       2026 09 05 10 19 30.000000  1    0.193687887438E-03                              
AS G25       2026 09 05 10 19 30.000000  1    0.391484075099E-03                              
AS G26       2026 09 05 10 19 30.000000  1   -0.391816086702E-03                              
AS G28       2026 09 05 10 19 30.000000  1   -0.422694840863E-03                              
AS G29       2026 09 05 10 19 30.000000  1   -0.248922809841E-03                              
AS G30       2026 09 05 10 19 30.000000  1    0.353607511413E-03                              
AS G31       2026 09 05 10 19 30.000000  1   -0.122855753917E-03                              
AS G04       2026 09 05 10 20 00.000000  2    0.647357882256E-04  0.148531742331E-11          
AS G05       2026 09 05 10 20 00.000000  2   -0.236545044401E-03  0.162990676905E-11          
AS G06       2026 09 05 10 20 00.000000  2   -0.531818211417E-03  0.144981904751E-11          
AS G07       2026 09 05 10 20 00.000000  2   -0.221885614311E-03  0.153096851729E-11          
AS G09       2026 09 05 10 20 00.000000  2    0.685592516612E-03  0.140170785400E-11          
AS G11       2026 09 05 10 20 00.000000  2   -0.219650672162E-03  0.142761645090E-11          
AS G13       2026 09 05 10 20 00.000000  2    0.438225040570E-03  0.196701607907E-11          
AS G14       2026 09 05 10 20 00.000000  2    0.749970092024E-03  0.212177715117E-11          
AS G15       2026 09 05 10 20 00.000000  2    0.442230369006E-03  0.214097872878E-11          
AS G17       2026 09 05 10 20 00.000000  2   -0.197395490416E-03  0.198695032995E-11          
AS G18       2026 09 05 10 20 00.000000  2   -0.263546326369E-03  0.204021151307E-11          
AS G19       2026 09 05 10 20 00.000000  2    0.704957649519E-03  0.182157835847E-11          
AS G20       2026 09 05 10 20 00.000000  2    0.278464428326E-03  0.185305917538E-11          
AS G21       2026 09 05 10 20 00.000000  2    0.369302357635E-03  0.148526832734E-11          
AS G22       2026 09 05 10 20 00.000000  2    0.742489331817E-04  0.207509128969E-11          
AS G24       2026 09 05 10 20 00.000000  2    0.193688396826E-03  0.226154739480E-11          
AS G25       2026 09 05 10 20 00.000000  2    0.391483970476E-03  0.174888302736E-11          
AS G26       2026 09 05 10 20 00.000000  2   -0.391816132803E-03  0.181249828705E-11          
AS G28       2026 09 05 10 20 00.000000  2   -0.422694519382E-03  0.202314102737E-11          
AS G29       2026 09 05 10 20 00.000000  2   -0.248922560693E-03  0.170614245053E-11          
AS G30       2026 09 05 10 20 00.000000  2    0.353607872466E-03  0.190825958800E-11          
AS G31       2026 09 05 10 20 00.000000  2   -0.122855767792E-03  0.195315126511E-11          
AS G04       2026 09 05 10 20 30.000000  1    0.647357987951E-04                              
AS G05       2026 09 05 10 20 30.000000  1   -0.236545089502E-03                              
AS G06       2026 09 05 10 20 30.000000  1   -0.531817877357E-03                              
AS G07       2026 09 05 10 20 30.000000  1   -0.221885564670E-03                              
AS G09       2026 09 05 10 20 30.000000  1    0.685592259835E-03                              
AS G11       2026 09 05 10 20 30.000000  1   -0.219650308285E-03                              
AS G13       2026 09 05 10 20 30.000000  1    0.438225185136E-03                              
AS G14       2026 09 05 10 20 30.000000  1    0.749970090158E-03                              
AS G15       2026 09 05 10 20 30.000000  1    0.442230375325E-03                              
AS G17       2026 09 05 10 20 30.000000  1   -0.197395544121E-03                              
AS G18       2026 09 05 10 20 30.000000  1   -0.263546068022E-03                              
AS G19       2026 09 05 10 20 30.000000  1    0.704957714585E-03                              
AS G20       2026 09 05 10 20 30.000000  1    0.278464702046E-03                              
AS G21       2026 09 05 10 20 30.000000  1    0.369302115117E-03                              
AS G22       2026 09 05 10 20 30.000000  1    0.742491636672E-04                              
AS G24       2026 09 05 10 20 30.000000  1    0.193688919377E-03                              
AS G25       2026 09 05 10 20 30.000000  1    0.391483873024E-03                              
AS G26       2026 09 05 10 20 30.000000  1   -0.391816157592E-03                              
AS G28       2026 09 05 10 20 30.000000  1   -0.422694195288E-03                              
AS G29       2026 09 05 10 20 30.000000  1   -0.248922387363E-03                              
AS G30       2026 09 05 10 20 30.000000  1    0.353608255346E-03                              
AS G31       2026 09 05 10 20 30.000000  1   -0.122855635787E-03                              
AS G04       2026 09 05 10 21 00.000000  1    0.647358087047E-04                              
AS G05       2026 09 05 10 21 00.000000  1   -0.236545213600E-03                              
AS G06       2026 09 05 10 21 00.000000  1   -0.531817555696E-03                              
AS G07       2026 09 05 10 21 00.000000  1   -0.221885646722E-03                              
AS G09       2026 09 05 10 21 00.000000  1    0.685591999877E-03                              
AS G11       2026 09 05 10 21 00.000000  1   -0.219649943163E-03                              
AS G13       2026 09 05 10 21 00.000000  1    0.438225331000E-03                              
AS G14       2026 09 05 10 21 00.000000  1    0.749970090105E-03                              
AS G15       2026 09 05 10 21 00.000000  1    0.442230455058E-03                              
AS G17       2026 09 05 10 21 00.000000  1   -0.197395625752E-03                              
AS G18       2026 09 05 10 21 00.000000  1   -0.263545802258E-03                              
AS G19       2026 09 05 10 21 00.000000  1    0.704957692911E-03                              
AS G20       2026 09 05 10 21 00.000000  1    0.278464982898E-03                              
AS G21       2026 09 05 10 21 00.000000  1    0.369301873844E-03                              
AS G22       2026 09 05 10 21 00.000000  1    0.742493753320E-04                              
AS G24       2026 09 05 10 21 00.000000  1    0.193689434896E-03                              
AS G25       2026 09 05 10 21 00.000000  1    0.391483767430E-03                              
AS G26       2026 09 05 10 21 00.000000  1   -0.391816211909E-03                              
AS G28       2026 09 05 10 21 00.000000  1   -0.422693867698E-03                              
AS G29       2026 09 05 10 21 00.000000  1   -0.248922178586E-03                              
AS G30       2026 09 05 10 21 00.000000  1    0.353608618680E-03                              
AS G31       2026 09 05 10 21 00.000000  1   -0.122855533608E-03                              
AS G04       2026 09 05 10 21 30.000000  1    0.647358236633E-04                              
AS G05       2026 09 05 10 21 30.000000  1   -0.236545362771E-03                              
AS G06       2026 09 05 10 21 30.000000  1   -0.531817231989E-03                              
AS G07       2026 09 05 10 21 30.000000  1   -0.221885704512E-03                              
AS G09       2026 09 05 10 21 30.000000  1    0.685591739205E-03                              
AS G11       2026 09 05 10 21 30.000000  1   -0.219649576329E-03                              
AS G13       2026 09 05 10 21 30.000000  1    0.438225477595E-03                              
AS G14       2026 09 05 10 21 30.000000  1    0.749970082834E-03                              
AS G15       2026 09 05 10 21 30.000000  1    0.442230509444E-03                              
AS G17       2026 09 05 10 21 30.000000  1   -0.197395780613E-03                              
AS G18       2026 09 05 10 21 30.000000  1   -0.263545527708E-03                              
AS G19       2026 09 05 10 21 30.000000  1    0.704957609066E-03                              
AS G20       2026 09 05 10 21 30.000000  1    0.278465250840E-03                              
AS G21       2026 09 05 10 21 30.000000  1    0.369301639100E-03                              
AS G22       2026 09 05 10 21 30.000000  1    0.742496143694E-04                              
AS G24       2026 09 05 10 21 30.000000  1    0.193689953868E-03                              
AS G25       2026 09 05 10 21 30.000000  1    0.391483670377E-03                              
AS G26       2026 09 05 10 21 30.000000  1   -0.391816250887E-03                              
AS G28       2026 09 05 10 21 30.000000  1   -0.422693551315E-03                              
AS G29       2026 09 05 10 21 30.000000  1   -0.248921806098E-03                              
AS G30       2026 09 05 10 21 30.000000  1    0.353608986502E-03                              
AS G31       2026 09 05 10 21 30.000000  1   -0.122855422155E-03                              
AS G04       2026 09 05 10 22 00.000000  1    0.647358343640E-04                              
AS G05       2026 09 05 10 22 00.000000  1   -0.236545011619E-03                              
AS G06       2026 09 05 10 22 00.000000  1   -0.531816895091E-03                              
AS G07       2026 09 05 10 22 00.000000  1   -0.221885812688E-03                              
AS G09       2026 09 05 10 22 00.000000  1    0.685591474239E-03                              
AS G11       2026 09 05 10 22 00.000000  1   -0.219649212964E-03                              
AS G13       2026 09 05 10 22 00.000000  1    0.438225631717E-03                              
AS G14       2026 09 05 10 22 00.000000  1    0.749970087298E-03                              
AS G15       2026 09 05 10 22 00.000000  1    0.442230744679E-03                              
AS G17       2026 09 05 10 22 00.000000  1   -0.197395857272E-03                              
AS G18       2026 09 05 10 22 00.000000  1   -0.263545265981E-03                              
AS G19       2026 09 05 10 22 00.000000  1    0.704957567917E-03                              
AS G20       2026 09 05 10 22 00.000000  1    0.278465533978E-03                              
AS G21       2026 09 05 10 22 00.000000  1    0.369301402702E-03                              
AS G22       2026 09 05 10 22 00.000000  1    0.742499187895E-04                              
AS G24       2026 09 05 10 22 00.000000  1    0.193690474340E-03                              
AS G25       2026 09 05 10 22 00.000000  1    0.391483565086E-03                              
AS G26       2026 09 05 10 22 00.000000  1   -0.391816296051E-03                              
AS G28       2026 09 05 10 22 00.000000  1   -0.422693223590E-03                              
AS G29       2026 09 05 10 22 00.000000  1   -0.248921643126E-03                              
AS G30       2026 09 05 10 22 00.000000  1    0.353609358051E-03                              
AS G31       2026 09 05 10 22 00.000000  1   -0.122855473516E-03                              
AS G04       2026 09 05 10 22 30.000000  1    0.647358470877E-04                              
AS G05       2026 09 05 10 22 30.000000  1   -0.236545125514E-03                              
AS G06       2026 09 05 10 22 30.000000  1   -0.531816575135E-03                              
AS G07       2026 09 05 10 22 30.000000  1   -0.221885962142E-03                              
AS G09       2026 09 05 10 22 30.000000  1    0.685591214101E-03                              
AS G11       2026 09 05 10 22 30.000000  1   -0.219648860467E-03                              
AS G13       2026 09 05 10 22 30.000000  1    0.438225778047E-03                              
AS G14       2026 09 05 10 22 30.000000  1    0.749970076450E-03                              
AS G15       2026 09 05 10 22 30.000000  1    0.442230822552E-03                              
AS G17       2026 09 05 10 22 30.000000  1   -0.197395994055E-03                              
AS G18       2026 09 05 10 22 30.000000  1   -0.263545010084E-03                              
AS G19       2026 09 05 10 22 30.000000  1    0.704957576298E-03                              
AS G20       2026 09 05 10 22 30.000000  1    0.278465807526E-03                              
AS G21       2026 09 05 10 22 30.000000  1    0.369301157798E-03                              
AS G22       2026 09 05 10 22 30.000000  1    0.742501680793E-04                              
AS G24       2026 09 05 10 22 30.000000  1    0.193690993357E-03                              
AS G25       2026 09 05 10 22 30.000000  1    0.391483466065E-03                              
AS G26       2026 09 05 10 22 30.000000  1   -0.391816332764E-03                              
AS G28       2026 09 05 10 22 30.000000  1   -0.422692905220E-03                              
AS G29       2026 09 05 10 22 30.000000  1   -0.248921409154E-03                              
AS G30       2026 09 05 10 22 30.000000  1    0.353609732826E-03                              
AS G31       2026 09 05 10 22 30.000000  1   -0.122855397943E-03                              
AS G04       2026 09 05 10 23 00.000000  1    0.647358542109E-04                              
AS G05       2026 09 05 10 23 00.000000  1   -0.236545233024E-03                              
AS G06       2026 09 05 10 23 00.000000  1   -0.531816247948E-03                              
AS G07       2026 09 05 10 23 00.000000  1   -0.221885971664E-03                              
AS G09       2026 09 05 10 23 00.000000  1    0.685590942952E-03                              
AS G11       2026 09 05 10 23 00.000000  1   -0.219648503115E-03                              
AS G13       2026 09 05 10 23 00.000000  1    0.438225927188E-03                              
AS G14       2026 09 05 10 23 00.000000  1    0.749970077908E-03                              
AS G15       2026 09 05 10 23 00.000000  1    0.442230848318E-03                              
AS G17       2026 09 05 10 23 00.000000  1   -0.197396036701E-03                              
AS G18       2026 09 05 10 23 00.000000  1   -0.263544751140E-03                              
AS G19       2026 09 05 10 23 00.000000  1    0.704957585252E-03                              
AS G20       2026 09 05 10 23 00.000000  1    0.278466078141E-03                              
AS G21       2026 09 05 10 23 00.000000  1    0.369300914828E-03                              
AS G22       2026 09 05 10 23 00.000000  1    0.742504762426E-04                              
AS G24       2026 09 05 10 23 00.000000  1    0.193691505600E-03                              
AS G25       2026 09 05 10 23 00.000000  1    0.391483359367E-03                              
AS G26       2026 09 05 10 23 00.000000  1   -0.391816377807E-03                              
AS G28       2026 09 05 10 23 00.000000  1   -0.422692584039E-03                              
AS G29       2026 09 05 10 23 00.000000  1   -0.248921040740E-03                              
AS G30       2026 09 05 10 23 00.000000  1    0.353610098721E-03                              
AS G31       2026 09 05 10 23 00.000000  1   -0.122855271352E-03                              
AS G04       2026 09 05 10 23 30.000000  1    0.647358582493E-04                              
AS G05       2026 09 05 10 23 30.000000  1   -0.236545047429E-03                              
AS G06       2026 09 05 10 23 30.000000  1   -0.531815924040E-03                              
AS G07       2026 09 05 10 23 30.000000  1   -0.221886075438E-03                              
AS G09       2026 09 05 10 23 30.000000  1    0.685590680375E-03                              
AS G11       2026 09 05 10 23 30.000000  1   -0.219648139638E-03                              
AS G13       2026 09 05 10 23 30.000000  1    0.438226073304E-03                              
AS G14       2026 09 05 10 23 30.000000  1    0.749970074540E-03                              
AS G15       2026 09 05 10 23 30.000000  1    0.442230990774E-03                              
AS G17       2026 09 05 10 23 30.000000  1   -0.197396090993E-03                              
AS G18       2026 09 05 10 23 30.000000  1   -0.263544497711E-03                              
AS G19       2026 09 05 10 23 30.000000  1    0.704957626994E-03                              
AS G20       2026 09 05 10 23 30.000000  1    0.278466348461E-03                              
AS G21       2026 09 05 10 23 30.000000  1    0.369300677534E-03                              
AS G22       2026 09 05 10 23 30.000000  1    0.742507405788E-04                              
AS G24       2026 09 05 10 23 30.000000  1    0.193692022079E-03                              
AS G25       2026 09 05 10 23 30.000000  1    0.391483245532E-03                              
AS G26       2026 09 05 10 23 30.000000  1   -0.391816419608E-03                              
AS G28       2026 09 05 10 23 30.000000  1   -0.422692266945E-03                              
AS G29       2026 09 05 10 23 30.000000  1   -0.248920822385E-03                              
AS G30       2026 09 05 10 23 30.000000  1    0.353610464379E-03                              
AS G31       2026 09 05 10 23 30.000000  1   -0.122855154920E-03                              
AS G04       2026 09 05 10 24 00.000000  1    0.647358785501E-04                              
AS G05       2026 09 05 10 24 00.000000  1   -0.236544847673E-03                              
AS G06       2026 09 05 10 24 00.000000  1   -0.531815585747E-03                              
AS G07       2026 09 05 10 24 00.000000  1   -0.221886137674E-03                              
AS G09       2026 09 05 10 24 00.000000  1    0.685590410979E-03                              
AS G11       2026 09 05 10 24 00.000000  1   -0.219647785845E-03                              
AS G13       2026 09 05 10 24 00.000000  1    0.438226222083E-03                              
AS G14       2026 09 05 10 24 00.000000  1    0.749970059153E-03                              
AS G15       2026 09 05 10 24 00.000000  1    0.442231109079E-03                              
AS G17       2026 09 05 10 24 00.000000  1   -0.197396228781E-03                              
AS G18       2026 09 05 10 24 00.000000  1   -0.263544228736E-03                              
AS G19       2026 09 05 10 24 00.000000  1    0.704957757728E-03                              
AS G20       2026 09 05 10 24 00.000000  1    0.278466624895E-03                              
AS G21       2026 09 05 10 24 00.000000  1    0.369300447284E-03                              
AS G22       2026 09 05 10 24 00.000000  1    0.742510988691E-04                              
AS G24       2026 09 05 10 24 00.000000  1    0.193692542587E-03                              
AS G25       2026 09 05 10 24 00.000000  1    0.391483145509E-03                              
AS G26       2026 09 05 10 24 00.000000  1   -0.391816459495E-03                              
AS G28       2026 09 05 10 24 00.000000  1   -0.422691957558E-03                              
AS G29       2026 09 05 10 24 00.000000  1   -0.248920595967E-03                              
AS G30       2026 09 05 10 24 00.000000  1    0.353610844180E-03                              
AS G31       2026 09 05 10 24 00.000000  1   -0.122855109918E-03                              
AS G04       2026 09 05 10 24 30.000000  1    0.647358837600E-04                              
AS G05       2026 09 05 10 24 30.000000  1   -0.236544959178E-03                              
AS G06       2026 09 05 10 24 30.000000  1   -0.531815267732E-03                              
AS G07       2026 09 05 10 24 30.000000  1   -0.221886223992E-03                              
AS G09       2026 09 05 10 24 30.000000  1    0.685590148776E-03                              
AS G11       2026 09 05 10 24 30.000000  1   -0.219647420086E-03                              
AS G13       2026 09 05 10 24 30.000000  1    0.438226365057E-03                              
AS G14       2026 09 05 10 24 30.000000  1    0.749970054885E-03                              
AS G15       2026 09 05 10 24 30.000000  1    0.442231205639E-03                              
AS G17       2026 09 05 10 24 30.000000  1   -0.197396355396E-03                              
AS G18       2026 09 05 10 24 30.000000  1   -0.263543962756E-03                              
AS G19       2026 09 05 10 24 30.000000  1    0.704957761547E-03                              
AS G20       2026 09 05 10 24 30.000000  1    0.278466900065E-03                              
AS G21       2026 09 05 10 24 30.000000  1    0.369300209640E-03                              
AS G22       2026 09 05 10 24 30.000000  1    0.742513247311E-04                              
AS G24       2026 09 05 10 24 30.000000  1    0.193693061272E-03                              
AS G25       2026 09 05 10 24 30.000000  1    0.391483033687E-03                              
AS G26       2026 09 05 10 24 30.000000  1   -0.391816497055E-03                              
AS G28       2026 09 05 10 24 30.000000  1   -0.422691640623E-03                              
AS G29       2026 09 05 10 24 30.000000  1   -0.248920486956E-03                              
AS G30       2026 09 05 10 24 30.000000  1    0.353611208260E-03                              
AS G31       2026 09 05 10 24 30.000000  1   -0.122854979015E-03                              
AS G04       2026 09 05 10 25 00.000000  2    0.647358908057E-04  0.149036765359E-11          
AS G05       2026 09 05 10 25 00.000000  2   -0.236545177566E-03  0.161629378027E-11          
AS G06       2026 09 05 10 25 00.000000  2   -0.531814945935E-03  0.145580612263E-11          
AS G07       2026 09 05 10 25 00.000000  2   -0.221886493796E-03  0.152106372184E-11          
AS G09       2026 09 05 10 25 00.000000  2    0.685589879777E-03  0.140209151413E-11          
AS G11       2026 09 05 10 25 00.000000  2   -0.219647055943E-03  0.142551100678E-11          
AS G13       2026 09 05 10 25 00.000000  2    0.438226510547E-03  0.200762366906E-11          
AS G14       2026 09 05 10 25 00.000000  2    0.749970053122E-03  0.213616725829E-11          
AS G15       2026 09 05 10 25 00.000000  2    0.442231148534E-03  0.212298378249E-11          
AS G17       2026 09 05 10 25 00.000000  2   -0.197396855468E-03  0.199702470067E-11          
AS G18       2026 09 05 10 25 00.000000  2   -0.263543696783E-03  0.205542361693E-11          
AS G19       2026 09 05 10 25 00.000000  2    0.704957721842E-03  0.183243842967E-11          
AS G20       2026 09 05 10 25 00.000000  2    0.278467166132E-03  0.183970544164E-11          
AS G21       2026 09 05 10 25 00.000000  2    0.369299965003E-03  0.147658226042E-11          
AS G22       2026 09 05 10 25 00.000000  2    0.742514489499E-04  0.209898495769E-11          
AS G24       2026 09 05 10 25 00.000000  2    0.193693561640E-03  0.226502797646E-11          
AS G25       2026 09 05 10 25 00.000000  2    0.391482917525E-03  0.176409302341E-11          
AS G26       2026 09 05 10 25 00.000000  2   -0.391816536355E-03  0.181603579143E-11          
AS G28       2026 09 05 10 25 00.000000  2   -0.422691312817E-03  0.204660028753E-11          
AS G29       2026 09 05 10 25 00.000000  2   -0.248920287781E-03  0.168724512357E-11          
AS G30       2026 09 05 10 25 00.000000  2    0.353611573710E-03  0.188291008285E-11          
AS G31       2026 09 05 10 25 00.000000  2   -0.122854837956E-03  0.197379289082E-11          
AS G04       2026 09 05 10 25 30.000000  1    0.647358909299E-04                              
AS G05       2026 09 05 10 25 30.000000  1   -0.236545159315E-03                              
AS G06       2026 09 05 10 25 30.000000  1   -0.531814627689E-03                              
AS G07       2026 09 05 10 25 30.000000  1   -0.221886677991E-03                              
AS G09       2026 09 05 10 25 30.000000  1    0.685589614483E-03                              
AS G11       2026 09 05 10 25 30.000000  1   -0.219646692461E-03                              
AS G13       2026 09 05 10 25 30.000000  1    0.438226652194E-03                              
AS G14       2026 09 05 10 25 30.000000  1    0.749970039713E-03                              
AS G15       2026 09 05 10 25 30.000000  1    0.442231210516E-03                              
AS G17       2026 09 05 10 25 30.000000  1   -0.197396896425E-03                              
AS G18       2026 09 05 10 25 30.000000  1   -0.263543429976E-03                              
AS G19       2026 09 05 10 25 30.000000  1    0.704957741982E-03                              
AS G20       2026 09 05 10 25 30.000000  1    0.278467432489E-03                              
AS G21       2026 09 05 10 25 30.000000  1    0.369299714816E-03                              
AS G22       2026 09 05 10 25 30.000000  1    0.742516360624E-04                              
AS G24       2026 09 05 10 25 30.000000  1    0.193694073174E-03                              
AS G25       2026 09 05 10 25 30.000000  1    0.391482811853E-03                              
AS G26       2026 09 05 10 25 30.000000  1   -0.391816580583E-03                              
AS G28       2026 09 05 10 25 30.000000  1   -0.422690991048E-03                              
AS G29       2026 09 05 10 25 30.000000  1   -0.248920084247E-03                              
AS G30       2026 09 05 10 25 30.000000  1    0.353611947537E-03                              
AS G31       2026 09 05 10 25 30.000000  1   -0.122854855052E-03                              
AS G04       2026 09 05 10 26 00.000000  1    0.647358983052E-04                              
AS G05       2026 09 05 10 26 00.000000  1   -0.236545215594E-03                              
AS G06       2026 09 05 10 26 00.000000  1   -0.531814298244E-03                              
AS G07       2026 09 05 10 26 00.000000  1   -0.221886748474E-03                              
AS G09       2026 09 05 10 26 00.000000  1    0.685589347383E-03                              
AS G11       2026 09 05 10 26 00.000000  1   -0.219646323857E-03                              
AS G13       2026 09 05 10 26 00.000000  1    0.438226794899E-03                              
AS G14       2026 09 05 10 26 00.000000  1    0.749970036005E-03                              
AS G15       2026 09 05 10 26 00.000000  1    0.442231343035E-03                              
AS G17       2026 09 05 10 26 00.000000  1   -0.197397033599E-03                              
AS G18       2026 09 05 10 26 00.000000  1   -0.263543163648E-03                              
AS G19       2026 09 05 10 26 00.000000  1    0.704957692080E-03                              
AS G20       2026 09 05 10 26 00.000000  1    0.278467706593E-03                              
AS G21       2026 09 05 10 26 00.000000  1    0.369299486779E-03                              
AS G22       2026 09 05 10 26 00.000000  1    0.742518736857E-04                              
AS G24       2026 09 05 10 26 00.000000  1    0.193694594209E-03                              
AS G25       2026 09 05 10 26 00.000000  1    0.391482693118E-03                              
AS G26       2026 09 05 10 26 00.000000  1   -0.391816619206E-03                              
AS G28       2026 09 05 10 26 00.000000  1   -0.422690676209E-03                              
AS G29       2026 09 05 10 26 00.000000  1   -0.248919956358E-03                              
AS G30       2026 09 05 10 26 00.000000  1    0.353612309609E-03                              
AS G31       2026 09 05 10 26 00.000000  1   -0.122854824979E-03                              
AS G04       2026 09 05 10 26 30.000000  1    0.647359100679E-04                              
AS G05       2026 09 05 10 26 30.000000  1   -0.236545284899E-03                              
AS G06       2026 09 05 10 26 30.000000  1   -0.531813971525E-03                              
AS G07       2026 09 05 10 26 30.000000  1   -0.221886770506E-03                              
AS G09       2026 09 05 10 26 30.000000  1    0.685589086313E-03                              
AS G11       2026 09 05 10 26 30.000000  1   -0.219645960662E-03                              
AS G13       2026 09 05 10 26 30.000000  1    0.438226942762E-03                              
AS G14       2026 09 05 10 26 30.000000  1    0.749970026338E-03                              
AS G15       2026 09 05 10 26 30.000000  1    0.442231577118E-03                              
AS G17       2026 09 05 10 26 30.000000  1   -0.197397266274E-03                              
AS G18       2026 09 05 10 26 30.000000  1   -0.263542911057E-03                              
AS G19       2026 09 05 10 26 30.000000  1    0.704957687481E-03                              
AS G20       2026 09 05 10 26 30.000000  1    0.278467984665E-03                              
AS G21       2026 09 05 10 26 30.000000  1    0.369299255741E-03                              
AS G22       2026 09 05 10 26 30.000000  1    0.742520543458E-04                              
AS G24       2026 09 05 10 26 30.000000  1    0.193695107782E-03                              
AS G25       2026 09 05 10 26 30.000000  1    0.391482592917E-03                              
AS G26       2026 09 05 10 26 30.000000  1   -0.391816663607E-03                              
AS G28       2026 09 05 10 26 30.000000  1   -0.422690357733E-03                              
AS G29       2026 09 05 10 26 30.000000  1   -0.248919715138E-03                              
AS G30       2026 09 05 10 26 30.000000  1    0.353612673093E-03                              
AS G31       2026 09 05 10 26 30.000000  1   -0.122854661589E-03                              
AS G04       2026 09 05 10 27 00.000000  1    0.647359082286E-04                              
AS G05       2026 09 05 10 27 00.000000  1   -0.236545176935E-03                              
AS G06       2026 09 05 10 27 00.000000  1   -0.531813650133E-03                              
AS G07       2026 09 05 10 27 00.000000  1   -0.221886893358E-03                              
AS G09       2026 09 05 10 27 00.000000  1    0.685588822062E-03                              
AS G11       2026 09 05 10 27 00.000000  1   -0.219645594941E-03                              
AS G13       2026 09 05 10 27 00.000000  1    0.438227089356E-03                              
AS G14       2026 09 05 10 27 00.000000  1    0.749970014821E-03                              
AS G15       2026 09 05 10 27 00.000000  1    0.442231654555E-03                              
AS G17       2026 09 05 10 27 00.000000  1   -0.197397453058E-03                              
AS G18       2026 09 05 10 27 00.000000  1   -0.263542643078E-03                              
AS G19       2026 09 05 10 27 00.000000  1    0.704957663627E-03                              
AS G20       2026 09 05 10 27 00.000000  1    0.278468258485E-03                              
AS G21       2026 09 05 10 27 00.000000  1    0.369299010585E-03                              
AS G22       2026 09 05 10 27 00.000000  1    0.742524369226E-04                              
AS G24       2026 09 05 10 27 00.000000  1    0.193695612042E-03                              
AS G25       2026 09 05 10 27 00.000000  1    0.391482487880E-03                              
AS G26       2026 09 05 10 27 00.000000  1   -0.391816704118E-03                              
AS G28       2026 09 05 10 27 00.000000  1   -0.422690048843E-03                              
AS G29       2026 09 05 10 27 00.000000  1   -0.248919659882E-03                              
AS G30       2026 09 05 10 27 00.000000  1    0.353613044048E-03                              
AS G31       2026 09 05 10 27 00.000000  1   -0.122854516938E-03                              
AS G04       2026 09 05 10 27 30.000000  1    0.647359092960E-04                              
AS G05       2026 09 05 10 27 30.000000  1   -0.236545186774E-03                              
AS G06       2026 09 05 10 27 30.000000  1   -0.531813321517E-03                              
AS G07       2026 09 05 10 27 30.000000  1   -0.221887023984E-03                              
AS G09       2026 09 05 10 27 30.000000  1    0.685588556704E-03                              
AS G11       2026 09 05 10 27 30.000000  1   -0.219645234568E-03                              
AS G13       2026 09 05 10 27 30.000000  1    0.438227234807E-03                              
AS G14       2026 09 05 10 27 30.000000  1    0.749970008186E-03                              
AS G15       2026 09 05 10 27 30.000000  1    0.442231723540E-03                              
AS G17       2026 09 05 10 27 30.000000  1   -0.197397583705E-03                              
AS G18       2026 09 05 10 27 30.000000  1   -0.263542384295E-03                              
AS G19       2026 09 05 10 27 30.000000  1    0.704957602715E-03                              
AS G20       2026 09 05 10 27 30.000000  1    0.278468528153E-03                              
AS G21       2026 09 05 10 27 30.000000  1    0.369298762517E-03                              
AS G22       2026 09 05 10 27 30.000000  1    0.742527331035E-04                              
AS G24       2026 09 05 10 27 30.000000  1    0.193696115913E-03                              
AS G25       2026 09 05 10 27 30.000000  1    0.391482379423E-03                              
AS G26       2026 09 05 10 27 30.000000  1   -0.391816739853E-03                              
AS G28       2026 09 05 10 27 30.000000  1   -0.422689732783E-03                              
AS G29       2026 09 05 10 27 30.000000  1   -0.248919410454E-03                              
AS G30       2026 09 05 10 27 30.000000  1    0.353613422240E-03                              
AS G31       2026 09 05 10 27 30.000000  1   -0.122854513481E-03                              
AS G04       2026 09 05 10 28 00.000000  1    0.647359266157E-04                              
AS G05       2026 09 05 10 28 00.000000  1   -0.236545411735E-03                              
AS G06       2026 09 05 10 28 00.000000  1   -0.531812999711E-03                              
AS G07       2026 09 05 10 28 00.000000  1   -0.221887220590E-03                              
AS G09       2026 09 05 10 28 00.000000  1    0.685588292453E-03                              
AS G11       2026 09 05 10 28 00.000000  1   -0.219644881692E-03                              
AS G13       2026 09 05 10 28 00.000000  1    0.438227382940E-03                              
AS G14       2026 09 05 10 28 00.000000  1    0.749969998489E-03                              
AS G15       2026 09 05 10 28 00.000000  1    0.442231802484E-03                              
AS G17       2026 09 05 10 28 00.000000  1   -0.197397752261E-03                              
AS G18       2026 09 05 10 28 00.000000  1   -0.263542128925E-03                              
AS G19       2026 09 05 10 28 00.000000  1    0.704957634336E-03                              
AS G20       2026 09 05 10 28 00.000000  1    0.278468802533E-03                              
AS G21       2026 09 05 10 28 00.000000  1    0.369298517600E-03                              
AS G22       2026 09 05 10 28 00.000000  1    0.742530329291E-04                              
AS G24       2026 09 05 10 28 00.000000  1    0.193696633602E-03                              
AS G25       2026 09 05 10 28 00.000000  1    0.391482271730E-03                              
AS G26       2026 09 05 10 28 00.000000  1   -0.391816782055E-03                              
AS G28       2026 09 05 10 28 00.000000  1   -0.422689415094E-03                              
AS G29       2026 09 05 10 28 00.000000  1   -0.248919011098E-03                              
AS G30       2026 09 05 10 28 00.000000  1    0.353613782889E-03                              
AS G31       2026 09 05 10 28 00.000000  1   -0.122854401066E-03                              
AS G04       2026 09 05 10 28 30.000000  1    0.647359338940E-04                              
AS G05       2026 09 05 10 28 30.000000  1   -0.236545501940E-03                              
AS G06       2026 09 05 10 28 30.000000  1   -0.531812671169E-03                              
AS G07       2026 09 05 10 28 30.000000  1   -0.221887355159E-03                              
AS G09       2026 09 05 10 28 30.000000  1    0.685588021885E-03                              
AS G11       2026 09 05 10 28 30.000000  1   -0.219644523952E-03                              
AS G13       2026 09 05 10 28 30.000000  1    0.438227534451E-03                              
AS G14       2026 09 05 10 28 30.000000  1    0.749969974114E-03                              
AS G15       2026 09 05 10 28 30.000000  1    0.442232010816E-03                              
AS G17       2026 09 05 10 28 30.000000  1   -0.197397882986E-03                              
AS G18       2026 09 05 10 28 30.000000  1   -0.263541870939E-03                              
AS G19       2026 09 05 10 28 30.000000  1    0.704957735804E-03                              
AS G20       2026 09 05 10 28 30.000000  1    0.278469066374E-03                              
AS G21       2026 09 05 10 28 30.000000  1    0.369298282873E-03                              
AS G22       2026 09 05 10 28 30.000000  1    0.742532432586E-04                              
AS G24       2026 09 05 10 28 30.000000  1    0.193697154526E-03                              
AS G25       2026 09 05 10 28 30.000000  1    0.391482165935E-03                              
AS G26       2026 09 05 10 28 30.000000  1   -0.391816831752E-03                              
AS G28       2026 09 05 10 28 30.000000  1   -0.422689093939E-03                              
AS G29       2026 09 05 10 28 30.000000  1   -0.248918873347E-03                              
AS G30       2026 09 05 10 28 30.000000  1    0.353614151765E-03                              
AS G31       2026 09 05 10 28 30.000000  1   -0.122854233782E-03                              
AS G04       2026 09 05 10 29 00.000000  1    0.647359536619E-04                              
AS G05       2026 09 05 10 29 00.000000  1   -0.236545666669E-03                              
AS G06       2026 09 05 10 29 00.000000  1   -0.531812350376E-03                              
AS G07       2026 09 05 10 29 00.000000  1   -0.221887325164E-03                              
AS G09       2026 09 05 10 29 00.000000  1    0.685587761397E-03                              
AS G11       2026 09 05 10 29 00.000000  1   -0.219644168237E-03                              
AS G13       2026 09 05 10 29 00.000000  1    0.438227672618E-03                              
AS G14       2026 09 05 10 29 00.000000  1    0.749969967930E-03                              
AS G15       2026 09 05 10 29 00.000000  1    0.442232068499E-03                              
AS G17       2026 09 05 10 29 00.000000  1   -0.197397906321E-03                              
AS G18       2026 09 05 10 29 00.000000  1   -0.263541605275E-03                              
AS G19       2026 09 05 10 29 00.000000  1    0.704957764959E-03                              
AS G20       2026 09 05 10 29 00.000000  1    0.278469330909E-03                              
AS G21       2026 09 05 10 29 00.000000  1    0.369298031544E-03                              
AS G22       2026 09 05 10 29 00.000000  1    0.742535248636E-04                              
AS G24       2026 09 05 10 29 00.000000  1    0.193697675254E-03                              
AS G25       2026 09 05 10 29 00.000000  1    0.391482066450E-03                              
AS G26       2026 09 05 10 29 00.000000  1   -0.391816873423E-03                              
AS G28       2026 09 05 10 29 00.000000  1   -0.422688774173E-03                              
AS G29       2026 09 05 10 29 00.000000  1   -0.248918777188E-03                              
AS G30       2026 09 05 10 29 00.000000  1    0.353614530508E-03                              
AS G31       2026 09 05 10 29 00.000000  1   -0.122854322515E-03                              
AS G04       2026 09 05 10 29 30.000000  1    0.647359627800E-04                              
AS G05       2026 09 05 10 29 30.000000  1   -0.236545504596E-03                              
AS G06       2026 09 05 10 29 30.000000  1   -0.531812014633E-03                              
AS G07       2026 09 05 10 29 30.000000  1   -0.221887359583E-03                              
AS G09       2026 09 05 10 29 30.000000  1    0.685587503530E-03                              
AS G11       2026 09 05 10 29 30.000000  1   -0.219643801412E-03                              
AS G13       2026 09 05 10 29 30.000000  1    0.438227817902E-03                              
AS G14       2026 09 05 10 29 30.000000  1    0.749969974179E-03                              
AS G15       2026 09 05 10 29 30.000000  1    0.442232052369E-03                              
AS G17       2026 09 05 10 29 30.000000  1   -0.197398098073E-03                              
AS G18       2026 09 05 10 29 30.000000  1   -0.263541341010E-03                              
AS G19       2026 09 05 10 29 30.000000  1    0.704957782791E-03                              
AS G20       2026 09 05 10 29 30.000000  1    0.278469614275E-03                              
AS G21       2026 09 05 10 29 30.000000  1    0.369297792448E-03                              
AS G22       2026 09 05 10 29 30.000000  1    0.742537198849E-04                              
AS G24       2026 09 05 10 29 30.000000  1    0.193698191676E-03                              
AS G25       2026 09 05 10 29 30.000000  1    0.391481966077E-03                              
AS G26       2026 09 05 10 29 30.000000  1   -0.391816912772E-03                              
AS G28       2026 09 05 10 29 30.000000  1   -0.422688448785E-03                              
AS G29       2026 09 05 10 29 30.000000  1   -0.248918650371E-03                              
AS G30       2026 09 05 10 29 30.000000  1    0.353614901160E-03                              
AS G31       2026 09 05 10 29 30.000000  1   -0.122854129822E-03                              
AS G04       2026 09 05 10 30 00.000000  2    0.647359671669E-04  0.150801172427E-11          
AS G05       2026 09 05 10 30 00.000000  2   -0.236545201204E-03  0.160375263408E-11          
AS G06       2026 09 05 10 30 00.000000  2   -0.531811683770E-03  0.146386844197E-11          
AS G07       2026 09 05 10 30 00.000000  2   -0.221887406946E-03  0.150289550384E-11          
AS G09       2026 09 05 10 30 00.000000  2    0.685587235155E-03  0.140329175492E-11          
AS G11       2026 09 05 10 30 00.000000  2   -0.219643439290E-03  0.142639828181E-11          
AS G13       2026 09 05 10 30 00.000000  2    0.438227961583E-03  0.204165977315E-11          
AS G14       2026 09 05 10 30 00.000000  2    0.749969957165E-03  0.211649798431E-11          
AS G15       2026 09 05 10 30 00.000000  2    0.442232111148E-03  0.210426867572E-11          
AS G17       2026 09 05 10 30 00.000000  2   -0.197398219254E-03  0.200950141759E-11          
AS G18       2026 09 05 10 30 00.000000  2   -0.263541069819E-03  0.205614507074E-11          
AS G19       2026 09 05 10 30 00.000000  2    0.704957707237E-03  0.184245779994E-11          
AS G20       2026 09 05 10 30 00.000000  2    0.278469888099E-03  0.182449525569E-11          
AS G21       2026 09 05 10 30 00.000000  2    0.369297556669E-03  0.146994290857E-11          
AS G22       2026 09 05 10 30 00.000000  2    0.742540638878E-04  0.209534371755E-11          
AS G24       2026 09 05 10 30 00.000000  2    0.193698702268E-03  0.225134940845E-11          
AS G25       2026 09 05 10 30 00.000000  2    0.391481848575E-03  0.177936831267E-11          
AS G26       2026 09 05 10 30 00.000000  2   -0.391816955064E-03  0.182392529386E-11          
AS G28       2026 09 05 10 30 00.000000  2   -0.422688135879E-03  0.203973418636E-11          
AS G29       2026 09 05 10 30 00.000000  2   -0.248918474043E-03  0.168156564877E-11          
AS G30       2026 09 05 10 30 00.000000  2    0.353615276315E-03  0.185361609463E-11          
AS G31       2026 09 05 10 30 00.000000  2   -0.122853894821E-03  0.198437222972E-11          
AS G04       2026 09 05 10 30 30.000000  1    0.647359740172E-04                              
AS G05       2026 09 05 10 30 30.000000  1   -0.236545373254E-03                              
AS G06       2026 09 05 10 30 30.000000  1   -0.531811358380E-03                              
AS G07       2026 09 05 10 30 30.000000  1   -0.221887497054E-03                              
AS G09       2026 09 05 10 30 30.000000  1    0.685586978498E-03                              
AS G11       2026 09 05 10 30 30.000000  1   -0.219643069825E-03                              
AS G13       2026 09 05 10 30 30.000000  1    0.438228104992E-03                              
AS G14       2026 09 05 10 30 30.000000  1    0.749969952801E-03                              
AS G15       2026 09 05 10 30 30.000000  1    0.442232257264E-03                              
AS G17       2026 09 05 10 30 30.000000  1   -0.197398220106E-03                              
AS G18       2026 09 05 10 30 30.000000  1   -0.263540781248E-03                              
AS G19       2026 09 05 10 30 30.000000  1    0.704957668884E-03                              
AS G20       2026 09 05 10 30 30.000000  1    0.278470161547E-03                              
AS G21       2026 09 05 10 30 30.000000  1    0.369297315963E-03                              
AS G22       2026 09 05 10 30 30.000000  1    0.742544908386E-04                              
AS G24       2026 09 05 10 30 30.000000  1    0.193699225470E-03                              
AS G25       2026 09 05 10 30 30.000000  1    0.391481741508E-03                              
AS G26       2026 09 05 10 30 30.000000  1   -0.391817003294E-03                              
AS G28       2026 09 05 10 30 30.000000  1   -0.422687819539E-03                              
AS G29       2026 09 05 10 30 30.000000  1   -0.248918252878E-03                              
AS G30       2026 09 05 10 30 30.000000  1    0.353615640074E-03                              
AS G31       2026 09 05 10 30 30.000000  1   -0.122853756603E-03                              
AS G04       2026 09 05 10 31 00.000000  1    0.647359825763E-04                              
AS G05       2026 09 05 10 31 00.000000  1   -0.236545160052E-03                              
AS G06       2026 09 05 10 31 00.000000  1   -0.531811032348E-03                              
AS G07       2026 09 05 10 31 00.000000  1   -0.221887519325E-03                              
AS G09       2026 09 05 10 31 00.000000  1    0.685586713505E-03                              
AS G11       2026 09 05 10 31 00.000000  1   -0.219642709775E-03                              
AS G13       2026 09 05 10 31 00.000000  1    0.438228246924E-03                              
AS G14       2026 09 05 10 31 00.000000  1    0.749969947245E-03                              
AS G15       2026 09 05 10 31 00.000000  1    0.442232353871E-03                              
AS G17       2026 09 05 10 31 00.000000  1   -0.197398375621E-03                              
AS G18       2026 09 05 10 31 00.000000  1   -0.263540508663E-03                              
AS G19       2026 09 05 10 31 00.000000  1    0.704957712810E-03                              
AS G20       2026 09 05 10 31 00.000000  1    0.278470429875E-03                              
AS G21       2026 09 05 10 31 00.000000  1    0.369297066852E-03                              
AS G22       2026 09 05 10 31 00.000000  1    0.742549177373E-04                              
AS G24       2026 09 05 10 31 00.000000  1    0.193699737198E-03                              
AS G25       2026 09 05 10 31 00.000000  1    0.391481642327E-03                              
AS G26       2026 09 05 10 31 00.000000  1   -0.391817085979E-03                              
AS G28       2026 09 05 10 31 00.000000  1   -0.422687509197E-03                              
AS G29       2026 09 05 10 31 00.000000  1   -0.248917974292E-03                              
AS G30       2026 09 05 10 31 00.000000  1    0.353616016068E-03                              
AS G31       2026 09 05 10 31 00.000000  1   -0.122853720649E-03                              
AS G04       2026 09 05 10 31 30.000000  1    0.647359933788E-04                              
AS G05       2026 09 05 10 31 30.000000  1   -0.236545239528E-03                              
AS G06       2026 09 05 10 31 30.000000  1   -0.531810706347E-03                              
AS G07       2026 09 05 10 31 30.000000  1   -0.221887619718E-03                              
AS G09       2026 09 05 10 31 30.000000  1    0.685586455994E-03                              
AS G11       2026 09 05 10 31 30.000000  1   -0.219642348907E-03                              
AS G13       2026 09 05 10 31 30.000000  1    0.438228392222E-03                              
AS G14       2026 09 05 10 31 30.000000  1    0.749969954092E-03                              
AS G15       2026 09 05 10 31 30.000000  1    0.442232417579E-03                              
AS G17       2026 09 05 10 31 30.000000  1   -0.197398579007E-03                              
AS G18       2026 09 05 10 31 30.000000  1   -0.263540247749E-03                              
AS G19       2026 09 05 10 31 30.000000  1    0.704957712809E-03                              
AS G20       2026 09 05 10 31 30.000000  1    0.278470708118E-03                              
AS G21       2026 09 05 10 31 30.000000  1    0.369296819949E-03                              
AS G22       2026 09 05 10 31 30.000000  1    0.742552114235E-04                              
AS G24       2026 09 05 10 31 30.000000  1    0.193700261000E-03                              
AS G25       2026 09 05 10 31 30.000000  1    0.391481532531E-03                              
AS G26       2026 09 05 10 31 30.000000  1   -0.391817133219E-03                              
AS G28       2026 09 05 10 31 30.000000  1   -0.422687178757E-03                              
AS G29       2026 09 05 10 31 30.000000  1   -0.248917764655E-03                              
AS G30       2026 09 05 10 31 30.000000  1    0.353616380690E-03                              
AS G31       2026 09 05 10 31 30.000000  1   -0.122853614749E-03                              
AS G04       2026 09 05 10 32 00.000000  1    0.647359933885E-04                              
AS G05       2026 09 05 10 32 00.000000  1   -0.236545276404E-03                              
AS G06       2026 09 05 10 32 00.000000  1   -0.531810387695E-03                              
AS G07       2026 09 05 10 32 00.000000  1   -0.221887738458E-03                              
AS G09       2026 09 05 10 32 00.000000  1    0.685586181870E-03                              
AS G11       2026 09 05 10 32 00.000000  1   -0.219641991847E-03                              
AS G13       2026 09 05 10 32 00.000000  1    0.438228538518E-03                              
AS G14       2026 09 05 10 32 00.000000  1    0.749969944457E-03                              
AS G15       2026 09 05 10 32 00.000000  1    0.442232476013E-03                              
AS G17       2026 09 05 10 32 00.000000  1   -0.197398794721E-03                              
AS G18       2026 09 05 10 32 00.000000  1   -0.263539989288E-03                              
AS G19       2026 09 05 10 32 00.000000  1    0.704957725877E-03                              
AS G20       2026 09 05 10 32 00.000000  1    0.278470987150E-03                              
AS G21       2026 09 05 10 32 00.000000  1    0.369296573779E-03                              
AS G22       2026 09 05 10 32 00.000000  1    0.742554602645E-04                              
AS G24       2026 09 05 10 32 00.000000  1    0.193700777008E-03                              
AS G25       2026 09 05 10 32 00.000000  1    0.391481436763E-03                              
AS G26       2026 09 05 10 32 00.000000  1   -0.391817167694E-03                              
AS G28       2026 09 05 10 32 00.000000  1   -0.422686861679E-03                              
AS G29       2026 09 05 10 32 00.000000  1   -0.248917593663E-03                              
AS G30       2026 09 05 10 32 00.000000  1    0.353616743333E-03                              
AS G31       2026 09 05 10 32 00.000000  1   -0.122853639764E-03                              
AS G04       2026 09 05 10 32 30.000000  1    0.647360089697E-04                              
AS G05       2026 09 05 10 32 30.000000  1   -0.236545366147E-03                              
AS G06       2026 09 05 10 32 30.000000  1   -0.531810051808E-03                              
AS G07       2026 09 05 10 32 30.000000  1   -0.221887825664E-03                              
AS G09       2026 09 05 10 32 30.000000  1    0.685585923519E-03                              
AS G11       2026 09 05 10 32 30.000000  1   -0.219641623743E-03                              
AS G13       2026 09 05 10 32 30.000000  1    0.438228688885E-03                              
AS G14       2026 09 05 10 32 30.000000  1    0.749969941543E-03                              
AS G15       2026 09 05 10 32 30.000000  1    0.442232574123E-03                              
AS G17       2026 09 05 10 32 30.000000  1   -0.197398998365E-03                              
AS G18       2026 09 05 10 32 30.000000  1   -0.263539734680E-03                              
AS G19       2026 09 05 10 32 30.000000  1    0.704957730039E-03                              
AS G20       2026 09 05 10 32 30.000000  1    0.278471255258E-03                              
AS G21       2026 09 05 10 32 30.000000  1    0.369296323891E-03                              
AS G22       2026 09 05 10 32 30.000000  1    0.742557232980E-04                              
AS G24       2026 09 05 10 32 30.000000  1    0.193701293883E-03                              
AS G25       2026 09 05 10 32 30.000000  1    0.391481330758E-03                              
AS G26       2026 09 05 10 32 30.000000  1   -0.391817218845E-03                              
AS G28       2026 09 05 10 32 30.000000  1   -0.422686538746E-03                              
AS G29       2026 09 05 10 32 30.000000  1   -0.248917499266E-03                              
AS G30       2026 09 05 10 32 30.000000  1    0.353617108067E-03                              
AS G31       2026 09 05 10 32 30.000000  1   -0.122853614915E-03                              
AS G04       2026 09 05 10 33 00.000000  1    0.647360125624E-04                              
AS G05       2026 09 05 10 33 00.000000  1   -0.236545257524E-03                              
AS G06       2026 09 05 10 33 00.000000  1   -0.531809724078E-03                              
AS G07       2026 09 05 10 33 00.000000  1   -0.221887878518E-03                              
AS G09       2026 09 05 10 33 00.000000  1    0.685585664038E-03                              
AS G11       2026 09 05 10 33 00.000000  1   -0.219641264819E-03                              
AS G13       2026 09 05 10 33 00.000000  1    0.438228838607E-03                              
AS G14       2026 09 05 10 33 00.000000  1    0.749969943701E-03                              
AS G15       2026 09 05 10 33 00.000000  1    0.442232645364E-03                              
AS G17       2026 09 05 10 33 00.000000  1   -0.197399052258E-03                              
AS G18       2026 09 05 10 33 00.000000  1   -0.263539469583E-03                              
AS G19       2026 09 05 10 33 00.000000  1    0.704957710939E-03                              
AS G20       2026 09 05 10 33 00.000000  1    0.278471522778E-03                              
AS G21       2026 09 05 10 33 00.000000  1    0.369296074640E-03                              
AS G22       2026 09 05 10 33 00.000000  1    0.742560045713E-04                              
AS G24       2026 09 05 10 33 00.000000  1    0.193701811106E-03                              
AS G25       2026 09 05 10 33 00.000000  1    0.391481216970E-03                              
AS G26       2026 09 05 10 33 00.000000  1   -0.391817262021E-03                              
AS G28       2026 09 05 10 33 00.000000  1   -0.422686224826E-03                              
AS G29       2026 09 05 10 33 00.000000  1   -0.248917251559E-03                              
AS G30       2026 09 05 10 33 00.000000  1    0.353617471421E-03                              
AS G31       2026 09 05 10 33 00.000000  1   -0.122853487242E-03                              
AS G04       2026 09 05 10 33 30.000000  1    0.647360155126E-04                              
AS G05       2026 09 05 10 33 30.000000  1   -0.236545378974E-03                              
AS G06       2026 09 05 10 33 30.000000  1   -0.531809388587E-03                              
AS G07       2026 09 05 10 33 30.000000  1   -0.221887994814E-03                              
AS G09       2026 09 05 10 33 30.000000  1    0.685585397164E-03                              
AS G11       2026 09 05 10 33 30.000000  1   -0.219640901055E-03                              
AS G13       2026 09 05 10 33 30.000000  1    0.438228977073E-03                              
AS G14       2026 09 05 10 33 30.000000  1    0.749969932887E-03                              
AS G15       2026 09 05 10 33 30.000000  1    0.442232735607E-03                              
AS G17       2026 09 05 10 33 30.000000  1   -0.197399189846E-03                              
AS G18       2026 09 05 10 33 30.000000  1   -0.263539205410E-03                              
AS G19       2026 09 05 10 33 30.000000  1    0.704957637056E-03                              
AS G20       2026 09 05 10 33 30.000000  1    0.278471791734E-03                              
AS G21       2026 09 05 10 33 30.000000  1    0.369295838163E-03                              
AS G22       2026 09 05 10 33 30.000000  1    0.742561572512E-04                              
AS G24       2026 09 05 10 33 30.000000  1    0.193702327935E-03                              
AS G25       2026 09 05 10 33 30.000000  1    0.391481110426E-03                              
AS G26       2026 09 05 10 33 30.000000  1   -0.391817299207E-03                              
AS G28       2026 09 05 10 33 30.000000  1   -0.422685910158E-03                              
AS G29       2026 09 05 10 33 30.000000  1   -0.248916903479E-03                              
AS G30       2026 09 05 10 33 30.000000  1    0.353617847895E-03                              
AS G31       2026 09 05 10 33 30.000000  1   -0.122853288908E-03                              
AS G04       2026 09 05 10 34 00.000000  1    0.647360215018E-04                              
AS G05       2026 09 05 10 34 00.000000  1   -0.236545281906E-03                              
AS G06       2026 09 05 10 34 00.000000  1   -0.531809071511E-03                              
AS G07       2026 09 05 10 34 00.000000  1   -0.221888070291E-03                              
AS G09       2026 09 05 10 34 00.000000  1    0.685585127617E-03                              
AS G11       2026 09 05 10 34 00.000000  1   -0.219640529132E-03                              
AS G13       2026 09 05 10 34 00.000000  1    0.438229123442E-03                              
AS G14       2026 09 05 10 34 00.000000  1    0.749969926600E-03                              
AS G15       2026 09 05 10 34 00.000000  1    0.442232793493E-03                              
AS G17       2026 09 05 10 34 00.000000  1   -0.197399292450E-03                              
AS G18       2026 09 05 10 34 00.000000  1   -0.263538932435E-03                              
AS G19       2026 09 05 10 34 00.000000  1    0.704957786766E-03                              
AS G20       2026 09 05 10 34 00.000000  1    0.278472059471E-03                              
AS G21       2026 09 05 10 34 00.000000  1    0.369295600539E-03                              
AS G22       2026 09 05 10 34 00.000000  1    0.742563719017E-04                              
AS G24       2026 09 05 10 34 00.000000  1    0.193702844021E-03                              
AS G25       2026 09 05 10 34 00.000000  1    0.391480999090E-03                              
AS G26       2026 09 05 10 34 00.000000  1   -0.391817337930E-03                              
AS G28       2026 09 05 10 34 00.000000  1   -0.422685581650E-03                              
AS G29       2026 09 05 10 34 00.000000  1   -0.248916543163E-03                              
AS G30       2026 09 05 10 34 00.000000  1    0.353618212698E-03                              
AS G31       2026 09 05 10 34 00.000000  1   -0.122853116793E-03                              
AS G04       2026 09 05 10 34 30.000000  1    0.647360205456E-04                              
AS G05       2026 09 05 10 34 30.000000  1   -0.236545208248E-03                              
AS G06       2026 09 05 10 34 30.000000  1   -0.531808753346E-03                              
AS G07       2026 09 05 10 34 30.000000  1   -0.221888263324E-03                              
AS G09       2026 09 05 10 34 30.000000  1    0.685584857477E-03                              
AS G11       2026 09 05 10 34 30.000000  1   -0.219640168713E-03                              
AS G13       2026 09 05 10 34 30.000000  1    0.438229270444E-03                              
AS G14       2026 09 05 10 34 30.000000  1    0.749969912467E-03                              
AS G15       2026 09 05 10 34 30.000000  1    0.442232966260E-03                              
AS G17       2026 09 05 10 34 30.000000  1   -0.197399476226E-03                              
AS G18       2026 09 05 10 34 30.000000  1   -0.263538662731E-03                              
AS G19       2026 09 05 10 34 30.000000  1    0.704957890194E-03                              
AS G20       2026 09 05 10 34 30.000000  1    0.278472328196E-03                              
AS G21       2026 09 05 10 34 30.000000  1    0.369295356227E-03                              
AS G22       2026 09 05 10 34 30.000000  1    0.742565981076E-04                              
AS G24       2026 09 05 10 34 30.000000  1    0.193703358997E-03                              
AS G25       2026 09 05 10 34 30.000000  1    0.391480900198E-03                              
AS G26       2026 09 05 10 34 30.000000  1   -0.391817389651E-03                              
AS G28       2026 09 05 10 34 30.000000  1   -0.422685258014E-03                              
AS G29       2026 09 05 10 34 30.000000  1   -0.248916394362E-03                              
AS G30       2026 09 05 10 34 30.000000  1    0.353618584541E-03                              
AS G31       2026 09 05 10 34 30.000000  1   -0.122852994442E-03                              
AS G04       2026 09 05 10 35 00.000000  2    0.647360270215E-04  0.151144133128E-11          
AS G05       2026 09 05 10 35 00.000000  2   -0.236545321552E-03  0.159783962269E-11          
AS G06       2026 09 05 10 35 00.000000  2   -0.531808433494E-03  0.147255958708E-11          
AS G07       2026 09 05 10 35 00.000000  2   -0.221888433390E-03  0.149379112489E-11          
AS G09       2026 09 05 10 35 00.000000  2    0.685584588330E-03  0.140554017573E-11          
AS G11       2026 09 05 10 35 00.000000  2   -0.219639814271E-03  0.142691245850E-11          
AS G13       2026 09 05 10 35 00.000000  2    0.438229417031E-03  0.206973149586E-11          
AS G14       2026 09 05 10 35 00.000000  2    0.749969900965E-03  0.211633413081E-11          
AS G15       2026 09 05 10 35 00.000000  2    0.442233186617E-03  0.208965530890E-11          
AS G17       2026 09 05 10 35 00.000000  2   -0.197399610320E-03  0.201443411141E-11          
AS G18       2026 09 05 10 35 00.000000  2   -0.263538400138E-03  0.201196135303E-11          
AS G19       2026 09 05 10 35 00.000000  2    0.704957856416E-03  0.185376981182E-11          
AS G20       2026 09 05 10 35 00.000000  2    0.278472598830E-03  0.180678738713E-11          
AS G21       2026 09 05 10 35 00.000000  2    0.369295114529E-03  0.146443901361E-11          
AS G22       2026 09 05 10 35 00.000000  2    0.742567445916E-04  0.210880663316E-11          
AS G24       2026 09 05 10 35 00.000000  2    0.193703868172E-03  0.223682367892E-11          
AS G25       2026 09 05 10 35 00.000000  2    0.391480787779E-03  0.179547741253E-11          
AS G26       2026 09 05 10 35 00.000000  2   -0.391817431613E-03  0.182864953233E-11          
AS G28       2026 09 05 10 35 00.000000  2   -0.422684936152E-03  0.203168964246E-11          
AS G29       2026 09 05 10 35 00.000000  2   -0.248916282976E-03  0.165826298690E-11          
AS G30       2026 09 05 10 35 00.000000  2    0.353618957502E-03  0.183521385380E-11          
AS G31       2026 09 05 10 35 00.000000  2   -0.122852892964E-03  0.198426358712E-11          
AS G04       2026 09 05 10 35 30.000000  1    0.647360450388E-04                              
AS G05       2026 09 05 10 35 30.000000  1   -0.236545428002E-03                              
AS G06       2026 09 05 10 35 30.000000  1   -0.531808103588E-03                              
AS G07       2026 09 05 10 35 30.000000  1   -0.221888446780E-03                              
AS G09       2026 09 05 10 35 30.000000  1    0.685584326835E-03                              
AS G11       2026 09 05 10 35 30.000000  1   -0.219639448315E-03                              
AS G13       2026 09 05 10 35 30.000000  1    0.438229559976E-03                              
AS G14       2026 09 05 10 35 30.000000  1    0.749969899368E-03                              
AS G15       2026 09 05 10 35 30.000000  1    0.442233295454E-03                              
AS G17       2026 09 05 10 35 30.000000  1   -0.197399728345E-03                              
AS G18       2026 09 05 10 35 30.000000  1   -0.263538113662E-03                              
AS G19       2026 09 05 10 35 30.000000  1    0.704957883921E-03                              
AS G20       2026 09 05 10 35 30.000000  1    0.278472884745E-03                              
AS G21       2026 09 05 10 35 30.000000  1    0.369294883971E-03                              
AS G22       2026 09 05 10 35 30.000000  1    0.742570216595E-04                              
AS G24       2026 09 05 10 35 30.000000  1    0.193704391766E-03                              
AS G25       2026 09 05 10 35 30.000000  1    0.391480678105E-03                              
AS G26       2026 09 05 10 35 30.000000  1   -0.391817471346E-03                              
AS G28       2026 09 05 10 35 30.000000  1   -0.422684618751E-03                              
AS G29       2026 09 05 10 35 30.000000  1   -0.248916035843E-03                              
AS G30       2026 09 05 10 35 30.000000  1    0.353619336125E-03                              
AS G31       2026 09 05 10 35 30.000000  1   -0.122852882856E-03                              
AS G04       2026 09 05 10 36 00.000000  1    0.647360544461E-04                              
AS G05       2026 09 05 10 36 00.000000  1   -0.236545397073E-03                              
AS G06       2026 09 05 10 36 00.000000  1   -0.531807780805E-03                              
AS G07       2026 09 05 10 36 00.000000  1   -0.221888592008E-03                              
AS G09       2026 09 05 10 36 00.000000  1    0.685584058277E-03                              
AS G11       2026 09 05 10 36 00.000000  1   -0.219639094749E-03                              
AS G13       2026 09 05 10 36 00.000000  1    0.438229695918E-03                              
AS G14       2026 09 05 10 36 00.000000  1    0.749969895853E-03                              
AS G15       2026 09 05 10 36 00.000000  1    0.442233275007E-03                              
AS G17       2026 09 05 10 36 00.000000  1   -0.197399918543E-03                              
AS G18       2026 09 05 10 36 00.000000  1   -0.263537852659E-03                              
AS G19       2026 09 05 10 36 00.000000  1    0.704957891725E-03                              
AS G20       2026 09 05 10 36 00.000000  1    0.278473145269E-03                              
AS G21       2026 09 05 10 36 00.000000  1    0.369294639762E-03                              
AS G22       2026 09 05 10 36 00.000000  1    0.742573644920E-04                              
AS G24       2026 09 05 10 36 00.000000  1    0.193704908133E-03                              
AS G25       2026 09 05 10 36 00.000000  1    0.391480581155E-03                              
AS G26       2026 09 05 10 36 00.000000  1   -0.391817518305E-03                              
AS G28       2026 09 05 10 36 00.000000  1   -0.422684304596E-03                              
AS G29       2026 09 05 10 36 00.000000  1   -0.248915894386E-03                              
AS G30       2026 09 05 10 36 00.000000  1    0.353619708558E-03                              
AS G31       2026 09 05 10 36 00.000000  1   -0.122852879438E-03                              
AS G04       2026 09 05 10 36 30.000000  1    0.647360613583E-04                              
AS G05       2026 09 05 10 36 30.000000  1   -0.236544989201E-03                              
AS G06       2026 09 05 10 36 30.000000  1   -0.531807454747E-03                              
AS G07       2026 09 05 10 36 30.000000  1   -0.221888733499E-03                              
AS G09       2026 09 05 10 36 30.000000  1    0.685583794098E-03                              
AS G11       2026 09 05 10 36 30.000000  1   -0.219638728793E-03                              
AS G13       2026 09 05 10 36 30.000000  1    0.438229848847E-03                              
AS G14       2026 09 05 10 36 30.000000  1    0.749969894832E-03                              
AS G15       2026 09 05 10 36 30.000000  1    0.442233253635E-03                              
AS G17       2026 09 05 10 36 30.000000  1   -0.197400113490E-03                              
AS G18       2026 09 05 10 36 30.000000  1   -0.263537595205E-03                              
AS G19       2026 09 05 10 36 30.000000  1    0.704957811416E-03                              
AS G20       2026 09 05 10 36 30.000000  1    0.278473423211E-03                              
AS G21       2026 09 05 10 36 30.000000  1    0.369294401807E-03                              
AS G22       2026 09 05 10 36 30.000000  1    0.742575862652E-04                              
AS G24       2026 09 05 10 36 30.000000  1    0.193705433446E-03                              
AS G25       2026 09 05 10 36 30.000000  1    0.391480472060E-03                              
AS G26       2026 09 05 10 36 30.000000  1   -0.391817554942E-03                              
AS G28       2026 09 05 10 36 30.000000  1   -0.422683986670E-03                              
AS G29       2026 09 05 10 36 30.000000  1   -0.248915737805E-03                              
AS G30       2026 09 05 10 36 30.000000  1    0.353620073504E-03                              
AS G31       2026 09 05 10 36 30.000000  1   -0.122852858081E-03                              
AS G04       2026 09 05 10 37 00.000000  1    0.647360752181E-04                              
AS G05       2026 09 05 10 37 00.000000  1   -0.236545021501E-03                              
AS G06       2026 09 05 10 37 00.000000  1   -0.531807131945E-03                              
AS G07       2026 09 05 10 37 00.000000  1   -0.221888836978E-03                              
AS G09       2026 09 05 10 37 00.000000  1    0.685583531560E-03                              
AS G11       2026 09 05 10 37 00.000000  1   -0.219638361811E-03                              
AS G13       2026 09 05 10 37 00.000000  1    0.438229997222E-03                              
AS G14       2026 09 05 10 37 00.000000  1    0.749969887861E-03                              
AS G15       2026 09 05 10 37 00.000000  1    0.442233341181E-03                              
AS G17       2026 09 05 10 37 00.000000  1   -0.197400224949E-03                              
AS G18       2026 09 05 10 37 00.000000  1   -0.263537325020E-03                              
AS G19       2026 09 05 10 37 00.000000  1    0.704957764634E-03                              
AS G20       2026 09 05 10 37 00.000000  1    0.278473704669E-03                              
AS G21       2026 09 05 10 37 00.000000  1    0.369294152982E-03                              
AS G22       2026 09 05 10 37 00.000000  1    0.742577410411E-04                              
AS G24       2026 09 05 10 37 00.000000  1    0.193706001859E-03                              
AS G25       2026 09 05 10 37 00.000000  1    0.391480378436E-03                              
AS G26       2026 09 05 10 37 00.000000  1   -0.391817590417E-03                              
AS G28       2026 09 05 10 37 00.000000  1   -0.422683665480E-03                              
AS G29       2026 09 05 10 37 00.000000  1   -0.248915466142E-03                              
AS G30       2026 09 05 10 37 00.000000  1    0.353620445496E-03                              
AS G31       2026 09 05 10 37 00.000000  1   -0.122852736668E-03                              
AS G04       2026 09 05 10 37 30.000000  1    0.647360881998E-04                              
AS G05       2026 09 05 10 37 30.000000  1   -0.236545227706E-03                              
AS G06       2026 09 05 10 37 30.000000  1   -0.531806799537E-03                              
AS G07       2026 09 05 10 37 30.000000  1   -0.221888938593E-03                              
AS G09       2026 09 05 10 37 30.000000  1    0.685583276951E-03                              
AS G11       2026 09 05 10 37 30.000000  1   -0.219638012345E-03                              
AS G13       2026 09 05 10 37 30.000000  1    0.438230140513E-03                              
AS G14       2026 09 05 10 37 30.000000  1    0.749969897117E-03                              
AS G15       2026 09 05 10 37 30.000000  1    0.442233277441E-03                              
AS G17       2026 09 05 10 37 30.000000  1   -0.197400367618E-03                              
AS G18       2026 09 05 10 37 30.000000  1   -0.263537065428E-03                              
AS G19       2026 09 05 10 37 30.000000  1    0.704957726855E-03                              
AS G20       2026 09 05 10 37 30.000000  1    0.278473987897E-03                              
AS G21       2026 09 05 10 37 30.000000  1    0.369293914428E-03                              
AS G22       2026 09 05 10 37 30.000000  1    0.742580124060E-04                              
AS G24       2026 09 05 10 37 30.000000  1    0.193706523227E-03                              
AS G25       2026 09 05 10 37 30.000000  1    0.391480270877E-03                              
AS G26       2026 09 05 10 37 30.000000  1   -0.391817636888E-03                              
AS G28       2026 09 05 10 37 30.000000  1   -0.422683346225E-03                              
AS G29       2026 09 05 10 37 30.000000  1   -0.248915268327E-03                              
AS G30       2026 09 05 10 37 30.000000  1    0.353620816241E-03                              
AS G31       2026 09 05 10 37 30.000000  1   -0.122852739440E-03                              
AS G04       2026 09 05 10 38 00.000000  1    0.647361013941E-04                              
AS G05       2026 09 05 10 38 00.000000  1   -0.236545379560E-03                              
AS G06       2026 09 05 10 38 00.000000  1   -0.531806466366E-03                              
AS G07       2026 09 05 10 38 00.000000  1   -0.221888976360E-03                              
AS G09       2026 09 05 10 38 00.000000  1    0.685583019230E-03                              
AS G11       2026 09 05 10 38 00.000000  1   -0.219637655632E-03                              
AS G13       2026 09 05 10 38 00.000000  1    0.438230298278E-03                              
AS G14       2026 09 05 10 38 00.000000  1    0.749969898528E-03                              
AS G15       2026 09 05 10 38 00.000000  1    0.442233359125E-03                              
AS G17       2026 09 05 10 38 00.000000  1   -0.197400356074E-03                              
AS G18       2026 09 05 10 38 00.000000  1   -0.263536799184E-03                              
AS G19       2026 09 05 10 38 00.000000  1    0.704957756005E-03                              
AS G20       2026 09 05 10 38 00.000000  1    0.278474264987E-03                              
AS G21       2026 09 05 10 38 00.000000  1    0.369293681851E-03                              
AS G22       2026 09 05 10 38 00.000000  1    0.742583787394E-04                              
AS G24       2026 09 05 10 38 00.000000  1    0.193707047146E-03                              
AS G25       2026 09 05 10 38 00.000000  1    0.391480166653E-03                              
AS G26       2026 09 05 10 38 00.000000  1   -0.391817664328E-03                              
AS G28       2026 09 05 10 38 00.000000  1   -0.422683032883E-03                              
AS G29       2026 09 05 10 38 00.000000  1   -0.248915066753E-03                              
AS G30       2026 09 05 10 38 00.000000  1    0.353621193170E-03                              
AS G31       2026 09 05 10 38 00.000000  1   -0.122852651058E-03                              
AS G04       2026 09 05 10 38 30.000000  1    0.647361054414E-04                              
AS G05       2026 09 05 10 38 30.000000  1   -0.236545190517E-03                              
AS G06       2026 09 05 10 38 30.000000  1   -0.531806139705E-03                              
AS G07       2026 09 05 10 38 30.000000  1   -0.221889037714E-03                              
AS G09       2026 09 05 10 38 30.000000  1    0.685582757737E-03                              
AS G11       2026 09 05 10 38 30.000000  1   -0.219637295151E-03                              
AS G13       2026 09 05 10 38 30.000000  1    0.438230445675E-03                              
AS G14       2026 09 05 10 38 30.000000  1    0.749969882626E-03                              
AS G15       2026 09 05 10 38 30.000000  1    0.442233398551E-03                              
AS G17       2026 09 05 10 38 30.000000  1   -0.197400395387E-03                              
AS G18       2026 09 05 10 38 30.000000  1   -0.263536538592E-03                              
AS G19       2026 09 05 10 38 30.000000  1    0.704957835636E-03                              
AS G20       2026 09 05 10 38 30.000000  1    0.278474543044E-03                              
AS G21       2026 09 05 10 38 30.000000  1    0.369293449419E-03                              
AS G22       2026 09 05 10 38 30.000000  1    0.742586251932E-04                              
AS G24       2026 09 05 10 38 30.000000  1    0.193707562281E-03                              
AS G25       2026 09 05 10 38 30.000000  1    0.391480064032E-03                              
AS G26       2026 09 05 10 38 30.000000  1   -0.391817704190E-03                              
AS G28       2026 09 05 10 38 30.000000  1   -0.422682708473E-03                              
AS G29       2026 09 05 10 38 30.000000  1   -0.248914937485E-03                              
AS G30       2026 09 05 10 38 30.000000  1    0.353621564646E-03                              
AS G31       2026 09 05 10 38 30.000000  1   -0.122852652144E-03                              
AS G04       2026 09 05 10 39 00.000000  1    0.647361226770E-04                              
AS G05       2026 09 05 10 39 00.000000  1   -0.236545248384E-03                              
AS G06       2026 09 05 10 39 00.000000  1   -0.531805813552E-03                              
AS G07       2026 09 05 10 39 00.000000  1   -0.221889142332E-03                              
AS G09       2026 09 05 10 39 00.000000  1    0.685582500029E-03                              
AS G11       2026 09 05 10 39 00.000000  1   -0.219636943224E-03                              
AS G13       2026 09 05 10 39 00.000000  1    0.438230599538E-03                              
AS G14       2026 09 05 10 39 00.000000  1    0.749969835751E-03                              
AS G15       2026 09 05 10 39 00.000000  1    0.442233498266E-03                              
AS G17       2026 09 05 10 39 00.000000  1   -0.197400607885E-03                              
AS G18       2026 09 05 10 39 00.000000  1   -0.263536265720E-03                              
AS G19       2026 09 05 10 39 00.000000  1    0.704957866959E-03                              
AS G20       2026 09 05 10 39 00.000000  1    0.278474817577E-03                              
AS G21       2026 09 05 10 39 00.000000  1    0.369293208984E-03                              
AS G22       2026 09 05 10 39 00.000000  1    0.742589157809E-04                              
AS G24       2026 09 05 10 39 00.000000  1    0.193708075131E-03                              
AS G25       2026 09 05 10 39 00.000000  1    0.391479962071E-03                              
AS G26       2026 09 05 10 39 00.000000  1   -0.391817751414E-03                              
AS G28       2026 09 05 10 39 00.000000  1   -0.422682384139E-03                              
AS G29       2026 09 05 10 39 00.000000  1   -0.248914569700E-03                              
AS G30       2026 09 05 10 39 00.000000  1    0.353621927915E-03                              
AS G31       2026 09 05 10 39 00.000000  1   -0.122852464397E-03                              
AS G04       2026 09 05 10 39 30.000000  1    0.647361364960E-04                              
AS G05       2026 09 05 10 39 30.000000  1   -0.236545339408E-03                              
AS G06       2026 09 05 10 39 30.000000  1   -0.531805481771E-03                              
AS G07       2026 09 05 10 39 30.000000  1   -0.221889314289E-03                              
AS G09       2026 09 05 10 39 30.000000  1    0.685582226237E-03                              
AS G11       2026 09 05 10 39 30.000000  1   -0.219636585301E-03                              
AS G13       2026 09 05 10 39 30.000000  1    0.438230751656E-03                              
AS G14       2026 09 05 10 39 30.000000  1    0.749969814606E-03                              
AS G15       2026 09 05 10 39 30.000000  1    0.442233621073E-03                              
AS G17       2026 09 05 10 39 30.000000  1   -0.197400903295E-03                              
AS G18       2026 09 05 10 39 30.000000  1   -0.263535995551E-03                              
AS G19       2026 09 05 10 39 30.000000  1    0.704957851215E-03                              
AS G20       2026 09 05 10 39 30.000000  1    0.278475080739E-03                              
AS G21       2026 09 05 10 39 30.000000  1    0.369292969499E-03                              
AS G22       2026 09 05 10 39 30.000000  1    0.742591655886E-04                              
AS G24       2026 09 05 10 39 30.000000  1    0.193708597060E-03                              
AS G25       2026 09 05 10 39 30.000000  1    0.391479849922E-03                              
AS G26       2026 09 05 10 39 30.000000  1   -0.391817790341E-03                              
AS G28       2026 09 05 10 39 30.000000  1   -0.422682067888E-03                              
AS G29       2026 09 05 10 39 30.000000  1   -0.248914284678E-03                              
AS G30       2026 09 05 10 39 30.000000  1    0.353622297997E-03                              
AS G31       2026 09 05 10 39 30.000000  1   -0.122852178612E-03                              
AS G04       2026 09 05 10 40 00.000000  2    0.647361459059E-04  0.151912896250E-11          
AS G05       2026 09 05 10 40 00.000000  2   -0.236545443703E-03  0.158703706292E-11          
AS G06       2026 09 05 10 40 00.000000  2   -0.531805147266E-03  0.148165960304E-11          
AS G07       2026 09 05 10 40 00.000000  2   -0.221889520514E-03  0.148266653311E-11          
AS G09       2026 09 05 10 40 00.000000  2    0.685581962155E-03  0.140756679028E-11          
AS G11       2026 09 05 10 40 00.000000  2   -0.219636218167E-03  0.142835290051E-11          
AS G13       2026 09 05 10 40 00.000000  2    0.438230898277E-03  0.210105527289E-11          
AS G14       2026 09 05 10 40 00.000000  2    0.749969810367E-03  0.211399832422E-11          
AS G15       2026 09 05 10 40 00.000000  2    0.442233714092E-03  0.207131385563E-11          
AS G17       2026 09 05 10 40 00.000000  2   -0.197401086318E-03  0.202354709122E-11          
AS G18       2026 09 05 10 40 00.000000  2   -0.263535728824E-03  0.200010697142E-11          
AS G19       2026 09 05 10 40 00.000000  2    0.704957902477E-03  0.186483109082E-11          
AS G20       2026 09 05 10 40 00.000000  2    0.278475354650E-03  0.179313523616E-11          
AS G21       2026 09 05 10 40 00.000000  2    0.369292740653E-03  0.145612978446E-11          
AS G22       2026 09 05 10 40 00.000000  2    0.742594758667E-04  0.211438207346E-11          
AS G24       2026 09 05 10 40 00.000000  2    0.193709115239E-03  0.223358715889E-11          
AS G25       2026 09 05 10 40 00.000000  2    0.391479756600E-03  0.181751050022E-11          
AS G26       2026 09 05 10 40 00.000000  2   -0.391817828489E-03  0.183584845159E-11          
AS G28       2026 09 05 10 40 00.000000  2   -0.422681734259E-03  0.202156197682E-11          
AS G29       2026 09 05 10 40 00.000000  2   -0.248914114773E-03  0.164718179501E-11          
AS G30       2026 09 05 10 40 00.000000  2    0.353622659532E-03  0.179196809622E-11          
AS G31       2026 09 05 10 40 00.000000  2   -0.122852101765E-03  0.198771885508E-11          
AS G04       2026 09 05 10 40 30.000000  1    0.647361491607E-04                              
AS G05       2026 09 05 10 40 30.000000  1   -0.236545284558E-03                              
AS G06       2026 09 05 10 40 30.000000  1   -0.531804815817E-03                              
AS G07       2026 09 05 10 40 30.000000  1   -0.221889642839E-03                              
AS G09       2026 09 05 10 40 30.000000  1    0.685581695874E-03                              
AS G11       2026 09 05 10 40 30.000000  1   -0.219635862793E-03                              
AS G13       2026 09 05 10 40 30.000000  1    0.438231041913E-03                              
AS G14       2026 09 05 10 40 30.000000  1    0.749969801963E-03                              
AS G15       2026 09 05 10 40 30.000000  1    0.442233725052E-03                              
AS G17       2026 09 05 10 40 30.000000  1   -0.197401268689E-03                              
AS G18       2026 09 05 10 40 30.000000  1   -0.263535464678E-03                              
AS G19       2026 09 05 10 40 30.000000  1    0.704957884119E-03                              
AS G20       2026 09 05 10 40 30.000000  1    0.278475629326E-03                              
AS G21       2026 09 05 10 40 30.000000  1    0.369292507357E-03                              
AS G22       2026 09 05 10 40 30.000000  1    0.742597565263E-04                              
AS G24       2026 09 05 10 40 30.000000  1    0.193709620790E-03                              
AS G25       2026 09 05 10 40 30.000000  1    0.391479655865E-03                              
AS G26       2026 09 05 10 40 30.000000  1   -0.391817869433E-03                              
AS G28       2026 09 05 10 40 30.000000  1   -0.422681423417E-03                              
AS G29       2026 09 05 10 40 30.000000  1   -0.248913922450E-03                              
AS G30       2026 09 05 10 40 30.000000  1    0.353623031764E-03                              
AS G31       2026 09 05 10 40 30.000000  1   -0.122852032450E-03                              
AS G04       2026 09 05 10 41 00.000000  1    0.647361538537E-04                              
AS G05       2026 09 05 10 41 00.000000  1   -0.236545351050E-03                              
AS G06       2026 09 05 10 41 00.000000  1   -0.531804490821E-03                              
AS G07       2026 09 05 10 41 00.000000  1   -0.221889753676E-03                              
AS G09       2026 09 05 10 41 00.000000  1    0.685581440444E-03                              
AS G11       2026 09 05 10 41 00.000000  1   -0.219635505109E-03                              
AS G13       2026 09 05 10 41 00.000000  1    0.438231194785E-03                              
AS G14       2026 09 05 10 41 00.000000  1    0.749969797776E-03                              
AS G15       2026 09 05 10 41 00.000000  1    0.442233831749E-03                              
AS G17       2026 09 05 10 41 00.000000  1   -0.197401386924E-03                              
AS G18       2026 09 05 10 41 00.000000  1   -0.263535200634E-03                              
AS G19       2026 09 05 10 41 00.000000  1    0.704957778913E-03                              
AS G20       2026 09 05 10 41 00.000000  1    0.278475896145E-03                              
AS G21       2026 09 05 10 41 00.000000  1    0.369292266208E-03                              
AS G22       2026 09 05 10 41 00.000000  1    0.742600226585E-04                              
AS G24       2026 09 05 10 41 00.000000  1    0.193710136569E-03                              
AS G25       2026 09 05 10 41 00.000000  1    0.391479555436E-03                              
AS G26       2026 09 05 10 41 00.000000  1   -0.391817911639E-03                              
AS G28       2026 09 05 10 41 00.000000  1   -0.422681093099E-03                              
AS G29       2026 09 05 10 41 00.000000  1   -0.248913729753E-03                              
AS G30       2026 09 05 10 41 00.000000  1    0.353623399528E-03                              
AS G31       2026 09 05 10 41 00.000000  1   -0.122851931752E-03                              
AS G04       2026 09 05 10 41 30.000000  1    0.647361529299E-04                              
AS G05       2026 09 05 10 41 30.000000  1   -0.236545365961E-03                              
AS G06       2026 09 05 10 41 30.000000  1   -0.531804163367E-03                              
AS G07       2026 09 05 10 41 30.000000  1   -0.221889793135E-03                              
AS G09       2026 09 05 10 41 30.000000  1    0.685581165485E-03                              
AS G11       2026 09 05 10 41 30.000000  1   -0.219635144987E-03                              
AS G13       2026 09 05 10 41 30.000000  1    0.438231345097E-03                              
AS G14       2026 09 05 10 41 30.000000  1    0.749969784044E-03                              
AS G15       2026 09 05 10 41 30.000000  1    0.442234053142E-03                              
AS G17       2026 09 05 10 41 30.000000  1   -0.197401405010E-03                              
AS G18       2026 09 05 10 41 30.000000  1   -0.263534943795E-03                              
AS G19       2026 09 05 10 41 30.000000  1    0.704957727206E-03                              
AS G20       2026 09 05 10 41 30.000000  1    0.278476168100E-03                              
AS G21       2026 09 05 10 41 30.000000  1    0.369292038249E-03                              
AS G22       2026 09 05 10 41 30.000000  1    0.742602191631E-04                              
AS G24       2026 09 05 10 41 30.000000  1    0.193710648685E-03                              
AS G25       2026 09 05 10 41 30.000000  1    0.391479441536E-03                              
AS G26       2026 09 05 10 41 30.000000  1   -0.391817948264E-03                              
AS G28       2026 09 05 10 41 30.000000  1   -0.422680776208E-03                              
AS G29       2026 09 05 10 41 30.000000  1   -0.248913401732E-03                              
AS G30       2026 09 05 10 41 30.000000  1    0.353623767558E-03                              
AS G31       2026 09 05 10 41 30.000000  1   -0.122851783449E-03                              
AS G04       2026 09 05 10 42 00.000000  1    0.647361640474E-04                              
AS G05       2026 09 05 10 42 00.000000  1   -0.236545392707E-03                              
AS G06       2026 09 05 10 42 00.000000  1   -0.531803837112E-03                              
AS G07       2026 09 05 10 42 00.000000  1   -0.221889860531E-03                              
AS G09       2026 09 05 10 42 00.000000  1    0.685580899026E-03                              
AS G11       2026 09 05 10 42 00.000000  1   -0.219634783335E-03                              
AS G13       2026 09 05 10 42 00.000000  1    0.438231490826E-03                              
AS G14       2026 09 05 10 42 00.000000  1    0.749969766824E-03                              
AS G15       2026 09 05 10 42 00.000000  1    0.442234202626E-03                              
AS G17       2026 09 05 10 42 00.000000  1   -0.197401514233E-03                              
AS G18       2026 09 05 10 42 00.000000  1   -0.263534684880E-03                              
AS G19       2026 09 05 10 42 00.000000  1    0.704957770062E-03                              
AS G20       2026 09 05 10 42 00.000000  1    0.278476439674E-03                              
AS G21       2026 09 05 10 42 00.000000  1    0.369291799753E-03                              
AS G22       2026 09 05 10 42 00.000000  1    0.742605061674E-04                              
AS G24       2026 09 05 10 42 00.000000  1    0.193711158847E-03                              
AS G25       2026 09 05 10 42 00.000000  1    0.391479336765E-03                              
AS G26       2026 09 05 10 42 00.000000  1   -0.391817981568E-03                              
AS G28       2026 09 05 10 42 00.000000  1   -0.422680452304E-03                              
AS G29       2026 09 05 10 42 00.000000  1   -0.248913321604E-03                              
AS G30       2026 09 05 10 42 00.000000  1    0.353624136274E-03                              
AS G31       2026 09 05 10 42 00.000000  1   -0.122851699972E-03                              
AS G04       2026 09 05 10 42 30.000000  1    0.647361830409E-04                              
AS G05       2026 09 05 10 42 30.000000  1   -0.236545294063E-03                              
AS G06       2026 09 05 10 42 30.000000  1   -0.531803516475E-03                              
AS G07       2026 09 05 10 42 30.000000  1   -0.221890000466E-03                              
AS G09       2026 09 05 10 42 30.000000  1    0.685580636618E-03                              
AS G11       2026 09 05 10 42 30.000000  1   -0.219634427424E-03                              
AS G13       2026 09 05 10 42 30.000000  1    0.438231643973E-03                              
AS G14       2026 09 05 10 42 30.000000  1    0.749969758565E-03                              
AS G15       2026 09 05 10 42 30.000000  1    0.442234450280E-03                              
AS G17       2026 09 05 10 42 30.000000  1   -0.197401653954E-03                              
AS G18       2026 09 05 10 42 30.000000  1   -0.263534424512E-03                              
AS G19       2026 09 05 10 42 30.000000  1    0.704957742859E-03                              
AS G20       2026 09 05 10 42 30.000000  1    0.278476702179E-03                              
AS G21       2026 09 05 10 42 30.000000  1    0.369291563382E-03                              
AS G22       2026 09 05 10 42 30.000000  1    0.742606820880E-04                              
AS G24       2026 09 05 10 42 30.000000  1    0.193711680095E-03                              
AS G25       2026 09 05 10 42 30.000000  1    0.391479236997E-03                              
AS G26       2026 09 05 10 42 30.000000  1   -0.391818016608E-03                              
AS G28       2026 09 05 10 42 30.000000  1   -0.422680137315E-03                              
AS G29       2026 09 05 10 42 30.000000  1   -0.248913186441E-03                              
AS G30       2026 09 05 10 42 30.000000  1    0.353624502997E-03                              
AS G31       2026 09 05 10 42 30.000000  1   -0.122851685706E-03                              
AS G04       2026 09 05 10 43 00.000000  1    0.647361921978E-04                              
AS G05       2026 09 05 10 43 00.000000  1   -0.236545367051E-03                              
AS G06       2026 09 05 10 43 00.000000  1   -0.531803182951E-03                              
AS G07       2026 09 05 10 43 00.000000  1   -0.221890125332E-03                              
AS G09       2026 09 05 10 43 00.000000  1    0.685580369201E-03                              
AS G11       2026 09 05 10 43 00.000000  1   -0.219634072733E-03                              
AS G13       2026 09 05 10 43 00.000000  1    0.438231793139E-03                              
AS G14       2026 09 05 10 43 00.000000  1    0.749969750479E-03                              
AS G15       2026 09 05 10 43 00.000000  1    0.442234495727E-03                              
AS G17       2026 09 05 10 43 00.000000  1   -0.197401798490E-03                              
AS G18       2026 09 05 10 43 00.000000  1   -0.263534165753E-03                              
AS G19       2026 09 05 10 43 00.000000  1    0.704957711416E-03                              
AS G20       2026 09 05 10 43 00.000000  1    0.278476977650E-03                              
AS G21       2026 09 05 10 43 00.000000  1    0.369291323670E-03                              
AS G22       2026 09 05 10 43 00.000000  1    0.742609161252E-04                              
AS G24       2026 09 05 10 43 00.000000  1    0.193712189051E-03                              
AS G25       2026 09 05 10 43 00.000000  1    0.391479117569E-03                              
AS G26       2026 09 05 10 43 00.000000  1   -0.391818057043E-03                              
AS G28       2026 09 05 10 43 00.000000  1   -0.422679821500E-03                              
AS G29       2026 09 05 10 43 00.000000  1   -0.248913039859E-03                              
AS G30       2026 09 05 10 43 00.000000  1    0.353624880008E-03                              
AS G31       2026 09 05 10 43 00.000000  1   -0.122851662672E-03                              
AS G04       2026 09 05 10 43 30.000000  1    0.647361944381E-04                              
AS G05       2026 09 05 10 43 30.000000  1   -0.236545379734E-03                              
AS G06       2026 09 05 10 43 30.000000  1   -0.531802866357E-03                              
AS G07       2026 09 05 10 43 30.000000  1   -0.221890240563E-03                              
AS G09       2026 09 05 10 43 30.000000  1    0.685580110496E-03                              
AS G11       2026 09 05 10 43 30.000000  1   -0.219633705448E-03                              
AS G13       2026 09 05 10 43 30.000000  1    0.438231939635E-03                              
AS G14       2026 09 05 10 43 30.000000  1    0.749969744542E-03                              
AS G15       2026 09 05 10 43 30.000000  1    0.442234535092E-03                              
AS G17       2026 09 05 10 43 30.000000  1   -0.197401974651E-03                              
AS G18       2026 09 05 10 43 30.000000  1   -0.263533892773E-03                              
AS G19       2026 09 05 10 43 30.000000  1    0.704957823579E-03                              
AS G20       2026 09 05 10 43 30.000000  1    0.278477246551E-03                              
AS G21       2026 09 05 10 43 30.000000  1    0.369291075002E-03                              
AS G22       2026 09 05 10 43 30.000000  1    0.742612136550E-04                              
AS G24       2026 09 05 10 43 30.000000  1    0.193712694561E-03                              
AS G25       2026 09 05 10 43 30.000000  1    0.391479027272E-03                              
AS G26       2026 09 05 10 43 30.000000  1   -0.391818084662E-03                              
AS G28       2026 09 05 10 43 30.000000  1   -0.422679496914E-03                              
AS G29       2026 09 05 10 43 30.000000  1   -0.248912629753E-03                              
AS G30       2026 09 05 10 43 30.000000  1    0.353625241983E-03                              
AS G31       2026 09 05 10 43 30.000000  1   -0.122851622948E-03                              
AS G04       2026 09 05 10 44 00.000000  1    0.647361954901E-04                              
AS G05       2026 09 05 10 44 00.000000  1   -0.236545447901E-03                              
AS G06       2026 09 05 10 44 00.000000  1   -0.531802526054E-03                              
AS G07       2026 09 05 10 44 00.000000  1   -0.221890313827E-03                              
AS G09       2026 09 05 10 44 00.000000  1    0.685579851493E-03                              
AS G11       2026 09 05 10 44 00.000000  1   -0.219633342268E-03                              
AS G13       2026 09 05 10 44 00.000000  1    0.438232084662E-03                              
AS G14       2026 09 05 10 44 00.000000  1    0.749969734989E-03                              
AS G15       2026 09 05 10 44 00.000000  1    0.442234754776E-03                              
AS G17       2026 09 05 10 44 00.000000  1   -0.197402163854E-03                              
AS G18       2026 09 05 10 44 00.000000  1   -0.263533627742E-03                              
AS G19       2026 09 05 10 44 00.000000  1    0.704957814347E-03                              
AS G20       2026 09 05 10 44 00.000000  1    0.278477527900E-03                              
AS G21       2026 09 05 10 44 00.000000  1    0.369290840410E-03                              
AS G22       2026 09 05 10 44 00.000000  1    0.742615649767E-04                              
AS G24       2026 09 05 10 44 00.000000  1    0.193713219028E-03                              
AS G25       2026 09 05 10 44 00.000000  1    0.391478927706E-03                              
AS G26       2026 09 05 10 44 00.000000  1   -0.391818121322E-03                              
AS G28       2026 09 05 10 44 00.000000  1   -0.422679240176E-03                              
AS G29       2026 09 05 10 44 00.000000  1   -0.248912384341E-03                              
AS G30       2026 09 05 10 44 00.000000  1    0.353625616118E-03                              
AS G31       2026 09 05 10 44 00.000000  1   -0.122851450729E-03                              
AS G04       2026 09 05 10 44 30.000000  1    0.647362126680E-04                              
AS G05       2026 09 05 10 44 30.000000  1   -0.236545473638E-03                              
AS G06       2026 09 05 10 44 30.000000  1   -0.531802207091E-03                              
AS G07       2026 09 05 10 44 30.000000  1   -0.221890454462E-03                              
AS G09       2026 09 05 10 44 30.000000  1    0.685579576197E-03                              
AS G11       2026 09 05 10 44 30.000000  1   -0.219632988929E-03                              
AS G13       2026 09 05 10 44 30.000000  1    0.438232236768E-03                              
AS G14       2026 09 05 10 44 30.000000  1    0.749969729435E-03                              
AS G15       2026 09 05 10 44 30.000000  1    0.442234706401E-03                              
AS G17       2026 09 05 10 44 30.000000  1   -0.197402366939E-03                              
AS G18       2026 09 05 10 44 30.000000  1   -0.263533359452E-03                              
AS G19       2026 09 05 10 44 30.000000  1    0.704957760384E-03                              
AS G20       2026 09 05 10 44 30.000000  1    0.278477801463E-03                              
AS G21       2026 09 05 10 44 30.000000  1    0.369290603805E-03                              
AS G22       2026 09 05 10 44 30.000000  1    0.742618135481E-04                              
AS G24       2026 09 05 10 44 30.000000  1    0.193713738038E-03                              
AS G25       2026 09 05 10 44 30.000000  1    0.391478816461E-03                              
AS G26       2026 09 05 10 44 30.000000  1   -0.391818172775E-03                              
AS G28       2026 09 05 10 44 30.000000  1   -0.422678923080E-03                              
AS G29       2026 09 05 10 44 30.000000  1   -0.248912144665E-03                              
AS G30       2026 09 05 10 44 30.000000  1    0.353625974357E-03                              
AS G31       2026 09 05 10 44 30.000000  1   -0.122851395197E-03                              
AS G04       2026 09 05 10 45 00.000000  2    0.647362232202E-04  0.153151086550E-11          
AS G05       2026 09 05 10 45 00.000000  2   -0.236545311231E-03  0.157356740681E-11          
AS G06       2026 09 05 10 45 00.000000  2   -0.531801879748E-03  0.149250442918E-11          
AS G07       2026 09 05 10 45 00.000000  2   -0.221890615287E-03  0.147394294188E-11          
AS G09       2026 09 05 10 45 00.000000  2    0.685579304134E-03  0.141015226390E-11          
AS G11       2026 09 05 10 45 00.000000  2   -0.219632628840E-03  0.143341847311E-11          
AS G13       2026 09 05 10 45 00.000000  2    0.438232381010E-03  0.214133012770E-11          
AS G14       2026 09 05 10 45 00.000000  2    0.749969722528E-03  0.210873320202E-11          
AS G15       2026 09 05 10 45 00.000000  2    0.442234727600E-03  0.205428450699E-11          
AS G17       2026 09 05 10 45 00.000000  2   -0.197402534734E-03  0.203272008806E-11          
AS G18       2026 09 05 10 45 00.000000  2   -0.263533100590E-03  0.198844099631E-11          
AS G19       2026 09 05 10 45 00.000000  2    0.704957664202E-03  0.187327259319E-11          
AS G20       2026 09 05 10 45 00.000000  2    0.278478077365E-03  0.178036299262E-11          
AS G21       2026 09 05 10 45 00.000000  2    0.369290353874E-03  0.145290170894E-11          
AS G22       2026 09 05 10 45 00.000000  2    0.742620701171E-04  0.212416797041E-11          
AS G24       2026 09 05 10 45 00.000000  2    0.193714262288E-03  0.221893951844E-11          
AS G25       2026 09 05 10 45 00.000000  2    0.391478708370E-03  0.183353456351E-11          
AS G26       2026 09 05 10 45 00.000000  2   -0.391818221634E-03  0.184131331081E-11          
AS G28       2026 09 05 10 45 00.000000  2   -0.422678600101E-03  0.203290319341E-11          
AS G29       2026 09 05 10 45 00.000000  2   -0.248911953572E-03  0.163672225567E-11          
AS G30       2026 09 05 10 45 00.000000  2    0.353626353307E-03  0.176018716743E-11          
AS G31       2026 09 05 10 45 00.000000  2   -0.122851381304E-03  0.203242628515E-11          
AS G04       2026 09 05 10 45 30.000000  1    0.647362350309E-04                              
AS G05       2026 09 05 10 45 30.000000  1   -0.236545163059E-03                              
AS G06       2026 09 05 10 45 30.000000  1   -0.531801552153E-03                              
AS G07       2026 09 05 10 45 30.000000  1   -0.221890730555E-03                              
AS G09       2026 09 05 10 45 30.000000  1    0.685579040955E-03                              
AS G11       2026 09 05 10 45 30.000000  1   -0.219632257889E-03                              
AS G13       2026 09 05 10 45 30.000000  1    0.438232538100E-03                              
AS G14       2026 09 05 10 45 30.000000  1    0.749969714269E-03                              
AS G15       2026 09 05 10 45 30.000000  1    0.442234756151E-03                              
AS G17       2026 09 05 10 45 30.000000  1   -0.197402736360E-03                              
AS G18       2026 09 05 10 45 30.000000  1   -0.263532827085E-03                              
AS G19       2026 09 05 10 45 30.000000  1    0.704957649153E-03                              
AS G20       2026 09 05 10 45 30.000000  1    0.278478343728E-03                              
AS G21       2026 09 05 10 45 30.000000  1    0.369290117726E-03                              
AS G22       2026 09 05 10 45 30.000000  1    0.742623715277E-04                              
AS G24       2026 09 05 10 45 30.000000  1    0.193714772956E-03                              
AS G25       2026 09 05 10 45 30.000000  1    0.391478606175E-03                              
AS G26       2026 09 05 10 45 30.000000  1   -0.391818251787E-03                              
AS G28       2026 09 05 10 45 30.000000  1   -0.422678276218E-03                              
AS G29       2026 09 05 10 45 30.000000  1   -0.248911669323E-03                              
AS G30       2026 09 05 10 45 30.000000  1    0.353626733120E-03                              
AS G31       2026 09 05 10 45 30.000000  1   -0.122851260199E-03                              
AS G04       2026 09 05 10 46 00.000000  1    0.647362470973E-04                              
AS G05       2026 09 05 10 46 00.000000  1   -0.236545197516E-03                              
AS G06       2026 09 05 10 46 00.000000  1   -0.531801214078E-03                              
AS G07       2026 09 05 10 46 00.000000  1   -0.221890852284E-03                              
AS G09       2026 09 05 10 46 00.000000  1    0.685578780885E-03                              
AS G11       2026 09 05 10 46 00.000000  1   -0.219631898095E-03                              
AS G13       2026 09 05 10 46 00.000000  1    0.438232684324E-03                              
AS G14       2026 09 05 10 46 00.000000  1    0.749969703084E-03                              
AS G15       2026 09 05 10 46 00.000000  1    0.442234894487E-03                              
AS G17       2026 09 05 10 46 00.000000  1   -0.197402908796E-03                              
AS G18       2026 09 05 10 46 00.000000  1   -0.263532573547E-03                              
AS G19       2026 09 05 10 46 00.000000  1    0.704957612998E-03                              
AS G20       2026 09 05 10 46 00.000000  1    0.278478601692E-03                              
AS G21       2026 09 05 10 46 00.000000  1    0.369289874863E-03                              
AS G22       2026 09 05 10 46 00.000000  1    0.742626050377E-04                              
AS G24       2026 09 05 10 46 00.000000  1    0.193715294512E-03                              
AS G25       2026 09 05 10 46 00.000000  1    0.391478512637E-03                              
AS G26       2026 09 05 10 46 00.000000  1   -0.391818281048E-03                              
AS G28       2026 09 05 10 46 00.000000  1   -0.422677958577E-03                              
AS G29       2026 09 05 10 46 00.000000  1   -0.248911381782E-03                              
AS G30       2026 09 05 10 46 00.000000  1    0.353627097153E-03                              
AS G31       2026 09 05 10 46 00.000000  1   -0.122851127686E-03                              
AS G04       2026 09 05 10 46 30.000000  1    0.647362604103E-04                              
AS G05       2026 09 05 10 46 30.000000  1   -0.236545367242E-03                              
AS G06       2026 09 05 10 46 30.000000  1   -0.531800885015E-03                              
AS G07       2026 09 05 10 46 30.000000  1   -0.221890944143E-03                              
AS G09       2026 09 05 10 46 30.000000  1    0.685578516112E-03                              
AS G11       2026 09 05 10 46 30.000000  1   -0.219631535914E-03                              
AS G13       2026 09 05 10 46 30.000000  1    0.438232832226E-03                              
AS G14       2026 09 05 10 46 30.000000  1    0.749969684571E-03                              
AS G15       2026 09 05 10 46 30.000000  1    0.442235004390E-03                              
AS G17       2026 09 05 10 46 30.000000  1   -0.197403101289E-03                              
AS G18       2026 09 05 10 46 30.000000  1   -0.263532303676E-03                              
AS G19       2026 09 05 10 46 30.000000  1    0.704957703401E-03                              
AS G20       2026 09 05 10 46 30.000000  1    0.278478886672E-03                              
AS G21       2026 09 05 10 46 30.000000  1    0.369289644541E-03                              
AS G22       2026 09 05 10 46 30.000000  1    0.742630278937E-04                              
AS G24       2026 09 05 10 46 30.000000  1    0.193715823472E-03                              
AS G25       2026 09 05 10 46 30.000000  1    0.391478409247E-03                              
AS G26       2026 09 05 10 46 30.000000  1   -0.391818316438E-03                              
AS G28       2026 09 05 10 46 30.000000  1   -0.422677630594E-03                              
AS G29       2026 09 05 10 46 30.000000  1   -0.248911122829E-03                              
AS G30       2026 09 05 10 46 30.000000  1    0.353627461599E-03                              
AS G31       2026 09 05 10 46 30.000000  1   -0.122851003730E-03                              
AS G04       2026 09 05 10 47 00.000000  1    0.647362615624E-04                              
AS G05       2026 09 05 10 47 00.000000  1   -0.236545470485E-03                              
AS G06       2026 09 05 10 47 00.000000  1   -0.531800566749E-03                              
AS G07       2026 09 05 10 47 00.000000  1   -0.221891054995E-03                              
AS G09       2026 09 05 10 47 00.000000  1    0.685578251406E-03                              
AS G11       2026 09 05 10 47 00.000000  1   -0.219631180509E-03                              
AS G13       2026 09 05 10 47 00.000000  1    0.438232982494E-03                              
AS G14       2026 09 05 10 47 00.000000  1    0.749969675199E-03                              
AS G15       2026 09 05 10 47 00.000000  1    0.442234994531E-03                              
AS G17       2026 09 05 10 47 00.000000  1   -0.197403230695E-03                              
AS G18       2026 09 05 10 47 00.000000  1   -0.263532038223E-03                              
AS G19       2026 09 05 10 47 00.000000  1    0.704957771045E-03                              
AS G20       2026 09 05 10 47 00.000000  1    0.278479148249E-03                              
AS G21       2026 09 05 10 47 00.000000  1    0.369289404390E-03                              
AS G22       2026 09 05 10 47 00.000000  1    0.742632445321E-04                              
AS G24       2026 09 05 10 47 00.000000  1    0.193716321430E-03                              
AS G25       2026 09 05 10 47 00.000000  1    0.391478293416E-03                              
AS G26       2026 09 05 10 47 00.000000  1   -0.391818358636E-03                              
AS G28       2026 09 05 10 47 00.000000  1   -0.422677315045E-03                              
AS G29       2026 09 05 10 47 00.000000  1   -0.248910932062E-03                              
AS G30       2026 09 05 10 47 00.000000  1    0.353627832443E-03                              
AS G31       2026 09 05 10 47 00.000000  1   -0.122850916725E-03                              
AS G04       2026 09 05 10 47 30.000000  1    0.647362662893E-04                              
AS G05       2026 09 05 10 47 30.000000  1   -0.236545153755E-03                              
AS G06       2026 09 05 10 47 30.000000  1   -0.531800234700E-03                              
AS G07       2026 09 05 10 47 30.000000  1   -0.221891106836E-03                              
AS G09       2026 09 05 10 47 30.000000  1    0.685577995020E-03                              
AS G11       2026 09 05 10 47 30.000000  1   -0.219630817333E-03                              
AS G13       2026 09 05 10 47 30.000000  1    0.438233123292E-03                              
AS G14       2026 09 05 10 47 30.000000  1    0.749969666908E-03                              
AS G15       2026 09 05 10 47 30.000000  1    0.442235119239E-03                              
AS G17       2026 09 05 10 47 30.000000  1   -0.197403403681E-03                              
AS G18       2026 09 05 10 47 30.000000  1   -0.263531771137E-03                              
AS G19       2026 09 05 10 47 30.000000  1    0.704957835163E-03                              
AS G20       2026 09 05 10 47 30.000000  1    0.278479420874E-03                              
AS G21       2026 09 05 10 47 30.000000  1    0.369289164582E-03                              
AS G22       2026 09 05 10 47 30.000000  1    0.742634319633E-04                              
AS G24       2026 09 05 10 47 30.000000  1    0.193716842329E-03                              
AS G25       2026 09 05 10 47 30.000000  1    0.391478181172E-03                              
AS G26       2026 09 05 10 47 30.000000  1   -0.391818405470E-03                              
AS G28       2026 09 05 10 47 30.000000  1   -0.422676991685E-03                              
AS G29       2026 09 05 10 47 30.000000  1   -0.248910742944E-03                              
AS G30       2026 09 05 10 47 30.000000  1    0.353628204394E-03                              
AS G31       2026 09 05 10 47 30.000000  1   -0.122850880910E-03                              
AS G04       2026 09 05 10 48 00.000000  1    0.647362603964E-04                              
AS G05       2026 09 05 10 48 00.000000  1   -0.236545200999E-03                              
AS G06       2026 09 05 10 48 00.000000  1   -0.531799904962E-03                              
AS G07       2026 09 05 10 48 00.000000  1   -0.221891230733E-03                              
AS G09       2026 09 05 10 48 00.000000  1    0.685577733524E-03                              
AS G11       2026 09 05 10 48 00.000000  1   -0.219630467544E-03                              
AS G13       2026 09 05 10 48 00.000000  1    0.438233276730E-03                              
AS G14       2026 09 05 10 48 00.000000  1    0.749969662953E-03                              
AS G15       2026 09 05 10 48 00.000000  1    0.442235164377E-03                              
AS G17       2026 09 05 10 48 00.000000  1   -0.197403594305E-03                              
AS G18       2026 09 05 10 48 00.000000  1   -0.263531496499E-03                              
AS G19       2026 09 05 10 48 00.000000  1    0.704957853899E-03                              
AS G20       2026 09 05 10 48 00.000000  1    0.278479688840E-03                              
AS G21       2026 09 05 10 48 00.000000  1    0.369288924826E-03                              
AS G22       2026 09 05 10 48 00.000000  1    0.742636177513E-04                              
AS G24       2026 09 05 10 48 00.000000  1    0.193717347750E-03                              
AS G25       2026 09 05 10 48 00.000000  1    0.391478074210E-03                              
AS G26       2026 09 05 10 48 00.000000  1   -0.391818445522E-03                              
AS G28       2026 09 05 10 48 00.000000  1   -0.422676666312E-03                              
AS G29       2026 09 05 10 48 00.000000  1   -0.248910675953E-03                              
AS G30       2026 09 05 10 48 00.000000  1    0.353628571266E-03                              
AS G31       2026 09 05 10 48 00.000000  1   -0.122850795852E-03                              
AS G04       2026 09 05 10 48 30.000000  1    0.647362743564E-04                              
AS G05       2026 09 05 10 48 30.000000  1   -0.236545159309E-03                              
AS G06       2026 09 05 10 48 30.000000  1   -0.531799568471E-03                              
AS G07       2026 09 05 10 48 30.000000  1   -0.221891398302E-03                              
AS G09       2026 09 05 10 48 30.000000  1    0.685577475594E-03                              
AS G11       2026 09 05 10 48 30.000000  1   -0.219630104780E-03                              
AS G13       2026 09 05 10 48 30.000000  1    0.438233428008E-03                              
AS G14       2026 09 05 10 48 30.000000  1    0.749969643748E-03                              
AS G15       2026 09 05 10 48 30.000000  1    0.442235291229E-03                              
AS G17       2026 09 05 10 48 30.000000  1   -0.197403802116E-03                              
AS G18       2026 09 05 10 48 30.000000  1   -0.263531222353E-03                              
AS G19       2026 09 05 10 48 30.000000  1    0.704957760077E-03                              
AS G20       2026 09 05 10 48 30.000000  1    0.278479965622E-03                              
AS G21       2026 09 05 10 48 30.000000  1    0.369288687235E-03                              
AS G22       2026 09 05 10 48 30.000000  1    0.742639482369E-04                              
AS G24       2026 09 05 10 48 30.000000  1    0.193717871912E-03                              
AS G25       2026 09 05 10 48 30.000000  1    0.391477985003E-03                              
AS G26       2026 09 05 10 48 30.000000  1   -0.391818488497E-03                              
AS G28       2026 09 05 10 48 30.000000  1   -0.422676347885E-03                              
AS G29       2026 09 05 10 48 30.000000  1   -0.248910596734E-03                              
AS G30       2026 09 05 10 48 30.000000  1    0.353628947610E-03                              
AS G31       2026 09 05 10 48 30.000000  1   -0.122850711339E-03                              
AS G04       2026 09 05 10 49 00.000000  1    0.647362782854E-04                              
AS G05       2026 09 05 10 49 00.000000  1   -0.236545225982E-03                              
AS G06       2026 09 05 10 49 00.000000  1   -0.531799243028E-03                              
AS G07       2026 09 05 10 49 00.000000  1   -0.221891451843E-03                              
AS G09       2026 09 05 10 49 00.000000  1    0.685577212306E-03                              
AS G11       2026 09 05 10 49 00.000000  1   -0.219629748251E-03                              
AS G13       2026 09 05 10 49 00.000000  1    0.438233584529E-03                              
AS G14       2026 09 05 10 49 00.000000  1    0.749969635676E-03                              
AS G15       2026 09 05 10 49 00.000000  1    0.442235567012E-03                              
AS G17       2026 09 05 10 49 00.000000  1   -0.197403908564E-03                              
AS G18       2026 09 05 10 49 00.000000  1   -0.263530965136E-03                              
AS G19       2026 09 05 10 49 00.000000  1    0.704957706529E-03                              
AS G20       2026 09 05 10 49 00.000000  1    0.278480237926E-03                              
AS G21       2026 09 05 10 49 00.000000  1    0.369288441739E-03                              
AS G22       2026 09 05 10 49 00.000000  1    0.742642316604E-04                              
AS G24       2026 09 05 10 49 00.000000  1    0.193718393957E-03                              
AS G25       2026 09 05 10 49 00.000000  1    0.391477883361E-03                              
AS G26       2026 09 05 10 49 00.000000  1   -0.391818525639E-03                              
AS G28       2026 09 05 10 49 00.000000  1   -0.422676026013E-03                              
AS G29       2026 09 05 10 49 00.000000  1   -0.248910327207E-03                              
AS G30       2026 09 05 10 49 00.000000  1    0.353629319132E-03                              
AS G31       2026 09 05 10 49 00.000000  1   -0.122850669291E-03                              
AS G04       2026 09 05 10 49 30.000000  1    0.647362886573E-04                              
AS G05       2026 09 05 10 49 30.000000  1   -0.236545349640E-03                              
AS G06       2026 09 05 10 49 30.000000  1   -0.531798914499E-03                              
AS G07       2026 09 05 10 49 30.000000  1   -0.221891516303E-03                              
AS G09       2026 09 05 10 49 30.000000  1    0.685576959863E-03                              
AS G11       2026 09 05 10 49 30.000000  1   -0.219629387134E-03                              
AS G13       2026 09 05 10 49 30.000000  1    0.438233726839E-03                              
AS G14       2026 09 05 10 49 30.000000  1    0.749969631414E-03                              
AS G15       2026 09 05 10 49 30.000000  1    0.442235648839E-03                              
AS G17       2026 09 05 10 49 30.000000  1   -0.197403845098E-03                              
AS G18       2026 09 05 10 49 30.000000  1   -0.263530684469E-03                              
AS G19       2026 09 05 10 49 30.000000  1    0.704957661454E-03                              
AS G20       2026 09 05 10 49 30.000000  1    0.278480507666E-03                              
AS G21       2026 09 05 10 49 30.000000  1    0.369288205739E-03                              
AS G22       2026 09 05 10 49 30.000000  1    0.742644354650E-04                              
AS G24       2026 09 05 10 49 30.000000  1    0.193718911371E-03                              
AS G25       2026 09 05 10 49 30.000000  1    0.391477780850E-03                              
AS G26       2026 09 05 10 49 30.000000  1   -0.391818570993E-03                              
AS G28       2026 09 05 10 49 30.000000  1   -0.422675705353E-03                              
AS G29       2026 09 05 10 49 30.000000  1   -0.248909803580E-03                              
AS G30       2026 09 05 10 49 30.000000  1    0.353629695037E-03                              
AS G31       2026 09 05 10 49 30.000000  1   -0.122850526429E-03                              
AS G04       2026 09 05 10 50 00.000000  2    0.647363029633E-04  0.154652057565E-11          
AS G05       2026 09 05 10 50 00.000000  2   -0.236545328846E-03  0.156721827305E-11          
AS G06       2026 09 05 10 50 00.000000  2   -0.531798581682E-03  0.150487613889E-11          
AS G07       2026 09 05 10 50 00.000000  2   -0.221891625572E-03  0.146533566531E-11          
AS G09       2026 09 05 10 50 00.000000  2    0.685576693300E-03  0.141338319799E-11          
AS G11       2026 09 05 10 50 00.000000  2   -0.219629033494E-03  0.143501826868E-11          
AS G13       2026 09 05 10 50 00.000000  2    0.438233871390E-03  0.219988132113E-11          
AS G14       2026 09 05 10 50 00.000000  2    0.749969620859E-03  0.211701129996E-11          
AS G15       2026 09 05 10 50 00.000000  2    0.442235793025E-03  0.203670520346E-11          
AS G17       2026 09 05 10 50 00.000000  2   -0.197403888090E-03  0.204182884066E-11          
AS G18       2026 09 05 10 50 00.000000  2   -0.263530425211E-03  0.198460665178E-11          
AS G19       2026 09 05 10 50 00.000000  2    0.704957566160E-03  0.188231611450E-11          
AS G20       2026 09 05 10 50 00.000000  2    0.278480782288E-03  0.176690528180E-11          
AS G21       2026 09 05 10 50 00.000000  2    0.369287971472E-03  0.144329652239E-11          
AS G22       2026 09 05 10 50 00.000000  2    0.742646504283E-04  0.214997990333E-11          
AS G24       2026 09 05 10 50 00.000000  2    0.193719429672E-03  0.220993208445E-11          
AS G25       2026 09 05 10 50 00.000000  2    0.391477678127E-03  0.185483669706E-11          
AS G26       2026 09 05 10 50 00.000000  2   -0.391818561086E-03  0.185353377751E-11          
AS G28       2026 09 05 10 50 00.000000  2   -0.422675381343E-03  0.200471015686E-11          
AS G29       2026 09 05 10 50 00.000000  2   -0.248909650606E-03  0.162761431668E-11          
AS G30       2026 09 05 10 50 00.000000  2    0.353630055327E-03  0.172607086971E-11          
AS G31       2026 09 05 10 50 00.000000  2   -0.122850491537E-03  0.200551000332E-11          
AS G04       2026 09 05 10 50 30.000000  1    0.647362998424E-04                              
AS G05       2026 09 05 10 50 30.000000  1   -0.236545346297E-03                              
AS G06       2026 09 05 10 50 30.000000  1   -0.531798257356E-03                              
AS G07       2026 09 05 10 50 30.000000  1   -0.221891632971E-03                              
AS G09       2026 09 05 10 50 30.000000  1    0.685576419924E-03                              
AS G11       2026 09 05 10 50 30.000000  1   -0.219628672536E-03                              
AS G13       2026 09 05 10 50 30.000000  1    0.438234018362E-03                              
AS G14       2026 09 05 10 50 30.000000  1    0.749969610863E-03                              
AS G15       2026 09 05 10 50 30.000000  1    0.442235810011E-03                              
AS G17       2026 09 05 10 50 30.000000  1   -0.197404078862E-03                              
AS G18       2026 09 05 10 50 30.000000  1   -0.263530166311E-03                              
AS G19       2026 09 05 10 50 30.000000  1    0.704957549304E-03                              
AS G20       2026 09 05 10 50 30.000000  1    0.278481047676E-03                              
AS G21       2026 09 05 10 50 30.000000  1    0.369287731959E-03                              
AS G22       2026 09 05 10 50 30.000000  1    0.742648708734E-04                              
AS G24       2026 09 05 10 50 30.000000  1    0.193719942174E-03                              
AS G25       2026 09 05 10 50 30.000000  1    0.391477572254E-03                              
AS G26       2026 09 05 10 50 30.000000  1   -0.391818614931E-03                              
AS G28       2026 09 05 10 50 30.000000  1   -0.422675061857E-03                              
AS G29       2026 09 05 10 50 30.000000  1   -0.248909317015E-03                              
AS G30       2026 09 05 10 50 30.000000  1    0.353630428069E-03                              
AS G31       2026 09 05 10 50 30.000000  1   -0.122850381959E-03                              
AS G04       2026 09 05 10 51 00.000000  1    0.647362987033E-04                              
AS G05       2026 09 05 10 51 00.000000  1   -0.236545226153E-03                              
AS G06       2026 09 05 10 51 00.000000  1   -0.531797932784E-03                              
AS G07       2026 09 05 10 51 00.000000  1   -0.221891710099E-03                              
AS G09       2026 09 05 10 51 00.000000  1    0.685576149298E-03                              
AS G11       2026 09 05 10 51 00.000000  1   -0.219628312773E-03                              
AS G13       2026 09 05 10 51 00.000000  1    0.438234156089E-03                              
AS G14       2026 09 05 10 51 00.000000  1    0.749969592866E-03                              
AS G15       2026 09 05 10 51 00.000000  1    0.442235949588E-03                              
AS G17       2026 09 05 10 51 00.000000  1   -0.197404204211E-03                              
AS G18       2026 09 05 10 51 00.000000  1   -0.263529905251E-03                              
AS G19       2026 09 05 10 51 00.000000  1    0.704957512663E-03                              
AS G20       2026 09 05 10 51 00.000000  1    0.278481322111E-03                              
AS G21       2026 09 05 10 51 00.000000  1    0.369287485747E-03                              
AS G22       2026 09 05 10 51 00.000000  1    0.742650971878E-04                              
AS G24       2026 09 05 10 51 00.000000  1    0.193720462732E-03                              
AS G25       2026 09 05 10 51 00.000000  1    0.391477457444E-03                              
AS G26       2026 09 05 10 51 00.000000  1   -0.391818653293E-03                              
AS G28       2026 09 05 10 51 00.000000  1   -0.422674749911E-03                              
AS G29       2026 09 05 10 51 00.000000  1   -0.248909095597E-03                              
AS G30       2026 09 05 10 51 00.000000  1    0.353630788431E-03                              
AS G31       2026 09 05 10 51 00.000000  1   -0.122850289623E-03                              
AS G04       2026 09 05 10 51 30.000000  1    0.647363064591E-04                              
AS G05       2026 09 05 10 51 30.000000  1   -0.236545115793E-03                              
AS G06       2026 09 05 10 51 30.000000  1   -0.531797602919E-03                              
AS G07       2026 09 05 10 51 30.000000  1   -0.221891788733E-03                              
AS G09       2026 09 05 10 51 30.000000  1    0.685575891727E-03                              
AS G11       2026 09 05 10 51 30.000000  1   -0.219627959942E-03                              
AS G13       2026 09 05 10 51 30.000000  1    0.438234299321E-03                              
AS G14       2026 09 05 10 51 30.000000  1    0.749969584794E-03                              
AS G15       2026 09 05 10 51 30.000000  1    0.442236043285E-03                              
AS G17       2026 09 05 10 51 30.000000  1   -0.197404243525E-03                              
AS G18       2026 09 05 10 51 30.000000  1   -0.263529639313E-03                              
AS G19       2026 09 05 10 51 30.000000  1    0.704957466831E-03                              
AS G20       2026 09 05 10 51 30.000000  1    0.278481594423E-03                              
AS G21       2026 09 05 10 51 30.000000  1    0.369287238746E-03                              
AS G22       2026 09 05 10 51 30.000000  1    0.742653786446E-04                              
AS G24       2026 09 05 10 51 30.000000  1    0.193720966256E-03                              
AS G25       2026 09 05 10 51 30.000000  1    0.391477357850E-03                              
AS G26       2026 09 05 10 51 30.000000  1   -0.391818690766E-03                              
AS G28       2026 09 05 10 51 30.000000  1   -0.422674331388E-03                              
AS G29       2026 09 05 10 51 30.000000  1   -0.248908980749E-03                              
AS G30       2026 09 05 10 51 30.000000  1    0.353631147395E-03                              
AS G31       2026 09 05 10 51 30.000000  1   -0.122850155524E-03                              
AS G04       2026 09 05 10 52 00.000000  1    0.647363135981E-04                              
AS G05       2026 09 05 10 52 00.000000  1   -0.236545302141E-03                              
AS G06       2026 09 05 10 52 00.000000  1   -0.531797284052E-03                              
AS G07       2026 09 05 10 52 00.000000  1   -0.221891970424E-03                              
AS G09       2026 09 05 10 52 00.000000  1    0.685575633186E-03                              
AS G11       2026 09 05 10 52 00.000000  1   -0.219627597042E-03                              
AS G13       2026 09 05 10 52 00.000000  1    0.438234449679E-03                              
AS G14       2026 09 05 10 52 00.000000  1    0.749969566727E-03                              
AS G15       2026 09 05 10 52 00.000000  1    0.442236007195E-03                              
AS G17       2026 09 05 10 52 00.000000  1   -0.197404516883E-03                              
AS G18       2026 09 05 10 52 00.000000  1   -0.263529368118E-03                              
AS G19       2026 09 05 10 52 00.000000  1    0.704957469086E-03                              
AS G20       2026 09 05 10 52 00.000000  1    0.278481862909E-03                              
AS G21       2026 09 05 10 52 00.000000  1    0.369287006406E-03                              
AS G22       2026 09 05 10 52 00.000000  1    0.742656658856E-04                              
AS G24       2026 09 05 10 52 00.000000  1    0.193721493724E-03                              
AS G25       2026 09 05 10 52 00.000000  1    0.391477246576E-03                              
AS G26       2026 09 05 10 52 00.000000  1   -0.391818738800E-03                              
AS G28       2026 09 05 10 52 00.000000  1   -0.422674013768E-03                              
AS G29       2026 09 05 10 52 00.000000  1   -0.248908900864E-03                              
AS G30       2026 09 05 10 52 00.000000  1    0.353631517876E-03                              
AS G31       2026 09 05 10 52 00.000000  1   -0.122850088057E-03                              
AS G04       2026 09 05 10 52 30.000000  1    0.647363114967E-04                              
AS G05       2026 09 05 10 52 30.000000  1   -0.236545218731E-03                              
AS G06       2026 09 05 10 52 30.000000  1   -0.531796969841E-03                              
AS G07       2026 09 05 10 52 30.000000  1   -0.221892102208E-03                              
AS G09       2026 09 05 10 52 30.000000  1    0.685575365307E-03                              
AS G11       2026 09 05 10 52 30.000000  1   -0.219627239195E-03                              
AS G13       2026 09 05 10 52 30.000000  1    0.438234595698E-03                              
AS G14       2026 09 05 10 52 30.000000  1    0.749969554890E-03                              
AS G15       2026 09 05 10 52 30.000000  1    0.442236046304E-03                              
AS G17       2026 09 05 10 52 30.000000  1   -0.197404724282E-03                              
AS G18       2026 09 05 10 52 30.000000  1   -0.263529102526E-03                              
AS G19       2026 09 05 10 52 30.000000  1    0.704957454648E-03                              
AS G20       2026 09 05 10 52 30.000000  1    0.278482134075E-03                              
AS G21       2026 09 05 10 52 30.000000  1    0.369286758485E-03                              
AS G22       2026 09 05 10 52 30.000000  1    0.742659582580E-04                              
AS G24       2026 09 05 10 52 30.000000  1    0.193721996987E-03                              
AS G25       2026 09 05 10 52 30.000000  1    0.391477140148E-03                              
AS G26       2026 09 05 10 52 30.000000  1   -0.391818778497E-03                              
AS G28       2026 09 05 10 52 30.000000  1   -0.422673702808E-03                              
AS G29       2026 09 05 10 52 30.000000  1   -0.248908788743E-03                              
AS G30       2026 09 05 10 52 30.000000  1    0.353631884595E-03                              
AS G31       2026 09 05 10 52 30.000000  1   -0.122850047009E-03                              
AS G04       2026 09 05 10 53 00.000000  1    0.647363256550E-04                              
AS G05       2026 09 05 10 53 00.000000  1   -0.236545108581E-03                              
AS G06       2026 09 05 10 53 00.000000  1   -0.531796638274E-03                              
AS G07       2026 09 05 10 53 00.000000  1   -0.221892223438E-03                              
AS G09       2026 09 05 10 53 00.000000  1    0.685575104816E-03                              
AS G11       2026 09 05 10 53 00.000000  1   -0.219626880735E-03                              
AS G13       2026 09 05 10 53 00.000000  1    0.438234741551E-03                              
AS G14       2026 09 05 10 53 00.000000  1    0.749969544708E-03                              
AS G15       2026 09 05 10 53 00.000000  1    0.442236241172E-03                              
AS G17       2026 09 05 10 53 00.000000  1   -0.197404844601E-03                              
AS G18       2026 09 05 10 53 00.000000  1   -0.263528843127E-03                              
AS G19       2026 09 05 10 53 00.000000  1    0.704957479466E-03                              
AS G20       2026 09 05 10 53 00.000000  1    0.278482401489E-03                              
AS G21       2026 09 05 10 53 00.000000  1    0.369286525284E-03                              
AS G22       2026 09 05 10 53 00.000000  1    0.742662397437E-04                              
AS G24       2026 09 05 10 53 00.000000  1    0.193722514086E-03                              
AS G25       2026 09 05 10 53 00.000000  1    0.391477033126E-03                              
AS G26       2026 09 05 10 53 00.000000  1   -0.391818810359E-03                              
AS G28       2026 09 05 10 53 00.000000  1   -0.422673380803E-03                              
AS G29       2026 09 05 10 53 00.000000  1   -0.248908532750E-03                              
AS G30       2026 09 05 10 53 00.000000  1    0.353632249711E-03                              
AS G31       2026 09 05 10 53 00.000000  1   -0.122849894358E-03                              
AS G04       2026 09 05 10 53 30.000000  1    0.647363358168E-04                              
AS G05       2026 09 05 10 53 30.000000  1   -0.236545159380E-03                              
AS G06       2026 09 05 10 53 30.000000  1   -0.531796314454E-03                              
AS G07       2026 09 05 10 53 30.000000  1   -0.221892217571E-03                              
AS G09       2026 09 05 10 53 30.000000  1    0.685574845159E-03                              
AS G11       2026 09 05 10 53 30.000000  1   -0.219626524022E-03                              
AS G13       2026 09 05 10 53 30.000000  1    0.438234886552E-03                              
AS G14       2026 09 05 10 53 30.000000  1    0.749969531670E-03                              
AS G15       2026 09 05 10 53 30.000000  1    0.442236390285E-03                              
AS G17       2026 09 05 10 53 30.000000  1   -0.197404899024E-03                              
AS G18       2026 09 05 10 53 30.000000  1   -0.263528585211E-03                              
AS G19       2026 09 05 10 53 30.000000  1    0.704957567175E-03                              
AS G20       2026 09 05 10 53 30.000000  1    0.278482670603E-03                              
AS G21       2026 09 05 10 53 30.000000  1    0.369286291875E-03                              
AS G22       2026 09 05 10 53 30.000000  1    0.742666222407E-04                              
AS G24       2026 09 05 10 53 30.000000  1    0.193723017469E-03                              
AS G25       2026 09 05 10 53 30.000000  1    0.391476926233E-03                              
AS G26       2026 09 05 10 53 30.000000  1   -0.391818857713E-03                              
AS G28       2026 09 05 10 53 30.000000  1   -0.422673063946E-03                              
AS G29       2026 09 05 10 53 30.000000  1   -0.248908316294E-03                              
AS G30       2026 09 05 10 53 30.000000  1    0.353632618406E-03                              
AS G31       2026 09 05 10 53 30.000000  1   -0.122849818089E-03                              
AS G04       2026 09 05 10 54 00.000000  1    0.647363556467E-04                              
AS G05       2026 09 05 10 54 00.000000  1   -0.236545327966E-03                              
AS G06       2026 09 05 10 54 00.000000  1   -0.531795971391E-03                              
AS G07       2026 09 05 10 54 00.000000  1   -0.221892256489E-03                              
AS G09       2026 09 05 10 54 00.000000  1    0.685574577750E-03                              
AS G11       2026 09 05 10 54 00.000000  1   -0.219626160487E-03                              
AS G13       2026 09 05 10 54 00.000000  1    0.438235034779E-03                              
AS G14       2026 09 05 10 54 00.000000  1    0.749969524638E-03                              
AS G15       2026 09 05 10 54 00.000000  1    0.442236451595E-03                              
AS G17       2026 09 05 10 54 00.000000  1   -0.197404987225E-03                              
AS G18       2026 09 05 10 54 00.000000  1   -0.263528324036E-03                              
AS G19       2026 09 05 10 54 00.000000  1    0.704957654165E-03                              
AS G20       2026 09 05 10 54 00.000000  1    0.278482944512E-03                              
AS G21       2026 09 05 10 54 00.000000  1    0.369286050529E-03                              
AS G22       2026 09 05 10 54 00.000000  1    0.742669038672E-04                              
AS G24       2026 09 05 10 54 00.000000  1    0.193723537776E-03                              
AS G25       2026 09 05 10 54 00.000000  1    0.391476827928E-03                              
AS G26       2026 09 05 10 54 00.000000  1   -0.391818891717E-03                              
AS G28       2026 09 05 10 54 00.000000  1   -0.422672733744E-03                              
AS G29       2026 09 05 10 54 00.000000  1   -0.248908052109E-03                              
AS G30       2026 09 05 10 54 00.000000  1    0.353632996295E-03                              
AS G31       2026 09 05 10 54 00.000000  1   -0.122849773009E-03                              
AS G04       2026 09 05 10 54 30.000000  1    0.647363583391E-04                              
AS G05       2026 09 05 10 54 30.000000  1   -0.236545410209E-03                              
AS G06       2026 09 05 10 54 30.000000  1   -0.531795650248E-03                              
AS G07       2026 09 05 10 54 30.000000  1   -0.221892417649E-03                              
AS G09       2026 09 05 10 54 30.000000  1    0.685574319475E-03                              
AS G11       2026 09 05 10 54 30.000000  1   -0.219625818354E-03                              
AS G13       2026 09 05 10 54 30.000000  1    0.438235184256E-03                              
AS G14       2026 09 05 10 54 30.000000  1    0.749969527293E-03                              
AS G15       2026 09 05 10 54 30.000000  1    0.442236512339E-03                              
AS G17       2026 09 05 10 54 30.000000  1   -0.197405157568E-03                              
AS G18       2026 09 05 10 54 30.000000  1   -0.263528044486E-03                              
AS G19       2026 09 05 10 54 30.000000  1    0.704957712556E-03                              
AS G20       2026 09 05 10 54 30.000000  1    0.278483211444E-03                              
AS G21       2026 09 05 10 54 30.000000  1    0.369285813450E-03                              
AS G22       2026 09 05 10 54 30.000000  1    0.742671191806E-04                              
AS G24       2026 09 05 10 54 30.000000  1    0.193724056383E-03                              
AS G25       2026 09 05 10 54 30.000000  1    0.391476721004E-03                              
AS G26       2026 09 05 10 54 30.000000  1   -0.391818930009E-03                              
AS G28       2026 09 05 10 54 30.000000  1   -0.422672418026E-03                              
AS G29       2026 09 05 10 54 30.000000  1   -0.248907748185E-03                              
AS G30       2026 09 05 10 54 30.000000  1    0.353633368668E-03                              
AS G31       2026 09 05 10 54 30.000000  1   -0.122849554289E-03                              
AS G04       2026 09 05 10 55 00.000000  2    0.647363596529E-04  0.156121323896E-11          
AS G05       2026 09 05 10 55 00.000000  2   -0.236545397250E-03  0.155945097967E-11          
AS G06       2026 09 05 10 55 00.000000  2   -0.531795317122E-03  0.152486520753E-11          
AS G07       2026 09 05 10 55 00.000000  2   -0.221892521827E-03  0.145798744238E-11          
AS G09       2026 09 05 10 55 00.000000  2    0.685574056536E-03  0.141697335973E-11          
AS G11       2026 09 05 10 55 00.000000  2   -0.219625458076E-03  0.143920971608E-11          
AS G13       2026 09 05 10 55 00.000000  2    0.438235333010E-03  0.220282582147E-11          
AS G14       2026 09 05 10 55 00.000000  2    0.749969514793E-03  0.210060019052E-11          
AS G15       2026 09 05 10 55 00.000000  2    0.442236586907E-03  0.204057482783E-11          
AS G17       2026 09 05 10 55 00.000000  2   -0.197405239416E-03  0.205301281740E-11          
AS G18       2026 09 05 10 55 00.000000  2   -0.263527774981E-03  0.196118810695E-11          
AS G19       2026 09 05 10 55 00.000000  2    0.704957709598E-03  0.189721840240E-11          
AS G20       2026 09 05 10 55 00.000000  2    0.278483478028E-03  0.175214290942E-11          
AS G21       2026 09 05 10 55 00.000000  2    0.369285572105E-03  0.143988400270E-11          
AS G22       2026 09 05 10 55 00.000000  2    0.742673196381E-04  0.212827870089E-11          
AS G24       2026 09 05 10 55 00.000000  2    0.193724573083E-03  0.220451399385E-11          
AS G25       2026 09 05 10 55 00.000000  2    0.391476622228E-03  0.188031636565E-11          
AS G26       2026 09 05 10 55 00.000000  2   -0.391818965115E-03  0.186431453353E-11          
AS G28       2026 09 05 10 55 00.000000  2   -0.422672099465E-03  0.196433090105E-11          
AS G29       2026 09 05 10 55 00.000000  2   -0.248907600702E-03  0.161268484028E-11          
AS G30       2026 09 05 10 55 00.000000  2    0.353633739488E-03  0.169997719609E-11          
AS G31       2026 09 05 10 55 00.000000  2   -0.122849492086E-03  0.200222677827E-11          
AS G04       2026 09 05 10 55 30.000000  1    0.647363709628E-04                              
AS G05       2026 09 05 10 55 30.000000  1   -0.236545426200E-03                              
AS G06       2026 09 05 10 55 30.000000  1   -0.531794993492E-03                              
AS G07       2026 09 05 10 55 30.000000  1   -0.221892656032E-03                              
AS G09       2026 09 05 10 55 30.000000  1    0.685573787818E-03                              
AS G11       2026 09 05 10 55 30.000000  1   -0.219625094798E-03                              
AS G13       2026 09 05 10 55 30.000000  1    0.438235489216E-03                              
AS G14       2026 09 05 10 55 30.000000  1    0.749969504421E-03                              
AS G15       2026 09 05 10 55 30.000000  1    0.442236720182E-03                              
AS G17       2026 09 05 10 55 30.000000  1   -0.197405413879E-03                              
AS G18       2026 09 05 10 55 30.000000  1   -0.263527506911E-03                              
AS G19       2026 09 05 10 55 30.000000  1    0.704957685313E-03                              
AS G20       2026 09 05 10 55 30.000000  1    0.278483747839E-03                              
AS G21       2026 09 05 10 55 30.000000  1    0.369285322448E-03                              
AS G22       2026 09 05 10 55 30.000000  1    0.742675772991E-04                              
AS G24       2026 09 05 10 55 30.000000  1    0.193725086050E-03                              
AS G25       2026 09 05 10 55 30.000000  1    0.391476508222E-03                              
AS G26       2026 09 05 10 55 30.000000  1   -0.391819009442E-03                              
AS G28       2026 09 05 10 55 30.000000  1   -0.422671774790E-03                              
AS G29       2026 09 05 10 55 30.000000  1   -0.248907403286E-03                              
AS G30       2026 09 05 10 55 30.000000  1    0.353634111833E-03                              
AS G31       2026 09 05 10 55 30.000000  1   -0.122849584088E-03                              
AS G04       2026 09 05 10 56 00.000000  1    0.647363916828E-04                              
AS G05       2026 09 05 10 56 00.000000  1   -0.236545376206E-03                              
AS G06       2026 09 05 10 56 00.000000  1   -0.531794661748E-03                              
AS G07       2026 09 05 10 56 00.000000  1   -0.221892720567E-03                              
AS G09       2026 09 05 10 56 00.000000  1    0.685573530217E-03                              
AS G11       2026 09 05 10 56 00.000000  1   -0.219624731261E-03                              
AS G13       2026 09 05 10 56 00.000000  1    0.438235636562E-03                              
AS G14       2026 09 05 10 56 00.000000  1    0.749969497732E-03                              
AS G15       2026 09 05 10 56 00.000000  1    0.442236752368E-03                              
AS G17       2026 09 05 10 56 00.000000  1   -0.197405577358E-03                              
AS G18       2026 09 05 10 56 00.000000  1   -0.263527244946E-03                              
AS G19       2026 09 05 10 56 00.000000  1    0.704957662279E-03                              
AS G20       2026 09 05 10 56 00.000000  1    0.278484015774E-03                              
AS G21       2026 09 05 10 56 00.000000  1    0.369285072612E-03                              
AS G22       2026 09 05 10 56 00.000000  1    0.742677726342E-04                              
AS G24       2026 09 05 10 56 00.000000  1    0.193725602098E-03                              
AS G25       2026 09 05 10 56 00.000000  1    0.391476413577E-03                              
AS G26       2026 09 05 10 56 00.000000  1   -0.391819047488E-03                              
AS G28       2026 09 05 10 56 00.000000  1   -0.422671452568E-03                              
AS G29       2026 09 05 10 56 00.000000  1   -0.248907186587E-03                              
AS G30       2026 09 05 10 56 00.000000  1    0.353634479548E-03                              
AS G31       2026 09 05 10 56 00.000000  1   -0.122849407964E-03                              
AS G04       2026 09 05 10 56 30.000000  1    0.647364005221E-04                              
AS G05       2026 09 05 10 56 30.000000  1   -0.236545359911E-03                              
AS G06       2026 09 05 10 56 30.000000  1   -0.531794326287E-03                              
AS G07       2026 09 05 10 56 30.000000  1   -0.221892938196E-03                              
AS G09       2026 09 05 10 56 30.000000  1    0.685573272085E-03                              
AS G11       2026 09 05 10 56 30.000000  1   -0.219624374779E-03                              
AS G13       2026 09 05 10 56 30.000000  1    0.438235793219E-03                              
AS G14       2026 09 05 10 56 30.000000  1    0.749969494399E-03                              
AS G15       2026 09 05 10 56 30.000000  1    0.442236787099E-03                              
AS G17       2026 09 05 10 56 30.000000  1   -0.197405762810E-03                              
AS G18       2026 09 05 10 56 30.000000  1   -0.263526976504E-03                              
AS G19       2026 09 05 10 56 30.000000  1    0.704957802355E-03                              
AS G20       2026 09 05 10 56 30.000000  1    0.278484303191E-03                              
AS G21       2026 09 05 10 56 30.000000  1    0.369284821645E-03                              
AS G22       2026 09 05 10 56 30.000000  1    0.742679795101E-04                              
AS G24       2026 09 05 10 56 30.000000  1    0.193726115773E-03                              
AS G25       2026 09 05 10 56 30.000000  1    0.391476310241E-03                              
AS G26       2026 09 05 10 56 30.000000  1   -0.391819082164E-03                              
AS G28       2026 09 05 10 56 30.000000  1   -0.422671122596E-03                              
AS G29       2026 09 05 10 56 30.000000  1   -0.248906821622E-03                              
AS G30       2026 09 05 10 56 30.000000  1    0.353634845669E-03                              
AS G31       2026 09 05 10 56 30.000000  1   -0.122849211511E-03                              
AS G04       2026 09 05 10 57 00.000000  1    0.647364064642E-04                              
AS G05       2026 09 05 10 57 00.000000  1   -0.236545287547E-03                              
AS G06       2026 09 05 10 57 00.000000  1   -0.531794001706E-03                              
AS G07       2026 09 05 10 57 00.000000  1   -0.221893145379E-03                              
AS G09       2026 09 05 10 57 00.000000  1    0.685573004740E-03                              
AS G11       2026 09 05 10 57 00.000000  1   -0.219624022916E-03                              
AS G13       2026 09 05 10 57 00.000000  1    0.438235949980E-03                              
AS G14       2026 09 05 10 57 00.000000  1    0.749969479909E-03                              
AS G15       2026 09 05 10 57 00.000000  1    0.442236847124E-03                              
AS G17       2026 09 05 10 57 00.000000  1   -0.197405918124E-03                              
AS G18       2026 09 05 10 57 00.000000  1   -0.263526707639E-03                              
AS G19       2026 09 05 10 57 00.000000  1    0.704957809244E-03                              
AS G20       2026 09 05 10 57 00.000000  1    0.278484578763E-03                              
AS G21       2026 09 05 10 57 00.000000  1    0.369284592075E-03                              
AS G22       2026 09 05 10 57 00.000000  1    0.742682784863E-04                              
AS G24       2026 09 05 10 57 00.000000  1    0.193726641501E-03                              
AS G25       2026 09 05 10 57 00.000000  1    0.391476206429E-03                              
AS G26       2026 09 05 10 57 00.000000  1   -0.391819126242E-03                              
AS G28       2026 09 05 10 57 00.000000  1   -0.422670804286E-03                              
AS G29       2026 09 05 10 57 00.000000  1   -0.248906600734E-03                              
AS G30       2026 09 05 10 57 00.000000  1    0.353635215718E-03                              
AS G31       2026 09 05 10 57 00.000000  1   -0.122849224481E-03                              
AS G04       2026 09 05 10 57 30.000000  1    0.647364112823E-04                              
AS G05       2026 09 05 10 57 30.000000  1   -0.236545446688E-03                              
AS G06       2026 09 05 10 57 30.000000  1   -0.531793684038E-03                              
AS G07       2026 09 05 10 57 30.000000  1   -0.221893168364E-03                              
AS G09       2026 09 05 10 57 30.000000  1    0.685572750770E-03                              
AS G11       2026 09 05 10 57 30.000000  1   -0.219623666025E-03                              
AS G13       2026 09 05 10 57 30.000000  1    0.438236103841E-03                              
AS G14       2026 09 05 10 57 30.000000  1    0.749969478555E-03                              
AS G15       2026 09 05 10 57 30.000000  1    0.442237049478E-03                              
AS G17       2026 09 05 10 57 30.000000  1   -0.197406124609E-03                              
AS G18       2026 09 05 10 57 30.000000  1   -0.263526441179E-03                              
AS G19       2026 09 05 10 57 30.000000  1    0.704957772547E-03                              
AS G20       2026 09 05 10 57 30.000000  1    0.278484856976E-03                              
AS G21       2026 09 05 10 57 30.000000  1    0.369284349252E-03                              
AS G22       2026 09 05 10 57 30.000000  1    0.742685888075E-04                              
AS G24       2026 09 05 10 57 30.000000  1    0.193727153698E-03                              
AS G25       2026 09 05 10 57 30.000000  1    0.391476103542E-03                              
AS G26       2026 09 05 10 57 30.000000  1   -0.391819158028E-03                              
AS G28       2026 09 05 10 57 30.000000  1   -0.422670471991E-03                              
AS G29       2026 09 05 10 57 30.000000  1   -0.248906424767E-03                              
AS G30       2026 09 05 10 57 30.000000  1    0.353635580024E-03                              
AS G31       2026 09 05 10 57 30.000000  1   -0.122849232551E-03                              
AS G04       2026 09 05 10 58 00.000000  1    0.647364220672E-04                              
AS G05       2026 09 05 10 58 00.000000  1   -0.236545407074E-03                              
AS G06       2026 09 05 10 58 00.000000  1   -0.531793355566E-03                              
AS G07       2026 09 05 10 58 00.000000  1   -0.221893179502E-03                              
AS G09       2026 09 05 10 58 00.000000  1    0.685572484162E-03                              
AS G11       2026 09 05 10 58 00.000000  1   -0.219623314080E-03                              
AS G13       2026 09 05 10 58 00.000000  1    0.438236250566E-03                              
AS G14       2026 09 05 10 58 00.000000  1    0.749969470966E-03                              
AS G15       2026 09 05 10 58 00.000000  1    0.442237291100E-03                              
AS G17       2026 09 05 10 58 00.000000  1   -0.197406289702E-03                              
AS G18       2026 09 05 10 58 00.000000  1   -0.263526166532E-03                              
AS G19       2026 09 05 10 58 00.000000  1    0.704957730600E-03                              
AS G20       2026 09 05 10 58 00.000000  1    0.278485119904E-03                              
AS G21       2026 09 05 10 58 00.000000  1    0.369284115472E-03                              
AS G22       2026 09 05 10 58 00.000000  1    0.742688921415E-04                              
AS G24       2026 09 05 10 58 00.000000  1    0.193727669994E-03                              
AS G25       2026 09 05 10 58 00.000000  1    0.391475999678E-03                              
AS G26       2026 09 05 10 58 00.000000  1   -0.391819192764E-03                              
AS G28       2026 09 05 10 58 00.000000  1   -0.422670154798E-03                              
AS G29       2026 09 05 10 58 00.000000  1   -0.248906078949E-03                              
AS G30       2026 09 05 10 58 00.000000  1    0.353635950431E-03                              
AS G31       2026 09 05 10 58 00.000000  1   -0.122849116953E-03                              
AS G04       2026 09 05 10 58 30.000000  1    0.647364356993E-04                              
AS G05       2026 09 05 10 58 30.000000  1   -0.236545481725E-03                              
AS G06       2026 09 05 10 58 30.000000  1   -0.531793032154E-03                              
AS G07       2026 09 05 10 58 30.000000  1   -0.221893338216E-03                              
AS G09       2026 09 05 10 58 30.000000  1    0.685572212779E-03                              
AS G11       2026 09 05 10 58 30.000000  1   -0.219622951389E-03                              
AS G13       2026 09 05 10 58 30.000000  1    0.438236399562E-03                              
AS G14       2026 09 05 10 58 30.000000  1    0.749969451940E-03                              
AS G15       2026 09 05 10 58 30.000000  1    0.442237352658E-03                              
AS G17       2026 09 05 10 58 30.000000  1   -0.197406387309E-03                              
AS G18       2026 09 05 10 58 30.000000  1   -0.263525900894E-03                              
AS G19       2026 09 05 10 58 30.000000  1    0.704957829303E-03                              
AS G20       2026 09 05 10 58 30.000000  1    0.278485392056E-03                              
AS G21       2026 09 05 10 58 30.000000  1    0.369283873175E-03                              
AS G22       2026 09 05 10 58 30.000000  1    0.742692823510E-04                              
AS G24       2026 09 05 10 58 30.000000  1    0.193728194914E-03                              
AS G25       2026 09 05 10 58 30.000000  1    0.391475900098E-03                              
AS G26       2026 09 05 10 58 30.000000  1   -0.391819227568E-03                              
AS G28       2026 09 05 10 58 30.000000  1   -0.422669832316E-03                              
AS G29       2026 09 05 10 58 30.000000  1   -0.248906003921E-03                              
AS G30       2026 09 05 10 58 30.000000  1    0.353636316431E-03                              
AS G31       2026 09 05 10 58 30.000000  1   -0.122848990972E-03                              
AS G04       2026 09 05 10 59 00.000000  1    0.647364448847E-04                              
AS G05       2026 09 05 10 59 00.000000  1   -0.236545463136E-03                              
AS G06       2026 09 05 10 59 00.000000  1   -0.531792694832E-03                              
AS G07       2026 09 05 10 59 00.000000  1   -0.221893335920E-03                              
AS G09       2026 09 05 10 59 00.000000  1    0.685571957824E-03                              
AS G11       2026 09 05 10 59 00.000000  1   -0.219622596029E-03                              
AS G13       2026 09 05 10 59 00.000000  1    0.438236550591E-03                              
AS G14       2026 09 05 10 59 00.000000  1    0.749969447321E-03                              
AS G15       2026 09 05 10 59 00.000000  1    0.442237400124E-03                              
AS G17       2026 09 05 10 59 00.000000  1   -0.197406529533E-03                              
AS G18       2026 09 05 10 59 00.000000  1   -0.263525643697E-03                              
AS G19       2026 09 05 10 59 00.000000  1    0.704957788112E-03                              
AS G20       2026 09 05 10 59 00.000000  1    0.278485661550E-03                              
AS G21       2026 09 05 10 59 00.000000  1    0.369283631461E-03                              
AS G22       2026 09 05 10 59 00.000000  1    0.742695805530E-04                              
AS G24       2026 09 05 10 59 00.000000  1    0.193728717664E-03                              
AS G25       2026 09 05 10 59 00.000000  1    0.391475789064E-03                              
AS G26       2026 09 05 10 59 00.000000  1   -0.391819271443E-03                              
AS G28       2026 09 05 10 59 00.000000  1   -0.422669512123E-03                              
AS G29       2026 09 05 10 59 00.000000  1   -0.248905971896E-03                              
AS G30       2026 09 05 10 59 00.000000  1    0.353636692796E-03                              
AS G31       2026 09 05 10 59 00.000000  1   -0.122848852731E-03                              
AS G04       2026 09 05 10 59 30.000000  1    0.647364464215E-04                              
AS G05       2026 09 05 10 59 30.000000  1   -0.236545375088E-03                              
AS G06       2026 09 05 10 59 30.000000  1   -0.531792368685E-03                              
AS G07       2026 09 05 10 59 30.000000  1   -0.221893409859E-03                              
AS G09       2026 09 05 10 59 30.000000  1    0.685571685862E-03                              
AS G11       2026 09 05 10 59 30.000000  1   -0.219622239704E-03                              
AS G13       2026 09 05 10 59 30.000000  1    0.438236693172E-03                              
AS G14       2026 09 05 10 59 30.000000  1    0.749969438316E-03                              
AS G15       2026 09 05 10 59 30.000000  1    0.442237417665E-03                              
AS G17       2026 09 05 10 59 30.000000  1   -0.197406586492E-03                              
AS G18       2026 09 05 10 59 30.000000  1   -0.263525379593E-03                              
AS G19       2026 09 05 10 59 30.000000  1    0.704957720084E-03                              
AS G20       2026 09 05 10 59 30.000000  1    0.278485933438E-03                              
AS G21       2026 09 05 10 59 30.000000  1    0.369283383210E-03                              
AS G22       2026 09 05 10 59 30.000000  1    0.742698267084E-04                              
AS G24       2026 09 05 10 59 30.000000  1    0.193729222505E-03                              
AS G25       2026 09 05 10 59 30.000000  1    0.391475685177E-03                              
AS G26       2026 09 05 10 59 30.000000  1   -0.391819315831E-03                              
AS G28       2026 09 05 10 59 30.000000  1   -0.422669201972E-03                              
AS G29       2026 09 05 10 59 30.000000  1   -0.248905810192E-03                              
AS G30       2026 09 05 10 59 30.000000  1    0.353637061959E-03                              
AS G31       2026 09 05 10 59 30.000000  1   -0.122848889001E-03                              
AS G04       2026 09 05 11 00 00.000000  2    0.647364488890E-04  0.157984951525E-11          
AS G05       2026 09 05 11 00 00.000000  2   -0.236545174581E-03  0.155136779610E-11          
AS G06       2026 09 05 11 00 00.000000  2   -0.531792043390E-03  0.153888638202E-11          
AS G07       2026 09 05 11 00 00.000000  2   -0.221893482773E-03  0.145310065127E-11          
AS G09       2026 09 05 11 00 00.000000  2    0.685571422900E-03  0.142333965405E-11          
AS G11       2026 09 05 11 00 00.000000  2   -0.219621871092E-03  0.144272940484E-11          
AS G13       2026 09 05 11 00 00.000000  2    0.438236835439E-03  0.223091812008E-11          
AS G14       2026 09 05 11 00 00.000000  2    0.749969435948E-03  0.209565390405E-11          
AS G15       2026 09 05 11 00 00.000000  2    0.442237490565E-03  0.200222687010E-11          
AS G17       2026 09 05 11 00 00.000000  2   -0.197406708811E-03  0.206297231054E-11          
AS G18       2026 09 05 11 00 00.000000  2   -0.263525107727E-03  0.194832794329E-11          
AS G19       2026 09 05 11 00 00.000000  2    0.704957750859E-03  0.189902614012E-11          
AS G20       2026 09 05 11 00 00.000000  2    0.278486201917E-03  0.173954723156E-11          
AS G21       2026 09 05 11 00 00.000000  2    0.369283146926E-03  0.143357670596E-11          
AS G22       2026 09 05 11 00 00.000000  2    0.742699745430E-04  0.213110122585E-11          
AS G24       2026 09 05 11 00 00.000000  2    0.193729744731E-03  0.218744082446E-11          
AS G25       2026 09 05 11 00 00.000000  2    0.391475573865E-03  0.191558901698E-11          
AS G26       2026 09 05 11 00 00.000000  2   -0.391819360777E-03  0.187338974655E-11          
AS G28       2026 09 05 11 00 00.000000  2   -0.422668878992E-03  0.195550785202E-11          
AS G29       2026 09 05 11 00 00.000000  2   -0.248905382717E-03  0.160447173388E-11          
AS G30       2026 09 05 11 00 00.000000  2    0.353637435937E-03  0.167089976627E-11          
AS G31       2026 09 05 11 00 00.000000  2   -0.122848868690E-03  0.200045871318E-11          
AS G04       2026 09 05 11 00 30.000000  1    0.647364512881E-04                              
AS G05       2026 09 05 11 00 30.000000  1   -0.236545187193E-03                              
AS G06       2026 09 05 11 00 30.000000  1   -0.531791717970E-03                              
AS G07       2026 09 05 11 00 30.000000  1   -0.221893639478E-03                              
AS G09       2026 09 05 11 00 30.000000  1    0.685571152627E-03                              
AS G11       2026 09 05 11 00 30.000000  1   -0.219621512675E-03                              
AS G13       2026 09 05 11 00 30.000000  1    0.438236982865E-03                              
AS G14       2026 09 05 11 00 30.000000  1    0.749969430801E-03                              
AS G15       2026 09 05 11 00 30.000000  1    0.442237570227E-03                              
AS G17       2026 09 05 11 00 30.000000  1   -0.197406904438E-03                              
AS G18       2026 09 05 11 00 30.000000  1   -0.263524843624E-03                              
AS G19       2026 09 05 11 00 30.000000  1    0.704957744433E-03                              
AS G20       2026 09 05 11 00 30.000000  1    0.278486465661E-03                              
AS G21       2026 09 05 11 00 30.000000  1    0.369282908406E-03                              
AS G22       2026 09 05 11 00 30.000000  1    0.742702378876E-04                              
AS G24       2026 09 05 11 00 30.000000  1    0.193730259175E-03                              
AS G25       2026 09 05 11 00 30.000000  1    0.391475466980E-03                              
AS G26       2026 09 05 11 00 30.000000  1   -0.391819406508E-03                              
AS G28       2026 09 05 11 00 30.000000  1   -0.422668555738E-03                              
AS G29       2026 09 05 11 00 30.000000  1   -0.248905209447E-03                              
AS G30       2026 09 05 11 00 30.000000  1    0.353637799470E-03                              
AS G31       2026 09 05 11 00 30.000000  1   -0.122848750585E-03                              
AS G04       2026 09 05 11 01 00.000000  1    0.647364676652E-04                              
AS G05       2026 09 05 11 01 00.000000  1   -0.236545262659E-03                              
AS G06       2026 09 05 11 01 00.000000  1   -0.531791389748E-03                              
AS G07       2026 09 05 11 01 00.000000  1   -0.221893704101E-03                              
AS G09       2026 09 05 11 01 00.000000  1    0.685570889071E-03                              
AS G11       2026 09 05 11 01 00.000000  1   -0.219621150000E-03                              
AS G13       2026 09 05 11 01 00.000000  1    0.438237139901E-03                              
AS G14       2026 09 05 11 01 00.000000  1    0.749969427134E-03                              
AS G15       2026 09 05 11 01 00.000000  1    0.442237544034E-03                              
AS G17       2026 09 05 11 01 00.000000  1   -0.197406979044E-03                              
AS G18       2026 09 05 11 01 00.000000  1   -0.263524574005E-03                              
AS G19       2026 09 05 11 01 00.000000  1    0.704957764962E-03                              
AS G20       2026 09 05 11 01 00.000000  1    0.278486733005E-03                              
AS G21       2026 09 05 11 01 00.000000  1    0.369282659267E-03                              
AS G22       2026 09 05 11 01 00.000000  1    0.742705638486E-04                              
AS G24       2026 09 05 11 01 00.000000  1    0.193730783336E-03                              
AS G25       2026 09 05 11 01 00.000000  1    0.391475368847E-03                              
AS G26       2026 09 05 11 01 00.000000  1   -0.391819445301E-03                              
AS G28       2026 09 05 11 01 00.000000  1   -0.422668233120E-03                              
AS G29       2026 09 05 11 01 00.000000  1   -0.248905056184E-03                              
AS G30       2026 09 05 11 01 00.000000  1    0.353638174735E-03                              
AS G31       2026 09 05 11 01 00.000000  1   -0.122848537322E-03                              
AS G04       2026 09 05 11 01 30.000000  1    0.647364679531E-04                              
AS G05       2026 09 05 11 01 30.000000  1   -0.236545400029E-03                              
AS G06       2026 09 05 11 01 30.000000  1   -0.531791061108E-03                              
AS G07       2026 09 05 11 01 30.000000  1   -0.221893771893E-03                              
AS G09       2026 09 05 11 01 30.000000  1    0.685570628692E-03                              
AS G11       2026 09 05 11 01 30.000000  1   -0.219620778735E-03                              
AS G13       2026 09 05 11 01 30.000000  1    0.438237284719E-03                              
AS G14       2026 09 05 11 01 30.000000  1    0.749969410303E-03                              
AS G15       2026 09 05 11 01 30.000000  1    0.442237613206E-03                              
AS G17       2026 09 05 11 01 30.000000  1   -0.197407050793E-03                              
AS G18       2026 09 05 11 01 30.000000  1   -0.263524303624E-03                              
AS G19       2026 09 05 11 01 30.000000  1    0.704957751319E-03                              
AS G20       2026 09 05 11 01 30.000000  1    0.278486997893E-03                              
AS G21       2026 09 05 11 01 30.000000  1    0.369282432433E-03                              
AS G22       2026 09 05 11 01 30.000000  1    0.742708004669E-04                              
AS G24       2026 09 05 11 01 30.000000  1    0.193731293690E-03                              
AS G25       2026 09 05 11 01 30.000000  1    0.391475253296E-03                              
AS G26       2026 09 05 11 01 30.000000  1   -0.391819498046E-03                              
AS G28       2026 09 05 11 01 30.000000  1   -0.422667916422E-03                              
AS G29       2026 09 05 11 01 30.000000  1   -0.248904894435E-03                              
AS G30       2026 09 05 11 01 30.000000  1    0.353638533614E-03                              
AS G31       2026 09 05 11 01 30.000000  1   -0.122848470476E-03                              
AS G04       2026 09 05 11 02 00.000000  1    0.647364855356E-04                              
AS G05       2026 09 05 11 02 00.000000  1   -0.236545396747E-03                              
AS G06       2026 09 05 11 02 00.000000  1   -0.531790736279E-03                              
AS G07       2026 09 05 11 02 00.000000  1   -0.221893908050E-03                              
AS G09       2026 09 05 11 02 00.000000  1    0.685570365944E-03                              
AS G11       2026 09 05 11 02 00.000000  1   -0.219620415722E-03                              
AS G13       2026 09 05 11 02 00.000000  1    0.438237436789E-03                              
AS G14       2026 09 05 11 02 00.000000  1    0.749969403727E-03                              
AS G15       2026 09 05 11 02 00.000000  1    0.442237686665E-03                              
AS G17       2026 09 05 11 02 00.000000  1   -0.197407076275E-03                              
AS G18       2026 09 05 11 02 00.000000  1   -0.263524038420E-03                              
AS G19       2026 09 05 11 02 00.000000  1    0.704957717123E-03                              
AS G20       2026 09 05 11 02 00.000000  1    0.278487274209E-03                              
AS G21       2026 09 05 11 02 00.000000  1    0.369282185895E-03                              
AS G22       2026 09 05 11 02 00.000000  1    0.742711957823E-04                              
AS G24       2026 09 05 11 02 00.000000  1    0.193731803096E-03                              
AS G25       2026 09 05 11 02 00.000000  1    0.391475160003E-03                              
AS G26       2026 09 05 11 02 00.000000  1   -0.391819539547E-03                              
AS G28       2026 09 05 11 02 00.000000  1   -0.422667584582E-03                              
AS G29       2026 09 05 11 02 00.000000  1   -0.248904617059E-03                              
AS G30       2026 09 05 11 02 00.000000  1    0.353638908333E-03                              
AS G31       2026 09 05 11 02 00.000000  1   -0.122848242718E-03                              
