     2.00           CLOCK DATA                              RINEX VERSION / TYPE
CCRNXC V5.5         AIUB                06-SEP-26 16:49     PGM / RUN BY / DATE 
CODE RAPID PRECISE CLOCK INFORMATION                        COMMENT             
BASED ON CODE AND PHASE MEASUREMENTS                        COMMENT             
MERGED CLOCK INFORMATION FROM 5-MINUTE AND                  COMMENT             
30-SECOND CLOCK CORRECTIONS                                 COMMENT             
   GPS                                                      TIME SYSTEM ID      
G GPSEST V5.5       IGS20_2425                              SYS / PCVS APPLIED  
G GPSEST V5.5       CODE.BIA @ ftp.aiub.unibe.ch/CODE/      SYS / DCBS APPLIED  
COD  Center for Orbit Determination in Europe               ANALYSIS CENTER     
     1                                                      # OF CLK REF        
MGUE 41558M001                           0.000000000000E+00 ANALYSIS CLK REF    
                                                            END OF HEADER       
AS G04  2026 09 05 09 58 00.000000  1    0.647353245634E-04                              
AS G05  2026 09 05 09 58 00.000000  1   -0.236544493871E-03                              
AS G06  2026 09 05 09 58 00.000000  1   -0.531832626386E-03                              
AS G07  2026 09 05 09 58 00.000000  1   -0.221880695681E-03                              
AS G09  2026 09 05 09 58 00.000000  1    0.685603946302E-03                              
AS G11  2026 09 05 09 58 00.000000  1   -0.219666667474E-03                              
AS G13  2026 09 05 09 58 00.000000  1    0.438218292411E-03                              
AS G14  2026 09 05 09 58 00.000000  1    0.749970355971E-03                              
AS G15  2026 09 05 09 58 00.000000  1    0.442226519578E-03                              
AS G17  2026 09 05 09 58 00.000000  1   -0.197389635745E-03                              
AS G18  2026 09 05 09 58 00.000000  1   -0.263558089106E-03                              
AS G19  2026 09 05 09 58 00.000000  1    0.704957800130E-03                              
AS G20  2026 09 05 09 58 00.000000  1    0.278452261448E-03                              
AS G21  2026 09 05 09 58 00.000000  1    0.369312777054E-03                              
AS G22  2026 09 05 09 58 00.000000  1    0.742374692959E-04                              
AS G24  2026 09 05 09 58 00.000000  1    0.193665672691E-03                              
AS G25  2026 09 05 09 58 00.000000  1    0.391488471048E-03                              
AS G26  2026 09 05 09 58 00.000000  1   -0.391814368987E-03                              
AS G28  2026 09 05 09 58 00.000000  1   -0.422708677097E-03                              
AS G29  2026 09 05 09 58 00.000000  1   -0.248931618864E-03                              
AS G30  2026 09 05 09 58 00.000000  1    0.353591455938E-03                              
AS G31  2026 09 05 09 58 00.000000  1   -0.122860067682E-03                              
AS G04  2026 09 05 09 58 30.000000  1    0.647353322413E-04                              
AS G05  2026 09 05 09 58 30.000000  1   -0.236544216559E-03                              
AS G06  2026 09 05 09 58 30.000000  1   -0.531832300219E-03                              
AS G07  2026 09 05 09 58 30.000000  1   -0.221880920944E-03                              
AS G09  2026 09 05 09 58 30.000000  1    0.685603677090E-03                              
AS G11  2026 09 05 09 58 30.000000  1   -0.219666303800E-03                              
AS G13  2026 09 05 09 58 30.000000  1    0.438218435595E-03                              
AS G14  2026 09 05 09 58 30.000000  1    0.749970343326E-03                              
AS G15  2026 09 05 09 58 30.000000  1    0.442226553722E-03                              
AS G17  2026 09 05 09 58 30.000000  1   -0.197389468280E-03                              
AS G18  2026 09 05 09 58 30.000000  1   -0.263557826469E-03                              
AS G19  2026 09 05 09 58 30.000000  1    0.704957810996E-03                              
AS G20  2026 09 05 09 58 30.000000  1    0.278452527476E-03                              
AS G21  2026 09 05 09 58 30.000000  1    0.369312536850E-03                              
AS G22  2026 09 05 09 58 30.000000  1    0.742377317724E-04                              
AS G24  2026 09 05 09 58 30.000000  1    0.193666182004E-03                              
AS G25  2026 09 05 09 58 30.000000  1    0.391488371407E-03                              
AS G26  2026 09 05 09 58 30.000000  1   -0.391814401759E-03                              
AS G28  2026 09 05 09 58 30.000000  1   -0.422708359517E-03                              
AS G29  2026 09 05 09 58 30.000000  1   -0.248931472075E-03                              
AS G30  2026 09 05 09 58 30.000000  1    0.353591822246E-03                              
AS G31  2026 09 05 09 58 30.000000  1   -0.122860005326E-03                              
AS G04  2026 09 05 09 59 00.000000  1    0.647353533095E-04                              
AS G05  2026 09 05 09 59 00.000000  1   -0.236544403046E-03                              
AS G06  2026 09 05 09 59 00.000000  1   -0.531831973806E-03                              
AS G07  2026 09 05 09 59 00.000000  1   -0.221880988679E-03                              
AS G09  2026 09 05 09 59 00.000000  1    0.685603417431E-03                              
AS G11  2026 09 05 09 59 00.000000  1   -0.219665948759E-03                              
AS G13  2026 09 05 09 59 00.000000  1    0.438218577672E-03                              
AS G14  2026 09 05 09 59 00.000000  1    0.749970333653E-03                              
AS G15  2026 09 05 09 59 00.000000  1    0.442226775638E-03                              
AS G17  2026 09 05 09 59 00.000000  1   -0.197389410933E-03                              
AS G18  2026 09 05 09 59 00.000000  1   -0.263557551825E-03                              
AS G19  2026 09 05 09 59 00.000000  1    0.704957840152E-03                              
AS G20  2026 09 05 09 59 00.000000  1    0.278452806837E-03                              
AS G21  2026 09 05 09 59 00.000000  1    0.369312300787E-03                              
AS G22  2026 09 05 09 59 00.000000  1    0.742380051511E-04                              
AS G24  2026 09 05 09 59 00.000000  1    0.193666700262E-03                              
AS G25  2026 09 05 09 59 00.000000  1    0.391488271173E-03                              
AS G26  2026 09 05 09 59 00.000000  1   -0.391814445209E-03                              
AS G28  2026 09 05 09 59 00.000000  1   -0.422708041146E-03                              
AS G29  2026 09 05 09 59 00.000000  1   -0.248931219708E-03                              
AS G30  2026 09 05 09 59 00.000000  1    0.353592189770E-03                              
AS G31  2026 09 05 09 59 00.000000  1   -0.122859889052E-03                              
AS G04  2026 09 05 09 59 30.000000  1    0.647353569804E-04                              
AS G05  2026 09 05 09 59 30.000000  1   -0.236544561069E-03                              
AS G06  2026 09 05 09 59 30.000000  1   -0.531831644741E-03                              
AS G07  2026 09 05 09 59 30.000000  1   -0.221880944558E-03                              
AS G09  2026 09 05 09 59 30.000000  1    0.685603148845E-03                              
AS G11  2026 09 05 09 59 30.000000  1   -0.219665598152E-03                              
AS G13  2026 09 05 09 59 30.000000  1    0.438218728416E-03                              
AS G14  2026 09 05 09 59 30.000000  1    0.749970338752E-03                              
AS G15  2026 09 05 09 59 30.000000  1    0.442226928709E-03                              
AS G17  2026 09 05 09 59 30.000000  1   -0.197389323624E-03                              
AS G18  2026 09 05 09 59 30.000000  1   -0.263557288547E-03                              
AS G19  2026 09 05 09 59 30.000000  1    0.704957963221E-03                              
AS G20  2026 09 05 09 59 30.000000  1    0.278453079086E-03                              
AS G21  2026 09 05 09 59 30.000000  1    0.369312046262E-03                              
AS G22  2026 09 05 09 59 30.000000  1    0.742384145472E-04                              
AS G24  2026 09 05 09 59 30.000000  1    0.193667213430E-03                              
AS G25  2026 09 05 09 59 30.000000  1    0.391488166370E-03                              
AS G26  2026 09 05 09 59 30.000000  1   -0.391814488103E-03                              
AS G28  2026 09 05 09 59 30.000000  1   -0.422707718429E-03                              
AS G29  2026 09 05 09 59 30.000000  1   -0.248930859524E-03                              
AS G30  2026 09 05 09 59 30.000000  1    0.353592564572E-03                              
AS G31  2026 09 05 09 59 30.000000  1   -0.122859744076E-03                              
AS G04  2026 09 05 10 00 00.000000  2    0.647353612586E-04  0.111657452150E-10          
AS G05  2026 09 05 10 00 00.000000  2   -0.236544556078E-03  0.112975568469E-10          
AS G06  2026 09 05 10 00 00.000000  2   -0.531831315326E-03  0.111552683673E-10          
AS G07  2026 09 05 10 00 00.000000  2   -0.221881092928E-03  0.112171357178E-10          
AS G09  2026 09 05 10 00 00.000000  2    0.685602884945E-03  0.111441889179E-10          
AS G11  2026 09 05 10 00 00.000000  2   -0.219665229308E-03  0.111661429262E-10          
AS G13  2026 09 05 10 00 00.000000  2    0.438218865844E-03  0.113479600563E-10          
AS G14  2026 09 05 10 00 00.000000  2    0.749970323991E-03  0.114085396600E-10          
AS G15  2026 09 05 10 00 00.000000  2    0.442226969369E-03  0.116216915611E-10          
AS G17  2026 09 05 10 00 00.000000  2   -0.197389708011E-03  0.113563906456E-10          
AS G18  2026 09 05 10 00 00.000000  2   -0.263557022883E-03  0.113889373183E-10          
AS G19  2026 09 05 10 00 00.000000  2    0.704957867302E-03  0.112839900328E-10          
AS G20  2026 09 05 10 00 00.000000  2    0.278453348009E-03  0.113577945950E-10          
AS G21  2026 09 05 10 00 00.000000  2    0.369311808222E-03  0.112286865979E-10          
AS G22  2026 09 05 10 00 00.000000  2    0.742385824018E-04  0.114054170702E-10          
AS G24  2026 09 05 10 00 00.000000  2    0.193667730104E-03  0.117380324317E-10          
AS G25  2026 09 05 10 00 00.000000  2    0.391488056795E-03  0.112639716096E-10          
AS G26  2026 09 05 10 00 00.000000  2   -0.391814531431E-03  0.114140370689E-10          
AS G28  2026 09 05 10 00 00.000000  2   -0.422707413729E-03  0.114955393954E-10          
AS G29  2026 09 05 10 00 00.000000  2   -0.248930694538E-03  0.113153396243E-10          
AS G30  2026 09 05 10 00 00.000000  2    0.353592931364E-03  0.114053544427E-10          
AS G31  2026 09 05 10 00 00.000000  2   -0.122859616668E-03  0.114871711378E-10          
AS G04  2026 09 05 10 00 30.000000  1    0.647353770334E-04                              
AS G05  2026 09 05 10 00 30.000000  1   -0.236544478781E-03                              
AS G06  2026 09 05 10 00 30.000000  1   -0.531830994127E-03                              
AS G07  2026 09 05 10 00 30.000000  1   -0.221881118509E-03                              
AS G09  2026 09 05 10 00 30.000000  1    0.685602615280E-03                              
AS G11  2026 09 05 10 00 30.000000  1   -0.219664864752E-03                              
AS G13  2026 09 05 10 00 30.000000  1    0.438219017500E-03                              
AS G14  2026 09 05 10 00 30.000000  1    0.749970312360E-03                              
AS G15  2026 09 05 10 00 30.000000  1    0.442226979462E-03                              
AS G17  2026 09 05 10 00 30.000000  1   -0.197389966849E-03                              
AS G18  2026 09 05 10 00 30.000000  1   -0.263556762918E-03                              
AS G19  2026 09 05 10 00 30.000000  1    0.704957821269E-03                              
AS G20  2026 09 05 10 00 30.000000  1    0.278453622379E-03                              
AS G21  2026 09 05 10 00 30.000000  1    0.369311579605E-03                              
AS G22  2026 09 05 10 00 30.000000  1    0.742388248795E-04                              
AS G24  2026 09 05 10 00 30.000000  1    0.193668247483E-03                              
AS G25  2026 09 05 10 00 30.000000  1    0.391487954792E-03                              
AS G26  2026 09 05 10 00 30.000000  1   -0.391814576477E-03                              
AS G28  2026 09 05 10 00 30.000000  1   -0.422707077810E-03                              
AS G29  2026 09 05 10 00 30.000000  1   -0.248930561356E-03                              
AS G30  2026 09 05 10 00 30.000000  1    0.353593295948E-03                              
AS G31  2026 09 05 10 00 30.000000  1   -0.122859581749E-03                              
AS G04  2026 09 05 10 01 00.000000  1    0.647353827627E-04                              
AS G05  2026 09 05 10 01 00.000000  1   -0.236544666089E-03                              
AS G06  2026 09 05 10 01 00.000000  1   -0.531830669551E-03                              
AS G07  2026 09 05 10 01 00.000000  1   -0.221881284477E-03                              
AS G09  2026 09 05 10 01 00.000000  1    0.685602354095E-03                              
AS G11  2026 09 05 10 01 00.000000  1   -0.219664508840E-03                              
AS G13  2026 09 05 10 01 00.000000  1    0.438219168226E-03                              
AS G14  2026 09 05 10 01 00.000000  1    0.749970305458E-03                              
AS G15  2026 09 05 10 01 00.000000  1    0.442227050631E-03                              
AS G17  2026 09 05 10 01 00.000000  1   -0.197390096817E-03                              
AS G18  2026 09 05 10 01 00.000000  1   -0.263556507576E-03                              
AS G19  2026 09 05 10 01 00.000000  1    0.704957712334E-03                              
AS G20  2026 09 05 10 01 00.000000  1    0.278453902801E-03                              
AS G21  2026 09 05 10 01 00.000000  1    0.369311337778E-03                              
AS G22  2026 09 05 10 01 00.000000  1    0.742390955762E-04                              
AS G24  2026 09 05 10 01 00.000000  1    0.193668753136E-03                              
AS G25  2026 09 05 10 01 00.000000  1    0.391487843225E-03                              
AS G26  2026 09 05 10 01 00.000000  1   -0.391814609152E-03                              
AS G28  2026 09 05 10 01 00.000000  1   -0.422706758851E-03                              
AS G29  2026 09 05 10 01 00.000000  1   -0.248930309255E-03                              
AS G30  2026 09 05 10 01 00.000000  1    0.353593672163E-03                              
AS G31  2026 09 05 10 01 00.000000  1   -0.122859447928E-03                              
AS G04  2026 09 05 10 01 30.000000  1    0.647353890881E-04                              
AS G05  2026 09 05 10 01 30.000000  1   -0.236544645159E-03                              
AS G06  2026 09 05 10 01 30.000000  1   -0.531830339928E-03                              
AS G07  2026 09 05 10 01 30.000000  1   -0.221881372288E-03                              
AS G09  2026 09 05 10 01 30.000000  1    0.685602088302E-03                              
AS G11  2026 09 05 10 01 30.000000  1   -0.219664147785E-03                              
AS G13  2026 09 05 10 01 30.000000  1    0.438219299237E-03                              
AS G14  2026 09 05 10 01 30.000000  1    0.749970293874E-03                              
AS G15  2026 09 05 10 01 30.000000  1    0.442227159911E-03                              
AS G17  2026 09 05 10 01 30.000000  1   -0.197390309970E-03                              
AS G18  2026 09 05 10 01 30.000000  1   -0.263556242326E-03                              
AS G19  2026 09 05 10 01 30.000000  1    0.704957760103E-03                              
AS G20  2026 09 05 10 01 30.000000  1    0.278454172197E-03                              
AS G21  2026 09 05 10 01 30.000000  1    0.369311101777E-03                              
AS G22  2026 09 05 10 01 30.000000  1    0.742392151007E-04                              
AS G24  2026 09 05 10 01 30.000000  1    0.193669272046E-03                              
AS G25  2026 09 05 10 01 30.000000  1    0.391487752171E-03                              
AS G26  2026 09 05 10 01 30.000000  1   -0.391814652151E-03                              
AS G28  2026 09 05 10 01 30.000000  1   -0.422706437237E-03                              
AS G29  2026 09 05 10 01 30.000000  1   -0.248930108976E-03                              
AS G30  2026 09 05 10 01 30.000000  1    0.353594043718E-03                              
AS G31  2026 09 05 10 01 30.000000  1   -0.122859310403E-03                              
AS G04  2026 09 05 10 02 00.000000  1    0.647353937060E-04                              
AS G05  2026 09 05 10 02 00.000000  1   -0.236544821292E-03                              
AS G06  2026 09 05 10 02 00.000000  1   -0.531830020292E-03                              
AS G07  2026 09 05 10 02 00.000000  1   -0.221881379806E-03                              
AS G09  2026 09 05 10 02 00.000000  1    0.685601819988E-03                              
AS G11  2026 09 05 10 02 00.000000  1   -0.219663783194E-03                              
AS G13  2026 09 05 10 02 00.000000  1    0.438219438211E-03                              
AS G14  2026 09 05 10 02 00.000000  1    0.749970280353E-03                              
AS G15  2026 09 05 10 02 00.000000  1    0.442227197543E-03                              
AS G17  2026 09 05 10 02 00.000000  1   -0.197390566630E-03                              
AS G18  2026 09 05 10 02 00.000000  1   -0.263555981995E-03                              
AS G19  2026 09 05 10 02 00.000000  1    0.704957752118E-03                              
AS G20  2026 09 05 10 02 00.000000  1    0.278454437104E-03                              
AS G21  2026 09 05 10 02 00.000000  1    0.369310853474E-03                              
AS G22  2026 09 05 10 02 00.000000  1    0.742393685194E-04                              
AS G24  2026 09 05 10 02 00.000000  1    0.193669787005E-03                              
AS G25  2026 09 05 10 02 00.000000  1    0.391487655296E-03                              
AS G26  2026 09 05 10 02 00.000000  1   -0.391814696109E-03                              
AS G28  2026 09 05 10 02 00.000000  1   -0.422706133278E-03                              
AS G29  2026 09 05 10 02 00.000000  1   -0.248930028779E-03                              
AS G30  2026 09 05 10 02 00.000000  1    0.353594413217E-03                              
AS G31  2026 09 05 10 02 00.000000  1   -0.122859197061E-03                              
AS G04  2026 09 05 10 02 30.000000  1    0.647354033075E-04                              
AS G05  2026 09 05 10 02 30.000000  1   -0.236544726444E-03                              
AS G06  2026 09 05 10 02 30.000000  1   -0.531829692171E-03                              
AS G07  2026 09 05 10 02 30.000000  1   -0.221881618236E-03                              
AS G09  2026 09 05 10 02 30.000000  1    0.685601551553E-03                              
AS G11  2026 09 05 10 02 30.000000  1   -0.219663424117E-03                              
AS G13  2026 09 05 10 02 30.000000  1    0.438219587704E-03                              
AS G14  2026 09 05 10 02 30.000000  1    0.749970283085E-03                              
AS G15  2026 09 05 10 02 30.000000  1    0.442227233786E-03                              
AS G17  2026 09 05 10 02 30.000000  1   -0.197390744812E-03                              
AS G18  2026 09 05 10 02 30.000000  1   -0.263555723810E-03                              
AS G19  2026 09 05 10 02 30.000000  1    0.704957698839E-03                              
AS G20  2026 09 05 10 02 30.000000  1    0.278454708254E-03                              
AS G21  2026 09 05 10 02 30.000000  1    0.369310622073E-03                              
AS G22  2026 09 05 10 02 30.000000  1    0.742396470671E-04                              
AS G24  2026 09 05 10 02 30.000000  1    0.193670301049E-03                              
AS G25  2026 09 05 10 02 30.000000  1    0.391487543022E-03                              
AS G26  2026 09 05 10 02 30.000000  1   -0.391814734049E-03                              
AS G28  2026 09 05 10 02 30.000000  1   -0.422705818465E-03                              
AS G29  2026 09 05 10 02 30.000000  1   -0.248929857439E-03                              
AS G30  2026 09 05 10 02 30.000000  1    0.353594782240E-03                              
AS G31  2026 09 05 10 02 30.000000  1   -0.122859089630E-03                              
AS G04  2026 09 05 10 03 00.000000  1    0.647354104275E-04                              
AS G05  2026 09 05 10 03 00.000000  1   -0.236544694085E-03                              
AS G06  2026 09 05 10 03 00.000000  1   -0.531829370425E-03                              
AS G07  2026 09 05 10 03 00.000000  1   -0.221881881107E-03                              
AS G09  2026 09 05 10 03 00.000000  1    0.685601296670E-03                              
AS G11  2026 09 05 10 03 00.000000  1   -0.219663064640E-03                              
AS G13  2026 09 05 10 03 00.000000  1    0.438219739774E-03                              
AS G14  2026 09 05 10 03 00.000000  1    0.749970280216E-03                              
AS G15  2026 09 05 10 03 00.000000  1    0.442227275792E-03                              
AS G17  2026 09 05 10 03 00.000000  1   -0.197390879505E-03                              
AS G18  2026 09 05 10 03 00.000000  1   -0.263555448141E-03                              
AS G19  2026 09 05 10 03 00.000000  1    0.704957704173E-03                              
AS G20  2026 09 05 10 03 00.000000  1    0.278454980973E-03                              
AS G21  2026 09 05 10 03 00.000000  1    0.369310375036E-03                              
AS G22  2026 09 05 10 03 00.000000  1    0.742398175702E-04                              
AS G24  2026 09 05 10 03 00.000000  1    0.193670824437E-03                              
AS G25  2026 09 05 10 03 00.000000  1    0.391487425936E-03                              
AS G26  2026 09 05 10 03 00.000000  1   -0.391814792675E-03                              
AS G28  2026 09 05 10 03 00.000000  1   -0.422705505256E-03                              
AS G29  2026 09 05 10 03 00.000000  1   -0.248929662707E-03                              
AS G30  2026 09 05 10 03 00.000000  1    0.353595151408E-03                              
AS G31  2026 09 05 10 03 00.000000  1   -0.122859031033E-03                              
AS G04  2026 09 05 10 03 30.000000  1    0.647354251930E-04                              
AS G05  2026 09 05 10 03 30.000000  1   -0.236544748036E-03                              
AS G06  2026 09 05 10 03 30.000000  1   -0.531829037141E-03                              
AS G07  2026 09 05 10 03 30.000000  1   -0.221881913335E-03                              
AS G09  2026 09 05 10 03 30.000000  1    0.685601036304E-03                              
AS G11  2026 09 05 10 03 30.000000  1   -0.219662699476E-03                              
AS G13  2026 09 05 10 03 30.000000  1    0.438219891746E-03                              
AS G14  2026 09 05 10 03 30.000000  1    0.749970271111E-03                              
AS G15  2026 09 05 10 03 30.000000  1    0.442227499808E-03                              
AS G17  2026 09 05 10 03 30.000000  1   -0.197391125266E-03                              
AS G18  2026 09 05 10 03 30.000000  1   -0.263555183945E-03                              
AS G19  2026 09 05 10 03 30.000000  1    0.704957815871E-03                              
AS G20  2026 09 05 10 03 30.000000  1    0.278455249524E-03                              
AS G21  2026 09 05 10 03 30.000000  1    0.369310121251E-03                              
AS G22  2026 09 05 10 03 30.000000  1    0.742400955847E-04                              
AS G24  2026 09 05 10 03 30.000000  1    0.193671344498E-03                              
AS G25  2026 09 05 10 03 30.000000  1    0.391487333565E-03                              
AS G26  2026 09 05 10 03 30.000000  1   -0.391814833658E-03                              
AS G28  2026 09 05 10 03 30.000000  1   -0.422705170424E-03                              
AS G29  2026 09 05 10 03 30.000000  1   -0.248929362744E-03                              
AS G30  2026 09 05 10 03 30.000000  1    0.353595519632E-03                              
AS G31  2026 09 05 10 03 30.000000  1   -0.122858952077E-03                              
AS G04  2026 09 05 10 04 00.000000  1    0.647354353335E-04                              
AS G05  2026 09 05 10 04 00.000000  1   -0.236544598133E-03                              
AS G06  2026 09 05 10 04 00.000000  1   -0.531828708533E-03                              
AS G07  2026 09 05 10 04 00.000000  1   -0.221881949212E-03                              
AS G09  2026 09 05 10 04 00.000000  1    0.685600780882E-03                              
AS G11  2026 09 05 10 04 00.000000  1   -0.219662327145E-03                              
AS G13  2026 09 05 10 04 00.000000  1    0.438220043978E-03                              
AS G14  2026 09 05 10 04 00.000000  1    0.749970264782E-03                              
AS G15  2026 09 05 10 04 00.000000  1    0.442227521968E-03                              
AS G17  2026 09 05 10 04 00.000000  1   -0.197391416972E-03                              
AS G18  2026 09 05 10 04 00.000000  1   -0.263554923141E-03                              
AS G19  2026 09 05 10 04 00.000000  1    0.704957788953E-03                              
AS G20  2026 09 05 10 04 00.000000  1    0.278455531621E-03                              
AS G21  2026 09 05 10 04 00.000000  1    0.369309881188E-03                              
AS G22  2026 09 05 10 04 00.000000  1    0.742404311403E-04                              
AS G24  2026 09 05 10 04 00.000000  1    0.193671856344E-03                              
AS G25  2026 09 05 10 04 00.000000  1    0.391487222718E-03                              
AS G26  2026 09 05 10 04 00.000000  1   -0.391814868817E-03                              
AS G28  2026 09 05 10 04 00.000000  1   -0.422704844009E-03                              
AS G29  2026 09 05 10 04 00.000000  1   -0.248928955992E-03                              
AS G30  2026 09 05 10 04 00.000000  1    0.353595891522E-03                              
AS G31  2026 09 05 10 04 00.000000  1   -0.122858791186E-03                              
AS G04  2026 09 05 10 04 30.000000  1    0.647354434513E-04                              
AS G05  2026 09 05 10 04 30.000000  1   -0.236544483348E-03                              
AS G06  2026 09 05 10 04 30.000000  1   -0.531828380279E-03                              
AS G07  2026 09 05 10 04 30.000000  1   -0.221881939513E-03                              
AS G09  2026 09 05 10 04 30.000000  1    0.685600521538E-03                              
AS G11  2026 09 05 10 04 30.000000  1   -0.219661962610E-03                              
AS G13  2026 09 05 10 04 30.000000  1    0.438220192878E-03                              
AS G14  2026 09 05 10 04 30.000000  1    0.749970250340E-03                              
AS G15  2026 09 05 10 04 30.000000  1    0.442227696752E-03                              
AS G17  2026 09 05 10 04 30.000000  1   -0.197391528364E-03                              
AS G18  2026 09 05 10 04 30.000000  1   -0.263554667843E-03                              
AS G19  2026 09 05 10 04 30.000000  1    0.704957784755E-03                              
AS G20  2026 09 05 10 04 30.000000  1    0.278455809671E-03                              
AS G21  2026 09 05 10 04 30.000000  1    0.369309645277E-03                              
AS G22  2026 09 05 10 04 30.000000  1    0.742406346364E-04                              
AS G24  2026 09 05 10 04 30.000000  1    0.193672369406E-03                              
AS G25  2026 09 05 10 04 30.000000  1    0.391487133240E-03                              
AS G26  2026 09 05 10 04 30.000000  1   -0.391814910793E-03                              
AS G28  2026 09 05 10 04 30.000000  1   -0.422704522545E-03                              
AS G29  2026 09 05 10 04 30.000000  1   -0.248928857199E-03                              
AS G30  2026 09 05 10 04 30.000000  1    0.353596258029E-03                              
AS G31  2026 09 05 10 04 30.000000  1   -0.122858796372E-03                              
AS G04  2026 09 05 10 05 00.000000  2    0.647354526240E-04  0.108980496437E-10          
AS G05  2026 09 05 10 05 00.000000  2   -0.236544496908E-03  0.110218734397E-10          
AS G06  2026 09 05 10 05 00.000000  2   -0.531828047696E-03  0.108850417681E-10          
AS G07  2026 09 05 10 05 00.000000  2   -0.221882120895E-03  0.109377948687E-10          
AS G09  2026 09 05 10 05 00.000000  2    0.685600260220E-03  0.108724506985E-10          
AS G11  2026 09 05 10 05 00.000000  2   -0.219661594370E-03  0.108937942906E-10          
AS G13  2026 09 05 10 05 00.000000  2    0.438220347649E-03  0.110949482939E-10          
AS G14  2026 09 05 10 05 00.000000  2    0.749970243575E-03  0.111433869730E-10          
AS G15  2026 09 05 10 05 00.000000  2    0.442227722270E-03  0.113385294765E-10          
AS G17  2026 09 05 10 05 00.000000  2   -0.197391645097E-03  0.110887153105E-10          
AS G18  2026 09 05 10 05 00.000000  2   -0.263554397363E-03  0.111255358730E-10          
AS G19  2026 09 05 10 05 00.000000  2    0.704957720749E-03  0.110249400209E-10          
AS G20  2026 09 05 10 05 00.000000  2    0.278456078989E-03  0.110812051774E-10          
AS G21  2026 09 05 10 05 00.000000  2    0.369309406682E-03  0.109518741550E-10          
AS G22  2026 09 05 10 05 00.000000  2    0.742408378623E-04  0.111444853889E-10          
AS G24  2026 09 05 10 05 00.000000  2    0.193672893798E-03  0.114628731460E-10          
AS G25  2026 09 05 10 05 00.000000  2    0.391487030542E-03  0.109983284123E-10          
AS G26  2026 09 05 10 05 00.000000  2   -0.391814954194E-03  0.111360056692E-10          
AS G28  2026 09 05 10 05 00.000000  2   -0.422704198812E-03  0.112242086723E-10          
AS G29  2026 09 05 10 05 00.000000  2   -0.248928670261E-03  0.110345667157E-10          
AS G30  2026 09 05 10 05 00.000000  2    0.353596628610E-03  0.111373295768E-10          
AS G31  2026 09 05 10 05 00.000000  2   -0.122858688931E-03  0.112453437286E-10          
AS G04  2026 09 05 10 05 30.000000  1    0.647354653583E-04                              
AS G05  2026 09 05 10 05 30.000000  1   -0.236544551711E-03                              
AS G06  2026 09 05 10 05 30.000000  1   -0.531827712413E-03                              
AS G07  2026 09 05 10 05 30.000000  1   -0.221882336567E-03                              
AS G09  2026 09 05 10 05 30.000000  1    0.685599997222E-03                              
AS G11  2026 09 05 10 05 30.000000  1   -0.219661240548E-03                              
AS G13  2026 09 05 10 05 30.000000  1    0.438220501153E-03                              
AS G14  2026 09 05 10 05 30.000000  1    0.749970237142E-03                              
AS G15  2026 09 05 10 05 30.000000  1    0.442227796382E-03                              
AS G17  2026 09 05 10 05 30.000000  1   -0.197391843289E-03                              
AS G18  2026 09 05 10 05 30.000000  1   -0.263554130770E-03                              
AS G19  2026 09 05 10 05 30.000000  1    0.704957718887E-03                              
AS G20  2026 09 05 10 05 30.000000  1    0.278456345263E-03                              
AS G21  2026 09 05 10 05 30.000000  1    0.369309165915E-03                              
AS G22  2026 09 05 10 05 30.000000  1    0.742410635469E-04                              
AS G24  2026 09 05 10 05 30.000000  1    0.193673417134E-03                              
AS G25  2026 09 05 10 05 30.000000  1    0.391486925267E-03                              
AS G26  2026 09 05 10 05 30.000000  1   -0.391814985707E-03                              
AS G28  2026 09 05 10 05 30.000000  1   -0.422703872964E-03                              
AS G29  2026 09 05 10 05 30.000000  1   -0.248928441363E-03                              
AS G30  2026 09 05 10 05 30.000000  1    0.353597005267E-03                              
AS G31  2026 09 05 10 05 30.000000  1   -0.122858549221E-03                              
AS G04  2026 09 05 10 06 00.000000  1    0.647354833980E-04                              
AS G05  2026 09 05 10 06 00.000000  1   -0.236544324323E-03                              
AS G06  2026 09 05 10 06 00.000000  1   -0.531827395034E-03                              
AS G07  2026 09 05 10 06 00.000000  1   -0.221882390373E-03                              
AS G09  2026 09 05 10 06 00.000000  1    0.685599734875E-03                              
AS G11  2026 09 05 10 06 00.000000  1   -0.219660875430E-03                              
AS G13  2026 09 05 10 06 00.000000  1    0.438220647599E-03                              
AS G14  2026 09 05 10 06 00.000000  1    0.749970222529E-03                              
AS G15  2026 09 05 10 06 00.000000  1    0.442227798296E-03                              
AS G17  2026 09 05 10 06 00.000000  1   -0.197392024147E-03                              
AS G18  2026 09 05 10 06 00.000000  1   -0.263553865928E-03                              
AS G19  2026 09 05 10 06 00.000000  1    0.704957703115E-03                              
AS G20  2026 09 05 10 06 00.000000  1    0.278456613868E-03                              
AS G21  2026 09 05 10 06 00.000000  1    0.369308926547E-03                              
AS G22  2026 09 05 10 06 00.000000  1    0.742413164753E-04                              
AS G24  2026 09 05 10 06 00.000000  1    0.193673934651E-03                              
AS G25  2026 09 05 10 06 00.000000  1    0.391486823211E-03                              
AS G26  2026 09 05 10 06 00.000000  1   -0.391815024251E-03                              
AS G28  2026 09 05 10 06 00.000000  1   -0.422703551319E-03                              
AS G29  2026 09 05 10 06 00.000000  1   -0.248928153262E-03                              
AS G30  2026 09 05 10 06 00.000000  1    0.353597384612E-03                              
AS G31  2026 09 05 10 06 00.000000  1   -0.122858462764E-03                              
AS G04  2026 09 05 10 06 30.000000  1    0.647355001271E-04                              
AS G05  2026 09 05 10 06 30.000000  1   -0.236544587545E-03                              
AS G06  2026 09 05 10 06 30.000000  1   -0.531827066493E-03                              
AS G07  2026 09 05 10 06 30.000000  1   -0.221882492774E-03                              
AS G09  2026 09 05 10 06 30.000000  1    0.685599463115E-03                              
AS G11  2026 09 05 10 06 30.000000  1   -0.219660520127E-03                              
AS G13  2026 09 05 10 06 30.000000  1    0.438220792130E-03                              
AS G14  2026 09 05 10 06 30.000000  1    0.749970211256E-03                              
AS G15  2026 09 05 10 06 30.000000  1    0.442227880704E-03                              
AS G17  2026 09 05 10 06 30.000000  1   -0.197392034378E-03                              
AS G18  2026 09 05 10 06 30.000000  1   -0.263553596380E-03                              
AS G19  2026 09 05 10 06 30.000000  1    0.704957659460E-03                              
AS G20  2026 09 05 10 06 30.000000  1    0.278456885864E-03                              
AS G21  2026 09 05 10 06 30.000000  1    0.369308674885E-03                              
AS G22  2026 09 05 10 06 30.000000  1    0.742417635341E-04                              
AS G24  2026 09 05 10 06 30.000000  1    0.193674443505E-03                              
AS G25  2026 09 05 10 06 30.000000  1    0.391486712249E-03                              
AS G26  2026 09 05 10 06 30.000000  1   -0.391815086016E-03                              
AS G28  2026 09 05 10 06 30.000000  1   -0.422703248441E-03                              
AS G29  2026 09 05 10 06 30.000000  1   -0.248927944057E-03                              
AS G30  2026 09 05 10 06 30.000000  1    0.353597739762E-03                              
AS G31  2026 09 05 10 06 30.000000  1   -0.122858404917E-03                              
AS G04  2026 09 05 10 07 00.000000  1    0.647355027282E-04                              
AS G05  2026 09 05 10 07 00.000000  1   -0.236544688472E-03                              
AS G06  2026 09 05 10 07 00.000000  1   -0.531826746717E-03                              
AS G07  2026 09 05 10 07 00.000000  1   -0.221882586311E-03                              
AS G09  2026 09 05 10 07 00.000000  1    0.685599197380E-03                              
AS G11  2026 09 05 10 07 00.000000  1   -0.219660152237E-03                              
AS G13  2026 09 05 10 07 00.000000  1    0.438220939408E-03                              
AS G14  2026 09 05 10 07 00.000000  1    0.749970216917E-03                              
AS G15  2026 09 05 10 07 00.000000  1    0.442228137969E-03                              
AS G17  2026 09 05 10 07 00.000000  1   -0.197392094140E-03                              
AS G18  2026 09 05 10 07 00.000000  1   -0.263553312690E-03                              
AS G19  2026 09 05 10 07 00.000000  1    0.704957761355E-03                              
AS G20  2026 09 05 10 07 00.000000  1    0.278457165191E-03                              
AS G21  2026 09 05 10 07 00.000000  1    0.369308443609E-03                              
AS G22  2026 09 05 10 07 00.000000  1    0.742420708684E-04                              
AS G24  2026 09 05 10 07 00.000000  1    0.193674953166E-03                              
AS G25  2026 09 05 10 07 00.000000  1    0.391486623817E-03                              
AS G26  2026 09 05 10 07 00.000000  1   -0.391815115810E-03                              
AS G28  2026 09 05 10 07 00.000000  1   -0.422702926232E-03                              
AS G29  2026 09 05 10 07 00.000000  1   -0.248927685837E-03                              
AS G30  2026 09 05 10 07 00.000000  1    0.353598111995E-03                              
AS G31  2026 09 05 10 07 00.000000  1   -0.122858241074E-03                              
AS G04  2026 09 05 10 07 30.000000  1    0.647355042688E-04                              
AS G05  2026 09 05 10 07 30.000000  1   -0.236544624710E-03                              
AS G06  2026 09 05 10 07 30.000000  1   -0.531826432801E-03                              
AS G07  2026 09 05 10 07 30.000000  1   -0.221882685391E-03                              
AS G09  2026 09 05 10 07 30.000000  1    0.685598928802E-03                              
AS G11  2026 09 05 10 07 30.000000  1   -0.219659795449E-03                              
AS G13  2026 09 05 10 07 30.000000  1    0.438221086428E-03                              
AS G14  2026 09 05 10 07 30.000000  1    0.749970209501E-03                              
AS G15  2026 09 05 10 07 30.000000  1    0.442228258758E-03                              
AS G17  2026 09 05 10 07 30.000000  1   -0.197392133751E-03                              
AS G18  2026 09 05 10 07 30.000000  1   -0.263553051170E-03                              
AS G19  2026 09 05 10 07 30.000000  1    0.704957791620E-03                              
AS G20  2026 09 05 10 07 30.000000  1    0.278457435403E-03                              
AS G21  2026 09 05 10 07 30.000000  1    0.369308203128E-03                              
AS G22  2026 09 05 10 07 30.000000  1    0.742423061832E-04                              
AS G24  2026 09 05 10 07 30.000000  1    0.193675477398E-03                              
AS G25  2026 09 05 10 07 30.000000  1    0.391486520360E-03                              
AS G26  2026 09 05 10 07 30.000000  1   -0.391815166812E-03                              
AS G28  2026 09 05 10 07 30.000000  1   -0.422702614510E-03                              
AS G29  2026 09 05 10 07 30.000000  1   -0.248927542301E-03                              
AS G30  2026 09 05 10 07 30.000000  1    0.353598486743E-03                              
AS G31  2026 09 05 10 07 30.000000  1   -0.122858183157E-03                              
AS G04  2026 09 05 10 08 00.000000  1    0.647355052899E-04                              
AS G05  2026 09 05 10 08 00.000000  1   -0.236544591734E-03                              
AS G06  2026 09 05 10 08 00.000000  1   -0.531826101053E-03                              
AS G07  2026 09 05 10 08 00.000000  1   -0.221882735284E-03                              
AS G09  2026 09 05 10 08 00.000000  1    0.685598656628E-03                              
AS G11  2026 09 05 10 08 00.000000  1   -0.219659431354E-03                              
AS G13  2026 09 05 10 08 00.000000  1    0.438221225313E-03                              
AS G14  2026 09 05 10 08 00.000000  1    0.749970203011E-03                              
AS G15  2026 09 05 10 08 00.000000  1    0.442228282945E-03                              
AS G17  2026 09 05 10 08 00.000000  1   -0.197392159165E-03                              
AS G18  2026 09 05 10 08 00.000000  1   -0.263552786559E-03                              
AS G19  2026 09 05 10 08 00.000000  1    0.704957718273E-03                              
AS G20  2026 09 05 10 08 00.000000  1    0.278457704064E-03                              
AS G21  2026 09 05 10 08 00.000000  1    0.369307964303E-03                              
AS G22  2026 09 05 10 08 00.000000  1    0.742424964626E-04                              
AS G24  2026 09 05 10 08 00.000000  1    0.193676000408E-03                              
AS G25  2026 09 05 10 08 00.000000  1    0.391486407125E-03                              
AS G26  2026 09 05 10 08 00.000000  1   -0.391815206855E-03                              
AS G28  2026 09 05 10 08 00.000000  1   -0.422702294460E-03                              
AS G29  2026 09 05 10 08 00.000000  1   -0.248927246389E-03                              
AS G30  2026 09 05 10 08 00.000000  1    0.353598853887E-03                              
AS G31  2026 09 05 10 08 00.000000  1   -0.122858329369E-03                              
AS G04  2026 09 05 10 08 30.000000  1    0.647355024449E-04                              
AS G05  2026 09 05 10 08 30.000000  1   -0.236544647984E-03                              
AS G06  2026 09 05 10 08 30.000000  1   -0.531825773776E-03                              
AS G07  2026 09 05 10 08 30.000000  1   -0.221882779387E-03                              
AS G09  2026 09 05 10 08 30.000000  1    0.685598394073E-03                              
AS G11  2026 09 05 10 08 30.000000  1   -0.219659079774E-03                              
AS G13  2026 09 05 10 08 30.000000  1    0.438221366266E-03                              
AS G14  2026 09 05 10 08 30.000000  1    0.749970197349E-03                              
AS G15  2026 09 05 10 08 30.000000  1    0.442228304690E-03                              
AS G17  2026 09 05 10 08 30.000000  1   -0.197392197273E-03                              
AS G18  2026 09 05 10 08 30.000000  1   -0.263552505699E-03                              
AS G19  2026 09 05 10 08 30.000000  1    0.704957634551E-03                              
AS G20  2026 09 05 10 08 30.000000  1    0.278457969552E-03                              
AS G21  2026 09 05 10 08 30.000000  1    0.369307722848E-03                              
AS G22  2026 09 05 10 08 30.000000  1    0.742426718400E-04                              
AS G24  2026 09 05 10 08 30.000000  1    0.193676508184E-03                              
AS G25  2026 09 05 10 08 30.000000  1    0.391486301909E-03                              
AS G26  2026 09 05 10 08 30.000000  1   -0.391815259195E-03                              
AS G28  2026 09 05 10 08 30.000000  1   -0.422701968565E-03                              
AS G29  2026 09 05 10 08 30.000000  1   -0.248926962442E-03                              
AS G30  2026 09 05 10 08 30.000000  1    0.353599226454E-03                              
AS G31  2026 09 05 10 08 30.000000  1   -0.122858170198E-03                              
AS G04  2026 09 05 10 09 00.000000  1    0.647355177224E-04                              
AS G05  2026 09 05 10 09 00.000000  1   -0.236544872690E-03                              
AS G06  2026 09 05 10 09 00.000000  1   -0.531825446280E-03                              
AS G07  2026 09 05 10 09 00.000000  1   -0.221882911301E-03                              
AS G09  2026 09 05 10 09 00.000000  1    0.685598123332E-03                              
AS G11  2026 09 05 10 09 00.000000  1   -0.219658724902E-03                              
AS G13  2026 09 05 10 09 00.000000  1    0.438221513488E-03                              
AS G14  2026 09 05 10 09 00.000000  1    0.749970199035E-03                              
AS G15  2026 09 05 10 09 00.000000  1    0.442228300897E-03                              
AS G17  2026 09 05 10 09 00.000000  1   -0.197392315951E-03                              
AS G18  2026 09 05 10 09 00.000000  1   -0.263552246754E-03                              
AS G19  2026 09 05 10 09 00.000000  1    0.704957691378E-03                              
AS G20  2026 09 05 10 09 00.000000  1    0.278458250739E-03                              
AS G21  2026 09 05 10 09 00.000000  1    0.369307492558E-03                              
AS G22  2026 09 05 10 09 00.000000  1    0.742428903392E-04                              
AS G24  2026 09 05 10 09 00.000000  1    0.193677019049E-03                              
AS G25  2026 09 05 10 09 00.000000  1    0.391486191151E-03                              
AS G26  2026 09 05 10 09 00.000000  1   -0.391815287386E-03                              
AS G28  2026 09 05 10 09 00.000000  1   -0.422701643641E-03                              
AS G29  2026 09 05 10 09 00.000000  1   -0.248926777489E-03                              
AS G30  2026 09 05 10 09 00.000000  1    0.353599593786E-03                              
AS G31  2026 09 05 10 09 00.000000  1   -0.122857911954E-03                              
AS G04  2026 09 05 10 09 30.000000  1    0.647355205345E-04                              
AS G05  2026 09 05 10 09 30.000000  1   -0.236544886086E-03                              
AS G06  2026 09 05 10 09 30.000000  1   -0.531825131475E-03                              
AS G07  2026 09 05 10 09 30.000000  1   -0.221882970489E-03                              
AS G09  2026 09 05 10 09 30.000000  1    0.685597856444E-03                              
AS G11  2026 09 05 10 09 30.000000  1   -0.219658356192E-03                              
AS G13  2026 09 05 10 09 30.000000  1    0.438221663659E-03                              
AS G14  2026 09 05 10 09 30.000000  1    0.749970180646E-03                              
AS G15  2026 09 05 10 09 30.000000  1    0.442228645785E-03                              
AS G17  2026 09 05 10 09 30.000000  1   -0.197392484070E-03                              
AS G18  2026 09 05 10 09 30.000000  1   -0.263551979221E-03                              
AS G19  2026 09 05 10 09 30.000000  1    0.704957711338E-03                              
AS G20  2026 09 05 10 09 30.000000  1    0.278458512404E-03                              
AS G21  2026 09 05 10 09 30.000000  1    0.369307249547E-03                              
AS G22  2026 09 05 10 09 30.000000  1    0.742431860445E-04                              
AS G24  2026 09 05 10 09 30.000000  1    0.193677537958E-03                              
AS G25  2026 09 05 10 09 30.000000  1    0.391486087968E-03                              
AS G26  2026 09 05 10 09 30.000000  1   -0.391815331187E-03                              
AS G28  2026 09 05 10 09 30.000000  1   -0.422701321709E-03                              
AS G29  2026 09 05 10 09 30.000000  1   -0.248926566281E-03                              
AS G30  2026 09 05 10 09 30.000000  1    0.353599967826E-03                              
AS G31  2026 09 05 10 09 30.000000  1   -0.122857848676E-03                              
AS G04  2026 09 05 10 10 00.000000  2    0.647355252058E-04  0.114249621396E-10          
AS G05  2026 09 05 10 10 00.000000  2   -0.236544952866E-03  0.115342828766E-10          
AS G06  2026 09 05 10 10 00.000000  2   -0.531824802723E-03  0.114089874508E-10          
AS G07  2026 09 05 10 10 00.000000  2   -0.221883072839E-03  0.114509515664E-10          
AS G09  2026 09 05 10 10 00.000000  2    0.685597596428E-03  0.113957185286E-10          
AS G11  2026 09 05 10 10 00.000000  2   -0.219658002341E-03  0.114160247375E-10          
AS G13  2026 09 05 10 10 00.000000  2    0.438221807972E-03  0.116260471196E-10          
AS G14  2026 09 05 10 10 00.000000  2    0.749970172238E-03  0.116585321848E-10          
AS G15  2026 09 05 10 10 00.000000  2    0.442228835848E-03  0.118364158738E-10          
AS G17  2026 09 05 10 10 00.000000  2   -0.197392622337E-03  0.116051324474E-10          
AS G18  2026 09 05 10 10 00.000000  2   -0.263551720040E-03  0.116369927904E-10          
AS G19  2026 09 05 10 10 00.000000  2    0.704957740195E-03  0.115512363553E-10          
AS G20  2026 09 05 10 10 00.000000  2    0.278458778077E-03  0.115893538703E-10          
AS G21  2026 09 05 10 10 00.000000  2    0.369307001275E-03  0.114675577412E-10          
AS G22  2026 09 05 10 10 00.000000  2    0.742435257665E-04  0.116574999501E-10          
AS G24  2026 09 05 10 10 00.000000  2    0.193678059595E-03  0.119742122276E-10          
AS G25  2026 09 05 10 10 00.000000  2    0.391485974359E-03  0.115189651514E-10          
AS G26  2026 09 05 10 10 00.000000  2   -0.391815385502E-03  0.116496194531E-10          
AS G28  2026 09 05 10 10 00.000000  2   -0.422700995988E-03  0.117314225911E-10          
AS G29  2026 09 05 10 10 00.000000  2   -0.248926451082E-03  0.115414632745E-10          
AS G30  2026 09 05 10 10 00.000000  2    0.353600340951E-03  0.116440525838E-10          
AS G31  2026 09 05 10 10 00.000000  2   -0.122857756343E-03  0.117860618899E-10          
AS G04  2026 09 05 10 10 30.000000  1    0.647355290790E-04                              
AS G05  2026 09 05 10 10 30.000000  1   -0.236544854835E-03                              
AS G06  2026 09 05 10 10 30.000000  1   -0.531824477314E-03                              
AS G07  2026 09 05 10 10 30.000000  1   -0.221883187961E-03                              
AS G09  2026 09 05 10 10 30.000000  1    0.685597340534E-03                              
AS G11  2026 09 05 10 10 30.000000  1   -0.219657648315E-03                              
AS G13  2026 09 05 10 10 30.000000  1    0.438221949883E-03                              
AS G14  2026 09 05 10 10 30.000000  1    0.749970168724E-03                              
AS G15  2026 09 05 10 10 30.000000  1    0.442228925564E-03                              
AS G17  2026 09 05 10 10 30.000000  1   -0.197392750112E-03                              
AS G18  2026 09 05 10 10 30.000000  1   -0.263551459524E-03                              
AS G19  2026 09 05 10 10 30.000000  1    0.704957746814E-03                              
AS G20  2026 09 05 10 10 30.000000  1    0.278459060215E-03                              
AS G21  2026 09 05 10 10 30.000000  1    0.369306760102E-03                              
AS G22  2026 09 05 10 10 30.000000  1    0.742438096390E-04                              
AS G24  2026 09 05 10 10 30.000000  1    0.193678571146E-03                              
AS G25  2026 09 05 10 10 30.000000  1    0.391485873627E-03                              
AS G26  2026 09 05 10 10 30.000000  1   -0.391815427607E-03                              
AS G28  2026 09 05 10 10 30.000000  1   -0.422700684315E-03                              
AS G29  2026 09 05 10 10 30.000000  1   -0.248926321555E-03                              
AS G30  2026 09 05 10 10 30.000000  1    0.353600705596E-03                              
AS G31  2026 09 05 10 10 30.000000  1   -0.122857569862E-03                              
AS G04  2026 09 05 10 11 00.000000  1    0.647355410007E-04                              
AS G05  2026 09 05 10 11 00.000000  1   -0.236544542785E-03                              
AS G06  2026 09 05 10 11 00.000000  1   -0.531824159521E-03                              
AS G07  2026 09 05 10 11 00.000000  1   -0.221883323385E-03                              
AS G09  2026 09 05 10 11 00.000000  1    0.685597067767E-03                              
AS G11  2026 09 05 10 11 00.000000  1   -0.219657292163E-03                              
AS G13  2026 09 05 10 11 00.000000  1    0.438222098662E-03                              
AS G14  2026 09 05 10 11 00.000000  1    0.749970164934E-03                              
AS G15  2026 09 05 10 11 00.000000  1    0.442228951252E-03                              
AS G17  2026 09 05 10 11 00.000000  1   -0.197392953143E-03                              
AS G18  2026 09 05 10 11 00.000000  1   -0.263551191337E-03                              
AS G19  2026 09 05 10 11 00.000000  1    0.704957839161E-03                              
AS G20  2026 09 05 10 11 00.000000  1    0.278459319342E-03                              
AS G21  2026 09 05 10 11 00.000000  1    0.369306520212E-03                              
AS G22  2026 09 05 10 11 00.000000  1    0.742442897377E-04                              
AS G24  2026 09 05 10 11 00.000000  1    0.193679084386E-03                              
AS G25  2026 09 05 10 11 00.000000  1    0.391485769175E-03                              
AS G26  2026 09 05 10 11 00.000000  1   -0.391815468028E-03                              
AS G28  2026 09 05 10 11 00.000000  1   -0.422700368123E-03                              
AS G29  2026 09 05 10 11 00.000000  1   -0.248926078228E-03                              
AS G30  2026 09 05 10 11 00.000000  1    0.353601064024E-03                              
AS G31  2026 09 05 10 11 00.000000  1   -0.122857459346E-03                              
AS G04  2026 09 05 10 11 30.000000  1    0.647355544928E-04                              
AS G05  2026 09 05 10 11 30.000000  1   -0.236544771930E-03                              
AS G06  2026 09 05 10 11 30.000000  1   -0.531823825202E-03                              
AS G07  2026 09 05 10 11 30.000000  1   -0.221883424112E-03                              
AS G09  2026 09 05 10 11 30.000000  1    0.685596813477E-03                              
AS G11  2026 09 05 10 11 30.000000  1   -0.219656930921E-03                              
AS G13  2026 09 05 10 11 30.000000  1    0.438222247569E-03                              
AS G14  2026 09 05 10 11 30.000000  1    0.749970159750E-03                              
AS G15  2026 09 05 10 11 30.000000  1    0.442229154495E-03                              
AS G17  2026 09 05 10 11 30.000000  1   -0.197393038996E-03                              
AS G18  2026 09 05 10 11 30.000000  1   -0.263550927004E-03                              
AS G19  2026 09 05 10 11 30.000000  1    0.704957903466E-03                              
AS G20  2026 09 05 10 11 30.000000  1    0.278459593739E-03                              
AS G21  2026 09 05 10 11 30.000000  1    0.369306296932E-03                              
AS G22  2026 09 05 10 11 30.000000  1    0.742445525972E-04                              
AS G24  2026 09 05 10 11 30.000000  1    0.193679595598E-03                              
AS G25  2026 09 05 10 11 30.000000  1    0.391485670362E-03                              
AS G26  2026 09 05 10 11 30.000000  1   -0.391815507085E-03                              
AS G28  2026 09 05 10 11 30.000000  1   -0.422700046358E-03                              
AS G29  2026 09 05 10 11 30.000000  1   -0.248925834366E-03                              
AS G30  2026 09 05 10 11 30.000000  1    0.353601444035E-03                              
AS G31  2026 09 05 10 11 30.000000  1   -0.122857337479E-03                              
AS G04  2026 09 05 10 12 00.000000  1    0.647355642442E-04                              
AS G05  2026 09 05 10 12 00.000000  1   -0.236544922704E-03                              
AS G06  2026 09 05 10 12 00.000000  1   -0.531823497993E-03                              
AS G07  2026 09 05 10 12 00.000000  1   -0.221883554086E-03                              
AS G09  2026 09 05 10 12 00.000000  1    0.685596548991E-03                              
AS G11  2026 09 05 10 12 00.000000  1   -0.219656576717E-03                              
AS G13  2026 09 05 10 12 00.000000  1    0.438222397221E-03                              
AS G14  2026 09 05 10 12 00.000000  1    0.749970150801E-03                              
AS G15  2026 09 05 10 12 00.000000  1    0.442229229034E-03                              
AS G17  2026 09 05 10 12 00.000000  1   -0.197393217031E-03                              
AS G18  2026 09 05 10 12 00.000000  1   -0.263550661243E-03                              
AS G19  2026 09 05 10 12 00.000000  1    0.704957912375E-03                              
AS G20  2026 09 05 10 12 00.000000  1    0.278459863900E-03                              
AS G21  2026 09 05 10 12 00.000000  1    0.369306071960E-03                              
AS G22  2026 09 05 10 12 00.000000  1    0.742447995813E-04                              
AS G24  2026 09 05 10 12 00.000000  1    0.193680120849E-03                              
AS G25  2026 09 05 10 12 00.000000  1    0.391485560212E-03                              
AS G26  2026 09 05 10 12 00.000000  1   -0.391815544099E-03                              
AS G28  2026 09 05 10 12 00.000000  1   -0.422699733343E-03                              
AS G29  2026 09 05 10 12 00.000000  1   -0.248925677291E-03                              
AS G30  2026 09 05 10 12 00.000000  1    0.353601812332E-03                              
AS G31  2026 09 05 10 12 00.000000  1   -0.122857212323E-03                              
AS G04  2026 09 05 10 12 30.000000  1    0.647355781109E-04                              
AS G05  2026 09 05 10 12 30.000000  1   -0.236544938968E-03                              
AS G06  2026 09 05 10 12 30.000000  1   -0.531823175480E-03                              
AS G07  2026 09 05 10 12 30.000000  1   -0.221883843169E-03                              
AS G09  2026 09 05 10 12 30.000000  1    0.685596283572E-03                              
AS G11  2026 09 05 10 12 30.000000  1   -0.219656211432E-03                              
AS G13  2026 09 05 10 12 30.000000  1    0.438222543700E-03                              
AS G14  2026 09 05 10 12 30.000000  1    0.749970146614E-03                              
AS G15  2026 09 05 10 12 30.000000  1    0.442229243410E-03                              
AS G17  2026 09 05 10 12 30.000000  1   -0.197393457807E-03                              
AS G18  2026 09 05 10 12 30.000000  1   -0.263550385896E-03                              
AS G19  2026 09 05 10 12 30.000000  1    0.704957820921E-03                              
AS G20  2026 09 05 10 12 30.000000  1    0.278460135216E-03                              
AS G21  2026 09 05 10 12 30.000000  1    0.369305845251E-03                              
AS G22  2026 09 05 10 12 30.000000  1    0.742450313618E-04                              
AS G24  2026 09 05 10 12 30.000000  1    0.193680641911E-03                              
AS G25  2026 09 05 10 12 30.000000  1    0.391485469955E-03                              
AS G26  2026 09 05 10 12 30.000000  1   -0.391815593815E-03                              
AS G28  2026 09 05 10 12 30.000000  1   -0.422699408350E-03                              
AS G29  2026 09 05 10 12 30.000000  1   -0.248925514379E-03                              
AS G30  2026 09 05 10 12 30.000000  1    0.353602191158E-03                              
AS G31  2026 09 05 10 12 30.000000  1   -0.122857103060E-03                              
AS G04  2026 09 05 10 13 00.000000  1    0.647356070411E-04                              
AS G05  2026 09 05 10 13 00.000000  1   -0.236544484789E-03                              
AS G06  2026 09 05 10 13 00.000000  1   -0.531822836933E-03                              
AS G07  2026 09 05 10 13 00.000000  1   -0.221883968488E-03                              
AS G09  2026 09 05 10 13 00.000000  1    0.685596025291E-03                              
AS G11  2026 09 05 10 13 00.000000  1   -0.219655838014E-03                              
AS G13  2026 09 05 10 13 00.000000  1    0.438222691528E-03                              
AS G14  2026 09 05 10 13 00.000000  1    0.749970146000E-03                              
AS G15  2026 09 05 10 13 00.000000  1    0.442229269442E-03                              
AS G17  2026 09 05 10 13 00.000000  1   -0.197393881309E-03                              
AS G18  2026 09 05 10 13 00.000000  1   -0.263550112979E-03                              
AS G19  2026 09 05 10 13 00.000000  1    0.704957773504E-03                              
AS G20  2026 09 05 10 13 00.000000  1    0.278460411332E-03                              
AS G21  2026 09 05 10 13 00.000000  1    0.369305601224E-03                              
AS G22  2026 09 05 10 13 00.000000  1    0.742452933019E-04                              
AS G24  2026 09 05 10 13 00.000000  1    0.193681145913E-03                              
AS G25  2026 09 05 10 13 00.000000  1    0.391485372765E-03                              
AS G26  2026 09 05 10 13 00.000000  1   -0.391815626434E-03                              
AS G28  2026 09 05 10 13 00.000000  1   -0.422699077807E-03                              
AS G29  2026 09 05 10 13 00.000000  1   -0.248925285907E-03                              
AS G30  2026 09 05 10 13 00.000000  1    0.353602570172E-03                              
AS G31  2026 09 05 10 13 00.000000  1   -0.122857067849E-03                              
AS G04  2026 09 05 10 13 30.000000  1    0.647356151173E-04                              
AS G05  2026 09 05 10 13 30.000000  1   -0.236544507691E-03                              
AS G06  2026 09 05 10 13 30.000000  1   -0.531822512310E-03                              
AS G07  2026 09 05 10 13 30.000000  1   -0.221883993161E-03                              
AS G09  2026 09 05 10 13 30.000000  1    0.685595757684E-03                              
AS G11  2026 09 05 10 13 30.000000  1   -0.219655477130E-03                              
AS G13  2026 09 05 10 13 30.000000  1    0.438222829283E-03                              
AS G14  2026 09 05 10 13 30.000000  1    0.749970150843E-03                              
AS G15  2026 09 05 10 13 30.000000  1    0.442229332626E-03                              
AS G17  2026 09 05 10 13 30.000000  1   -0.197393884531E-03                              
AS G18  2026 09 05 10 13 30.000000  1   -0.263549839787E-03                              
AS G19  2026 09 05 10 13 30.000000  1    0.704957760850E-03                              
AS G20  2026 09 05 10 13 30.000000  1    0.278460686944E-03                              
AS G21  2026 09 05 10 13 30.000000  1    0.369305364517E-03                              
AS G22  2026 09 05 10 13 30.000000  1    0.742456280881E-04                              
AS G24  2026 09 05 10 13 30.000000  1    0.193681657487E-03                              
AS G25  2026 09 05 10 13 30.000000  1    0.391485264821E-03                              
AS G26  2026 09 05 10 13 30.000000  1   -0.391815671259E-03                              
AS G28  2026 09 05 10 13 30.000000  1   -0.422698756637E-03                              
AS G29  2026 09 05 10 13 30.000000  1   -0.248925080853E-03                              
AS G30  2026 09 05 10 13 30.000000  1    0.353602949939E-03                              
AS G31  2026 09 05 10 13 30.000000  1   -0.122857058461E-03                              
AS G04  2026 09 05 10 14 00.000000  1    0.647356320151E-04                              
AS G05  2026 09 05 10 14 00.000000  1   -0.236544692868E-03                              
AS G06  2026 09 05 10 14 00.000000  1   -0.531822187716E-03                              
AS G07  2026 09 05 10 14 00.000000  1   -0.221884078762E-03                              
AS G09  2026 09 05 10 14 00.000000  1    0.685595501127E-03                              
AS G11  2026 09 05 10 14 00.000000  1   -0.219655107065E-03                              
AS G13  2026 09 05 10 14 00.000000  1    0.438222980076E-03                              
AS G14  2026 09 05 10 14 00.000000  1    0.749970148910E-03                              
AS G15  2026 09 05 10 14 00.000000  1    0.442229535670E-03                              
AS G17  2026 09 05 10 14 00.000000  1   -0.197393943751E-03                              
AS G18  2026 09 05 10 14 00.000000  1   -0.263549577243E-03                              
AS G19  2026 09 05 10 14 00.000000  1    0.704957820241E-03                              
AS G20  2026 09 05 10 14 00.000000  1    0.278460959864E-03                              
AS G21  2026 09 05 10 14 00.000000  1    0.369305131442E-03                              
AS G22  2026 09 05 10 14 00.000000  1    0.742458628205E-04                              
AS G24  2026 09 05 10 14 00.000000  1    0.193682176339E-03                              
AS G25  2026 09 05 10 14 00.000000  1    0.391485167784E-03                              
AS G26  2026 09 05 10 14 00.000000  1   -0.391815700743E-03                              
AS G28  2026 09 05 10 14 00.000000  1   -0.422698424806E-03                              
AS G29  2026 09 05 10 14 00.000000  1   -0.248924785073E-03                              
AS G30  2026 09 05 10 14 00.000000  1    0.353603317985E-03                              
AS G31  2026 09 05 10 14 00.000000  1   -0.122856984113E-03                              
AS G04  2026 09 05 10 14 30.000000  1    0.647356442086E-04                              
AS G05  2026 09 05 10 14 30.000000  1   -0.236544877497E-03                              
AS G06  2026 09 05 10 14 30.000000  1   -0.531821854834E-03                              
AS G07  2026 09 05 10 14 30.000000  1   -0.221884129627E-03                              
AS G09  2026 09 05 10 14 30.000000  1    0.685595248877E-03                              
AS G11  2026 09 05 10 14 30.000000  1   -0.219654737770E-03                              
AS G13  2026 09 05 10 14 30.000000  1    0.438223133770E-03                              
AS G14  2026 09 05 10 14 30.000000  1    0.749970140759E-03                              
AS G15  2026 09 05 10 14 30.000000  1    0.442229621028E-03                              
AS G17  2026 09 05 10 14 30.000000  1   -0.197394076005E-03                              
AS G18  2026 09 05 10 14 30.000000  1   -0.263549328357E-03                              
AS G19  2026 09 05 10 14 30.000000  1    0.704957830848E-03                              
AS G20  2026 09 05 10 14 30.000000  1    0.278461233308E-03                              
AS G21  2026 09 05 10 14 30.000000  1    0.369304895350E-03                              
AS G22  2026 09 05 10 14 30.000000  1    0.742461831003E-04                              
AS G24  2026 09 05 10 14 30.000000  1    0.193682692499E-03                              
AS G25  2026 09 05 10 14 30.000000  1    0.391485057777E-03                              
AS G26  2026 09 05 10 14 30.000000  1   -0.391815745559E-03                              
AS G28  2026 09 05 10 14 30.000000  1   -0.422698109947E-03                              
AS G29  2026 09 05 10 14 30.000000  1   -0.248924521605E-03                              
AS G30  2026 09 05 10 14 30.000000  1    0.353603689226E-03                              
AS G31  2026 09 05 10 14 30.000000  1   -0.122856866812E-03                              
AS G04  2026 09 05 10 15 00.000000  2    0.647356505662E-04  0.110698002020E-10          
AS G05  2026 09 05 10 15 00.000000  2   -0.236544620133E-03  0.111724681738E-10          
AS G06  2026 09 05 10 15 00.000000  2   -0.531821533705E-03  0.110518103654E-10          
AS G07  2026 09 05 10 15 00.000000  2   -0.221884377454E-03  0.110857147706E-10          
AS G09  2026 09 05 10 15 00.000000  2    0.685594990596E-03  0.110359284557E-10          
AS G11  2026 09 05 10 15 00.000000  2   -0.219654376464E-03  0.110560524933E-10          
AS G13  2026 09 05 10 15 00.000000  2    0.438223277027E-03  0.112891958884E-10          
AS G14  2026 09 05 10 15 00.000000  2    0.749970121505E-03  0.113050132324E-10          
AS G15  2026 09 05 10 15 00.000000  2    0.442229689244E-03  0.114627980939E-10          
AS G17  2026 09 05 10 15 00.000000  2   -0.197394254512E-03  0.112515155388E-10          
AS G18  2026 09 05 10 15 00.000000  2   -0.263549060802E-03  0.112917661130E-10          
AS G19  2026 09 05 10 15 00.000000  2    0.704957891867E-03  0.112043704176E-10          
AS G20  2026 09 05 10 15 00.000000  2    0.278461502921E-03  0.112281874981E-10          
AS G21  2026 09 05 10 15 00.000000  2    0.369304659059E-03  0.111027418233E-10          
AS G22  2026 09 05 10 15 00.000000  2    0.742464184412E-04  0.113085659031E-10          
AS G24  2026 09 05 10 15 00.000000  2    0.193683208655E-03  0.116077564938E-10          
AS G25  2026 09 05 10 15 00.000000  2    0.391484963280E-03  0.111674327769E-10          
AS G26  2026 09 05 10 15 00.000000  2   -0.391815786067E-03  0.112989406053E-10          
AS G28  2026 09 05 10 15 00.000000  2   -0.422697783083E-03  0.113596408737E-10          
AS G29  2026 09 05 10 15 00.000000  2   -0.248924199296E-03  0.111752769377E-10          
AS G30  2026 09 05 10 15 00.000000  2    0.353604067877E-03  0.112799801274E-10          
AS G31  2026 09 05 10 15 00.000000  2   -0.122856765885E-03  0.114325838755E-10          
AS G04  2026 09 05 10 15 30.000000  1    0.647356579697E-04                              
AS G05  2026 09 05 10 15 30.000000  1   -0.236544595817E-03                              
AS G06  2026 09 05 10 15 30.000000  1   -0.531821209373E-03                              
AS G07  2026 09 05 10 15 30.000000  1   -0.221884473580E-03                              
AS G09  2026 09 05 10 15 30.000000  1    0.685594724313E-03                              
AS G11  2026 09 05 10 15 30.000000  1   -0.219654028348E-03                              
AS G13  2026 09 05 10 15 30.000000  1    0.438223420792E-03                              
AS G14  2026 09 05 10 15 30.000000  1    0.749970127490E-03                              
AS G15  2026 09 05 10 15 30.000000  1    0.442229815146E-03                              
AS G17  2026 09 05 10 15 30.000000  1   -0.197394440672E-03                              
AS G18  2026 09 05 10 15 30.000000  1   -0.263548795509E-03                              
AS G19  2026 09 05 10 15 30.000000  1    0.704957915838E-03                              
AS G20  2026 09 05 10 15 30.000000  1    0.278461773510E-03                              
AS G21  2026 09 05 10 15 30.000000  1    0.369304416150E-03                              
AS G22  2026 09 05 10 15 30.000000  1    0.742466322457E-04                              
AS G24  2026 09 05 10 15 30.000000  1    0.193683725165E-03                              
AS G25  2026 09 05 10 15 30.000000  1    0.391484848631E-03                              
AS G26  2026 09 05 10 15 30.000000  1   -0.391815830455E-03                              
AS G28  2026 09 05 10 15 30.000000  1   -0.422697461025E-03                              
AS G29  2026 09 05 10 15 30.000000  1   -0.248923903371E-03                              
AS G30  2026 09 05 10 15 30.000000  1    0.353604438764E-03                              
AS G31  2026 09 05 10 15 30.000000  1   -0.122856682718E-03                              
AS G04  2026 09 05 10 16 00.000000  1    0.647356658692E-04                              
AS G05  2026 09 05 10 16 00.000000  1   -0.236544678920E-03                              
AS G06  2026 09 05 10 16 00.000000  1   -0.531820883647E-03                              
AS G07  2026 09 05 10 16 00.000000  1   -0.221884318687E-03                              
AS G09  2026 09 05 10 16 00.000000  1    0.685594459705E-03                              
AS G11  2026 09 05 10 16 00.000000  1   -0.219653675763E-03                              
AS G13  2026 09 05 10 16 00.000000  1    0.438223555583E-03                              
AS G14  2026 09 05 10 16 00.000000  1    0.749970122649E-03                              
AS G15  2026 09 05 10 16 00.000000  1    0.442229880412E-03                              
AS G17  2026 09 05 10 16 00.000000  1   -0.197394565625E-03                              
AS G18  2026 09 05 10 16 00.000000  1   -0.263548533418E-03                              
AS G19  2026 09 05 10 16 00.000000  1    0.704957827601E-03                              
AS G20  2026 09 05 10 16 00.000000  1    0.278462055581E-03                              
AS G21  2026 09 05 10 16 00.000000  1    0.369304169548E-03                              
AS G22  2026 09 05 10 16 00.000000  1    0.742468728217E-04                              
AS G24  2026 09 05 10 16 00.000000  1    0.193684243698E-03                              
AS G25  2026 09 05 10 16 00.000000  1    0.391484745378E-03                              
AS G26  2026 09 05 10 16 00.000000  1   -0.391815876080E-03                              
AS G28  2026 09 05 10 16 00.000000  1   -0.422697145235E-03                              
AS G29  2026 09 05 10 16 00.000000  1   -0.248923678918E-03                              
AS G30  2026 09 05 10 16 00.000000  1    0.353604808089E-03                              
AS G31  2026 09 05 10 16 00.000000  1   -0.122856669725E-03                              
AS G04  2026 09 05 10 16 30.000000  1    0.647356661103E-04                              
AS G05  2026 09 05 10 16 30.000000  1   -0.236544596082E-03                              
AS G06  2026 09 05 10 16 30.000000  1   -0.531820556087E-03                              
AS G07  2026 09 05 10 16 30.000000  1   -0.221884461595E-03                              
AS G09  2026 09 05 10 16 30.000000  1    0.685594183777E-03                              
AS G11  2026 09 05 10 16 30.000000  1   -0.219653310020E-03                              
AS G13  2026 09 05 10 16 30.000000  1    0.438223703155E-03                              
AS G14  2026 09 05 10 16 30.000000  1    0.749970106227E-03                              
AS G15  2026 09 05 10 16 30.000000  1    0.442229948970E-03                              
AS G17  2026 09 05 10 16 30.000000  1   -0.197394718501E-03                              
AS G18  2026 09 05 10 16 30.000000  1   -0.263548271991E-03                              
AS G19  2026 09 05 10 16 30.000000  1    0.704957805901E-03                              
AS G20  2026 09 05 10 16 30.000000  1    0.278462314222E-03                              
AS G21  2026 09 05 10 16 30.000000  1    0.369303933420E-03                              
AS G22  2026 09 05 10 16 30.000000  1    0.742471108758E-04                              
AS G24  2026 09 05 10 16 30.000000  1    0.193684757839E-03                              
AS G25  2026 09 05 10 16 30.000000  1    0.391484633229E-03                              
AS G26  2026 09 05 10 16 30.000000  1   -0.391815915350E-03                              
AS G28  2026 09 05 10 16 30.000000  1   -0.422696827604E-03                              
AS G29  2026 09 05 10 16 30.000000  1   -0.248923467233E-03                              
AS G30  2026 09 05 10 16 30.000000  1    0.353605166897E-03                              
AS G31  2026 09 05 10 16 30.000000  1   -0.122856513735E-03                              
AS G04  2026 09 05 10 17 00.000000  1    0.647356850073E-04                              
AS G05  2026 09 05 10 17 00.000000  1   -0.236544437798E-03                              
AS G06  2026 09 05 10 17 00.000000  1   -0.531820236608E-03                              
AS G07  2026 09 05 10 17 00.000000  1   -0.221884638176E-03                              
AS G09  2026 09 05 10 17 00.000000  1    0.685593928029E-03                              
AS G11  2026 09 05 10 17 00.000000  1   -0.219652945953E-03                              
AS G13  2026 09 05 10 17 00.000000  1    0.438223851050E-03                              
AS G14  2026 09 05 10 17 00.000000  1    0.749970108758E-03                              
AS G15  2026 09 05 10 17 00.000000  1    0.442229953529E-03                              
AS G17  2026 09 05 10 17 00.000000  1   -0.197394721473E-03                              
AS G18  2026 09 05 10 17 00.000000  1   -0.263548002175E-03                              
AS G19  2026 09 05 10 17 00.000000  1    0.704957814514E-03                              
AS G20  2026 09 05 10 17 00.000000  1    0.278462589578E-03                              
AS G21  2026 09 05 10 17 00.000000  1    0.369303692790E-03                              
AS G22  2026 09 05 10 17 00.000000  1    0.742473885239E-04                              
AS G24  2026 09 05 10 17 00.000000  1    0.193685268472E-03                              
AS G25  2026 09 05 10 17 00.000000  1    0.391484523655E-03                              
AS G26  2026 09 05 10 17 00.000000  1   -0.391815948031E-03                              
AS G28  2026 09 05 10 17 00.000000  1   -0.422696499746E-03                              
AS G29  2026 09 05 10 17 00.000000  1   -0.248923241941E-03                              
AS G30  2026 09 05 10 17 00.000000  1    0.353605542501E-03                              
AS G31  2026 09 05 10 17 00.000000  1   -0.122856328481E-03                              
AS G04  2026 09 05 10 17 30.000000  1    0.647356957168E-04                              
AS G05  2026 09 05 10 17 30.000000  1   -0.236544536713E-03                              
AS G06  2026 09 05 10 17 30.000000  1   -0.531819912530E-03                              
AS G07  2026 09 05 10 17 30.000000  1   -0.221884750590E-03                              
AS G09  2026 09 05 10 17 30.000000  1    0.685593669626E-03                              
AS G11  2026 09 05 10 17 30.000000  1   -0.219652592362E-03                              
AS G13  2026 09 05 10 17 30.000000  1    0.438223993125E-03                              
AS G14  2026 09 05 10 17 30.000000  1    0.749970105185E-03                              
AS G15  2026 09 05 10 17 30.000000  1    0.442230062007E-03                              
AS G17  2026 09 05 10 17 30.000000  1   -0.197394803938E-03                              
AS G18  2026 09 05 10 17 30.000000  1   -0.263547739187E-03                              
AS G19  2026 09 05 10 17 30.000000  1    0.704957836128E-03                              
AS G20  2026 09 05 10 17 30.000000  1    0.278462862326E-03                              
AS G21  2026 09 05 10 17 30.000000  1    0.369303444152E-03                              
AS G22  2026 09 05 10 17 30.000000  1    0.742475680453E-04                              
AS G24  2026 09 05 10 17 30.000000  1    0.193685793521E-03                              
AS G25  2026 09 05 10 17 30.000000  1    0.391484426948E-03                              
AS G26  2026 09 05 10 17 30.000000  1   -0.391815991414E-03                              
AS G28  2026 09 05 10 17 30.000000  1   -0.422696179471E-03                              
AS G29  2026 09 05 10 17 30.000000  1   -0.248922929762E-03                              
AS G30  2026 09 05 10 17 30.000000  1    0.353605909147E-03                              
AS G31  2026 09 05 10 17 30.000000  1   -0.122856196441E-03                              
AS G04  2026 09 05 10 18 00.000000  1    0.647357205815E-04                              
AS G05  2026 09 05 10 18 00.000000  1   -0.236544467255E-03                              
AS G06  2026 09 05 10 18 00.000000  1   -0.531819589826E-03                              
AS G07  2026 09 05 10 18 00.000000  1   -0.221884890896E-03                              
AS G09  2026 09 05 10 18 00.000000  1    0.685593406526E-03                              
AS G11  2026 09 05 10 18 00.000000  1   -0.219652222508E-03                              
AS G13  2026 09 05 10 18 00.000000  1    0.438224148031E-03                              
AS G14  2026 09 05 10 18 00.000000  1    0.749970087881E-03                              
AS G15  2026 09 05 10 18 00.000000  1    0.442230223226E-03                              
AS G17  2026 09 05 10 18 00.000000  1   -0.197394957296E-03                              
AS G18  2026 09 05 10 18 00.000000  1   -0.263547459502E-03                              
AS G19  2026 09 05 10 18 00.000000  1    0.704957812607E-03                              
AS G20  2026 09 05 10 18 00.000000  1    0.278463130480E-03                              
AS G21  2026 09 05 10 18 00.000000  1    0.369303201496E-03                              
AS G22  2026 09 05 10 18 00.000000  1    0.742478412002E-04                              
AS G24  2026 09 05 10 18 00.000000  1    0.193686312578E-03                              
AS G25  2026 09 05 10 18 00.000000  1    0.391484324163E-03                              
AS G26  2026 09 05 10 18 00.000000  1   -0.391816033995E-03                              
AS G28  2026 09 05 10 18 00.000000  1   -0.422695858619E-03                              
AS G29  2026 09 05 10 18 00.000000  1   -0.248922905113E-03                              
AS G30  2026 09 05 10 18 00.000000  1    0.353606283918E-03                              
AS G31  2026 09 05 10 18 00.000000  1   -0.122856151578E-03                              
AS G04  2026 09 05 10 18 30.000000  1    0.647357192044E-04                              
AS G05  2026 09 05 10 18 30.000000  1   -0.236544597188E-03                              
AS G06  2026 09 05 10 18 30.000000  1   -0.531819250473E-03                              
AS G07  2026 09 05 10 18 30.000000  1   -0.221885061312E-03                              
AS G09  2026 09 05 10 18 30.000000  1    0.685593140242E-03                              
AS G11  2026 09 05 10 18 30.000000  1   -0.219651876099E-03                              
AS G13  2026 09 05 10 18 30.000000  1    0.438224287147E-03                              
AS G14  2026 09 05 10 18 30.000000  1    0.749970078189E-03                              
AS G15  2026 09 05 10 18 30.000000  1    0.442230295615E-03                              
AS G17  2026 09 05 10 18 30.000000  1   -0.197395150533E-03                              
AS G18  2026 09 05 10 18 30.000000  1   -0.263547209442E-03                              
AS G19  2026 09 05 10 18 30.000000  1    0.704957856560E-03                              
AS G20  2026 09 05 10 18 30.000000  1    0.278463401535E-03                              
AS G21  2026 09 05 10 18 30.000000  1    0.369302977359E-03                              
AS G22  2026 09 05 10 18 30.000000  1    0.742481198757E-04                              
AS G24  2026 09 05 10 18 30.000000  1    0.193686815156E-03                              
AS G25  2026 09 05 10 18 30.000000  1    0.391484216672E-03                              
AS G26  2026 09 05 10 18 30.000000  1   -0.391816074093E-03                              
AS G28  2026 09 05 10 18 30.000000  1   -0.422695545511E-03                              
AS G29  2026 09 05 10 18 30.000000  1   -0.248922674269E-03                              
AS G30  2026 09 05 10 18 30.000000  1    0.353606645756E-03                              
AS G31  2026 09 05 10 18 30.000000  1   -0.122856251613E-03                              
AS G04  2026 09 05 10 19 00.000000  1    0.647357156885E-04                              
AS G05  2026 09 05 10 19 00.000000  1   -0.236544632551E-03                              
AS G06  2026 09 05 10 19 00.000000  1   -0.531818918213E-03                              
AS G07  2026 09 05 10 19 00.000000  1   -0.221885229367E-03                              
AS G09  2026 09 05 10 19 00.000000  1    0.685592871336E-03                              
AS G11  2026 09 05 10 19 00.000000  1   -0.219651518002E-03                              
AS G13  2026 09 05 10 19 00.000000  1    0.438224438528E-03                              
AS G14  2026 09 05 10 19 00.000000  1    0.749970077128E-03                              
AS G15  2026 09 05 10 19 00.000000  1    0.442230404403E-03                              
AS G17  2026 09 05 10 19 00.000000  1   -0.197395207103E-03                              
AS G18  2026 09 05 10 19 00.000000  1   -0.263546943921E-03                              
AS G19  2026 09 05 10 19 00.000000  1    0.704957897446E-03                              
AS G20  2026 09 05 10 19 00.000000  1    0.278463680150E-03                              
AS G21  2026 09 05 10 19 00.000000  1    0.369302749773E-03                              
AS G22  2026 09 05 10 19 00.000000  1    0.742484257944E-04                              
AS G24  2026 09 05 10 19 00.000000  1    0.193687330228E-03                              
AS G25  2026 09 05 10 19 00.000000  1    0.391484110508E-03                              
AS G26  2026 09 05 10 19 00.000000  1   -0.391816123005E-03                              
AS G28  2026 09 05 10 19 00.000000  1   -0.422695226396E-03                              
AS G29  2026 09 05 10 19 00.000000  1   -0.248922543966E-03                              
AS G30  2026 09 05 10 19 00.000000  1    0.353607021208E-03                              
AS G31  2026 09 05 10 19 00.000000  1   -0.122856048743E-03                              
AS G04  2026 09 05 10 19 30.000000  1    0.647357238970E-04                              
AS G05  2026 09 05 10 19 30.000000  1   -0.236544799598E-03                              
AS G06  2026 09 05 10 19 30.000000  1   -0.531818589134E-03                              
AS G07  2026 09 05 10 19 30.000000  1   -0.221885284111E-03                              
AS G09  2026 09 05 10 19 30.000000  1    0.685592602843E-03                              
AS G11  2026 09 05 10 19 30.000000  1   -0.219651169663E-03                              
AS G13  2026 09 05 10 19 30.000000  1    0.438224583408E-03                              
AS G14  2026 09 05 10 19 30.000000  1    0.749970063090E-03                              
AS G15  2026 09 05 10 19 30.000000  1    0.442230509170E-03                              
AS G17  2026 09 05 10 19 30.000000  1   -0.197395202890E-03                              
AS G18  2026 09 05 10 19 30.000000  1   -0.263546684387E-03                              
AS G19  2026 09 05 10 19 30.000000  1    0.704957883662E-03                              
AS G20  2026 09 05 10 19 30.000000  1    0.278463953414E-03                              
AS G21  2026 09 05 10 19 30.000000  1    0.369302518901E-03                              
AS G22  2026 09 05 10 19 30.000000  1    0.742487303952E-04                              
AS G24  2026 09 05 10 19 30.000000  1    0.193687845463E-03                              
AS G25  2026 09 05 10 19 30.000000  1    0.391483994954E-03                              
AS G26  2026 09 05 10 19 30.000000  1   -0.391816155645E-03                              
AS G28  2026 09 05 10 19 30.000000  1   -0.422694905773E-03                              
AS G29  2026 09 05 10 19 30.000000  1   -0.248922403107E-03                              
AS G30  2026 09 05 10 19 30.000000  1    0.353607391615E-03                              
AS G31  2026 09 05 10 19 30.000000  1   -0.122855808814E-03                              
AS G04  2026 09 05 10 20 00.000000  2    0.647357342255E-04  0.114648935129E-10          
AS G05  2026 09 05 10 20 00.000000  2   -0.236544770204E-03  0.115516773796E-10          
AS G06  2026 09 05 10 20 00.000000  2   -0.531818266949E-03  0.114443367812E-10          
AS G07  2026 09 05 10 20 00.000000  2   -0.221885400782E-03  0.114660341749E-10          
AS G09  2026 09 05 10 20 00.000000  2    0.685592340557E-03  0.114238751176E-10          
AS G11  2026 09 05 10 20 00.000000  2   -0.219650812034E-03  0.114432645329E-10          
AS G13  2026 09 05 10 20 00.000000  2    0.438224727277E-03  0.116904987359E-10          
AS G14  2026 09 05 10 20 00.000000  2    0.749970047321E-03  0.116869719096E-10          
AS G15  2026 09 05 10 20 00.000000  2    0.442230609481E-03  0.119818198203E-10          
AS G17  2026 09 05 10 20 00.000000  2   -0.197395286171E-03  0.116341037600E-10          
AS G18  2026 09 05 10 20 00.000000  2   -0.263546415955E-03  0.116492060061E-10          
AS G19  2026 09 05 10 20 00.000000  2    0.704957954842E-03  0.115989769542E-10          
AS G20  2026 09 05 10 20 00.000000  2    0.278464230599E-03  0.116034754920E-10          
AS G21  2026 09 05 10 20 00.000000  2    0.369302281918E-03  0.114839188450E-10          
AS G22  2026 09 05 10 20 00.000000  2    0.742490370754E-04  0.116830724160E-10          
AS G24  2026 09 05 10 20 00.000000  2    0.193688353325E-03  0.119865953812E-10          
AS G25  2026 09 05 10 20 00.000000  2    0.391483891451E-03  0.115551920400E-10          
AS G26  2026 09 05 10 20 00.000000  2   -0.391816203956E-03  0.116812922990E-10          
AS G28  2026 09 05 10 20 00.000000  2   -0.422694586857E-03  0.117250552795E-10          
AS G29  2026 09 05 10 20 00.000000  2   -0.248922150440E-03  0.115499865750E-10          
AS G30  2026 09 05 10 20 00.000000  2    0.353607757215E-03  0.116476569491E-10          
AS G31  2026 09 05 10 20 00.000000  2   -0.122855821667E-03  0.118285117001E-10          
AS G04  2026 09 05 10 20 30.000000  1    0.647357463986E-04                              
AS G05  2026 09 05 10 20 30.000000  1   -0.236544812817E-03                              
AS G06  2026 09 05 10 20 30.000000  1   -0.531817931047E-03                              
AS G07  2026 09 05 10 20 30.000000  1   -0.221885351046E-03                              
AS G09  2026 09 05 10 20 30.000000  1    0.685592083229E-03                              
AS G11  2026 09 05 10 20 30.000000  1   -0.219650446245E-03                              
AS G13  2026 09 05 10 20 30.000000  1    0.438224874389E-03                              
AS G14  2026 09 05 10 20 30.000000  1    0.749970043774E-03                              
AS G15  2026 09 05 10 20 30.000000  1    0.442230618850E-03                              
AS G17  2026 09 05 10 20 30.000000  1   -0.197395340047E-03                              
AS G18  2026 09 05 10 20 30.000000  1   -0.263546152302E-03                              
AS G19  2026 09 05 10 20 30.000000  1    0.704958018777E-03                              
AS G20  2026 09 05 10 20 30.000000  1    0.278464505215E-03                              
AS G21  2026 09 05 10 20 30.000000  1    0.369302040861E-03                              
AS G22  2026 09 05 10 20 30.000000  1    0.742492659208E-04                              
AS G24  2026 09 05 10 20 30.000000  1    0.193688876406E-03                              
AS G25  2026 09 05 10 20 30.000000  1    0.391483794561E-03                              
AS G26  2026 09 05 10 20 30.000000  1   -0.391816229580E-03                              
AS G28  2026 09 05 10 20 30.000000  1   -0.422694256667E-03                              
AS G29  2026 09 05 10 20 30.000000  1   -0.248921975920E-03                              
AS G30  2026 09 05 10 20 30.000000  1    0.353608136665E-03                              
AS G31  2026 09 05 10 20 30.000000  1   -0.122855685730E-03                              
AS G04  2026 09 05 10 21 00.000000  1    0.647357528360E-04                              
AS G05  2026 09 05 10 21 00.000000  1   -0.236544938447E-03                              
AS G06  2026 09 05 10 21 00.000000  1   -0.531817615011E-03                              
AS G07  2026 09 05 10 21 00.000000  1   -0.221885434531E-03                              
AS G09  2026 09 05 10 21 00.000000  1    0.685591822109E-03                              
AS G11  2026 09 05 10 21 00.000000  1   -0.219650081597E-03                              
AS G13  2026 09 05 10 21 00.000000  1    0.438225015919E-03                              
AS G14  2026 09 05 10 21 00.000000  1    0.749970039623E-03                              
AS G15  2026 09 05 10 21 00.000000  1    0.442230696255E-03                              
AS G17  2026 09 05 10 21 00.000000  1   -0.197395415980E-03                              
AS G18  2026 09 05 10 21 00.000000  1   -0.263545886312E-03                              
AS G19  2026 09 05 10 21 00.000000  1    0.704957993969E-03                              
AS G20  2026 09 05 10 21 00.000000  1    0.278464783953E-03                              
AS G21  2026 09 05 10 21 00.000000  1    0.369301797296E-03                              
AS G22  2026 09 05 10 21 00.000000  1    0.742494805598E-04                              
AS G24  2026 09 05 10 21 00.000000  1    0.193689394404E-03                              
AS G25  2026 09 05 10 21 00.000000  1    0.391483691403E-03                              
AS G26  2026 09 05 10 21 00.000000  1   -0.391816287269E-03                              
AS G28  2026 09 05 10 21 00.000000  1   -0.422693930585E-03                              
AS G29  2026 09 05 10 21 00.000000  1   -0.248921763598E-03                              
AS G30  2026 09 05 10 21 00.000000  1    0.353608502510E-03                              
AS G31  2026 09 05 10 21 00.000000  1   -0.122855589816E-03                              
AS G04  2026 09 05 10 21 30.000000  1    0.647357657905E-04                              
AS G05  2026 09 05 10 21 30.000000  1   -0.236545088426E-03                              
AS G06  2026 09 05 10 21 30.000000  1   -0.531817291345E-03                              
AS G07  2026 09 05 10 21 30.000000  1   -0.221885493769E-03                              
AS G09  2026 09 05 10 21 30.000000  1    0.685591558509E-03                              
AS G11  2026 09 05 10 21 30.000000  1   -0.219649716929E-03                              
AS G13  2026 09 05 10 21 30.000000  1    0.438225166207E-03                              
AS G14  2026 09 05 10 21 30.000000  1    0.749970031871E-03                              
AS G15  2026 09 05 10 21 30.000000  1    0.442230747923E-03                              
AS G17  2026 09 05 10 21 30.000000  1   -0.197395569700E-03                              
AS G18  2026 09 05 10 21 30.000000  1   -0.263545612655E-03                              
AS G19  2026 09 05 10 21 30.000000  1    0.704957911905E-03                              
AS G20  2026 09 05 10 21 30.000000  1    0.278465054897E-03                              
AS G21  2026 09 05 10 21 30.000000  1    0.369301559409E-03                              
AS G22  2026 09 05 10 21 30.000000  1    0.742497176329E-04                              
AS G24  2026 09 05 10 21 30.000000  1    0.193689912662E-03                              
AS G25  2026 09 05 10 21 30.000000  1    0.391483592209E-03                              
AS G26  2026 09 05 10 21 30.000000  1   -0.391816325067E-03                              
AS G28  2026 09 05 10 21 30.000000  1   -0.422693619659E-03                              
AS G29  2026 09 05 10 21 30.000000  1   -0.248921392490E-03                              
AS G30  2026 09 05 10 21 30.000000  1    0.353608867421E-03                              
AS G31  2026 09 05 10 21 30.000000  1   -0.122855478485E-03                              
AS G04  2026 09 05 10 22 00.000000  1    0.647357789371E-04                              
AS G05  2026 09 05 10 22 00.000000  1   -0.236544737410E-03                              
AS G06  2026 09 05 10 22 00.000000  1   -0.531816951706E-03                              
AS G07  2026 09 05 10 22 00.000000  1   -0.221885602211E-03                              
AS G09  2026 09 05 10 22 00.000000  1    0.685591293887E-03                              
AS G11  2026 09 05 10 22 00.000000  1   -0.219649354049E-03                              
AS G13  2026 09 05 10 22 00.000000  1    0.438225323195E-03                              
AS G14  2026 09 05 10 22 00.000000  1    0.749970041042E-03                              
AS G15  2026 09 05 10 22 00.000000  1    0.442230986798E-03                              
AS G17  2026 09 05 10 22 00.000000  1   -0.197395647543E-03                              
AS G18  2026 09 05 10 22 00.000000  1   -0.263545351457E-03                              
AS G19  2026 09 05 10 22 00.000000  1    0.704957871798E-03                              
AS G20  2026 09 05 10 22 00.000000  1    0.278465339402E-03                              
AS G21  2026 09 05 10 22 00.000000  1    0.369301324992E-03                              
AS G22  2026 09 05 10 22 00.000000  1    0.742500217811E-04                              
AS G24  2026 09 05 10 22 00.000000  1    0.193690433936E-03                              
AS G25  2026 09 05 10 22 00.000000  1    0.391483486883E-03                              
AS G26  2026 09 05 10 22 00.000000  1   -0.391816368694E-03                              
AS G28  2026 09 05 10 22 00.000000  1   -0.422693288923E-03                              
AS G29  2026 09 05 10 22 00.000000  1   -0.248921229631E-03                              
AS G30  2026 09 05 10 22 00.000000  1    0.353609239902E-03                              
AS G31  2026 09 05 10 22 00.000000  1   -0.122855524699E-03                              
AS G04  2026 09 05 10 22 30.000000  1    0.647357920054E-04                              
AS G05  2026 09 05 10 22 30.000000  1   -0.236544851999E-03                              
AS G06  2026 09 05 10 22 30.000000  1   -0.531816630762E-03                              
AS G07  2026 09 05 10 22 30.000000  1   -0.221885750529E-03                              
AS G09  2026 09 05 10 22 30.000000  1    0.685591037161E-03                              
AS G11  2026 09 05 10 22 30.000000  1   -0.219649000342E-03                              
AS G13  2026 09 05 10 22 30.000000  1    0.438225468919E-03                              
AS G14  2026 09 05 10 22 30.000000  1    0.749970028936E-03                              
AS G15  2026 09 05 10 22 30.000000  1    0.442231066080E-03                              
AS G17  2026 09 05 10 22 30.000000  1   -0.197395784737E-03                              
AS G18  2026 09 05 10 22 30.000000  1   -0.263545100449E-03                              
AS G19  2026 09 05 10 22 30.000000  1    0.704957876236E-03                              
AS G20  2026 09 05 10 22 30.000000  1    0.278465613136E-03                              
AS G21  2026 09 05 10 22 30.000000  1    0.369301079389E-03                              
AS G22  2026 09 05 10 22 30.000000  1    0.742502704673E-04                              
AS G24  2026 09 05 10 22 30.000000  1    0.193690954641E-03                              
AS G25  2026 09 05 10 22 30.000000  1    0.391483387207E-03                              
AS G26  2026 09 05 10 22 30.000000  1   -0.391816406908E-03                              
AS G28  2026 09 05 10 22 30.000000  1   -0.422692972833E-03                              
AS G29  2026 09 05 10 22 30.000000  1   -0.248921000134E-03                              
AS G30  2026 09 05 10 22 30.000000  1    0.353609616045E-03                              
AS G31  2026 09 05 10 22 30.000000  1   -0.122855447180E-03                              
AS G04  2026 09 05 10 23 00.000000  1    0.647358007783E-04                              
AS G05  2026 09 05 10 23 00.000000  1   -0.236544958143E-03                              
AS G06  2026 09 05 10 23 00.000000  1   -0.531816299338E-03                              
AS G07  2026 09 05 10 23 00.000000  1   -0.221885761798E-03                              
AS G09  2026 09 05 10 23 00.000000  1    0.685590769831E-03                              
AS G11  2026 09 05 10 23 00.000000  1   -0.219648640717E-03                              
AS G13  2026 09 05 10 23 00.000000  1    0.438225618877E-03                              
AS G14  2026 09 05 10 23 00.000000  1    0.749970032528E-03                              
AS G15  2026 09 05 10 23 00.000000  1    0.442231091808E-03                              
AS G17  2026 09 05 10 23 00.000000  1   -0.197395829165E-03                              
AS G18  2026 09 05 10 23 00.000000  1   -0.263544837859E-03                              
AS G19  2026 09 05 10 23 00.000000  1    0.704957891332E-03                              
AS G20  2026 09 05 10 23 00.000000  1    0.278465884739E-03                              
AS G21  2026 09 05 10 23 00.000000  1    0.369300838042E-03                              
AS G22  2026 09 05 10 23 00.000000  1    0.742505773310E-04                              
AS G24  2026 09 05 10 23 00.000000  1    0.193691467576E-03                              
AS G25  2026 09 05 10 23 00.000000  1    0.391483283827E-03                              
AS G26  2026 09 05 10 23 00.000000  1   -0.391816445173E-03                              
AS G28  2026 09 05 10 23 00.000000  1   -0.422692649971E-03                              
AS G29  2026 09 05 10 23 00.000000  1   -0.248920630791E-03                              
AS G30  2026 09 05 10 23 00.000000  1    0.353609982520E-03                              
AS G31  2026 09 05 10 23 00.000000  1   -0.122855323542E-03                              
AS G04  2026 09 05 10 23 30.000000  1    0.647358041411E-04                              
AS G05  2026 09 05 10 23 30.000000  1   -0.236544770430E-03                              
AS G06  2026 09 05 10 23 30.000000  1   -0.531815975932E-03                              
AS G07  2026 09 05 10 23 30.000000  1   -0.221885863105E-03                              
AS G09  2026 09 05 10 23 30.000000  1    0.685590504974E-03                              
AS G11  2026 09 05 10 23 30.000000  1   -0.219648278473E-03                              
AS G13  2026 09 05 10 23 30.000000  1    0.438225761340E-03                              
AS G14  2026 09 05 10 23 30.000000  1    0.749970027052E-03                              
AS G15  2026 09 05 10 23 30.000000  1    0.442231234690E-03                              
AS G17  2026 09 05 10 23 30.000000  1   -0.197395884167E-03                              
AS G18  2026 09 05 10 23 30.000000  1   -0.263544582132E-03                              
AS G19  2026 09 05 10 23 30.000000  1    0.704957936279E-03                              
AS G20  2026 09 05 10 23 30.000000  1    0.278466155402E-03                              
AS G21  2026 09 05 10 23 30.000000  1    0.369300603406E-03                              
AS G22  2026 09 05 10 23 30.000000  1    0.742508429062E-04                              
AS G24  2026 09 05 10 23 30.000000  1    0.193691985945E-03                              
AS G25  2026 09 05 10 23 30.000000  1    0.391483171899E-03                              
AS G26  2026 09 05 10 23 30.000000  1   -0.391816487937E-03                              
AS G28  2026 09 05 10 23 30.000000  1   -0.422692335355E-03                              
AS G29  2026 09 05 10 23 30.000000  1   -0.248920407301E-03                              
AS G30  2026 09 05 10 23 30.000000  1    0.353610349728E-03                              
AS G31  2026 09 05 10 23 30.000000  1   -0.122855209519E-03                              
AS G04  2026 09 05 10 24 00.000000  1    0.647358225663E-04                              
AS G05  2026 09 05 10 24 00.000000  1   -0.236544570903E-03                              
AS G06  2026 09 05 10 24 00.000000  1   -0.531815639387E-03                              
AS G07  2026 09 05 10 24 00.000000  1   -0.221885928763E-03                              
AS G09  2026 09 05 10 24 00.000000  1    0.685590234131E-03                              
AS G11  2026 09 05 10 24 00.000000  1   -0.219647926426E-03                              
AS G13  2026 09 05 10 24 00.000000  1    0.438225914749E-03                              
AS G14  2026 09 05 10 24 00.000000  1    0.749970009980E-03                              
AS G15  2026 09 05 10 24 00.000000  1    0.442231357204E-03                              
AS G17  2026 09 05 10 24 00.000000  1   -0.197396022274E-03                              
AS G18  2026 09 05 10 24 00.000000  1   -0.263544310227E-03                              
AS G19  2026 09 05 10 24 00.000000  1    0.704958062482E-03                              
AS G20  2026 09 05 10 24 00.000000  1    0.278466430611E-03                              
AS G21  2026 09 05 10 24 00.000000  1    0.369300370626E-03                              
AS G22  2026 09 05 10 24 00.000000  1    0.742511976277E-04                              
AS G24  2026 09 05 10 24 00.000000  1    0.193692507977E-03                              
AS G25  2026 09 05 10 24 00.000000  1    0.391483076528E-03                              
AS G26  2026 09 05 10 24 00.000000  1   -0.391816529286E-03                              
AS G28  2026 09 05 10 24 00.000000  1   -0.422692021420E-03                              
AS G29  2026 09 05 10 24 00.000000  1   -0.248920183011E-03                              
AS G30  2026 09 05 10 24 00.000000  1    0.353610728203E-03                              
AS G31  2026 09 05 10 24 00.000000  1   -0.122855168381E-03                              
AS G04  2026 09 05 10 24 30.000000  1    0.647358294141E-04                              
AS G05  2026 09 05 10 24 30.000000  1   -0.236544681440E-03                              
AS G06  2026 09 05 10 24 30.000000  1   -0.531815319357E-03                              
AS G07  2026 09 05 10 24 30.000000  1   -0.221886015308E-03                              
AS G09  2026 09 05 10 24 30.000000  1    0.685589972692E-03                              
AS G11  2026 09 05 10 24 30.000000  1   -0.219647559094E-03                              
AS G13  2026 09 05 10 24 30.000000  1    0.438226060912E-03                              
AS G14  2026 09 05 10 24 30.000000  1    0.749970005305E-03                              
AS G15  2026 09 05 10 24 30.000000  1    0.442231451005E-03                              
AS G17  2026 09 05 10 24 30.000000  1   -0.197396148015E-03                              
AS G18  2026 09 05 10 24 30.000000  1   -0.263544043116E-03                              
AS G19  2026 09 05 10 24 30.000000  1    0.704958071827E-03                              
AS G20  2026 09 05 10 24 30.000000  1    0.278466703735E-03                              
AS G21  2026 09 05 10 24 30.000000  1    0.369300130997E-03                              
AS G22  2026 09 05 10 24 30.000000  1    0.742514236613E-04                              
AS G24  2026 09 05 10 24 30.000000  1    0.193693024618E-03                              
AS G25  2026 09 05 10 24 30.000000  1    0.391482962171E-03                              
AS G26  2026 09 05 10 24 30.000000  1   -0.391816561007E-03                              
AS G28  2026 09 05 10 24 30.000000  1   -0.422691704742E-03                              
AS G29  2026 09 05 10 24 30.000000  1   -0.248920071596E-03                              
AS G30  2026 09 05 10 24 30.000000  1    0.353611092445E-03                              
AS G31  2026 09 05 10 24 30.000000  1   -0.122855033530E-03                              
AS G04  2026 09 05 10 25 00.000000  2    0.647358347255E-04  0.117289352581E-10          
AS G05  2026 09 05 10 25 00.000000  2   -0.236544899587E-03  0.118080137530E-10          
AS G06  2026 09 05 10 25 00.000000  2   -0.531814994847E-03  0.117039574544E-10          
AS G07  2026 09 05 10 25 00.000000  2   -0.221886280687E-03  0.117228647694E-10          
AS G09  2026 09 05 10 25 00.000000  2    0.685589707640E-03  0.116872620175E-10          
AS G11  2026 09 05 10 25 00.000000  2   -0.219647193681E-03  0.117059539534E-10          
AS G13  2026 09 05 10 25 00.000000  2    0.438226204717E-03  0.119741225623E-10          
AS G14  2026 09 05 10 25 00.000000  2    0.749970001765E-03  0.119469730678E-10          
AS G15  2026 09 05 10 25 00.000000  2    0.442231395073E-03  0.122250407382E-10          
AS G17  2026 09 05 10 25 00.000000  2   -0.197396644105E-03  0.118946061074E-10          
AS G18  2026 09 05 10 25 00.000000  2   -0.263543776463E-03  0.119032581601E-10          
AS G19  2026 09 05 10 25 00.000000  2    0.704958028461E-03  0.118623684844E-10          
AS G20  2026 09 05 10 25 00.000000  2    0.278466971717E-03  0.118571667650E-10          
AS G21  2026 09 05 10 25 00.000000  2    0.369299891590E-03  0.117409390980E-10          
AS G22  2026 09 05 10 25 00.000000  2    0.742515488359E-04  0.119400107804E-10          
AS G24  2026 09 05 10 25 00.000000  2    0.193693524871E-03  0.122411528646E-10          
AS G25  2026 09 05 10 25 00.000000  2    0.391482849099E-03  0.118229716015E-10          
AS G26  2026 09 05 10 25 00.000000  2   -0.391816599314E-03  0.119400091994E-10          
AS G28  2026 09 05 10 25 00.000000  2   -0.422691377405E-03  0.119729548400E-10          
AS G29  2026 09 05 10 25 00.000000  2   -0.248919872105E-03  0.118023342389E-10          
AS G30  2026 09 05 10 25 00.000000  2    0.353611455666E-03  0.118945533876E-10          
AS G31  2026 09 05 10 25 00.000000  2   -0.122854889216E-03  0.121020911966E-10          
AS G04  2026 09 05 10 25 30.000000  1    0.647358334527E-04                              
AS G05  2026 09 05 10 25 30.000000  1   -0.236544883094E-03                              
AS G06  2026 09 05 10 25 30.000000  1   -0.531814675176E-03                              
AS G07  2026 09 05 10 25 30.000000  1   -0.221886465146E-03                              
AS G09  2026 09 05 10 25 30.000000  1    0.685589441566E-03                              
AS G11  2026 09 05 10 25 30.000000  1   -0.219646830502E-03                              
AS G13  2026 09 05 10 25 30.000000  1    0.438226349857E-03                              
AS G14  2026 09 05 10 25 30.000000  1    0.749969986560E-03                              
AS G15  2026 09 05 10 25 30.000000  1    0.442231459152E-03                              
AS G17  2026 09 05 10 25 30.000000  1   -0.197396689054E-03                              
AS G18  2026 09 05 10 25 30.000000  1   -0.263543510160E-03                              
AS G19  2026 09 05 10 25 30.000000  1    0.704958045518E-03                              
AS G20  2026 09 05 10 25 30.000000  1    0.278467238235E-03                              
AS G21  2026 09 05 10 25 30.000000  1    0.369299638977E-03                              
AS G22  2026 09 05 10 25 30.000000  1    0.742517370792E-04                              
AS G24  2026 09 05 10 25 30.000000  1    0.193694035473E-03                              
AS G25  2026 09 05 10 25 30.000000  1    0.391482742164E-03                              
AS G26  2026 09 05 10 25 30.000000  1   -0.391816642856E-03                              
AS G28  2026 09 05 10 25 30.000000  1   -0.422691057947E-03                              
AS G29  2026 09 05 10 25 30.000000  1   -0.248919672372E-03                              
AS G30  2026 09 05 10 25 30.000000  1    0.353611830221E-03                              
AS G31  2026 09 05 10 25 30.000000  1   -0.122854905573E-03                              
AS G04  2026 09 05 10 26 00.000000  1    0.647358405145E-04                              
AS G05  2026 09 05 10 26 00.000000  1   -0.236544939758E-03                              
AS G06  2026 09 05 10 26 00.000000  1   -0.531814346759E-03                              
AS G07  2026 09 05 10 26 00.000000  1   -0.221886536753E-03                              
AS G09  2026 09 05 10 26 00.000000  1    0.685589172240E-03                              
AS G11  2026 09 05 10 26 00.000000  1   -0.219646463906E-03                              
AS G13  2026 09 05 10 26 00.000000  1    0.438226497088E-03                              
AS G14  2026 09 05 10 26 00.000000  1    0.749969987498E-03                              
AS G15  2026 09 05 10 26 00.000000  1    0.442231589312E-03                              
AS G17  2026 09 05 10 26 00.000000  1   -0.197396832006E-03                              
AS G18  2026 09 05 10 26 00.000000  1   -0.263543245955E-03                              
AS G19  2026 09 05 10 26 00.000000  1    0.704957994809E-03                              
AS G20  2026 09 05 10 26 00.000000  1    0.278467511936E-03                              
AS G21  2026 09 05 10 26 00.000000  1    0.369299408857E-03                              
AS G22  2026 09 05 10 26 00.000000  1    0.742519768923E-04                              
AS G24  2026 09 05 10 26 00.000000  1    0.193694556484E-03                              
AS G25  2026 09 05 10 26 00.000000  1    0.391482621965E-03                              
AS G26  2026 09 05 10 26 00.000000  1   -0.391816686331E-03                              
AS G28  2026 09 05 10 26 00.000000  1   -0.422690748015E-03                              
AS G29  2026 09 05 10 26 00.000000  1   -0.248919546093E-03                              
AS G30  2026 09 05 10 26 00.000000  1    0.353612195640E-03                              
AS G31  2026 09 05 10 26 00.000000  1   -0.122854876402E-03                              
AS G04  2026 09 05 10 26 30.000000  1    0.647358542766E-04                              
AS G05  2026 09 05 10 26 30.000000  1   -0.236545007425E-03                              
AS G06  2026 09 05 10 26 30.000000  1   -0.531814022184E-03                              
AS G07  2026 09 05 10 26 30.000000  1   -0.221886556207E-03                              
AS G09  2026 09 05 10 26 30.000000  1    0.685588912158E-03                              
AS G11  2026 09 05 10 26 30.000000  1   -0.219646099250E-03                              
AS G13  2026 09 05 10 26 30.000000  1    0.438226636613E-03                              
AS G14  2026 09 05 10 26 30.000000  1    0.749969980015E-03                              
AS G15  2026 09 05 10 26 30.000000  1    0.442231821993E-03                              
AS G17  2026 09 05 10 26 30.000000  1   -0.197397059965E-03                              
AS G18  2026 09 05 10 26 30.000000  1   -0.263542997067E-03                              
AS G19  2026 09 05 10 26 30.000000  1    0.704957988949E-03                              
AS G20  2026 09 05 10 26 30.000000  1    0.278467789264E-03                              
AS G21  2026 09 05 10 26 30.000000  1    0.369299181380E-03                              
AS G22  2026 09 05 10 26 30.000000  1    0.742521576114E-04                              
AS G24  2026 09 05 10 26 30.000000  1    0.193695067253E-03                              
AS G25  2026 09 05 10 26 30.000000  1    0.391482522442E-03                              
AS G26  2026 09 05 10 26 30.000000  1   -0.391816724162E-03                              
AS G28  2026 09 05 10 26 30.000000  1   -0.422690428633E-03                              
AS G29  2026 09 05 10 26 30.000000  1   -0.248919304630E-03                              
AS G30  2026 09 05 10 26 30.000000  1    0.353612557707E-03                              
AS G31  2026 09 05 10 26 30.000000  1   -0.122854711895E-03                              
AS G04  2026 09 05 10 27 00.000000  1    0.647358515208E-04                              
AS G05  2026 09 05 10 27 00.000000  1   -0.236544902382E-03                              
AS G06  2026 09 05 10 27 00.000000  1   -0.531813700683E-03                              
AS G07  2026 09 05 10 27 00.000000  1   -0.221886680576E-03                              
AS G09  2026 09 05 10 27 00.000000  1    0.685588643473E-03                              
AS G11  2026 09 05 10 27 00.000000  1   -0.219645735681E-03                              
AS G13  2026 09 05 10 27 00.000000  1    0.438226782191E-03                              
AS G14  2026 09 05 10 27 00.000000  1    0.749969965721E-03                              
AS G15  2026 09 05 10 27 00.000000  1    0.442231899452E-03                              
AS G17  2026 09 05 10 27 00.000000  1   -0.197397248707E-03                              
AS G18  2026 09 05 10 27 00.000000  1   -0.263542727272E-03                              
AS G19  2026 09 05 10 27 00.000000  1    0.704957962551E-03                              
AS G20  2026 09 05 10 27 00.000000  1    0.278468062334E-03                              
AS G21  2026 09 05 10 27 00.000000  1    0.369298934617E-03                              
AS G22  2026 09 05 10 27 00.000000  1    0.742525399360E-04                              
AS G24  2026 09 05 10 27 00.000000  1    0.193695570846E-03                              
AS G25  2026 09 05 10 27 00.000000  1    0.391482417440E-03                              
AS G26  2026 09 05 10 27 00.000000  1   -0.391816765586E-03                              
AS G28  2026 09 05 10 27 00.000000  1   -0.422690115773E-03                              
AS G29  2026 09 05 10 27 00.000000  1   -0.248919245434E-03                              
AS G30  2026 09 05 10 27 00.000000  1    0.353612929856E-03                              
AS G31  2026 09 05 10 27 00.000000  1   -0.122854565121E-03                              
AS G04  2026 09 05 10 27 30.000000  1    0.647358554639E-04                              
AS G05  2026 09 05 10 27 30.000000  1   -0.236544910816E-03                              
AS G06  2026 09 05 10 27 30.000000  1   -0.531813371291E-03                              
AS G07  2026 09 05 10 27 30.000000  1   -0.221886810639E-03                              
AS G09  2026 09 05 10 27 30.000000  1    0.685588382087E-03                              
AS G11  2026 09 05 10 27 30.000000  1   -0.219645376845E-03                              
AS G13  2026 09 05 10 27 30.000000  1    0.438226927859E-03                              
AS G14  2026 09 05 10 27 30.000000  1    0.749969955555E-03                              
AS G15  2026 09 05 10 27 30.000000  1    0.442231966816E-03                              
AS G17  2026 09 05 10 27 30.000000  1   -0.197397381580E-03                              
AS G18  2026 09 05 10 27 30.000000  1   -0.263542459425E-03                              
AS G19  2026 09 05 10 27 30.000000  1    0.704957901521E-03                              
AS G20  2026 09 05 10 27 30.000000  1    0.278468332468E-03                              
AS G21  2026 09 05 10 27 30.000000  1    0.369298685585E-03                              
AS G22  2026 09 05 10 27 30.000000  1    0.742528340518E-04                              
AS G24  2026 09 05 10 27 30.000000  1    0.193696075381E-03                              
AS G25  2026 09 05 10 27 30.000000  1    0.391482304814E-03                              
AS G26  2026 09 05 10 27 30.000000  1   -0.391816800901E-03                              
AS G28  2026 09 05 10 27 30.000000  1   -0.422689806410E-03                              
AS G29  2026 09 05 10 27 30.000000  1   -0.248918994834E-03                              
AS G30  2026 09 05 10 27 30.000000  1    0.353613304350E-03                              
AS G31  2026 09 05 10 27 30.000000  1   -0.122854571305E-03                              
AS G04  2026 09 05 10 28 00.000000  1    0.647358724379E-04                              
AS G05  2026 09 05 10 28 00.000000  1   -0.236545135224E-03                              
AS G06  2026 09 05 10 28 00.000000  1   -0.531813047848E-03                              
AS G07  2026 09 05 10 28 00.000000  1   -0.221887004886E-03                              
AS G09  2026 09 05 10 28 00.000000  1    0.685588118199E-03                              
AS G11  2026 09 05 10 28 00.000000  1   -0.219645022699E-03                              
AS G13  2026 09 05 10 28 00.000000  1    0.438227076691E-03                              
AS G14  2026 09 05 10 28 00.000000  1    0.749969948064E-03                              
AS G15  2026 09 05 10 28 00.000000  1    0.442232042179E-03                              
AS G17  2026 09 05 10 28 00.000000  1   -0.197397550509E-03                              
AS G18  2026 09 05 10 28 00.000000  1   -0.263542198569E-03                              
AS G19  2026 09 05 10 28 00.000000  1    0.704957931362E-03                              
AS G20  2026 09 05 10 28 00.000000  1    0.278468602437E-03                              
AS G21  2026 09 05 10 28 00.000000  1    0.369298441469E-03                              
AS G22  2026 09 05 10 28 00.000000  1    0.742531333911E-04                              
AS G24  2026 09 05 10 28 00.000000  1    0.193696591847E-03                              
AS G25  2026 09 05 10 28 00.000000  1    0.391482200156E-03                              
AS G26  2026 09 05 10 28 00.000000  1   -0.391816845397E-03                              
AS G28  2026 09 05 10 28 00.000000  1   -0.422689488089E-03                              
AS G29  2026 09 05 10 28 00.000000  1   -0.248918597118E-03                              
AS G30  2026 09 05 10 28 00.000000  1    0.353613670004E-03                              
AS G31  2026 09 05 10 28 00.000000  1   -0.122854461897E-03                              
AS G04  2026 09 05 10 28 30.000000  1    0.647358793261E-04                              
AS G05  2026 09 05 10 28 30.000000  1   -0.236545226781E-03                              
AS G06  2026 09 05 10 28 30.000000  1   -0.531812720381E-03                              
AS G07  2026 09 05 10 28 30.000000  1   -0.221887139360E-03                              
AS G09  2026 09 05 10 28 30.000000  1    0.685587844341E-03                              
AS G11  2026 09 05 10 28 30.000000  1   -0.219644667884E-03                              
AS G13  2026 09 05 10 28 30.000000  1    0.438227226386E-03                              
AS G14  2026 09 05 10 28 30.000000  1    0.749969921737E-03                              
AS G15  2026 09 05 10 28 30.000000  1    0.442232254758E-03                              
AS G17  2026 09 05 10 28 30.000000  1   -0.197397681820E-03                              
AS G18  2026 09 05 10 28 30.000000  1   -0.263541942101E-03                              
AS G19  2026 09 05 10 28 30.000000  1    0.704958032777E-03                              
AS G20  2026 09 05 10 28 30.000000  1    0.278468865570E-03                              
AS G21  2026 09 05 10 28 30.000000  1    0.369298206936E-03                              
AS G22  2026 09 05 10 28 30.000000  1    0.742533433215E-04                              
AS G24  2026 09 05 10 28 30.000000  1    0.193697110103E-03                              
AS G25  2026 09 05 10 28 30.000000  1    0.391482093108E-03                              
AS G26  2026 09 05 10 28 30.000000  1   -0.391816896224E-03                              
AS G28  2026 09 05 10 28 30.000000  1   -0.422689166114E-03                              
AS G29  2026 09 05 10 28 30.000000  1   -0.248918458869E-03                              
AS G30  2026 09 05 10 28 30.000000  1    0.353614038663E-03                              
AS G31  2026 09 05 10 28 30.000000  1   -0.122854289418E-03                              
AS G04  2026 09 05 10 29 00.000000  1    0.647359004149E-04                              
AS G05  2026 09 05 10 29 00.000000  1   -0.236545390017E-03                              
AS G06  2026 09 05 10 29 00.000000  1   -0.531812396085E-03                              
AS G07  2026 09 05 10 29 00.000000  1   -0.221887107291E-03                              
AS G09  2026 09 05 10 29 00.000000  1    0.685587588109E-03                              
AS G11  2026 09 05 10 29 00.000000  1   -0.219644305419E-03                              
AS G13  2026 09 05 10 29 00.000000  1    0.438227370043E-03                              
AS G14  2026 09 05 10 29 00.000000  1    0.749969919518E-03                              
AS G15  2026 09 05 10 29 00.000000  1    0.442232310767E-03                              
AS G17  2026 09 05 10 29 00.000000  1   -0.197397706797E-03                              
AS G18  2026 09 05 10 29 00.000000  1   -0.263541677279E-03                              
AS G19  2026 09 05 10 29 00.000000  1    0.704958060131E-03                              
AS G20  2026 09 05 10 29 00.000000  1    0.278469130570E-03                              
AS G21  2026 09 05 10 29 00.000000  1    0.369297956710E-03                              
AS G22  2026 09 05 10 29 00.000000  1    0.742536234691E-04                              
AS G24  2026 09 05 10 29 00.000000  1    0.193697626133E-03                              
AS G25  2026 09 05 10 29 00.000000  1    0.391481995399E-03                              
AS G26  2026 09 05 10 29 00.000000  1   -0.391816937934E-03                              
AS G28  2026 09 05 10 29 00.000000  1   -0.422688839378E-03                              
AS G29  2026 09 05 10 29 00.000000  1   -0.248918356652E-03                              
AS G30  2026 09 05 10 29 00.000000  1    0.353614418421E-03                              
AS G31  2026 09 05 10 29 00.000000  1   -0.122854376385E-03                              
AS G04  2026 09 05 10 29 30.000000  1    0.647359086225E-04                              
AS G05  2026 09 05 10 29 30.000000  1   -0.236545229117E-03                              
AS G06  2026 09 05 10 29 30.000000  1   -0.531812064427E-03                              
AS G07  2026 09 05 10 29 30.000000  1   -0.221887141705E-03                              
AS G09  2026 09 05 10 29 30.000000  1    0.685587328809E-03                              
AS G11  2026 09 05 10 29 30.000000  1   -0.219643941158E-03                              
AS G13  2026 09 05 10 29 30.000000  1    0.438227511071E-03                              
AS G14  2026 09 05 10 29 30.000000  1    0.749969923490E-03                              
AS G15  2026 09 05 10 29 30.000000  1    0.442232293253E-03                              
AS G17  2026 09 05 10 29 30.000000  1   -0.197397896767E-03                              
AS G18  2026 09 05 10 29 30.000000  1   -0.263541419957E-03                              
AS G19  2026 09 05 10 29 30.000000  1    0.704958079400E-03                              
AS G20  2026 09 05 10 29 30.000000  1    0.278469414020E-03                              
AS G21  2026 09 05 10 29 30.000000  1    0.369297716691E-03                              
AS G22  2026 09 05 10 29 30.000000  1    0.742538220917E-04                              
AS G24  2026 09 05 10 29 30.000000  1    0.193698140367E-03                              
AS G25  2026 09 05 10 29 30.000000  1    0.391481894232E-03                              
AS G26  2026 09 05 10 29 30.000000  1   -0.391816975041E-03                              
AS G28  2026 09 05 10 29 30.000000  1   -0.422688520309E-03                              
AS G29  2026 09 05 10 29 30.000000  1   -0.248918230801E-03                              
AS G30  2026 09 05 10 29 30.000000  1    0.353614787991E-03                              
AS G31  2026 09 05 10 29 30.000000  1   -0.122854183998E-03                              
AS G04  2026 09 05 10 30 00.000000  2    0.647359118083E-04  0.119075572892E-10          
AS G05  2026 09 05 10 30 00.000000  2   -0.236544926444E-03  0.119455049305E-10          
AS G06  2026 09 05 10 30 00.000000  2   -0.531811732243E-03  0.118491512391E-10          
AS G07  2026 09 05 10 30 00.000000  2   -0.221887188623E-03  0.118617695427E-10          
AS G09  2026 09 05 10 30 00.000000  2    0.685587060616E-03  0.118311088462E-10          
AS G11  2026 09 05 10 30 00.000000  2   -0.219643578603E-03  0.118500001623E-10          
AS G13  2026 09 05 10 30 00.000000  2    0.438227652448E-03  0.121389453197E-10          
AS G14  2026 09 05 10 30 00.000000  2    0.749969908927E-03  0.120904470480E-10          
AS G15  2026 09 05 10 30 00.000000  2    0.442232353143E-03  0.121978606222E-10          
AS G17  2026 09 05 10 30 00.000000  2   -0.197398016246E-03  0.120384266529E-10          
AS G18  2026 09 05 10 30 00.000000  2   -0.263541149920E-03  0.120625119919E-10          
AS G19  2026 09 05 10 30 00.000000  2    0.704958001037E-03  0.120063473521E-10          
AS G20  2026 09 05 10 30 00.000000  2    0.278469683181E-03  0.119940014565E-10          
AS G21  2026 09 05 10 30 00.000000  2    0.369297479758E-03  0.118794506508E-10          
AS G22  2026 09 05 10 30 00.000000  2    0.742541626823E-04  0.120806831036E-10          
AS G24  2026 09 05 10 30 00.000000  2    0.193698649944E-03  0.123759459289E-10          
AS G25  2026 09 05 10 30 00.000000  2    0.391481776894E-03  0.119708635944E-10          
AS G26  2026 09 05 10 30 00.000000  2   -0.391817016191E-03  0.120843458117E-10          
AS G28  2026 09 05 10 30 00.000000  2   -0.422688200285E-03  0.121018140556E-10          
AS G29  2026 09 05 10 30 00.000000  2   -0.248918057311E-03  0.119588421049E-10          
AS G30  2026 09 05 10 30 00.000000  2    0.353615158933E-03  0.120181612480E-10          
AS G31  2026 09 05 10 30 00.000000  2   -0.122853950860E-03  0.122273541645E-10          
AS G04  2026 09 05 10 30 30.000000  1    0.647359160179E-04                              
AS G05  2026 09 05 10 30 30.000000  1   -0.236545095848E-03                              
AS G06  2026 09 05 10 30 30.000000  1   -0.531811406501E-03                              
AS G07  2026 09 05 10 30 30.000000  1   -0.221887274206E-03                              
AS G09  2026 09 05 10 30 30.000000  1    0.685586802880E-03                              
AS G11  2026 09 05 10 30 30.000000  1   -0.219643209756E-03                              
AS G13  2026 09 05 10 30 30.000000  1    0.438227799845E-03                              
AS G14  2026 09 05 10 30 30.000000  1    0.749969900340E-03                              
AS G15  2026 09 05 10 30 30.000000  1    0.442232496368E-03                              
AS G17  2026 09 05 10 30 30.000000  1   -0.197398020340E-03                              
AS G18  2026 09 05 10 30 30.000000  1   -0.263540859666E-03                              
AS G19  2026 09 05 10 30 30.000000  1    0.704957963553E-03                              
AS G20  2026 09 05 10 30 30.000000  1    0.278469961648E-03                              
AS G21  2026 09 05 10 30 30.000000  1    0.369297240810E-03                              
AS G22  2026 09 05 10 30 30.000000  1    0.742545877587E-04                              
AS G24  2026 09 05 10 30 30.000000  1    0.193699173592E-03                              
AS G25  2026 09 05 10 30 30.000000  1    0.391481669616E-03                              
AS G26  2026 09 05 10 30 30.000000  1   -0.391817065738E-03                              
AS G28  2026 09 05 10 30 30.000000  1   -0.422687885306E-03                              
AS G29  2026 09 05 10 30 30.000000  1   -0.248917834232E-03                              
AS G30  2026 09 05 10 30 30.000000  1    0.353615521415E-03                              
AS G31  2026 09 05 10 30 30.000000  1   -0.122853812300E-03                              
AS G04  2026 09 05 10 31 00.000000  1    0.647359241353E-04                              
AS G05  2026 09 05 10 31 00.000000  1   -0.236544880343E-03                              
AS G06  2026 09 05 10 31 00.000000  1   -0.531811080260E-03                              
AS G07  2026 09 05 10 31 00.000000  1   -0.221887300398E-03                              
AS G09  2026 09 05 10 31 00.000000  1    0.685586541470E-03                              
AS G11  2026 09 05 10 31 00.000000  1   -0.219642848726E-03                              
AS G13  2026 09 05 10 31 00.000000  1    0.438227948797E-03                              
AS G14  2026 09 05 10 31 00.000000  1    0.749969892433E-03                              
AS G15  2026 09 05 10 31 00.000000  1    0.442232591196E-03                              
AS G17  2026 09 05 10 31 00.000000  1   -0.197398176341E-03                              
AS G18  2026 09 05 10 31 00.000000  1   -0.263540581264E-03                              
AS G19  2026 09 05 10 31 00.000000  1    0.704958010178E-03                              
AS G20  2026 09 05 10 31 00.000000  1    0.278470233045E-03                              
AS G21  2026 09 05 10 31 00.000000  1    0.369296994285E-03                              
AS G22  2026 09 05 10 31 00.000000  1    0.742550137919E-04                              
AS G24  2026 09 05 10 31 00.000000  1    0.193699683722E-03                              
AS G25  2026 09 05 10 31 00.000000  1    0.391481571959E-03                              
AS G26  2026 09 05 10 31 00.000000  1   -0.391817148735E-03                              
AS G28  2026 09 05 10 31 00.000000  1   -0.422687573119E-03                              
AS G29  2026 09 05 10 31 00.000000  1   -0.248917553146E-03                              
AS G30  2026 09 05 10 31 00.000000  1    0.353615897114E-03                              
AS G31  2026 09 05 10 31 00.000000  1   -0.122853771971E-03                              
AS G04  2026 09 05 10 31 30.000000  1    0.647359316809E-04                              
AS G05  2026 09 05 10 31 30.000000  1   -0.236544962145E-03                              
AS G06  2026 09 05 10 31 30.000000  1   -0.531810756848E-03                              
AS G07  2026 09 05 10 31 30.000000  1   -0.221887400861E-03                              
AS G09  2026 09 05 10 31 30.000000  1    0.685586282591E-03                              
AS G11  2026 09 05 10 31 30.000000  1   -0.219642493728E-03                              
AS G13  2026 09 05 10 31 30.000000  1    0.438228095283E-03                              
AS G14  2026 09 05 10 31 30.000000  1    0.749969902703E-03                              
AS G15  2026 09 05 10 31 30.000000  1    0.442232655177E-03                              
AS G17  2026 09 05 10 31 30.000000  1   -0.197398378934E-03                              
AS G18  2026 09 05 10 31 30.000000  1   -0.263540325014E-03                              
AS G19  2026 09 05 10 31 30.000000  1    0.704958011793E-03                              
AS G20  2026 09 05 10 31 30.000000  1    0.278470510324E-03                              
AS G21  2026 09 05 10 31 30.000000  1    0.369296746400E-03                              
AS G22  2026 09 05 10 31 30.000000  1    0.742553030541E-04                              
AS G24  2026 09 05 10 31 30.000000  1    0.193700209168E-03                              
AS G25  2026 09 05 10 31 30.000000  1    0.391481458800E-03                              
AS G26  2026 09 05 10 31 30.000000  1   -0.391817191507E-03                              
AS G28  2026 09 05 10 31 30.000000  1   -0.422687242107E-03                              
AS G29  2026 09 05 10 31 30.000000  1   -0.248917342640E-03                              
AS G30  2026 09 05 10 31 30.000000  1    0.353616264975E-03                              
AS G31  2026 09 05 10 31 30.000000  1   -0.122853669955E-03                              
AS G04  2026 09 05 10 32 00.000000  1    0.647359324651E-04                              
AS G05  2026 09 05 10 32 00.000000  1   -0.236545000365E-03                              
AS G06  2026 09 05 10 32 00.000000  1   -0.531810436263E-03                              
AS G07  2026 09 05 10 32 00.000000  1   -0.221887517560E-03                              
AS G09  2026 09 05 10 32 00.000000  1    0.685586007460E-03                              
AS G11  2026 09 05 10 32 00.000000  1   -0.219642136506E-03                              
AS G13  2026 09 05 10 32 00.000000  1    0.438228240152E-03                              
AS G14  2026 09 05 10 32 00.000000  1    0.749969897550E-03                              
AS G15  2026 09 05 10 32 00.000000  1    0.442232715149E-03                              
AS G17  2026 09 05 10 32 00.000000  1   -0.197398589082E-03                              
AS G18  2026 09 05 10 32 00.000000  1   -0.263540066607E-03                              
AS G19  2026 09 05 10 32 00.000000  1    0.704958027370E-03                              
AS G20  2026 09 05 10 32 00.000000  1    0.278470789918E-03                              
AS G21  2026 09 05 10 32 00.000000  1    0.369296498872E-03                              
AS G22  2026 09 05 10 32 00.000000  1    0.742555506836E-04                              
AS G24  2026 09 05 10 32 00.000000  1    0.193700724660E-03                              
AS G25  2026 09 05 10 32 00.000000  1    0.391481362648E-03                              
AS G26  2026 09 05 10 32 00.000000  1   -0.391817228435E-03                              
AS G28  2026 09 05 10 32 00.000000  1   -0.422686924496E-03                              
AS G29  2026 09 05 10 32 00.000000  1   -0.248917174820E-03                              
AS G30  2026 09 05 10 32 00.000000  1    0.353616627172E-03                              
AS G31  2026 09 05 10 32 00.000000  1   -0.122853689243E-03                              
AS G04  2026 09 05 10 32 30.000000  1    0.647359485879E-04                              
AS G05  2026 09 05 10 32 30.000000  1   -0.236545088447E-03                              
AS G06  2026 09 05 10 32 30.000000  1   -0.531810099721E-03                              
AS G07  2026 09 05 10 32 30.000000  1   -0.221887606470E-03                              
AS G09  2026 09 05 10 32 30.000000  1    0.685585747374E-03                              
AS G11  2026 09 05 10 32 30.000000  1   -0.219641766402E-03                              
AS G13  2026 09 05 10 32 30.000000  1    0.438228386726E-03                              
AS G14  2026 09 05 10 32 30.000000  1    0.749969893830E-03                              
AS G15  2026 09 05 10 32 30.000000  1    0.442232816495E-03                              
AS G17  2026 09 05 10 32 30.000000  1   -0.197398794298E-03                              
AS G18  2026 09 05 10 32 30.000000  1   -0.263539811110E-03                              
AS G19  2026 09 05 10 32 30.000000  1    0.704958028954E-03                              
AS G20  2026 09 05 10 32 30.000000  1    0.278471061007E-03                              
AS G21  2026 09 05 10 32 30.000000  1    0.369296246679E-03                              
AS G22  2026 09 05 10 32 30.000000  1    0.742558199278E-04                              
AS G24  2026 09 05 10 32 30.000000  1    0.193701243342E-03                              
AS G25  2026 09 05 10 32 30.000000  1    0.391481258210E-03                              
AS G26  2026 09 05 10 32 30.000000  1   -0.391817283554E-03                              
AS G28  2026 09 05 10 32 30.000000  1   -0.422686611840E-03                              
AS G29  2026 09 05 10 32 30.000000  1   -0.248917077464E-03                              
AS G30  2026 09 05 10 32 30.000000  1    0.353616990004E-03                              
AS G31  2026 09 05 10 32 30.000000  1   -0.122853664261E-03                              
AS G04  2026 09 05 10 33 00.000000  1    0.647359522846E-04                              
AS G05  2026 09 05 10 33 00.000000  1   -0.236544980479E-03                              
AS G06  2026 09 05 10 33 00.000000  1   -0.531809772851E-03                              
AS G07  2026 09 05 10 33 00.000000  1   -0.221887658418E-03                              
AS G09  2026 09 05 10 33 00.000000  1    0.685585487000E-03                              
AS G11  2026 09 05 10 33 00.000000  1   -0.219641407051E-03                              
AS G13  2026 09 05 10 33 00.000000  1    0.438228535059E-03                              
AS G14  2026 09 05 10 33 00.000000  1    0.749969894901E-03                              
AS G15  2026 09 05 10 33 00.000000  1    0.442232888122E-03                              
AS G17  2026 09 05 10 33 00.000000  1   -0.197398850042E-03                              
AS G18  2026 09 05 10 33 00.000000  1   -0.263539540549E-03                              
AS G19  2026 09 05 10 33 00.000000  1    0.704958011486E-03                              
AS G20  2026 09 05 10 33 00.000000  1    0.278471327978E-03                              
AS G21  2026 09 05 10 33 00.000000  1    0.369296000684E-03                              
AS G22  2026 09 05 10 33 00.000000  1    0.742560976618E-04                              
AS G24  2026 09 05 10 33 00.000000  1    0.193701761755E-03                              
AS G25  2026 09 05 10 33 00.000000  1    0.391481146755E-03                              
AS G26  2026 09 05 10 33 00.000000  1   -0.391817323930E-03                              
AS G28  2026 09 05 10 33 00.000000  1   -0.422686291530E-03                              
AS G29  2026 09 05 10 33 00.000000  1   -0.248916830867E-03                              
AS G30  2026 09 05 10 33 00.000000  1    0.353617357621E-03                              
AS G31  2026 09 05 10 33 00.000000  1   -0.122853538565E-03                              
AS G04  2026 09 05 10 33 30.000000  1    0.647359559481E-04                              
AS G05  2026 09 05 10 33 30.000000  1   -0.236545102229E-03                              
AS G06  2026 09 05 10 33 30.000000  1   -0.531809431596E-03                              
AS G07  2026 09 05 10 33 30.000000  1   -0.221887775247E-03                              
AS G09  2026 09 05 10 33 30.000000  1    0.685585219222E-03                              
AS G11  2026 09 05 10 33 30.000000  1   -0.219641041305E-03                              
AS G13  2026 09 05 10 33 30.000000  1    0.438228676923E-03                              
AS G14  2026 09 05 10 33 30.000000  1    0.749969884467E-03                              
AS G15  2026 09 05 10 33 30.000000  1    0.442232977861E-03                              
AS G17  2026 09 05 10 33 30.000000  1   -0.197398984432E-03                              
AS G18  2026 09 05 10 33 30.000000  1   -0.263539278659E-03                              
AS G19  2026 09 05 10 33 30.000000  1    0.704957935847E-03                              
AS G20  2026 09 05 10 33 30.000000  1    0.278471597938E-03                              
AS G21  2026 09 05 10 33 30.000000  1    0.369295763481E-03                              
AS G22  2026 09 05 10 33 30.000000  1    0.742562519305E-04                              
AS G24  2026 09 05 10 33 30.000000  1    0.193702276255E-03                              
AS G25  2026 09 05 10 33 30.000000  1    0.391481044325E-03                              
AS G26  2026 09 05 10 33 30.000000  1   -0.391817357719E-03                              
AS G28  2026 09 05 10 33 30.000000  1   -0.422685974864E-03                              
AS G29  2026 09 05 10 33 30.000000  1   -0.248916478885E-03                              
AS G30  2026 09 05 10 33 30.000000  1    0.353617733619E-03                              
AS G31  2026 09 05 10 33 30.000000  1   -0.122853330475E-03                              
AS G04  2026 09 05 10 34 00.000000  1    0.647359602746E-04                              
AS G05  2026 09 05 10 34 00.000000  1   -0.236545006103E-03                              
AS G06  2026 09 05 10 34 00.000000  1   -0.531809120124E-03                              
AS G07  2026 09 05 10 34 00.000000  1   -0.221887855325E-03                              
AS G09  2026 09 05 10 34 00.000000  1    0.685584945260E-03                              
AS G11  2026 09 05 10 34 00.000000  1   -0.219640671504E-03                              
AS G13  2026 09 05 10 34 00.000000  1    0.438228824598E-03                              
AS G14  2026 09 05 10 34 00.000000  1    0.749969877578E-03                              
AS G15  2026 09 05 10 34 00.000000  1    0.442233039022E-03                              
AS G17  2026 09 05 10 34 00.000000  1   -0.197399089584E-03                              
AS G18  2026 09 05 10 34 00.000000  1   -0.263539008043E-03                              
AS G19  2026 09 05 10 34 00.000000  1    0.704958085375E-03                              
AS G20  2026 09 05 10 34 00.000000  1    0.278471865413E-03                              
AS G21  2026 09 05 10 34 00.000000  1    0.369295524243E-03                              
AS G22  2026 09 05 10 34 00.000000  1    0.742564715903E-04                              
AS G24  2026 09 05 10 34 00.000000  1    0.193702794917E-03                              
AS G25  2026 09 05 10 34 00.000000  1    0.391480931329E-03                              
AS G26  2026 09 05 10 34 00.000000  1   -0.391817396505E-03                              
AS G28  2026 09 05 10 34 00.000000  1   -0.422685646658E-03                              
AS G29  2026 09 05 10 34 00.000000  1   -0.248916120102E-03                              
AS G30  2026 09 05 10 34 00.000000  1    0.353618100472E-03                              
AS G31  2026 09 05 10 34 00.000000  1   -0.122853164113E-03                              
AS G04  2026 09 05 10 34 30.000000  1    0.647359602237E-04                              
AS G05  2026 09 05 10 34 30.000000  1   -0.236544930043E-03                              
AS G06  2026 09 05 10 34 30.000000  1   -0.531808800060E-03                              
AS G07  2026 09 05 10 34 30.000000  1   -0.221888046719E-03                              
AS G09  2026 09 05 10 34 30.000000  1    0.685584678312E-03                              
AS G11  2026 09 05 10 34 30.000000  1   -0.219640308207E-03                              
AS G13  2026 09 05 10 34 30.000000  1    0.438228973194E-03                              
AS G14  2026 09 05 10 34 30.000000  1    0.749969866179E-03                              
AS G15  2026 09 05 10 34 30.000000  1    0.442233214007E-03                              
AS G17  2026 09 05 10 34 30.000000  1   -0.197399273422E-03                              
AS G18  2026 09 05 10 34 30.000000  1   -0.263538739286E-03                              
AS G19  2026 09 05 10 34 30.000000  1    0.704958190850E-03                              
AS G20  2026 09 05 10 34 30.000000  1    0.278472135806E-03                              
AS G21  2026 09 05 10 34 30.000000  1    0.369295282741E-03                              
AS G22  2026 09 05 10 34 30.000000  1    0.742566963014E-04                              
AS G24  2026 09 05 10 34 30.000000  1    0.193703303185E-03                              
AS G25  2026 09 05 10 34 30.000000  1    0.391480832127E-03                              
AS G26  2026 09 05 10 34 30.000000  1   -0.391817446176E-03                              
AS G28  2026 09 05 10 34 30.000000  1   -0.422685317764E-03                              
AS G29  2026 09 05 10 34 30.000000  1   -0.248915972187E-03                              
AS G30  2026 09 05 10 34 30.000000  1    0.353618467995E-03                              
AS G31  2026 09 05 10 34 30.000000  1   -0.122853039554E-03                              
AS G04  2026 09 05 10 35 00.000000  2    0.647359649433E-04  0.117409359717E-10          
AS G05  2026 09 05 10 35 00.000000  2   -0.236545041570E-03  0.117979521079E-10          
AS G06  2026 09 05 10 35 00.000000  2   -0.531808477733E-03  0.117077473504E-10          
AS G07  2026 09 05 10 35 00.000000  2   -0.221888214631E-03  0.117201775446E-10          
AS G09  2026 09 05 10 35 00.000000  2    0.685584412430E-03  0.116881635305E-10          
AS G11  2026 09 05 10 35 00.000000  2   -0.219639951912E-03  0.117066026434E-10          
AS G13  2026 09 05 10 35 00.000000  2    0.438229119116E-03  0.120199896118E-10          
AS G14  2026 09 05 10 35 00.000000  2    0.749969855221E-03  0.119509903046E-10          
AS G15  2026 09 05 10 35 00.000000  2    0.442233432410E-03  0.120399873445E-10          
AS G17  2026 09 05 10 35 00.000000  2   -0.197399403878E-03  0.118996555032E-10          
AS G18  2026 09 05 10 35 00.000000  2   -0.263538471771E-03  0.118941480336E-10          
AS G19  2026 09 05 10 35 00.000000  2    0.704958158963E-03  0.118685104794E-10          
AS G20  2026 09 05 10 35 00.000000  2    0.278472407248E-03  0.118467191118E-10          
AS G21  2026 09 05 10 35 00.000000  2    0.369295044825E-03  0.117307439043E-10          
AS G22  2026 09 05 10 35 00.000000  2    0.742568449417E-04  0.119456529923E-10          
AS G24  2026 09 05 10 35 00.000000  2    0.193703812733E-03  0.122239877115E-10          
AS G25  2026 09 05 10 35 00.000000  2    0.391480721830E-03  0.118340681367E-10          
AS G26  2026 09 05 10 35 00.000000  2   -0.391817489589E-03  0.119461731949E-10          
AS G28  2026 09 05 10 35 00.000000  2   -0.422684992066E-03  0.119548020297E-10          
AS G29  2026 09 05 10 35 00.000000  2   -0.248915857201E-03  0.117875826899E-10          
AS G30  2026 09 05 10 35 00.000000  2    0.353618844502E-03  0.118590121290E-10          
AS G31  2026 09 05 10 35 00.000000  2   -0.122852932961E-03  0.120841287161E-10          
AS G04  2026 09 05 10 35 30.000000  1    0.647359840834E-04                              
AS G05  2026 09 05 10 35 30.000000  1   -0.236545149317E-03                              
AS G06  2026 09 05 10 35 30.000000  1   -0.531808146460E-03                              
AS G07  2026 09 05 10 35 30.000000  1   -0.221888226296E-03                              
AS G09  2026 09 05 10 35 30.000000  1    0.685584150348E-03                              
AS G11  2026 09 05 10 35 30.000000  1   -0.219639584449E-03                              
AS G13  2026 09 05 10 35 30.000000  1    0.438229261253E-03                              
AS G14  2026 09 05 10 35 30.000000  1    0.749969856015E-03                              
AS G15  2026 09 05 10 35 30.000000  1    0.442233539801E-03                              
AS G17  2026 09 05 10 35 30.000000  1   -0.197399522173E-03                              
AS G18  2026 09 05 10 35 30.000000  1   -0.263538185495E-03                              
AS G19  2026 09 05 10 35 30.000000  1    0.704958184769E-03                              
AS G20  2026 09 05 10 35 30.000000  1    0.278472688057E-03                              
AS G21  2026 09 05 10 35 30.000000  1    0.369294813480E-03                              
AS G22  2026 09 05 10 35 30.000000  1    0.742571203802E-04                              
AS G24  2026 09 05 10 35 30.000000  1    0.193704340608E-03                              
AS G25  2026 09 05 10 35 30.000000  1    0.391480614018E-03                              
AS G26  2026 09 05 10 35 30.000000  1   -0.391817528989E-03                              
AS G28  2026 09 05 10 35 30.000000  1   -0.422684675447E-03                              
AS G29  2026 09 05 10 35 30.000000  1   -0.248915610079E-03                              
AS G30  2026 09 05 10 35 30.000000  1    0.353619224161E-03                              
AS G31  2026 09 05 10 35 30.000000  1   -0.122852922181E-03                              
AS G04  2026 09 05 10 36 00.000000  1    0.647359949049E-04                              
AS G05  2026 09 05 10 36 00.000000  1   -0.236545118443E-03                              
AS G06  2026 09 05 10 36 00.000000  1   -0.531807821385E-03                              
AS G07  2026 09 05 10 36 00.000000  1   -0.221888371243E-03                              
AS G09  2026 09 05 10 36 00.000000  1    0.685583878870E-03                              
AS G11  2026 09 05 10 36 00.000000  1   -0.219639228420E-03                              
AS G13  2026 09 05 10 36 00.000000  1    0.438229398827E-03                              
AS G14  2026 09 05 10 36 00.000000  1    0.749969849378E-03                              
AS G15  2026 09 05 10 36 00.000000  1    0.442233519355E-03                              
AS G17  2026 09 05 10 36 00.000000  1   -0.197399713040E-03                              
AS G18  2026 09 05 10 36 00.000000  1   -0.263537920693E-03                              
AS G19  2026 09 05 10 36 00.000000  1    0.704958196175E-03                              
AS G20  2026 09 05 10 36 00.000000  1    0.278472951246E-03                              
AS G21  2026 09 05 10 36 00.000000  1    0.369294570208E-03                              
AS G22  2026 09 05 10 36 00.000000  1    0.742574580077E-04                              
AS G24  2026 09 05 10 36 00.000000  1    0.193704856156E-03                              
AS G25  2026 09 05 10 36 00.000000  1    0.391480518974E-03                              
AS G26  2026 09 05 10 36 00.000000  1   -0.391817576236E-03                              
AS G28  2026 09 05 10 36 00.000000  1   -0.422684351761E-03                              
AS G29  2026 09 05 10 36 00.000000  1   -0.248915470108E-03                              
AS G30  2026 09 05 10 36 00.000000  1    0.353619600258E-03                              
AS G31  2026 09 05 10 36 00.000000  1   -0.122852918478E-03                              
AS G04  2026 09 05 10 36 30.000000  1    0.647360069078E-04                              
AS G05  2026 09 05 10 36 30.000000  1   -0.236544709520E-03                              
AS G06  2026 09 05 10 36 30.000000  1   -0.531807494499E-03                              
AS G07  2026 09 05 10 36 30.000000  1   -0.221888512501E-03                              
AS G09  2026 09 05 10 36 30.000000  1    0.685583619166E-03                              
AS G11  2026 09 05 10 36 30.000000  1   -0.219638862003E-03                              
AS G13  2026 09 05 10 36 30.000000  1    0.438229545206E-03                              
AS G14  2026 09 05 10 36 30.000000  1    0.749969845151E-03                              
AS G15  2026 09 05 10 36 30.000000  1    0.442233496283E-03                              
AS G17  2026 09 05 10 36 30.000000  1   -0.197399906064E-03                              
AS G18  2026 09 05 10 36 30.000000  1   -0.263537670088E-03                              
AS G19  2026 09 05 10 36 30.000000  1    0.704958115726E-03                              
AS G20  2026 09 05 10 36 30.000000  1    0.278473228369E-03                              
AS G21  2026 09 05 10 36 30.000000  1    0.369294336159E-03                              
AS G22  2026 09 05 10 36 30.000000  1    0.742576848493E-04                              
AS G24  2026 09 05 10 36 30.000000  1    0.193705384063E-03                              
AS G25  2026 09 05 10 36 30.000000  1    0.391480411301E-03                              
AS G26  2026 09 05 10 36 30.000000  1   -0.391817608038E-03                              
AS G28  2026 09 05 10 36 30.000000  1   -0.422684032742E-03                              
AS G29  2026 09 05 10 36 30.000000  1   -0.248915308482E-03                              
AS G30  2026 09 05 10 36 30.000000  1    0.353619969184E-03                              
AS G31  2026 09 05 10 36 30.000000  1   -0.122852899430E-03                              
AS G04  2026 09 05 10 37 00.000000  1    0.647360203995E-04                              
AS G05  2026 09 05 10 37 00.000000  1   -0.236544740177E-03                              
AS G06  2026 09 05 10 37 00.000000  1   -0.531807169256E-03                              
AS G07  2026 09 05 10 37 00.000000  1   -0.221888612609E-03                              
AS G09  2026 09 05 10 37 00.000000  1    0.685583361471E-03                              
AS G11  2026 09 05 10 37 00.000000  1   -0.219638494076E-03                              
AS G13  2026 09 05 10 37 00.000000  1    0.438229698381E-03                              
AS G14  2026 09 05 10 37 00.000000  1    0.749969841018E-03                              
AS G15  2026 09 05 10 37 00.000000  1    0.442233587345E-03                              
AS G17  2026 09 05 10 37 00.000000  1   -0.197400020086E-03                              
AS G18  2026 09 05 10 37 00.000000  1   -0.263537397683E-03                              
AS G19  2026 09 05 10 37 00.000000  1    0.704958069885E-03                              
AS G20  2026 09 05 10 37 00.000000  1    0.278473511542E-03                              
AS G21  2026 09 05 10 37 00.000000  1    0.369294089967E-03                              
AS G22  2026 09 05 10 37 00.000000  1    0.742578352596E-04                              
AS G24  2026 09 05 10 37 00.000000  1    0.193705948329E-03                              
AS G25  2026 09 05 10 37 00.000000  1    0.391480319320E-03                              
AS G26  2026 09 05 10 37 00.000000  1   -0.391817644664E-03                              
AS G28  2026 09 05 10 37 00.000000  1   -0.422683708631E-03                              
AS G29  2026 09 05 10 37 00.000000  1   -0.248915033584E-03                              
AS G30  2026 09 05 10 37 00.000000  1    0.353620338785E-03                              
AS G31  2026 09 05 10 37 00.000000  1   -0.122852776133E-03                              
AS G04  2026 09 05 10 37 30.000000  1    0.647360357232E-04                              
AS G05  2026 09 05 10 37 30.000000  1   -0.236544946732E-03                              
AS G06  2026 09 05 10 37 30.000000  1   -0.531806837606E-03                              
AS G07  2026 09 05 10 37 30.000000  1   -0.221888714124E-03                              
AS G09  2026 09 05 10 37 30.000000  1    0.685583107965E-03                              
AS G11  2026 09 05 10 37 30.000000  1   -0.219638143289E-03                              
AS G13  2026 09 05 10 37 30.000000  1    0.438229842816E-03                              
AS G14  2026 09 05 10 37 30.000000  1    0.749969848478E-03                              
AS G15  2026 09 05 10 37 30.000000  1    0.442233525192E-03                              
AS G17  2026 09 05 10 37 30.000000  1   -0.197400161189E-03                              
AS G18  2026 09 05 10 37 30.000000  1   -0.263537140694E-03                              
AS G19  2026 09 05 10 37 30.000000  1    0.704958031926E-03                              
AS G20  2026 09 05 10 37 30.000000  1    0.278473789808E-03                              
AS G21  2026 09 05 10 37 30.000000  1    0.369293848580E-03                              
AS G22  2026 09 05 10 37 30.000000  1    0.742581142486E-04                              
AS G24  2026 09 05 10 37 30.000000  1    0.193706473735E-03                              
AS G25  2026 09 05 10 37 30.000000  1    0.391480212534E-03                              
AS G26  2026 09 05 10 37 30.000000  1   -0.391817691535E-03                              
AS G28  2026 09 05 10 37 30.000000  1   -0.422683395503E-03                              
AS G29  2026 09 05 10 37 30.000000  1   -0.248914841429E-03                              
AS G30  2026 09 05 10 37 30.000000  1    0.353620710986E-03                              
AS G31  2026 09 05 10 37 30.000000  1   -0.122852778173E-03                              
AS G04  2026 09 05 10 38 00.000000  1    0.647360457761E-04                              
AS G05  2026 09 05 10 38 00.000000  1   -0.236545099961E-03                              
AS G06  2026 09 05 10 38 00.000000  1   -0.531806508347E-03                              
AS G07  2026 09 05 10 38 00.000000  1   -0.221888754834E-03                              
AS G09  2026 09 05 10 38 00.000000  1    0.685582843786E-03                              
AS G11  2026 09 05 10 38 00.000000  1   -0.219637788256E-03                              
AS G13  2026 09 05 10 38 00.000000  1    0.438229998581E-03                              
AS G14  2026 09 05 10 38 00.000000  1    0.749969853811E-03                              
AS G15  2026 09 05 10 38 00.000000  1    0.442233607977E-03                              
AS G17  2026 09 05 10 38 00.000000  1   -0.197400152436E-03                              
AS G18  2026 09 05 10 38 00.000000  1   -0.263536867783E-03                              
AS G19  2026 09 05 10 38 00.000000  1    0.704958058315E-03                              
AS G20  2026 09 05 10 38 00.000000  1    0.278474068577E-03                              
AS G21  2026 09 05 10 38 00.000000  1    0.369293614033E-03                              
AS G22  2026 09 05 10 38 00.000000  1    0.742584781960E-04                              
AS G24  2026 09 05 10 38 00.000000  1    0.193706996841E-03                              
AS G25  2026 09 05 10 38 00.000000  1    0.391480108901E-03                              
AS G26  2026 09 05 10 38 00.000000  1   -0.391817717345E-03                              
AS G28  2026 09 05 10 38 00.000000  1   -0.422683091869E-03                              
AS G29  2026 09 05 10 38 00.000000  1   -0.248914639096E-03                              
AS G30  2026 09 05 10 38 00.000000  1    0.353621082969E-03                              
AS G31  2026 09 05 10 38 00.000000  1   -0.122852691819E-03                              
AS G04  2026 09 05 10 38 30.000000  1    0.647360494284E-04                              
AS G05  2026 09 05 10 38 30.000000  1   -0.236544910584E-03                              
AS G06  2026 09 05 10 38 30.000000  1   -0.531806178158E-03                              
AS G07  2026 09 05 10 38 30.000000  1   -0.221888818884E-03                              
AS G09  2026 09 05 10 38 30.000000  1    0.685582583032E-03                              
AS G11  2026 09 05 10 38 30.000000  1   -0.219637427355E-03                              
AS G13  2026 09 05 10 38 30.000000  1    0.438230147259E-03                              
AS G14  2026 09 05 10 38 30.000000  1    0.749969836886E-03                              
AS G15  2026 09 05 10 38 30.000000  1    0.442233645181E-03                              
AS G17  2026 09 05 10 38 30.000000  1   -0.197400194858E-03                              
AS G18  2026 09 05 10 38 30.000000  1   -0.263536614051E-03                              
AS G19  2026 09 05 10 38 30.000000  1    0.704958138743E-03                              
AS G20  2026 09 05 10 38 30.000000  1    0.278474346547E-03                              
AS G21  2026 09 05 10 38 30.000000  1    0.369293378327E-03                              
AS G22  2026 09 05 10 38 30.000000  1    0.742587266504E-04                              
AS G24  2026 09 05 10 38 30.000000  1    0.193707510607E-03                              
AS G25  2026 09 05 10 38 30.000000  1    0.391480002933E-03                              
AS G26  2026 09 05 10 38 30.000000  1   -0.391817760225E-03                              
AS G28  2026 09 05 10 38 30.000000  1   -0.422682770139E-03                              
AS G29  2026 09 05 10 38 30.000000  1   -0.248914509332E-03                              
AS G30  2026 09 05 10 38 30.000000  1    0.353621455189E-03                              
AS G31  2026 09 05 10 38 30.000000  1   -0.122852694993E-03                              
AS G04  2026 09 05 10 39 00.000000  1    0.647360667546E-04                              
AS G05  2026 09 05 10 39 00.000000  1   -0.236544968518E-03                              
AS G06  2026 09 05 10 39 00.000000  1   -0.531805851179E-03                              
AS G07  2026 09 05 10 39 00.000000  1   -0.221888920845E-03                              
AS G09  2026 09 05 10 39 00.000000  1    0.685582327149E-03                              
AS G11  2026 09 05 10 39 00.000000  1   -0.219637072050E-03                              
AS G13  2026 09 05 10 39 00.000000  1    0.438230300971E-03                              
AS G14  2026 09 05 10 39 00.000000  1    0.749969789351E-03                              
AS G15  2026 09 05 10 39 00.000000  1    0.442233747121E-03                              
AS G17  2026 09 05 10 39 00.000000  1   -0.197400403882E-03                              
AS G18  2026 09 05 10 39 00.000000  1   -0.263536337589E-03                              
AS G19  2026 09 05 10 39 00.000000  1    0.704958167220E-03                              
AS G20  2026 09 05 10 39 00.000000  1    0.278474621483E-03                              
AS G21  2026 09 05 10 39 00.000000  1    0.369293140841E-03                              
AS G22  2026 09 05 10 39 00.000000  1    0.742590151648E-04                              
AS G24  2026 09 05 10 39 00.000000  1    0.193708025621E-03                              
AS G25  2026 09 05 10 39 00.000000  1    0.391479901551E-03                              
AS G26  2026 09 05 10 39 00.000000  1   -0.391817806543E-03                              
AS G28  2026 09 05 10 39 00.000000  1   -0.422682440881E-03                              
AS G29  2026 09 05 10 39 00.000000  1   -0.248914139092E-03                              
AS G30  2026 09 05 10 39 00.000000  1    0.353621818853E-03                              
AS G31  2026 09 05 10 39 00.000000  1   -0.122852506504E-03                              
AS G04  2026 09 05 10 39 30.000000  1    0.647360816786E-04                              
AS G05  2026 09 05 10 39 30.000000  1   -0.236545059392E-03                              
AS G06  2026 09 05 10 39 30.000000  1   -0.531805518508E-03                              
AS G07  2026 09 05 10 39 30.000000  1   -0.221889093328E-03                              
AS G09  2026 09 05 10 39 30.000000  1    0.685582055281E-03                              
AS G11  2026 09 05 10 39 30.000000  1   -0.219636713604E-03                              
AS G13  2026 09 05 10 39 30.000000  1    0.438230453358E-03                              
AS G14  2026 09 05 10 39 30.000000  1    0.749969763597E-03                              
AS G15  2026 09 05 10 39 30.000000  1    0.442233870748E-03                              
AS G17  2026 09 05 10 39 30.000000  1   -0.197400699977E-03                              
AS G18  2026 09 05 10 39 30.000000  1   -0.263536063859E-03                              
AS G19  2026 09 05 10 39 30.000000  1    0.704958151452E-03                              
AS G20  2026 09 05 10 39 30.000000  1    0.278474884790E-03                              
AS G21  2026 09 05 10 39 30.000000  1    0.369292903053E-03                              
AS G22  2026 09 05 10 39 30.000000  1    0.742592574894E-04                              
AS G24  2026 09 05 10 39 30.000000  1    0.193708549870E-03                              
AS G25  2026 09 05 10 39 30.000000  1    0.391479790436E-03                              
AS G26  2026 09 05 10 39 30.000000  1   -0.391817841099E-03                              
AS G28  2026 09 05 10 39 30.000000  1   -0.422682130699E-03                              
AS G29  2026 09 05 10 39 30.000000  1   -0.248913853464E-03                              
AS G30  2026 09 05 10 39 30.000000  1    0.353622190091E-03                              
AS G31  2026 09 05 10 39 30.000000  1   -0.122852218316E-03                              
AS G04  2026 09 05 10 40 00.000000  2    0.647360883924E-04  0.116447346435E-10          
AS G05  2026 09 05 10 40 00.000000  2   -0.236545164088E-03  0.116897146760E-10          
AS G06  2026 09 05 10 40 00.000000  2   -0.531805183757E-03  0.116048396772E-10          
AS G07  2026 09 05 10 40 00.000000  2   -0.221889300289E-03  0.116063462505E-10          
AS G09  2026 09 05 10 40 00.000000  2    0.685581787127E-03  0.115844860564E-10          
AS G11  2026 09 05 10 40 00.000000  2   -0.219636348907E-03  0.116022834899E-10          
AS G13  2026 09 05 10 40 00.000000  2    0.438230600428E-03  0.119311125404E-10          
AS G14  2026 09 05 10 40 00.000000  2    0.749969761058E-03  0.118500524724E-10          
AS G15  2026 09 05 10 40 00.000000  2    0.442233957513E-03  0.119234861051E-10          
AS G17  2026 09 05 10 40 00.000000  2   -0.197400880645E-03  0.117990958293E-10          
AS G18  2026 09 05 10 40 00.000000  2   -0.263535796279E-03  0.117907681858E-10          
AS G19  2026 09 05 10 40 00.000000  2    0.704958202969E-03  0.117645722450E-10          
AS G20  2026 09 05 10 40 00.000000  2    0.278475160196E-03  0.117391474258E-10          
AS G21  2026 09 05 10 40 00.000000  2    0.369292672614E-03  0.116218928418E-10          
AS G22  2026 09 05 10 40 00.000000  2    0.742595746210E-04  0.118436560537E-10          
AS G24  2026 09 05 10 40 00.000000  2    0.193709067354E-03  0.121086997275E-10          
AS G25  2026 09 05 10 40 00.000000  2    0.391479694318E-03  0.117372616166E-10          
AS G26  2026 09 05 10 40 00.000000  2   -0.391817884855E-03  0.118487437019E-10          
AS G28  2026 09 05 10 40 00.000000  2   -0.422681791911E-03  0.118387635944E-10          
AS G29  2026 09 05 10 40 00.000000  2   -0.248913685224E-03  0.116777052309E-10          
AS G30  2026 09 05 10 40 00.000000  2    0.353622553522E-03  0.117380784371E-10          
AS G31  2026 09 05 10 40 00.000000  2   -0.122852144777E-03  0.119793605276E-10          
AS G04  2026 09 05 10 40 30.000000  1    0.647360924791E-04                              
AS G05  2026 09 05 10 40 30.000000  1   -0.236545005494E-03                              
AS G06  2026 09 05 10 40 30.000000  1   -0.531804852794E-03                              
AS G07  2026 09 05 10 40 30.000000  1   -0.221889421724E-03                              
AS G09  2026 09 05 10 40 30.000000  1    0.685581519071E-03                              
AS G11  2026 09 05 10 40 30.000000  1   -0.219635993737E-03                              
AS G13  2026 09 05 10 40 30.000000  1    0.438230746310E-03                              
AS G14  2026 09 05 10 40 30.000000  1    0.749969755017E-03                              
AS G15  2026 09 05 10 40 30.000000  1    0.442233969302E-03                              
AS G17  2026 09 05 10 40 30.000000  1   -0.197401065733E-03                              
AS G18  2026 09 05 10 40 30.000000  1   -0.263535530469E-03                              
AS G19  2026 09 05 10 40 30.000000  1    0.704958184651E-03                              
AS G20  2026 09 05 10 40 30.000000  1    0.278475430816E-03                              
AS G21  2026 09 05 10 40 30.000000  1    0.369292437921E-03                              
AS G22  2026 09 05 10 40 30.000000  1    0.742598570871E-04                              
AS G24  2026 09 05 10 40 30.000000  1    0.193709570382E-03                              
AS G25  2026 09 05 10 40 30.000000  1    0.391479590451E-03                              
AS G26  2026 09 05 10 40 30.000000  1   -0.391817918616E-03                              
AS G28  2026 09 05 10 40 30.000000  1   -0.422681483835E-03                              
AS G29  2026 09 05 10 40 30.000000  1   -0.248913492680E-03                              
AS G30  2026 09 05 10 40 30.000000  1    0.353622924675E-03                              
AS G31  2026 09 05 10 40 30.000000  1   -0.122852071653E-03                              
AS G04  2026 09 05 10 41 00.000000  1    0.647360987599E-04                              
AS G05  2026 09 05 10 41 00.000000  1   -0.236545073676E-03                              
AS G06  2026 09 05 10 41 00.000000  1   -0.531804529032E-03                              
AS G07  2026 09 05 10 41 00.000000  1   -0.221889530134E-03                              
AS G09  2026 09 05 10 41 00.000000  1    0.685581266064E-03                              
AS G11  2026 09 05 10 41 00.000000  1   -0.219635637631E-03                              
AS G13  2026 09 05 10 41 00.000000  1    0.438230899077E-03                              
AS G14  2026 09 05 10 41 00.000000  1    0.749969748016E-03                              
AS G15  2026 09 05 10 41 00.000000  1    0.442234073034E-03                              
AS G17  2026 09 05 10 41 00.000000  1   -0.197401184245E-03                              
AS G18  2026 09 05 10 41 00.000000  1   -0.263535264436E-03                              
AS G19  2026 09 05 10 41 00.000000  1    0.704958078186E-03                              
AS G20  2026 09 05 10 41 00.000000  1    0.278475698950E-03                              
AS G21  2026 09 05 10 41 00.000000  1    0.369292197701E-03                              
AS G22  2026 09 05 10 41 00.000000  1    0.742601221947E-04                              
AS G24  2026 09 05 10 41 00.000000  1    0.193710084201E-03                              
AS G25  2026 09 05 10 41 00.000000  1    0.391479487854E-03                              
AS G26  2026 09 05 10 41 00.000000  1   -0.391817965633E-03                              
AS G28  2026 09 05 10 41 00.000000  1   -0.422681157937E-03                              
AS G29  2026 09 05 10 41 00.000000  1   -0.248913304092E-03                              
AS G30  2026 09 05 10 41 00.000000  1    0.353623289962E-03                              
AS G31  2026 09 05 10 41 00.000000  1   -0.122851969936E-03                              
AS G04  2026 09 05 10 41 30.000000  1    0.647360969326E-04                              
AS G05  2026 09 05 10 41 30.000000  1   -0.236545087358E-03                              
AS G06  2026 09 05 10 41 30.000000  1   -0.531804201928E-03                              
AS G07  2026 09 05 10 41 30.000000  1   -0.221889568420E-03                              
AS G09  2026 09 05 10 41 30.000000  1    0.685580989469E-03                              
AS G11  2026 09 05 10 41 30.000000  1   -0.219635279975E-03                              
AS G13  2026 09 05 10 41 30.000000  1    0.438231051929E-03                              
AS G14  2026 09 05 10 41 30.000000  1    0.749969738742E-03                              
AS G15  2026 09 05 10 41 30.000000  1    0.442234294259E-03                              
AS G17  2026 09 05 10 41 30.000000  1   -0.197401202711E-03                              
AS G18  2026 09 05 10 41 30.000000  1   -0.263535009751E-03                              
AS G19  2026 09 05 10 41 30.000000  1    0.704958026979E-03                              
AS G20  2026 09 05 10 41 30.000000  1    0.278475968919E-03                              
AS G21  2026 09 05 10 41 30.000000  1    0.369291968312E-03                              
AS G22  2026 09 05 10 41 30.000000  1    0.742603234209E-04                              
AS G24  2026 09 05 10 41 30.000000  1    0.193710596722E-03                              
AS G25  2026 09 05 10 41 30.000000  1    0.391479374951E-03                              
AS G26  2026 09 05 10 41 30.000000  1   -0.391818003399E-03                              
AS G28  2026 09 05 10 41 30.000000  1   -0.422680836567E-03                              
AS G29  2026 09 05 10 41 30.000000  1   -0.248912974397E-03                              
AS G30  2026 09 05 10 41 30.000000  1    0.353623658216E-03                              
AS G31  2026 09 05 10 41 30.000000  1   -0.122851812436E-03                              
AS G04  2026 09 05 10 42 00.000000  1    0.647361080233E-04                              
AS G05  2026 09 05 10 42 00.000000  1   -0.236545110501E-03                              
AS G06  2026 09 05 10 42 00.000000  1   -0.531803870711E-03                              
AS G07  2026 09 05 10 42 00.000000  1   -0.221889636759E-03                              
AS G09  2026 09 05 10 42 00.000000  1    0.685580724128E-03                              
AS G11  2026 09 05 10 42 00.000000  1   -0.219634919370E-03                              
AS G13  2026 09 05 10 42 00.000000  1    0.438231193922E-03                              
AS G14  2026 09 05 10 42 00.000000  1    0.749969717866E-03                              
AS G15  2026 09 05 10 42 00.000000  1    0.442234444988E-03                              
AS G17  2026 09 05 10 42 00.000000  1   -0.197401308555E-03                              
AS G18  2026 09 05 10 42 00.000000  1   -0.263534750976E-03                              
AS G19  2026 09 05 10 42 00.000000  1    0.704958068103E-03                              
AS G20  2026 09 05 10 42 00.000000  1    0.278476240094E-03                              
AS G21  2026 09 05 10 42 00.000000  1    0.369291730118E-03                              
AS G22  2026 09 05 10 42 00.000000  1    0.742606116086E-04                              
AS G24  2026 09 05 10 42 00.000000  1    0.193711104436E-03                              
AS G25  2026 09 05 10 42 00.000000  1    0.391479272308E-03                              
AS G26  2026 09 05 10 42 00.000000  1   -0.391818036111E-03                              
AS G28  2026 09 05 10 42 00.000000  1   -0.422680515213E-03                              
AS G29  2026 09 05 10 42 00.000000  1   -0.248912895601E-03                              
AS G30  2026 09 05 10 42 00.000000  1    0.353624028379E-03                              
AS G31  2026 09 05 10 42 00.000000  1   -0.122851736175E-03                              
AS G04  2026 09 05 10 42 30.000000  1    0.647361276098E-04                              
AS G05  2026 09 05 10 42 30.000000  1   -0.236545017686E-03                              
AS G06  2026 09 05 10 42 30.000000  1   -0.531803552179E-03                              
AS G07  2026 09 05 10 42 30.000000  1   -0.221889780562E-03                              
AS G09  2026 09 05 10 42 30.000000  1    0.685580460433E-03                              
AS G11  2026 09 05 10 42 30.000000  1   -0.219634563039E-03                              
AS G13  2026 09 05 10 42 30.000000  1    0.438231348740E-03                              
AS G14  2026 09 05 10 42 30.000000  1    0.749969709121E-03                              
AS G15  2026 09 05 10 42 30.000000  1    0.442234689929E-03                              
AS G17  2026 09 05 10 42 30.000000  1   -0.197401452155E-03                              
AS G18  2026 09 05 10 42 30.000000  1   -0.263534489122E-03                              
AS G19  2026 09 05 10 42 30.000000  1    0.704958042939E-03                              
AS G20  2026 09 05 10 42 30.000000  1    0.278476504185E-03                              
AS G21  2026 09 05 10 42 30.000000  1    0.369291492178E-03                              
AS G22  2026 09 05 10 42 30.000000  1    0.742607864712E-04                              
AS G24  2026 09 05 10 42 30.000000  1    0.193711626428E-03                              
AS G25  2026 09 05 10 42 30.000000  1    0.391479174294E-03                              
AS G26  2026 09 05 10 42 30.000000  1   -0.391818071177E-03                              
AS G28  2026 09 05 10 42 30.000000  1   -0.422680205668E-03                              
AS G29  2026 09 05 10 42 30.000000  1   -0.248912756887E-03                              
AS G30  2026 09 05 10 42 30.000000  1    0.353624395446E-03                              
AS G31  2026 09 05 10 42 30.000000  1   -0.122851724734E-03                              
AS G04  2026 09 05 10 43 00.000000  1    0.647361330884E-04                              
AS G05  2026 09 05 10 43 00.000000  1   -0.236545088381E-03                              
AS G06  2026 09 05 10 43 00.000000  1   -0.531803219512E-03                              
AS G07  2026 09 05 10 43 00.000000  1   -0.221889907409E-03                              
AS G09  2026 09 05 10 43 00.000000  1    0.685580192326E-03                              
AS G11  2026 09 05 10 43 00.000000  1   -0.219634208793E-03                              
AS G13  2026 09 05 10 43 00.000000  1    0.438231495026E-03                              
AS G14  2026 09 05 10 43 00.000000  1    0.749969705545E-03                              
AS G15  2026 09 05 10 43 00.000000  1    0.442234737374E-03                              
AS G17  2026 09 05 10 43 00.000000  1   -0.197401596444E-03                              
AS G18  2026 09 05 10 43 00.000000  1   -0.263534231400E-03                              
AS G19  2026 09 05 10 43 00.000000  1    0.704958009198E-03                              
AS G20  2026 09 05 10 43 00.000000  1    0.278476776677E-03                              
AS G21  2026 09 05 10 43 00.000000  1    0.369291253949E-03                              
AS G22  2026 09 05 10 43 00.000000  1    0.742610204865E-04                              
AS G24  2026 09 05 10 43 00.000000  1    0.193712134086E-03                              
AS G25  2026 09 05 10 43 00.000000  1    0.391479056021E-03                              
AS G26  2026 09 05 10 43 00.000000  1   -0.391818112370E-03                              
AS G28  2026 09 05 10 43 00.000000  1   -0.422679887206E-03                              
AS G29  2026 09 05 10 43 00.000000  1   -0.248912612455E-03                              
AS G30  2026 09 05 10 43 00.000000  1    0.353624775204E-03                              
AS G31  2026 09 05 10 43 00.000000  1   -0.122851697433E-03                              
AS G04  2026 09 05 10 43 30.000000  1    0.647361342202E-04                              
AS G05  2026 09 05 10 43 30.000000  1   -0.236545102959E-03                              
AS G06  2026 09 05 10 43 30.000000  1   -0.531802902807E-03                              
AS G07  2026 09 05 10 43 30.000000  1   -0.221890021203E-03                              
AS G09  2026 09 05 10 43 30.000000  1    0.685579935150E-03                              
AS G11  2026 09 05 10 43 30.000000  1   -0.219633842455E-03                              
AS G13  2026 09 05 10 43 30.000000  1    0.438231642780E-03                              
AS G14  2026 09 05 10 43 30.000000  1    0.749969700457E-03                              
AS G15  2026 09 05 10 43 30.000000  1    0.442234781499E-03                              
AS G17  2026 09 05 10 43 30.000000  1   -0.197401774277E-03                              
AS G18  2026 09 05 10 43 30.000000  1   -0.263533959509E-03                              
AS G19  2026 09 05 10 43 30.000000  1    0.704958121254E-03                              
AS G20  2026 09 05 10 43 30.000000  1    0.278477044576E-03                              
AS G21  2026 09 05 10 43 30.000000  1    0.369291005631E-03                              
AS G22  2026 09 05 10 43 30.000000  1    0.742613156064E-04                              
AS G24  2026 09 05 10 43 30.000000  1    0.193712638521E-03                              
AS G25  2026 09 05 10 43 30.000000  1    0.391478964958E-03                              
AS G26  2026 09 05 10 43 30.000000  1   -0.391818142017E-03                              
AS G28  2026 09 05 10 43 30.000000  1   -0.422679555388E-03                              
AS G29  2026 09 05 10 43 30.000000  1   -0.248912200538E-03                              
AS G30  2026 09 05 10 43 30.000000  1    0.353625133894E-03                              
AS G31  2026 09 05 10 43 30.000000  1   -0.122851667051E-03                              
AS G04  2026 09 05 10 44 00.000000  1    0.647361392389E-04                              
AS G05  2026 09 05 10 44 00.000000  1   -0.236545168286E-03                              
AS G06  2026 09 05 10 44 00.000000  1   -0.531802560180E-03                              
AS G07  2026 09 05 10 44 00.000000  1   -0.221890093068E-03                              
AS G09  2026 09 05 10 44 00.000000  1    0.685579676415E-03                              
AS G11  2026 09 05 10 44 00.000000  1   -0.219633473370E-03                              
AS G13  2026 09 05 10 44 00.000000  1    0.438231788818E-03                              
AS G14  2026 09 05 10 44 00.000000  1    0.749969691951E-03                              
AS G15  2026 09 05 10 44 00.000000  1    0.442234996513E-03                              
AS G17  2026 09 05 10 44 00.000000  1   -0.197401964316E-03                              
AS G18  2026 09 05 10 44 00.000000  1   -0.263533697897E-03                              
AS G19  2026 09 05 10 44 00.000000  1    0.704958116020E-03                              
AS G20  2026 09 05 10 44 00.000000  1    0.278477326340E-03                              
AS G21  2026 09 05 10 44 00.000000  1    0.369290772236E-03                              
AS G22  2026 09 05 10 44 00.000000  1    0.742616679307E-04                              
AS G24  2026 09 05 10 44 00.000000  1    0.193713164069E-03                              
AS G25  2026 09 05 10 44 00.000000  1    0.391478869244E-03                              
AS G26  2026 09 05 10 44 00.000000  1   -0.391818180987E-03                              
AS G28  2026 09 05 10 44 00.000000  1   -0.422679298395E-03                              
AS G29  2026 09 05 10 44 00.000000  1   -0.248911955060E-03                              
AS G30  2026 09 05 10 44 00.000000  1    0.353625509658E-03                              
AS G31  2026 09 05 10 44 00.000000  1   -0.122851499453E-03                              
AS G04  2026 09 05 10 44 30.000000  1    0.647361581702E-04                              
AS G05  2026 09 05 10 44 30.000000  1   -0.236545198702E-03                              
AS G06  2026 09 05 10 44 30.000000  1   -0.531802242096E-03                              
AS G07  2026 09 05 10 44 30.000000  1   -0.221890234664E-03                              
AS G09  2026 09 05 10 44 30.000000  1    0.685579398380E-03                              
AS G11  2026 09 05 10 44 30.000000  1   -0.219633121314E-03                              
AS G13  2026 09 05 10 44 30.000000  1    0.438231938765E-03                              
AS G14  2026 09 05 10 44 30.000000  1    0.749969684960E-03                              
AS G15  2026 09 05 10 44 30.000000  1    0.442234948914E-03                              
AS G17  2026 09 05 10 44 30.000000  1   -0.197402170896E-03                              
AS G18  2026 09 05 10 44 30.000000  1   -0.263533430897E-03                              
AS G19  2026 09 05 10 44 30.000000  1    0.704958059264E-03                              
AS G20  2026 09 05 10 44 30.000000  1    0.278477601002E-03                              
AS G21  2026 09 05 10 44 30.000000  1    0.369290536131E-03                              
AS G22  2026 09 05 10 44 30.000000  1    0.742619177578E-04                              
AS G24  2026 09 05 10 44 30.000000  1    0.193713683637E-03                              
AS G25  2026 09 05 10 44 30.000000  1    0.391478757674E-03                              
AS G26  2026 09 05 10 44 30.000000  1   -0.391818230854E-03                              
AS G28  2026 09 05 10 44 30.000000  1   -0.422678987075E-03                              
AS G29  2026 09 05 10 44 30.000000  1   -0.248911714674E-03                              
AS G30  2026 09 05 10 44 30.000000  1    0.353625866577E-03                              
AS G31  2026 09 05 10 44 30.000000  1   -0.122851432723E-03                              
AS G04  2026 09 05 10 45 00.000000  2    0.647361679734E-04  0.105590784287E-10          
AS G05  2026 09 05 10 45 00.000000  2   -0.236545038385E-03  0.105938880928E-10          
AS G06  2026 09 05 10 45 00.000000  2   -0.531801914249E-03  0.105130369712E-10          
AS G07  2026 09 05 10 45 00.000000  2   -0.221890396837E-03  0.105085330398E-10          
AS G09  2026 09 05 10 45 00.000000  2    0.685579127749E-03  0.104886053398E-10          
AS G11  2026 09 05 10 45 00.000000  2   -0.219632761525E-03  0.105056832864E-10          
AS G13  2026 09 05 10 45 00.000000  2    0.438232085051E-03  0.108740443392E-10          
AS G14  2026 09 05 10 45 00.000000  2    0.749969676094E-03  0.107603111400E-10          
AS G15  2026 09 05 10 45 00.000000  2    0.442234972567E-03  0.108236511848E-10          
AS G17  2026 09 05 10 45 00.000000  2   -0.197402336575E-03  0.107235540712E-10          
AS G18  2026 09 05 10 45 00.000000  2   -0.263533169656E-03  0.107082150396E-10          
AS G19  2026 09 05 10 45 00.000000  2    0.704957967227E-03  0.106829009284E-10          
AS G20  2026 09 05 10 45 00.000000  2    0.278477876844E-03  0.106521917355E-10          
AS G21  2026 09 05 10 45 00.000000  2    0.369290283851E-03  0.105197505415E-10          
AS G22  2026 09 05 10 45 00.000000  2    0.742621752398E-04  0.107689926925E-10          
AS G24  2026 09 05 10 45 00.000000  2    0.193714209109E-03  0.110116220911E-10          
AS G25  2026 09 05 10 45 00.000000  2    0.391478643671E-03  0.106614419082E-10          
AS G26  2026 09 05 10 45 00.000000  2   -0.391818280407E-03  0.107780237072E-10          
AS G28  2026 09 05 10 45 00.000000  2   -0.422678658282E-03  0.107465241646E-10          
AS G29  2026 09 05 10 45 00.000000  2   -0.248911524329E-03  0.105835808447E-10          
AS G30  2026 09 05 10 45 00.000000  2    0.353626245181E-03  0.106335418973E-10          
AS G31  2026 09 05 10 45 00.000000  2   -0.122851417536E-03  0.109012688318E-10          
AS G04  2026 09 05 10 45 30.000000  1    0.647361783044E-04                              
AS G05  2026 09 05 10 45 30.000000  1   -0.236544889426E-03                              
AS G06  2026 09 05 10 45 30.000000  1   -0.531801588515E-03                              
AS G07  2026 09 05 10 45 30.000000  1   -0.221890515258E-03                              
AS G09  2026 09 05 10 45 30.000000  1    0.685578862010E-03                              
AS G11  2026 09 05 10 45 30.000000  1   -0.219632391977E-03                              
AS G13  2026 09 05 10 45 30.000000  1    0.438232240461E-03                              
AS G14  2026 09 05 10 45 30.000000  1    0.749969664068E-03                              
AS G15  2026 09 05 10 45 30.000000  1    0.442235000006E-03                              
AS G17  2026 09 05 10 45 30.000000  1   -0.197402536952E-03                              
AS G18  2026 09 05 10 45 30.000000  1   -0.263532893395E-03                              
AS G19  2026 09 05 10 45 30.000000  1    0.704957950472E-03                              
AS G20  2026 09 05 10 45 30.000000  1    0.278478142533E-03                              
AS G21  2026 09 05 10 45 30.000000  1    0.369290047163E-03                              
AS G22  2026 09 05 10 45 30.000000  1    0.742624748834E-04                              
AS G24  2026 09 05 10 45 30.000000  1    0.193714719905E-03                              
AS G25  2026 09 05 10 45 30.000000  1    0.391478542087E-03                              
AS G26  2026 09 05 10 45 30.000000  1   -0.391818306659E-03                              
AS G28  2026 09 05 10 45 30.000000  1   -0.422678330230E-03                              
AS G29  2026 09 05 10 45 30.000000  1   -0.248911239347E-03                              
AS G30  2026 09 05 10 45 30.000000  1    0.353626622139E-03                              
AS G31  2026 09 05 10 45 30.000000  1   -0.122851302168E-03                              
AS G04  2026 09 05 10 46 00.000000  1    0.647361866232E-04                              
AS G05  2026 09 05 10 46 00.000000  1   -0.236544922769E-03                              
AS G06  2026 09 05 10 46 00.000000  1   -0.531801251357E-03                              
AS G07  2026 09 05 10 46 00.000000  1   -0.221890632139E-03                              
AS G09  2026 09 05 10 46 00.000000  1    0.685578603118E-03                              
AS G11  2026 09 05 10 46 00.000000  1   -0.219632030305E-03                              
AS G13  2026 09 05 10 46 00.000000  1    0.438232386567E-03                              
AS G14  2026 09 05 10 46 00.000000  1    0.749969657918E-03                              
AS G15  2026 09 05 10 46 00.000000  1    0.442235137768E-03                              
AS G17  2026 09 05 10 46 00.000000  1   -0.197402707863E-03                              
AS G18  2026 09 05 10 46 00.000000  1   -0.263532638644E-03                              
AS G19  2026 09 05 10 46 00.000000  1    0.704957913245E-03                              
AS G20  2026 09 05 10 46 00.000000  1    0.278478399333E-03                              
AS G21  2026 09 05 10 46 00.000000  1    0.369289805037E-03                              
AS G22  2026 09 05 10 46 00.000000  1    0.742627028763E-04                              
AS G24  2026 09 05 10 46 00.000000  1    0.193715242764E-03                              
AS G25  2026 09 05 10 46 00.000000  1    0.391478447369E-03                              
AS G26  2026 09 05 10 46 00.000000  1   -0.391818331331E-03                              
AS G28  2026 09 05 10 46 00.000000  1   -0.422678017279E-03                              
AS G29  2026 09 05 10 46 00.000000  1   -0.248910952730E-03                              
AS G30  2026 09 05 10 46 00.000000  1    0.353626991972E-03                              
AS G31  2026 09 05 10 46 00.000000  1   -0.122851176070E-03                              
AS G04  2026 09 05 10 46 30.000000  1    0.647361997577E-04                              
AS G05  2026 09 05 10 46 30.000000  1   -0.236545093253E-03                              
AS G06  2026 09 05 10 46 30.000000  1   -0.531800923939E-03                              
AS G07  2026 09 05 10 46 30.000000  1   -0.221890723688E-03                              
AS G09  2026 09 05 10 46 30.000000  1    0.685578338972E-03                              
AS G11  2026 09 05 10 46 30.000000  1   -0.219631668432E-03                              
AS G13  2026 09 05 10 46 30.000000  1    0.438232532903E-03                              
AS G14  2026 09 05 10 46 30.000000  1    0.749969641630E-03                              
AS G15  2026 09 05 10 46 30.000000  1    0.442235246652E-03                              
AS G17  2026 09 05 10 46 30.000000  1   -0.197402897748E-03                              
AS G18  2026 09 05 10 46 30.000000  1   -0.263532370476E-03                              
AS G19  2026 09 05 10 46 30.000000  1    0.704958002737E-03                              
AS G20  2026 09 05 10 46 30.000000  1    0.278478683829E-03                              
AS G21  2026 09 05 10 46 30.000000  1    0.369289577899E-03                              
AS G22  2026 09 05 10 46 30.000000  1    0.742631294187E-04                              
AS G24  2026 09 05 10 46 30.000000  1    0.193715771859E-03                              
AS G25  2026 09 05 10 46 30.000000  1    0.391478345315E-03                              
AS G26  2026 09 05 10 46 30.000000  1   -0.391818369505E-03                              
AS G28  2026 09 05 10 46 30.000000  1   -0.422677688146E-03                              
AS G29  2026 09 05 10 46 30.000000  1   -0.248910693227E-03                              
AS G30  2026 09 05 10 46 30.000000  1    0.353627355913E-03                              
AS G31  2026 09 05 10 46 30.000000  1   -0.122851047234E-03                              
AS G04  2026 09 05 10 47 00.000000  1    0.647362002913E-04                              
AS G05  2026 09 05 10 47 00.000000  1   -0.236545194188E-03                              
AS G06  2026 09 05 10 47 00.000000  1   -0.531800605711E-03                              
AS G07  2026 09 05 10 47 00.000000  1   -0.221890833213E-03                              
AS G09  2026 09 05 10 47 00.000000  1    0.685578075218E-03                              
AS G11  2026 09 05 10 47 00.000000  1   -0.219631313939E-03                              
AS G13  2026 09 05 10 47 00.000000  1    0.438232687947E-03                              
AS G14  2026 09 05 10 47 00.000000  1    0.749969631108E-03                              
AS G15  2026 09 05 10 47 00.000000  1    0.442235238815E-03                              
AS G17  2026 09 05 10 47 00.000000  1   -0.197403028837E-03                              
AS G18  2026 09 05 10 47 00.000000  1   -0.263532100802E-03                              
AS G19  2026 09 05 10 47 00.000000  1    0.704958068147E-03                              
AS G20  2026 09 05 10 47 00.000000  1    0.278478945966E-03                              
AS G21  2026 09 05 10 47 00.000000  1    0.369289334506E-03                              
AS G22  2026 09 05 10 47 00.000000  1    0.742633443101E-04                              
AS G24  2026 09 05 10 47 00.000000  1    0.193716270809E-03                              
AS G25  2026 09 05 10 47 00.000000  1    0.391478233508E-03                              
AS G26  2026 09 05 10 47 00.000000  1   -0.391818414704E-03                              
AS G28  2026 09 05 10 47 00.000000  1   -0.422677370356E-03                              
AS G29  2026 09 05 10 47 00.000000  1   -0.248910502395E-03                              
AS G30  2026 09 05 10 47 00.000000  1    0.353627727511E-03                              
AS G31  2026 09 05 10 47 00.000000  1   -0.122850962705E-03                              
AS G04  2026 09 05 10 47 30.000000  1    0.647362076202E-04                              
AS G05  2026 09 05 10 47 30.000000  1   -0.236544878899E-03                              
AS G06  2026 09 05 10 47 30.000000  1   -0.531800274336E-03                              
AS G07  2026 09 05 10 47 30.000000  1   -0.221890884544E-03                              
AS G09  2026 09 05 10 47 30.000000  1    0.685577817286E-03                              
AS G11  2026 09 05 10 47 30.000000  1   -0.219630950179E-03                              
AS G13  2026 09 05 10 47 30.000000  1    0.438232829256E-03                              
AS G14  2026 09 05 10 47 30.000000  1    0.749969620103E-03                              
AS G15  2026 09 05 10 47 30.000000  1    0.442235360049E-03                              
AS G17  2026 09 05 10 47 30.000000  1   -0.197403203560E-03                              
AS G18  2026 09 05 10 47 30.000000  1   -0.263531833683E-03                              
AS G19  2026 09 05 10 47 30.000000  1    0.704958134116E-03                              
AS G20  2026 09 05 10 47 30.000000  1    0.278479219282E-03                              
AS G21  2026 09 05 10 47 30.000000  1    0.369289093085E-03                              
AS G22  2026 09 05 10 47 30.000000  1    0.742635379084E-04                              
AS G24  2026 09 05 10 47 30.000000  1    0.193716792001E-03                              
AS G25  2026 09 05 10 47 30.000000  1    0.391478117963E-03                              
AS G26  2026 09 05 10 47 30.000000  1   -0.391818465010E-03                              
AS G28  2026 09 05 10 47 30.000000  1   -0.422677050583E-03                              
AS G29  2026 09 05 10 47 30.000000  1   -0.248910315831E-03                              
AS G30  2026 09 05 10 47 30.000000  1    0.353628098450E-03                              
AS G31  2026 09 05 10 47 30.000000  1   -0.122850937618E-03                              
AS G04  2026 09 05 10 48 00.000000  1    0.647362001692E-04                              
AS G05  2026 09 05 10 48 00.000000  1   -0.236544925384E-03                              
AS G06  2026 09 05 10 48 00.000000  1   -0.531799945944E-03                              
AS G07  2026 09 05 10 48 00.000000  1   -0.221891011103E-03                              
AS G09  2026 09 05 10 48 00.000000  1    0.685577555320E-03                              
AS G11  2026 09 05 10 48 00.000000  1   -0.219630604154E-03                              
AS G13  2026 09 05 10 48 00.000000  1    0.438232984854E-03                              
AS G14  2026 09 05 10 48 00.000000  1    0.749969616884E-03                              
AS G15  2026 09 05 10 48 00.000000  1    0.442235406130E-03                              
AS G17  2026 09 05 10 48 00.000000  1   -0.197403395054E-03                              
AS G18  2026 09 05 10 48 00.000000  1   -0.263531562594E-03                              
AS G19  2026 09 05 10 48 00.000000  1    0.704958152559E-03                              
AS G20  2026 09 05 10 48 00.000000  1    0.278479491779E-03                              
AS G21  2026 09 05 10 48 00.000000  1    0.369288854761E-03                              
AS G22  2026 09 05 10 48 00.000000  1    0.742637212693E-04                              
AS G24  2026 09 05 10 48 00.000000  1    0.193717294701E-03                              
AS G25  2026 09 05 10 48 00.000000  1    0.391478013616E-03                              
AS G26  2026 09 05 10 48 00.000000  1   -0.391818500547E-03                              
AS G28  2026 09 05 10 48 00.000000  1   -0.422676724439E-03                              
AS G29  2026 09 05 10 48 00.000000  1   -0.248910247455E-03                              
AS G30  2026 09 05 10 48 00.000000  1    0.353628464166E-03                              
AS G31  2026 09 05 10 48 00.000000  1   -0.122850848138E-03                              
AS G04  2026 09 05 10 48 30.000000  1    0.647362141996E-04                              
AS G05  2026 09 05 10 48 30.000000  1   -0.236544885582E-03                              
AS G06  2026 09 05 10 48 30.000000  1   -0.531799608119E-03                              
AS G07  2026 09 05 10 48 30.000000  1   -0.221891177450E-03                              
AS G09  2026 09 05 10 48 30.000000  1    0.685577300767E-03                              
AS G11  2026 09 05 10 48 30.000000  1   -0.219630238646E-03                              
AS G13  2026 09 05 10 48 30.000000  1    0.438233132303E-03                              
AS G14  2026 09 05 10 48 30.000000  1    0.749969596145E-03                              
AS G15  2026 09 05 10 48 30.000000  1    0.442235535484E-03                              
AS G17  2026 09 05 10 48 30.000000  1   -0.197403598496E-03                              
AS G18  2026 09 05 10 48 30.000000  1   -0.263531289883E-03                              
AS G19  2026 09 05 10 48 30.000000  1    0.704958059917E-03                              
AS G20  2026 09 05 10 48 30.000000  1    0.278479768806E-03                              
AS G21  2026 09 05 10 48 30.000000  1    0.369288618195E-03                              
AS G22  2026 09 05 10 48 30.000000  1    0.742640509511E-04                              
AS G24  2026 09 05 10 48 30.000000  1    0.193717821383E-03                              
AS G25  2026 09 05 10 48 30.000000  1    0.391477923613E-03                              
AS G26  2026 09 05 10 48 30.000000  1   -0.391818545548E-03                              
AS G28  2026 09 05 10 48 30.000000  1   -0.422676406947E-03                              
AS G29  2026 09 05 10 48 30.000000  1   -0.248910169131E-03                              
AS G30  2026 09 05 10 48 30.000000  1    0.353628842972E-03                              
AS G31  2026 09 05 10 48 30.000000  1   -0.122850765318E-03                              
AS G04  2026 09 05 10 49 00.000000  1    0.647362174686E-04                              
AS G05  2026 09 05 10 49 00.000000  1   -0.236544950573E-03                              
AS G06  2026 09 05 10 49 00.000000  1   -0.531799279195E-03                              
AS G07  2026 09 05 10 49 00.000000  1   -0.221891229971E-03                              
AS G09  2026 09 05 10 49 00.000000  1    0.685577035073E-03                              
AS G11  2026 09 05 10 49 00.000000  1   -0.219629880595E-03                              
AS G13  2026 09 05 10 49 00.000000  1    0.438233290430E-03                              
AS G14  2026 09 05 10 49 00.000000  1    0.749969590523E-03                              
AS G15  2026 09 05 10 49 00.000000  1    0.442235813331E-03                              
AS G17  2026 09 05 10 49 00.000000  1   -0.197403703325E-03                              
AS G18  2026 09 05 10 49 00.000000  1   -0.263531029528E-03                              
AS G19  2026 09 05 10 49 00.000000  1    0.704958006929E-03                              
AS G20  2026 09 05 10 49 00.000000  1    0.278480043131E-03                              
AS G21  2026 09 05 10 49 00.000000  1    0.369288375716E-03                              
AS G22  2026 09 05 10 49 00.000000  1    0.742643362938E-04                              
AS G24  2026 09 05 10 49 00.000000  1    0.193718343158E-03                              
AS G25  2026 09 05 10 49 00.000000  1    0.391477824835E-03                              
AS G26  2026 09 05 10 49 00.000000  1   -0.391818579821E-03                              
AS G28  2026 09 05 10 49 00.000000  1   -0.422676084938E-03                              
AS G29  2026 09 05 10 49 00.000000  1   -0.248909899573E-03                              
AS G30  2026 09 05 10 49 00.000000  1    0.353629215531E-03                              
AS G31  2026 09 05 10 49 00.000000  1   -0.122850726267E-03                              
AS G04  2026 09 05 10 49 30.000000  1    0.647362260730E-04                              
AS G05  2026 09 05 10 49 30.000000  1   -0.236545078304E-03                              
AS G06  2026 09 05 10 49 30.000000  1   -0.531798949561E-03                              
AS G07  2026 09 05 10 49 30.000000  1   -0.221891295065E-03                              
AS G09  2026 09 05 10 49 30.000000  1    0.685576780845E-03                              
AS G11  2026 09 05 10 49 30.000000  1   -0.219629519338E-03                              
AS G13  2026 09 05 10 49 30.000000  1    0.438233427359E-03                              
AS G14  2026 09 05 10 49 30.000000  1    0.749969587117E-03                              
AS G15  2026 09 05 10 49 30.000000  1    0.442235895995E-03                              
AS G17  2026 09 05 10 49 30.000000  1   -0.197403643000E-03                              
AS G18  2026 09 05 10 49 30.000000  1   -0.263530747088E-03                              
AS G19  2026 09 05 10 49 30.000000  1    0.704957960381E-03                              
AS G20  2026 09 05 10 49 30.000000  1    0.278480309385E-03                              
AS G21  2026 09 05 10 49 30.000000  1    0.369288138016E-03                              
AS G22  2026 09 05 10 49 30.000000  1    0.742645407084E-04                              
AS G24  2026 09 05 10 49 30.000000  1    0.193718857899E-03                              
AS G25  2026 09 05 10 49 30.000000  1    0.391477717620E-03                              
AS G26  2026 09 05 10 49 30.000000  1   -0.391818628841E-03                              
AS G28  2026 09 05 10 49 30.000000  1   -0.422675754871E-03                              
AS G29  2026 09 05 10 49 30.000000  1   -0.248909375455E-03                              
AS G30  2026 09 05 10 49 30.000000  1    0.353629591943E-03                              
AS G31  2026 09 05 10 49 30.000000  1   -0.122850574902E-03                              
AS G04  2026 09 05 10 50 00.000000  2    0.647362399101E-04  0.108241071897E-10          
AS G05  2026 09 05 10 50 00.000000  2   -0.236545057163E-03  0.108435495725E-10          
AS G06  2026 09 05 10 50 00.000000  2   -0.531798618738E-03  0.107710655751E-10          
AS G07  2026 09 05 10 50 00.000000  2   -0.221891407152E-03  0.107608405822E-10          
AS G09  2026 09 05 10 50 00.000000  2    0.685576514518E-03  0.107454709979E-10          
AS G11  2026 09 05 10 50 00.000000  2   -0.219629169267E-03  0.107612757718E-10          
AS G13  2026 09 05 10 50 00.000000  2    0.438233577718E-03  0.111985033066E-10          
AS G14  2026 09 05 10 50 00.000000  2    0.749969573819E-03  0.110110990096E-10          
AS G15  2026 09 05 10 50 00.000000  2    0.442236038646E-03  0.110612282518E-10          
AS G17  2026 09 05 10 50 00.000000  2   -0.197403682533E-03  0.109785897167E-10          
AS G18  2026 09 05 10 50 00.000000  2   -0.263530488017E-03  0.109543472347E-10          
AS G19  2026 09 05 10 50 00.000000  2    0.704957867728E-03  0.109339465073E-10          
AS G20  2026 09 05 10 50 00.000000  2    0.278480586221E-03  0.109004566363E-10          
AS G21  2026 09 05 10 50 00.000000  2    0.369287902058E-03  0.107705846564E-10          
AS G22  2026 09 05 10 50 00.000000  2    0.742647573136E-04  0.110123093610E-10          
AS G24  2026 09 05 10 50 00.000000  2    0.193719379615E-03  0.112554755896E-10          
AS G25  2026 09 05 10 50 00.000000  2    0.391477616984E-03  0.109222904157E-10          
AS G26  2026 09 05 10 50 00.000000  2   -0.391818622272E-03  0.110382392718E-10          
AS G28  2026 09 05 10 50 00.000000  2   -0.422675435124E-03  0.109846328684E-10          
AS G29  2026 09 05 10 50 00.000000  2   -0.248909222316E-03  0.108311851287E-10          
AS G30  2026 09 05 10 50 00.000000  2    0.353629951766E-03  0.108697482236E-10          
AS G31  2026 09 05 10 50 00.000000  2   -0.122850536251E-03  0.111459084581E-10          
AS G04  2026 09 05 10 50 30.000000  1    0.647362371318E-04                              
AS G05  2026 09 05 10 50 30.000000  1   -0.236545076154E-03                              
AS G06  2026 09 05 10 50 30.000000  1   -0.531798293913E-03                              
AS G07  2026 09 05 10 50 30.000000  1   -0.221891414913E-03                              
AS G09  2026 09 05 10 50 30.000000  1    0.685576241592E-03                              
AS G11  2026 09 05 10 50 30.000000  1   -0.219628809928E-03                              
AS G13  2026 09 05 10 50 30.000000  1    0.438233725523E-03                              
AS G14  2026 09 05 10 50 30.000000  1    0.749969567948E-03                              
AS G15  2026 09 05 10 50 30.000000  1    0.442236052830E-03                              
AS G17  2026 09 05 10 50 30.000000  1   -0.197403871440E-03                              
AS G18  2026 09 05 10 50 30.000000  1   -0.263530227850E-03                              
AS G19  2026 09 05 10 50 30.000000  1    0.704957852612E-03                              
AS G20  2026 09 05 10 50 30.000000  1    0.278480851427E-03                              
AS G21  2026 09 05 10 50 30.000000  1    0.369287662384E-03                              
AS G22  2026 09 05 10 50 30.000000  1    0.742649799807E-04                              
AS G24  2026 09 05 10 50 30.000000  1    0.193719889996E-03                              
AS G25  2026 09 05 10 50 30.000000  1    0.391477510752E-03                              
AS G26  2026 09 05 10 50 30.000000  1   -0.391818675087E-03                              
AS G28  2026 09 05 10 50 30.000000  1   -0.422675113669E-03                              
AS G29  2026 09 05 10 50 30.000000  1   -0.248908888434E-03                              
AS G30  2026 09 05 10 50 30.000000  1    0.353630326470E-03                              
AS G31  2026 09 05 10 50 30.000000  1   -0.122850429271E-03                              
AS G04  2026 09 05 10 51 00.000000  1    0.647362354190E-04                              
AS G05  2026 09 05 10 51 00.000000  1   -0.236544956324E-03                              
AS G06  2026 09 05 10 51 00.000000  1   -0.531797966604E-03                              
AS G07  2026 09 05 10 51 00.000000  1   -0.221891491347E-03                              
AS G09  2026 09 05 10 51 00.000000  1    0.685575970352E-03                              
AS G11  2026 09 05 10 51 00.000000  1   -0.219628448708E-03                              
AS G13  2026 09 05 10 51 00.000000  1    0.438233865977E-03                              
AS G14  2026 09 05 10 51 00.000000  1    0.749969546662E-03                              
AS G15  2026 09 05 10 51 00.000000  1    0.442236194910E-03                              
AS G17  2026 09 05 10 51 00.000000  1   -0.197403998084E-03                              
AS G18  2026 09 05 10 51 00.000000  1   -0.263529972359E-03                              
AS G19  2026 09 05 10 51 00.000000  1    0.704957813741E-03                              
AS G20  2026 09 05 10 51 00.000000  1    0.278481123908E-03                              
AS G21  2026 09 05 10 51 00.000000  1    0.369287414835E-03                              
AS G22  2026 09 05 10 51 00.000000  1    0.742652057086E-04                              
AS G24  2026 09 05 10 51 00.000000  1    0.193720414358E-03                              
AS G25  2026 09 05 10 51 00.000000  1    0.391477399724E-03                              
AS G26  2026 09 05 10 51 00.000000  1   -0.391818712382E-03                              
AS G28  2026 09 05 10 51 00.000000  1   -0.422674804526E-03                              
AS G29  2026 09 05 10 51 00.000000  1   -0.248908668110E-03                              
AS G30  2026 09 05 10 51 00.000000  1    0.353630685052E-03                              
AS G31  2026 09 05 10 51 00.000000  1   -0.122850332385E-03                              
AS G04  2026 09 05 10 51 30.000000  1    0.647362453991E-04                              
AS G05  2026 09 05 10 51 30.000000  1   -0.236544846391E-03                              
AS G06  2026 09 05 10 51 30.000000  1   -0.531797635385E-03                              
AS G07  2026 09 05 10 51 30.000000  1   -0.221891568253E-03                              
AS G09  2026 09 05 10 51 30.000000  1    0.685575714619E-03                              
AS G11  2026 09 05 10 51 30.000000  1   -0.219628097761E-03                              
AS G13  2026 09 05 10 51 30.000000  1    0.438234009056E-03                              
AS G14  2026 09 05 10 51 30.000000  1    0.749969538137E-03                              
AS G15  2026 09 05 10 51 30.000000  1    0.442236286392E-03                              
AS G17  2026 09 05 10 51 30.000000  1   -0.197404038271E-03                              
AS G18  2026 09 05 10 51 30.000000  1   -0.263529706140E-03                              
AS G19  2026 09 05 10 51 30.000000  1    0.704957768185E-03                              
AS G20  2026 09 05 10 51 30.000000  1    0.278481397461E-03                              
AS G21  2026 09 05 10 51 30.000000  1    0.369287165447E-03                              
AS G22  2026 09 05 10 51 30.000000  1    0.742654881230E-04                              
AS G24  2026 09 05 10 51 30.000000  1    0.193720913176E-03                              
AS G25  2026 09 05 10 51 30.000000  1    0.391477297786E-03                              
AS G26  2026 09 05 10 51 30.000000  1   -0.391818745664E-03                              
AS G28  2026 09 05 10 51 30.000000  1   -0.422674384983E-03                              
AS G29  2026 09 05 10 51 30.000000  1   -0.248908553110E-03                              
AS G30  2026 09 05 10 51 30.000000  1    0.353631046316E-03                              
AS G31  2026 09 05 10 51 30.000000  1   -0.122850196080E-03                              
AS G04  2026 09 05 10 52 00.000000  1    0.647362518282E-04                              
AS G05  2026 09 05 10 52 00.000000  1   -0.236545031130E-03                              
AS G06  2026 09 05 10 52 00.000000  1   -0.531797317405E-03                              
AS G07  2026 09 05 10 52 00.000000  1   -0.221891743852E-03                              
AS G09  2026 09 05 10 52 00.000000  1    0.685575456548E-03                              
AS G11  2026 09 05 10 52 00.000000  1   -0.219627733787E-03                              
AS G13  2026 09 05 10 52 00.000000  1    0.438234156077E-03                              
AS G14  2026 09 05 10 52 00.000000  1    0.749969525275E-03                              
AS G15  2026 09 05 10 52 00.000000  1    0.442236248013E-03                              
AS G17  2026 09 05 10 52 00.000000  1   -0.197404314107E-03                              
AS G18  2026 09 05 10 52 00.000000  1   -0.263529430579E-03                              
AS G19  2026 09 05 10 52 00.000000  1    0.704957768190E-03                              
AS G20  2026 09 05 10 52 00.000000  1    0.278481668365E-03                              
AS G21  2026 09 05 10 52 00.000000  1    0.369286933407E-03                              
AS G22  2026 09 05 10 52 00.000000  1    0.742657769244E-04                              
AS G24  2026 09 05 10 52 00.000000  1    0.193721439439E-03                              
AS G25  2026 09 05 10 52 00.000000  1    0.391477191192E-03                              
AS G26  2026 09 05 10 52 00.000000  1   -0.391818794606E-03                              
AS G28  2026 09 05 10 52 00.000000  1   -0.422674064561E-03                              
AS G29  2026 09 05 10 52 00.000000  1   -0.248908470494E-03                              
AS G30  2026 09 05 10 52 00.000000  1    0.353631418891E-03                              
AS G31  2026 09 05 10 52 00.000000  1   -0.122850133744E-03                              
AS G04  2026 09 05 10 52 30.000000  1    0.647362516091E-04                              
AS G05  2026 09 05 10 52 30.000000  1   -0.236544945172E-03                              
AS G06  2026 09 05 10 52 30.000000  1   -0.531797003901E-03                              
AS G07  2026 09 05 10 52 30.000000  1   -0.221891879102E-03                              
AS G09  2026 09 05 10 52 30.000000  1    0.685575190426E-03                              
AS G11  2026 09 05 10 52 30.000000  1   -0.219627376793E-03                              
AS G13  2026 09 05 10 52 30.000000  1    0.438234303526E-03                              
AS G14  2026 09 05 10 52 30.000000  1    0.749969513245E-03                              
AS G15  2026 09 05 10 52 30.000000  1    0.442236289314E-03                              
AS G17  2026 09 05 10 52 30.000000  1   -0.197404518871E-03                              
AS G18  2026 09 05 10 52 30.000000  1   -0.263529162440E-03                              
AS G19  2026 09 05 10 52 30.000000  1    0.704957754447E-03                              
AS G20  2026 09 05 10 52 30.000000  1    0.278481936576E-03                              
AS G21  2026 09 05 10 52 30.000000  1    0.369286688454E-03                              
AS G22  2026 09 05 10 52 30.000000  1    0.742660681456E-04                              
AS G24  2026 09 05 10 52 30.000000  1    0.193721942435E-03                              
AS G25  2026 09 05 10 52 30.000000  1    0.391477085022E-03                              
AS G26  2026 09 05 10 52 30.000000  1   -0.391818833295E-03                              
AS G28  2026 09 05 10 52 30.000000  1   -0.422673763695E-03                              
AS G29  2026 09 05 10 52 30.000000  1   -0.248908353113E-03                              
AS G30  2026 09 05 10 52 30.000000  1    0.353631787205E-03                              
AS G31  2026 09 05 10 52 30.000000  1   -0.122850084555E-03                              
AS G04  2026 09 05 10 53 00.000000  1    0.647362631372E-04                              
AS G05  2026 09 05 10 53 00.000000  1   -0.236544836870E-03                              
AS G06  2026 09 05 10 53 00.000000  1   -0.531796674722E-03                              
AS G07  2026 09 05 10 53 00.000000  1   -0.221892002408E-03                              
AS G09  2026 09 05 10 53 00.000000  1    0.685574929408E-03                              
AS G11  2026 09 05 10 53 00.000000  1   -0.219627017006E-03                              
AS G13  2026 09 05 10 53 00.000000  1    0.438234451282E-03                              
AS G14  2026 09 05 10 53 00.000000  1    0.749969504290E-03                              
AS G15  2026 09 05 10 53 00.000000  1    0.442236487158E-03                              
AS G17  2026 09 05 10 53 00.000000  1   -0.197404640108E-03                              
AS G18  2026 09 05 10 53 00.000000  1   -0.263528900610E-03                              
AS G19  2026 09 05 10 53 00.000000  1    0.704957778748E-03                              
AS G20  2026 09 05 10 53 00.000000  1    0.278482205974E-03                              
AS G21  2026 09 05 10 53 00.000000  1    0.369286454218E-03                              
AS G22  2026 09 05 10 53 00.000000  1    0.742663489546E-04                              
AS G24  2026 09 05 10 53 00.000000  1    0.193722461585E-03                              
AS G25  2026 09 05 10 53 00.000000  1    0.391476974410E-03                              
AS G26  2026 09 05 10 53 00.000000  1   -0.391818868035E-03                              
AS G28  2026 09 05 10 53 00.000000  1   -0.422673437712E-03                              
AS G29  2026 09 05 10 53 00.000000  1   -0.248908098641E-03                              
AS G30  2026 09 05 10 53 00.000000  1    0.353632149362E-03                              
AS G31  2026 09 05 10 53 00.000000  1   -0.122849939170E-03                              
AS G04  2026 09 05 10 53 30.000000  1    0.647362732439E-04                              
AS G05  2026 09 05 10 53 30.000000  1   -0.236544887718E-03                              
AS G06  2026 09 05 10 53 30.000000  1   -0.531796349604E-03                              
AS G07  2026 09 05 10 53 30.000000  1   -0.221891997009E-03                              
AS G09  2026 09 05 10 53 30.000000  1    0.685574670778E-03                              
AS G11  2026 09 05 10 53 30.000000  1   -0.219626658661E-03                              
AS G13  2026 09 05 10 53 30.000000  1    0.438234590762E-03                              
AS G14  2026 09 05 10 53 30.000000  1    0.749969492603E-03                              
AS G15  2026 09 05 10 53 30.000000  1    0.442236632599E-03                              
AS G17  2026 09 05 10 53 30.000000  1   -0.197404692164E-03                              
AS G18  2026 09 05 10 53 30.000000  1   -0.263528642565E-03                              
AS G19  2026 09 05 10 53 30.000000  1    0.704957867529E-03                              
AS G20  2026 09 05 10 53 30.000000  1    0.278482472120E-03                              
AS G21  2026 09 05 10 53 30.000000  1    0.369286222771E-03                              
AS G22  2026 09 05 10 53 30.000000  1    0.742667352400E-04                              
AS G24  2026 09 05 10 53 30.000000  1    0.193722962844E-03                              
AS G25  2026 09 05 10 53 30.000000  1    0.391476867348E-03                              
AS G26  2026 09 05 10 53 30.000000  1   -0.391818908231E-03                              
AS G28  2026 09 05 10 53 30.000000  1   -0.422673115686E-03                              
AS G29  2026 09 05 10 53 30.000000  1   -0.248907879659E-03                              
AS G30  2026 09 05 10 53 30.000000  1    0.353632520083E-03                              
AS G31  2026 09 05 10 53 30.000000  1   -0.122849855425E-03                              
AS G04  2026 09 05 10 54 00.000000  1    0.647362921868E-04                              
AS G05  2026 09 05 10 54 00.000000  1   -0.236545054480E-03                              
AS G06  2026 09 05 10 54 00.000000  1   -0.531796006711E-03                              
AS G07  2026 09 05 10 54 00.000000  1   -0.221892036277E-03                              
AS G09  2026 09 05 10 54 00.000000  1    0.685574404425E-03                              
AS G11  2026 09 05 10 54 00.000000  1   -0.219626294160E-03                              
AS G13  2026 09 05 10 54 00.000000  1    0.438234736835E-03                              
AS G14  2026 09 05 10 54 00.000000  1    0.749969485390E-03                              
AS G15  2026 09 05 10 54 00.000000  1    0.442236698336E-03                              
AS G17  2026 09 05 10 54 00.000000  1   -0.197404783509E-03                              
AS G18  2026 09 05 10 54 00.000000  1   -0.263528376739E-03                              
AS G19  2026 09 05 10 54 00.000000  1    0.704957955134E-03                              
AS G20  2026 09 05 10 54 00.000000  1    0.278482745323E-03                              
AS G21  2026 09 05 10 54 00.000000  1    0.369285981186E-03                              
AS G22  2026 09 05 10 54 00.000000  1    0.742670139576E-04                              
AS G24  2026 09 05 10 54 00.000000  1    0.193723480391E-03                              
AS G25  2026 09 05 10 54 00.000000  1    0.391476767497E-03                              
AS G26  2026 09 05 10 54 00.000000  1   -0.391818944340E-03                              
AS G28  2026 09 05 10 54 00.000000  1   -0.422672787563E-03                              
AS G29  2026 09 05 10 54 00.000000  1   -0.248907616728E-03                              
AS G30  2026 09 05 10 54 00.000000  1    0.353632897440E-03                              
AS G31  2026 09 05 10 54 00.000000  1   -0.122849808113E-03                              
AS G04  2026 09 05 10 54 30.000000  1    0.647362923774E-04                              
AS G05  2026 09 05 10 54 30.000000  1   -0.236545137862E-03                              
AS G06  2026 09 05 10 54 30.000000  1   -0.531795688624E-03                              
AS G07  2026 09 05 10 54 30.000000  1   -0.221892202733E-03                              
AS G09  2026 09 05 10 54 30.000000  1    0.685574142002E-03                              
AS G11  2026 09 05 10 54 30.000000  1   -0.219625952915E-03                              
AS G13  2026 09 05 10 54 30.000000  1    0.438234888807E-03                              
AS G14  2026 09 05 10 54 30.000000  1    0.749969486188E-03                              
AS G15  2026 09 05 10 54 30.000000  1    0.442236758357E-03                              
AS G17  2026 09 05 10 54 30.000000  1   -0.197404958214E-03                              
AS G18  2026 09 05 10 54 30.000000  1   -0.263528104681E-03                              
AS G19  2026 09 05 10 54 30.000000  1    0.704958011986E-03                              
AS G20  2026 09 05 10 54 30.000000  1    0.278483014027E-03                              
AS G21  2026 09 05 10 54 30.000000  1    0.369285743589E-03                              
AS G22  2026 09 05 10 54 30.000000  1    0.742672289372E-04                              
AS G24  2026 09 05 10 54 30.000000  1    0.193724002131E-03                              
AS G25  2026 09 05 10 54 30.000000  1    0.391476661511E-03                              
AS G26  2026 09 05 10 54 30.000000  1   -0.391818981678E-03                              
AS G28  2026 09 05 10 54 30.000000  1   -0.422672472370E-03                              
AS G29  2026 09 05 10 54 30.000000  1   -0.248907317711E-03                              
AS G30  2026 09 05 10 54 30.000000  1    0.353633265773E-03                              
AS G31  2026 09 05 10 54 30.000000  1   -0.122849591647E-03                              
AS G04  2026 09 05 10 55 00.000000  2    0.647362985695E-04  0.109932561483E-10          
AS G05  2026 09 05 10 55 00.000000  2   -0.236545127890E-03  0.109998050879E-10          
AS G06  2026 09 05 10 55 00.000000  2   -0.531795358913E-03  0.109355407050E-10          
AS G07  2026 09 05 10 55 00.000000  2   -0.221892307628E-03  0.109188413239E-10          
AS G09  2026 09 05 10 55 00.000000  2    0.685573880526E-03  0.109081681616E-10          
AS G11  2026 09 05 10 55 00.000000  2   -0.219625592932E-03  0.109234650469E-10          
AS G13  2026 09 05 10 55 00.000000  2    0.438235042247E-03  0.113260443196E-10          
AS G14  2026 09 05 10 55 00.000000  2    0.749969466165E-03  0.111692172472E-10          
AS G15  2026 09 05 10 55 00.000000  2    0.442236833819E-03  0.112076573529E-10          
AS G17  2026 09 05 10 55 00.000000  2   -0.197405040369E-03  0.111427441808E-10          
AS G18  2026 09 05 10 55 00.000000  2   -0.263527830871E-03  0.111084992595E-10          
AS G19  2026 09 05 10 55 00.000000  2    0.704958012539E-03  0.110922404130E-10          
AS G20  2026 09 05 10 55 00.000000  2    0.278483279535E-03  0.110556006541E-10          
AS G21  2026 09 05 10 55 00.000000  2    0.369285500353E-03  0.109276668619E-10          
AS G22  2026 09 05 10 55 00.000000  2    0.742674253935E-04  0.111727901071E-10          
AS G24  2026 09 05 10 55 00.000000  2    0.193724516359E-03  0.114457171886E-10          
AS G25  2026 09 05 10 55 00.000000  2    0.391476560745E-03  0.110917776742E-10          
AS G26  2026 09 05 10 55 00.000000  2   -0.391819021721E-03  0.111989782341E-10          
AS G28  2026 09 05 10 55 00.000000  2   -0.422672155393E-03  0.111314289037E-10          
AS G29  2026 09 05 10 55 00.000000  2   -0.248907169892E-03  0.109874023356E-10          
AS G30  2026 09 05 10 55 00.000000  2    0.353633639970E-03  0.110140682518E-10          
AS G31  2026 09 05 10 55 00.000000  2   -0.122849536447E-03  0.112904094942E-10          
AS G04  2026 09 05 10 55 30.000000  1    0.647363110306E-04                              
AS G05  2026 09 05 10 55 30.000000  1   -0.236545156062E-03                              
AS G06  2026 09 05 10 55 30.000000  1   -0.531795034551E-03                              
AS G07  2026 09 05 10 55 30.000000  1   -0.221892441236E-03                              
AS G09  2026 09 05 10 55 30.000000  1    0.685573613338E-03                              
AS G11  2026 09 05 10 55 30.000000  1   -0.219625228461E-03                              
AS G13  2026 09 05 10 55 30.000000  1    0.438235199126E-03                              
AS G14  2026 09 05 10 55 30.000000  1    0.749969454745E-03                              
AS G15  2026 09 05 10 55 30.000000  1    0.442236964056E-03                              
AS G17  2026 09 05 10 55 30.000000  1   -0.197405212368E-03                              
AS G18  2026 09 05 10 55 30.000000  1   -0.263527561148E-03                              
AS G19  2026 09 05 10 55 30.000000  1    0.704957989706E-03                              
AS G20  2026 09 05 10 55 30.000000  1    0.278483548889E-03                              
AS G21  2026 09 05 10 55 30.000000  1    0.369285252684E-03                              
AS G22  2026 09 05 10 55 30.000000  1    0.742676871961E-04                              
AS G24  2026 09 05 10 55 30.000000  1    0.193725028634E-03                              
AS G25  2026 09 05 10 55 30.000000  1    0.391476450764E-03                              
AS G26  2026 09 05 10 55 30.000000  1   -0.391819064762E-03                              
AS G28  2026 09 05 10 55 30.000000  1   -0.422671834425E-03                              
AS G29  2026 09 05 10 55 30.000000  1   -0.248906969035E-03                              
AS G30  2026 09 05 10 55 30.000000  1    0.353634016141E-03                              
AS G31  2026 09 05 10 55 30.000000  1   -0.122849621830E-03                              
AS G04  2026 09 05 10 56 00.000000  1    0.647363276203E-04                              
AS G05  2026 09 05 10 56 00.000000  1   -0.236545105773E-03                              
AS G06  2026 09 05 10 56 00.000000  1   -0.531794701645E-03                              
AS G07  2026 09 05 10 56 00.000000  1   -0.221892505861E-03                              
AS G09  2026 09 05 10 56 00.000000  1    0.685573354984E-03                              
AS G11  2026 09 05 10 56 00.000000  1   -0.219624867401E-03                              
AS G13  2026 09 05 10 56 00.000000  1    0.438235346550E-03                              
AS G14  2026 09 05 10 56 00.000000  1    0.749969450133E-03                              
AS G15  2026 09 05 10 56 00.000000  1    0.442237000571E-03                              
AS G17  2026 09 05 10 56 00.000000  1   -0.197405375020E-03                              
AS G18  2026 09 05 10 56 00.000000  1   -0.263527296652E-03                              
AS G19  2026 09 05 10 56 00.000000  1    0.704957963957E-03                              
AS G20  2026 09 05 10 56 00.000000  1    0.278483817874E-03                              
AS G21  2026 09 05 10 56 00.000000  1    0.369285000783E-03                              
AS G22  2026 09 05 10 56 00.000000  1    0.742678823218E-04                              
AS G24  2026 09 05 10 56 00.000000  1    0.193725546115E-03                              
AS G25  2026 09 05 10 56 00.000000  1    0.391476355164E-03                              
AS G26  2026 09 05 10 56 00.000000  1   -0.391819095425E-03                              
AS G28  2026 09 05 10 56 00.000000  1   -0.422671511631E-03                              
AS G29  2026 09 05 10 56 00.000000  1   -0.248906755040E-03                              
AS G30  2026 09 05 10 56 00.000000  1    0.353634382338E-03                              
AS G31  2026 09 05 10 56 00.000000  1   -0.122849443012E-03                              
AS G04  2026 09 05 10 56 30.000000  1    0.647363334381E-04                              
AS G05  2026 09 05 10 56 30.000000  1   -0.236545087283E-03                              
AS G06  2026 09 05 10 56 30.000000  1   -0.531794365860E-03                              
AS G07  2026 09 05 10 56 30.000000  1   -0.221892722968E-03                              
AS G09  2026 09 05 10 56 30.000000  1    0.685573093611E-03                              
AS G11  2026 09 05 10 56 30.000000  1   -0.219624510527E-03                              
AS G13  2026 09 05 10 56 30.000000  1    0.438235501925E-03                              
AS G14  2026 09 05 10 56 30.000000  1    0.749969449231E-03                              
AS G15  2026 09 05 10 56 30.000000  1    0.442237032801E-03                              
AS G17  2026 09 05 10 56 30.000000  1   -0.197405560325E-03                              
AS G18  2026 09 05 10 56 30.000000  1   -0.263527028364E-03                              
AS G19  2026 09 05 10 56 30.000000  1    0.704958102758E-03                              
AS G20  2026 09 05 10 56 30.000000  1    0.278484106162E-03                              
AS G21  2026 09 05 10 56 30.000000  1    0.369284748850E-03                              
AS G22  2026 09 05 10 56 30.000000  1    0.742680917877E-04                              
AS G24  2026 09 05 10 56 30.000000  1    0.193726060576E-03                              
AS G25  2026 09 05 10 56 30.000000  1    0.391476249709E-03                              
AS G26  2026 09 05 10 56 30.000000  1   -0.391819138210E-03                              
AS G28  2026 09 05 10 56 30.000000  1   -0.422671183225E-03                              
AS G29  2026 09 05 10 56 30.000000  1   -0.248906389470E-03                              
AS G30  2026 09 05 10 56 30.000000  1    0.353634747297E-03                              
AS G31  2026 09 05 10 56 30.000000  1   -0.122849255958E-03                              
AS G04  2026 09 05 10 57 00.000000  1    0.647363394479E-04                              
AS G05  2026 09 05 10 57 00.000000  1   -0.236545014405E-03                              
AS G06  2026 09 05 10 57 00.000000  1   -0.531794039800E-03                              
AS G07  2026 09 05 10 57 00.000000  1   -0.221892927208E-03                              
AS G09  2026 09 05 10 57 00.000000  1    0.685572829682E-03                              
AS G11  2026 09 05 10 57 00.000000  1   -0.219624158469E-03                              
AS G13  2026 09 05 10 57 00.000000  1    0.438235655504E-03                              
AS G14  2026 09 05 10 57 00.000000  1    0.749969434674E-03                              
AS G15  2026 09 05 10 57 00.000000  1    0.442237091617E-03                              
AS G17  2026 09 05 10 57 00.000000  1   -0.197405716672E-03                              
AS G18  2026 09 05 10 57 00.000000  1   -0.263526758818E-03                              
AS G19  2026 09 05 10 57 00.000000  1    0.704958110710E-03                              
AS G20  2026 09 05 10 57 00.000000  1    0.278484381300E-03                              
AS G21  2026 09 05 10 57 00.000000  1    0.369284519516E-03                              
AS G22  2026 09 05 10 57 00.000000  1    0.742683879959E-04                              
AS G24  2026 09 05 10 57 00.000000  1    0.193726590362E-03                              
AS G25  2026 09 05 10 57 00.000000  1    0.391476148042E-03                              
AS G26  2026 09 05 10 57 00.000000  1   -0.391819179066E-03                              
AS G28  2026 09 05 10 57 00.000000  1   -0.422670859561E-03                              
AS G29  2026 09 05 10 57 00.000000  1   -0.248906167232E-03                              
AS G30  2026 09 05 10 57 00.000000  1    0.353635119961E-03                              
AS G31  2026 09 05 10 57 00.000000  1   -0.122849268398E-03                              
AS G04  2026 09 05 10 57 30.000000  1    0.647363456233E-04                              
AS G05  2026 09 05 10 57 30.000000  1   -0.236545172404E-03                              
AS G06  2026 09 05 10 57 30.000000  1   -0.531793718895E-03                              
AS G07  2026 09 05 10 57 30.000000  1   -0.221892948445E-03                              
AS G09  2026 09 05 10 57 30.000000  1    0.685572572418E-03                              
AS G11  2026 09 05 10 57 30.000000  1   -0.219623801477E-03                              
AS G13  2026 09 05 10 57 30.000000  1    0.438235816199E-03                              
AS G14  2026 09 05 10 57 30.000000  1    0.749969433059E-03                              
AS G15  2026 09 05 10 57 30.000000  1    0.442237294488E-03                              
AS G17  2026 09 05 10 57 30.000000  1   -0.197405924371E-03                              
AS G18  2026 09 05 10 57 30.000000  1   -0.263526489655E-03                              
AS G19  2026 09 05 10 57 30.000000  1    0.704958075012E-03                              
AS G20  2026 09 05 10 57 30.000000  1    0.278484660903E-03                              
AS G21  2026 09 05 10 57 30.000000  1    0.369284276720E-03                              
AS G22  2026 09 05 10 57 30.000000  1    0.742687056838E-04                              
AS G24  2026 09 05 10 57 30.000000  1    0.193727102727E-03                              
AS G25  2026 09 05 10 57 30.000000  1    0.391476044852E-03                              
AS G26  2026 09 05 10 57 30.000000  1   -0.391819209901E-03                              
AS G28  2026 09 05 10 57 30.000000  1   -0.422670526378E-03                              
AS G29  2026 09 05 10 57 30.000000  1   -0.248905990321E-03                              
AS G30  2026 09 05 10 57 30.000000  1    0.353635486968E-03                              
AS G31  2026 09 05 10 57 30.000000  1   -0.122849276175E-03                              
AS G04  2026 09 05 10 58 00.000000  1    0.647363592713E-04                              
AS G05  2026 09 05 10 58 00.000000  1   -0.236545133351E-03                              
AS G06  2026 09 05 10 58 00.000000  1   -0.531793387864E-03                              
AS G07  2026 09 05 10 58 00.000000  1   -0.221892960008E-03                              
AS G09  2026 09 05 10 58 00.000000  1    0.685572308638E-03                              
AS G11  2026 09 05 10 58 00.000000  1   -0.219623448708E-03                              
AS G13  2026 09 05 10 58 00.000000  1    0.438235960305E-03                              
AS G14  2026 09 05 10 58 00.000000  1    0.749969430392E-03                              
AS G15  2026 09 05 10 58 00.000000  1    0.442237538917E-03                              
AS G17  2026 09 05 10 58 00.000000  1   -0.197406086639E-03                              
AS G18  2026 09 05 10 58 00.000000  1   -0.263526213864E-03                              
AS G19  2026 09 05 10 58 00.000000  1    0.704958029739E-03                              
AS G20  2026 09 05 10 58 00.000000  1    0.278484922967E-03                              
AS G21  2026 09 05 10 58 00.000000  1    0.369284048442E-03                              
AS G22  2026 09 05 10 58 00.000000  1    0.742690050830E-04                              
AS G24  2026 09 05 10 58 00.000000  1    0.193727622230E-03                              
AS G25  2026 09 05 10 58 00.000000  1    0.391475941866E-03                              
AS G26  2026 09 05 10 58 00.000000  1   -0.391819248607E-03                              
AS G28  2026 09 05 10 58 00.000000  1   -0.422670207494E-03                              
AS G29  2026 09 05 10 58 00.000000  1   -0.248905643889E-03                              
AS G30  2026 09 05 10 58 00.000000  1    0.353635855708E-03                              
AS G31  2026 09 05 10 58 00.000000  1   -0.122849156070E-03                              
AS G04  2026 09 05 10 58 30.000000  1    0.647363683096E-04                              
AS G05  2026 09 05 10 58 30.000000  1   -0.236545209070E-03                              
AS G06  2026 09 05 10 58 30.000000  1   -0.531793066961E-03                              
AS G07  2026 09 05 10 58 30.000000  1   -0.221893119099E-03                              
AS G09  2026 09 05 10 58 30.000000  1    0.685572036796E-03                              
AS G11  2026 09 05 10 58 30.000000  1   -0.219623089004E-03                              
AS G13  2026 09 05 10 58 30.000000  1    0.438236109438E-03                              
AS G14  2026 09 05 10 58 30.000000  1    0.749969407928E-03                              
AS G15  2026 09 05 10 58 30.000000  1    0.442237599130E-03                              
AS G17  2026 09 05 10 58 30.000000  1   -0.197406180830E-03                              
AS G18  2026 09 05 10 58 30.000000  1   -0.263525948196E-03                              
AS G19  2026 09 05 10 58 30.000000  1    0.704958127671E-03                              
AS G20  2026 09 05 10 58 30.000000  1    0.278485196204E-03                              
AS G21  2026 09 05 10 58 30.000000  1    0.369283802733E-03                              
AS G22  2026 09 05 10 58 30.000000  1    0.742693943510E-04                              
AS G24  2026 09 05 10 58 30.000000  1    0.193728144924E-03                              
AS G25  2026 09 05 10 58 30.000000  1    0.391475841813E-03                              
AS G26  2026 09 05 10 58 30.000000  1   -0.391819284972E-03                              
AS G28  2026 09 05 10 58 30.000000  1   -0.422669889957E-03                              
AS G29  2026 09 05 10 58 30.000000  1   -0.248905568902E-03                              
AS G30  2026 09 05 10 58 30.000000  1    0.353636217621E-03                              
AS G31  2026 09 05 10 58 30.000000  1   -0.122849036377E-03                              
AS G04  2026 09 05 10 59 00.000000  1    0.647363808443E-04                              
AS G05  2026 09 05 10 59 00.000000  1   -0.236545193286E-03                              
AS G06  2026 09 05 10 59 00.000000  1   -0.531792730802E-03                              
AS G07  2026 09 05 10 59 00.000000  1   -0.221893115569E-03                              
AS G09  2026 09 05 10 59 00.000000  1    0.685571779519E-03                              
AS G11  2026 09 05 10 59 00.000000  1   -0.219622734989E-03                              
AS G13  2026 09 05 10 59 00.000000  1    0.438236258339E-03                              
AS G14  2026 09 05 10 59 00.000000  1    0.749969401250E-03                              
AS G15  2026 09 05 10 59 00.000000  1    0.442237649264E-03                              
AS G17  2026 09 05 10 59 00.000000  1   -0.197406325195E-03                              
AS G18  2026 09 05 10 59 00.000000  1   -0.263525694315E-03                              
AS G19  2026 09 05 10 59 00.000000  1    0.704958087475E-03                              
AS G20  2026 09 05 10 59 00.000000  1    0.278485464927E-03                              
AS G21  2026 09 05 10 59 00.000000  1    0.369283555971E-03                              
AS G22  2026 09 05 10 59 00.000000  1    0.742696923620E-04                              
AS G24  2026 09 05 10 59 00.000000  1    0.193728665111E-03                              
AS G25  2026 09 05 10 59 00.000000  1    0.391475730673E-03                              
AS G26  2026 09 05 10 59 00.000000  1   -0.391819329587E-03                              
AS G28  2026 09 05 10 59 00.000000  1   -0.422669565976E-03                              
AS G29  2026 09 05 10 59 00.000000  1   -0.248905536532E-03                              
AS G30  2026 09 05 10 59 00.000000  1    0.353636596815E-03                              
AS G31  2026 09 05 10 59 00.000000  1   -0.122848899400E-03                              
AS G04  2026 09 05 10 59 30.000000  1    0.647363817268E-04                              
AS G05  2026 09 05 10 59 30.000000  1   -0.236545104374E-03                              
AS G06  2026 09 05 10 59 30.000000  1   -0.531792405908E-03                              
AS G07  2026 09 05 10 59 30.000000  1   -0.221893191190E-03                              
AS G09  2026 09 05 10 59 30.000000  1    0.685571508944E-03                              
AS G11  2026 09 05 10 59 30.000000  1   -0.219622376137E-03                              
AS G13  2026 09 05 10 59 30.000000  1    0.438236397810E-03                              
AS G14  2026 09 05 10 59 30.000000  1    0.749969392411E-03                              
AS G15  2026 09 05 10 59 30.000000  1    0.442237665252E-03                              
AS G17  2026 09 05 10 59 30.000000  1   -0.197406385227E-03                              
AS G18  2026 09 05 10 59 30.000000  1   -0.263525423207E-03                              
AS G19  2026 09 05 10 59 30.000000  1    0.704958023047E-03                              
AS G20  2026 09 05 10 59 30.000000  1    0.278485739089E-03                              
AS G21  2026 09 05 10 59 30.000000  1    0.369283307469E-03                              
AS G22  2026 09 05 10 59 30.000000  1    0.742699374650E-04                              
AS G24  2026 09 05 10 59 30.000000  1    0.193729168920E-03                              
AS G25  2026 09 05 10 59 30.000000  1    0.391475629307E-03                              
AS G26  2026 09 05 10 59 30.000000  1   -0.391819372431E-03                              
AS G28  2026 09 05 10 59 30.000000  1   -0.422669257345E-03                              
AS G29  2026 09 05 10 59 30.000000  1   -0.248905378010E-03                              
AS G30  2026 09 05 10 59 30.000000  1    0.353636968554E-03                              
AS G31  2026 09 05 10 59 30.000000  1   -0.122848936682E-03                              
AS G04  2026 09 05 11 00 00.000000  2    0.647363870088E-04  0.115563712744E-10          
AS G05  2026 09 05 11 00 00.000000  2   -0.236544901015E-03  0.115462205333E-10          
AS G06  2026 09 05 11 00 00.000000  2   -0.531792078962E-03  0.114920534140E-10          
AS G07  2026 09 05 11 00 00.000000  2   -0.221893261940E-03  0.114697965980E-10          
AS G09  2026 09 05 11 00 00.000000  2    0.685571248140E-03  0.114641270069E-10          
AS G11  2026 09 05 11 00 00.000000  2   -0.219622002536E-03  0.114786877239E-10          
AS G13  2026 09 05 11 00 00.000000  2    0.438236544170E-03  0.118911054991E-10          
AS G14  2026 09 05 11 00 00.000000  2    0.749969394746E-03  0.117167120061E-10          
AS G15  2026 09 05 11 00 00.000000  2    0.442237736414E-03  0.117428220473E-10          
AS G17  2026 09 05 11 00 00.000000  2   -0.197406509090E-03  0.116919800722E-10          
AS G18  2026 09 05 11 00 00.000000  2   -0.263525150664E-03  0.116501075616E-10          
AS G19  2026 09 05 11 00 00.000000  2    0.704958051025E-03  0.116379505162E-10          
AS G20  2026 09 05 11 00 00.000000  2    0.278486006424E-03  0.115971272900E-10          
AS G21  2026 09 05 11 00 00.000000  2    0.369283076689E-03  0.114794401729E-10          
AS G22  2026 09 05 11 00 00.000000  2    0.742700842944E-04  0.117174761616E-10          
AS G24  2026 09 05 11 00 00.000000  2    0.193729692285E-03  0.119463742379E-10          
AS G25  2026 09 05 11 00 00.000000  2    0.391475522711E-03  0.116496698853E-10          
AS G26  2026 09 05 11 00 00.000000  2   -0.391819410859E-03  0.117510971324E-10          
AS G28  2026 09 05 11 00 00.000000  2   -0.422668932592E-03  0.116665211810E-10          
AS G29  2026 09 05 11 00 00.000000  2   -0.248904946387E-03  0.115345086228E-10          
AS G30  2026 09 05 11 00 00.000000  2    0.353637341677E-03  0.115497335757E-10          
AS G31  2026 09 05 11 00 00.000000  2   -0.122848909045E-03  0.118101958166E-10          
AS G04  2026 09 05 11 00 30.000000  1    0.647363921256E-04                              
AS G05  2026 09 05 11 00 30.000000  1   -0.236544914749E-03                              
AS G06  2026 09 05 11 00 30.000000  1   -0.531791748533E-03                              
AS G07  2026 09 05 11 00 30.000000  1   -0.221893416642E-03                              
AS G09  2026 09 05 11 00 30.000000  1    0.685570980370E-03                              
AS G11  2026 09 05 11 00 30.000000  1   -0.219621643312E-03                              
AS G13  2026 09 05 11 00 30.000000  1    0.438236689995E-03                              
AS G14  2026 09 05 11 00 30.000000  1    0.749969388905E-03                              
AS G15  2026 09 05 11 00 30.000000  1    0.442237819083E-03                              
AS G17  2026 09 05 11 00 30.000000  1   -0.197406703046E-03                              
AS G18  2026 09 05 11 00 30.000000  1   -0.263524887600E-03                              
AS G19  2026 09 05 11 00 30.000000  1    0.704958044504E-03                              
AS G20  2026 09 05 11 00 30.000000  1    0.278486266106E-03                              
AS G21  2026 09 05 11 00 30.000000  1    0.369282836048E-03                              
AS G22  2026 09 05 11 00 30.000000  1    0.742703498886E-04                              
AS G24  2026 09 05 11 00 30.000000  1    0.193730208136E-03                              
AS G25  2026 09 05 11 00 30.000000  1    0.391475413126E-03                              
AS G26  2026 09 05 11 00 30.000000  1   -0.391819460179E-03                              
AS G28  2026 09 05 11 00 30.000000  1   -0.422668606248E-03                              
AS G29  2026 09 05 11 00 30.000000  1   -0.248904774893E-03                              
AS G30  2026 09 05 11 00 30.000000  1    0.353637710173E-03                              
AS G31  2026 09 05 11 00 30.000000  1   -0.122848789940E-03                              
AS G04  2026 09 05 11 01 00.000000  1    0.647364045609E-04                              
AS G05  2026 09 05 11 01 00.000000  1   -0.236544990158E-03                              
AS G06  2026 09 05 11 01 00.000000  1   -0.531791419766E-03                              
AS G07  2026 09 05 11 01 00.000000  1   -0.221893480978E-03                              
AS G09  2026 09 05 11 01 00.000000  1    0.685570713922E-03                              
AS G11  2026 09 05 11 01 00.000000  1   -0.219621282839E-03                              
AS G13  2026 09 05 11 01 00.000000  1    0.438236848560E-03                              
AS G14  2026 09 05 11 01 00.000000  1    0.749969387067E-03                              
AS G15  2026 09 05 11 01 00.000000  1    0.442237788555E-03                              
AS G17  2026 09 05 11 01 00.000000  1   -0.197406774926E-03                              
AS G18  2026 09 05 11 01 00.000000  1   -0.263524620298E-03                              
AS G19  2026 09 05 11 01 00.000000  1    0.704958068526E-03                              
AS G20  2026 09 05 11 01 00.000000  1    0.278486536110E-03                              
AS G21  2026 09 05 11 01 00.000000  1    0.369282589221E-03                              
AS G22  2026 09 05 11 01 00.000000  1    0.742706783459E-04                              
AS G24  2026 09 05 11 01 00.000000  1    0.193730731079E-03                              
AS G25  2026 09 05 11 01 00.000000  1    0.391475310647E-03                              
AS G26  2026 09 05 11 01 00.000000  1   -0.391819497181E-03                              
AS G28  2026 09 05 11 01 00.000000  1   -0.422668283286E-03                              
AS G29  2026 09 05 11 01 00.000000  1   -0.248904624759E-03                              
AS G30  2026 09 05 11 01 00.000000  1    0.353638085168E-03                              
AS G31  2026 09 05 11 01 00.000000  1   -0.122848567839E-03                              
AS G04  2026 09 05 11 01 30.000000  1    0.647364021858E-04                              
AS G05  2026 09 05 11 01 30.000000  1   -0.236545126770E-03                              
AS G06  2026 09 05 11 01 30.000000  1   -0.531791090097E-03                              
AS G07  2026 09 05 11 01 30.000000  1   -0.221893547858E-03                              
AS G09  2026 09 05 11 01 30.000000  1    0.685570454979E-03                              
AS G11  2026 09 05 11 01 30.000000  1   -0.219620908982E-03                              
AS G13  2026 09 05 11 01 30.000000  1    0.438236998234E-03                              
AS G14  2026 09 05 11 01 30.000000  1    0.749969367985E-03                              
AS G15  2026 09 05 11 01 30.000000  1    0.442237857401E-03                              
AS G17  2026 09 05 11 01 30.000000  1   -0.197406846115E-03                              
AS G18  2026 09 05 11 01 30.000000  1   -0.263524348432E-03                              
AS G19  2026 09 05 11 01 30.000000  1    0.704958059029E-03                              
AS G20  2026 09 05 11 01 30.000000  1    0.278486801268E-03                              
AS G21  2026 09 05 11 01 30.000000  1    0.369282362767E-03                              
AS G22  2026 09 05 11 01 30.000000  1    0.742709141747E-04                              
AS G24  2026 09 05 11 01 30.000000  1    0.193731240490E-03                              
AS G25  2026 09 05 11 01 30.000000  1    0.391475198564E-03                              
AS G26  2026 09 05 11 01 30.000000  1   -0.391819550136E-03                              
AS G28  2026 09 05 11 01 30.000000  1   -0.422667966732E-03                              
AS G29  2026 09 05 11 01 30.000000  1   -0.248904462286E-03                              
AS G30  2026 09 05 11 01 30.000000  1    0.353638446681E-03                              
AS G31  2026 09 05 11 01 30.000000  1   -0.122848502677E-03                              
AS G04  2026 09 05 11 02 00.000000  1    0.647364220893E-04                              
AS G05  2026 09 05 11 02 00.000000  1   -0.236545123343E-03                              
AS G06  2026 09 05 11 02 00.000000  1   -0.531790767582E-03                              
AS G07  2026 09 05 11 02 00.000000  1   -0.221893686682E-03                              
AS G09  2026 09 05 11 02 00.000000  1    0.685570191451E-03                              
AS G11  2026 09 05 11 02 00.000000  1   -0.219620544176E-03                              
AS G13  2026 09 05 11 02 00.000000  1    0.438237150229E-03                              
AS G14  2026 09 05 11 02 00.000000  1    0.749969362280E-03                              
AS G15  2026 09 05 11 02 00.000000  1    0.442237930760E-03                              
AS G17  2026 09 05 11 02 00.000000  1   -0.197406875496E-03                              
AS G18  2026 09 05 11 02 00.000000  1   -0.263524081033E-03                              
AS G19  2026 09 05 11 02 00.000000  1    0.704958024281E-03                              
AS G20  2026 09 05 11 02 00.000000  1    0.278487076096E-03                              
AS G21  2026 09 05 11 02 00.000000  1    0.369282117150E-03                              
AS G22  2026 09 05 11 02 00.000000  1    0.742713086624E-04                              
AS G24  2026 09 05 11 02 00.000000  1    0.193731749859E-03                              
AS G25  2026 09 05 11 02 00.000000  1    0.391475101976E-03                              
AS G26  2026 09 05 11 02 00.000000  1   -0.391819592469E-03                              
AS G28  2026 09 05 11 02 00.000000  1   -0.422667636447E-03                              
AS G29  2026 09 05 11 02 00.000000  1   -0.248904184295E-03                              
AS G30  2026 09 05 11 02 00.000000  1    0.353638821975E-03                              
AS G31  2026 09 05 11 02 00.000000  1   -0.122848273762E-03                              
