     3.04           NAVIGATION DATA     G                   RINEX VERSION / TYPE
                                                            END OF HEADER
G01 2026 09 03 00 00 00 1.816428266466e-04-9.094947017729e-12 0.000000000000e+00
     6.900000000000e+01-3.300000000000e+01 4.507687763289e-09-1.616452308916e+00
    -1.600012183189e-06 1.914743566886e-03 3.913417458534e-06 5.153593370438e+03
     3.456000000000e+05-3.725290298462e-08-1.238275553547e-01-3.725290298462e-08
     9.568165080481e-01 3.029687500000e+02 1.512238943279e-01-8.251415133132e-09
    -2.082229590363e-10 1.000000000000e+00 2.434000000000e+03 0.000000000000e+00
     2.000000000000e+00 0.000000000000e+00-8.847564458847e-09 3.250000000000e+02
     3.384180000000e+05 4.000000000000e+00                                      
G01 2026 09 03 02 00 00 1.815771684051e-04-9.094947017729e-12 0.000000000000e+00
     7.000000000000e+01-2.590625000000e+01 4.670194532348e-09-5.668390976608e-01
    -1.493841409683e-06 1.914409105666e-03 3.650784492493e-06 5.153591100693e+03
     3.528000000000e+05 1.080334186554e-07-1.238865972655e-01 4.470348358154e-08
     9.568142975789e-01 3.091875000000e+02 1.518417475383e-01-8.358919611125e-09
    -3.153702792951e-10 1.000000000000e+00 2.434000000000e+03 0.000000000000e+00
     2.000000000000e+00 0.000000000000e+00-8.847564458847e-09 3.260000000000e+02
     3.456180000000e+05 4.000000000000e+00                                      
G01 2026 09 03 04 00 00 1.815115101635e-04-9.094947017729e-12 0.000000000000e+00
     7.100000000000e+01-2.600000000000e+01 4.786270795962e-09 4.835183000208e-01
    -1.426786184311e-06 1.915959292091e-03 2.736225724220e-06 5.153594045639e+03
     3.600000000000e+05-2.421438694000e-08-1.239473785858e-01 2.607703208923e-08
     9.568114200191e-01 3.206562500000e+02 1.517161882054e-01-8.496425338791e-09
    -3.085842823454e-10 1.000000000000e+00 2.434000000000e+03 0.000000000000e+00
     2.800000000000e+00 0.000000000000e+00-8.847564458847e-09 3.270000000000e+02
     3.528180000000e+05 4.000000000000e+00                                      
G01 2026 09 03 04 59 44 1.814779825509e-04-9.094947017729e-12 0.000000000000e+00
     7.200000000000e+01-3.025000000000e+01 4.845916137572e-09 1.006505345696e+00
    -1.501291990280e-06 1.915550790727e-03 2.712011337280e-06 5.153593008041e+03
     3.635840000000e+05 1.303851604462e-08-1.239779828320e-01 3.725290298462e-09
     9.568102994238e-01 3.218125000000e+02 1.515114045439e-01-8.517140487374e-09
    -2.885834492304e-10 1.000000000000e+00 2.434000000000e+03 0.000000000000e+00
     2.000000000000e+00 0.000000000000e+00-8.847564458847e-09 3.280000000000e+02
     3.564180000000e+05 4.000000000000e+00                                      
G01 2026 09 03 06 00 00 1.814449205995e-04-9.094947017729e-12 0.000000000000e+00
     7.300000000000e+01-3.096875000000e+01 4.873417283106e-09 1.534039426031e+00
    -1.508742570877e-06 1.915479893796e-03 2.730637788773e-06 5.153592687607e+03
     3.672000000000e+05 3.911554813385e-08-1.240089937695e-01 7.078051567078e-08
     9.568093163429e-01 3.230312500000e+02 1.514277110006e-01-8.523569326590e-09
    -2.450102056585e-10 1.000000000000e+00 2.434000000000e+03 0.000000000000e+00
     2.000000000000e+00 0.000000000000e+00-8.847564458847e-09 3.290000000000e+02
     3.600180000000e+05 4.000000000000e+00                                      
G01 2026 09 03 08 00 00 1.813792623580e-04-9.094947017729e-12 0.000000000000e+00
     7.400000000000e+01-2.693750000000e+01 4.821629411647e-09 2.584388543596e+00
    -1.333653926849e-06 1.915944507346e-03 2.933666110039e-06 5.153591894150e+03
     3.744000000000e+05-1.415610313416e-07-1.240707947438e-01-2.048909664154e-08
     9.568084283516e-01 3.194687500000e+02 1.513117601136e-01-8.396064015482e-09
    -1.142904749427e-10 1.000000000000e+00 2.434000000000e+03 0.000000000000e+00
     2.000000000000e+00 0.000000000000e+00-8.847564458847e-09 3.300000000000e+02
     3.672180000000e+05 4.000000000000e+00                                      
G01 2026 09 03 10 00 00 1.813136041164e-04-9.094947017729e-12 0.000000000000e+00
     7.500000000000e+01-2.200000000000e+01 4.768412909252e-09-2.648330271712e+00
    -1.141801476479e-06 1.916649751365e-03 3.378838300705e-06 5.153590541840e+03
     3.816000000000e+05-4.842877388000e-08-1.241309118993e-01-7.078051567078e-08
     9.568079938649e-01 3.129687500000e+02 1.510791151773e-01-8.319989418098e-09
    -1.032185851827e-10 1.000000000000e+00 2.434000000000e+03 0.000000000000e+00
     2.000000000000e+00 0.000000000000e+00-8.847564458847e-09 3.310000000000e+02
     3.744180000000e+05 4.000000000000e+00                                      
G01 2026 09 03 12 00 00 1.812479458749e-04-9.094947017729e-12 0.000000000000e+00
     7.600000000000e+01-1.203125000000e+01 4.730197031693e-09-1.597608771275e+00
    -7.301568984985e-07 1.915700500831e-03 3.483146429062e-06 5.153592981339e+03
     3.888000000000e+05 6.332993507385e-08-1.241914810965e-01-3.166496753693e-08
     9.568074306414e-01 3.099375000000e+02 1.505901274947e-01-8.365348450341e-09
    -1.750072897561e-11 1.000000000000e+00 2.434000000000e+03 0.000000000000e+00
     2.000000000000e+00 0.000000000000e+00-8.847564458847e-09 3.320000000000e+02
     3.816180000000e+05 4.000000000000e+00                                      
G01 2026 09 03 14 00 00 1.811822876334e-04-9.094947017729e-12 0.000000000000e+00
     7.700000000000e+01-3.437500000000e+00 4.760555439100e-09-5.480509753572e-01
    -1.806765794754e-07 1.915228669532e-03 3.192573785782e-06 5.153590414047e+03
     3.960000000000e+05 6.705522537231e-08-1.242516450655e-01 3.352761268616e-08
     9.568072214442e-01 3.155000000000e+02 1.512651705615e-01-8.396064015482e-09
    -2.785830326729e-11 1.000000000000e+00 2.434000000000e+03 0.000000000000e+00
     2.000000000000e+00 0.000000000000e+00-8.847564458847e-09 3.330000000000e+02
     3.888180000000e+05 4.000000000000e+00                                      
G01 2026 09 03 16 00 00 1.811166293919e-04-9.094947017729e-12 0.000000000000e+00
     7.800000000000e+01-8.125000000000e-01 4.701267255223e-09 5.022339420482e-01
    -7.264316082001e-08 1.917139743455e-03 2.639368176460e-06 5.153594034195e+03
     4.032000000000e+05 9.313225746155e-09-1.243123371478e-01 3.725290298462e-08
     9.568067752542e-01 3.289375000000e+02 1.512124382164e-01-8.449994833345e-09
    -2.750114553310e-11 1.000000000000e+00 2.434000000000e+03 0.000000000000e+00
     2.000000000000e+00 0.000000000000e+00-8.847564458847e-09 3.340000000000e+02
     3.960180000000e+05 4.000000000000e+00                                      
G01 2026 09 03 18 00 00 1.810509711504e-04-9.094947017729e-12 0.000000000000e+00
     7.900000000000e+01-4.156250000000e+00 4.659836958056e-09 1.552769229105e+00
    -3.762543201447e-07 1.916801673360e-03 2.300366759300e-06 5.153592769623e+03
     4.104000000000e+05-3.539025783539e-08-1.243729048821e-01 1.676380634308e-08
     9.568064958368e-01 3.325312500000e+02 1.509081834401e-01-8.432136946635e-09
    -6.428839215530e-11 1.000000000000e+00 2.434000000000e+03 0.000000000000e+00
     2.000000000000e+00 0.000000000000e+00-8.847564458847e-09 3.350000000000e+02
     4.032180000000e+05 4.000000000000e+00                                      
G01 2026 09 03 20 00 00 1.809853129089e-04-9.094947017729e-12 0.000000000000e+00
     8.000000000000e+01-3.593750000000e+00 4.581619414267e-09 2.602944865067e+00
    -1.285225152969e-07 1.916976529174e-03 2.391636371613e-06 5.153592771530e+03
     4.176000000000e+05-5.960464477539e-08-1.244337169238e-01-4.097819328308e-08
     9.568062120307e-01 3.295312500000e+02 1.509635285569e-01-8.393563911342e-09
    -4.000166622996e-11 1.000000000000e+00 2.434000000000e+03 0.000000000000e+00
     2.000000000000e+00 0.000000000000e+00-8.847564458847e-09 3.360000000000e+02
     4.104180000000e+05 4.000000000000e+00                                      
G01 2026 09 03 22 00 00 1.809196546674e-04-9.094947017729e-12 0.000000000000e+00
     8.100000000000e+01-1.531250000000e+00 4.533403120151e-09-2.629844360488e+00
    -1.862645149231e-09 1.918130903505e-03 2.939254045486e-06 5.153590593338e+03
     4.248000000000e+05 4.097819328308e-08-1.244936336595e-01 5.587935447693e-09
     9.568063992842e-01 3.203125000000e+02 1.507990585289e-01-8.279987751868e-09
    -5.357366012941e-11 1.000000000000e+00 2.434000000000e+03 0.000000000000e+00
     2.000000000000e+00 0.000000000000e+00-8.847564458847e-09 3.370000000000e+02
     4.176180000000e+05 4.000000000000e+00                                      
G02 2026 09 03 00 00 00 1.688776537776e-04 7.048583938740e-12 0.000000000000e+00
     5.700000000000e+01-1.506250000000e+01 4.562690054355e-09-3.180150042243e-01
    -8.028000593185e-07 1.700100407470e-02 3.665685653687e-06 5.153712118149e+03
     3.456000000000e+05-3.725290298462e-08-2.854817747075e-01-3.539025783539e-07
     9.615648929003e-01 3.134062500000e+02-7.167700488982e-01-8.485353449031e-09
    -1.928651764659e-10 1.000000000000e+00 2.434000000000e+03 0.000000000000e+00
     2.000000000000e+00 0.000000000000e+00-1.769512891769e-08 5.700000000000e+01
     3.384180000000e+05 4.000000000000e+00                                      
G02 2026 09 03 02 00 00 1.689279451966e-04 7.048583938740e-12 0.000000000000e+00
     5.800000000000e+01-1.171875000000e+01 4.741268921453e-09 7.321093769399e-01
    -1.110136508942e-06 1.700104225893e-02 2.918764948845e-06 5.153712408066e+03
     3.528000000000e+05 2.235174179077e-07-2.855428881103e-01-1.993030309677e-07
     9.615627994645e-01 3.211250000000e+02-7.167355620674e-01-8.551427629857e-09
    -2.971552348511e-10 1.000000000000e+00 2.434000000000e+03 0.000000000000e+00
     2.000000000000e+00 0.000000000000e+00-1.769512891769e-08 5.800000000000e+01
     3.456180000000e+05 4.000000000000e+00                                      
G02 2026 09 03 04 00 00 1.689782366157e-04 7.048583938740e-12 0.000000000000e+00
     8.600000000000e+01-1.187500000000e+00 4.690195365463e-09 1.782156175170e+00
    -1.862645149231e-08 1.700207870454e-02 2.015382051468e-06 5.153716409683e+03
     3.600000000000e+05 1.918524503708e-07-2.856025941859e-01 1.154839992523e-07
     9.615611668479e-01 3.334375000000e+02-7.166260333908e-01-8.302131531388e-09
    -4.218032840856e-10 1.000000000000e+00 2.434000000000e+03 0.000000000000e+00
     2.000000000000e+00 0.000000000000e+00-1.769512891769e-08 8.600000000000e+01
     3.528180000000e+05 4.000000000000e+00                                      
G02 2026 09 03 06 00 00 1.690289936960e-04 7.048583938740e-12 0.000000000000e+00
     9.300000000000e+01-5.250000000000e+00 4.734125766769e-09 2.832339097926e+00
    -1.359730958939e-07 1.700209977571e-02 2.143904566765e-06 5.153715782166e+03
     3.672000000000e+05-7.450580596924e-09-2.856634691330e-01 3.855675458908e-07
     9.615588408082e-01 3.363437500000e+02-7.166513740577e-01-8.247129240322e-09
    -1.900079145923e-10 1.000000000000e+00 2.434000000000e+03 0.000000000000e+00
     2.800000000000e+00 0.000000000000e+00-1.769512891769e-08 9.300000000000e+01
     3.600180000000e+05 4.000000000000e+00                                      
G02 2026 09 03 05 59 44 1.690280623734e-04 7.048583938740e-12 0.000000000000e+00
     6.100000000000e+01-5.250000000000e+00 4.734125766769e-09 2.830005510986e+00
    -1.359730958939e-07 1.700210187119e-02 2.143904566765e-06 5.153715776443e+03
     3.671840000000e+05-7.450580596924e-09-2.856633228412e-01 3.855675458908e-07
     9.615588451969e-01 3.363437500000e+02-7.166514252599e-01-8.247129240322e-09
    -1.900079145923e-10 1.000000000000e+00 2.434000000000e+03 0.000000000000e+00
     2.000000000000e+00 0.000000000000e+00-1.769512891769e-08 6.100000000000e+01
     3.607560000000e+05 4.000000000000e+00                                      
G02 2026 09 03 07 59 44 1.690788194537e-04 7.048583938740e-12 0.000000000000e+00
     6.200000000000e+01-3.125000000000e-01 4.633050127992e-09-2.403068470110e+00
     3.408640623093e-07 1.700342632830e-02 2.909451723099e-06 5.153713062286e+03
     3.743840000000e+05-1.825392246246e-07-2.857227041489e-01 2.123415470123e-07
     9.615584560607e-01 3.247187500000e+02-7.166058743796e-01-8.121409717885e-09
    -8.571785620706e-11 1.000000000000e+00 2.434000000000e+03 0.000000000000e+00
     2.000000000000e+00 0.000000000000e+00-1.769512891769e-08 6.200000000000e+01
     3.672180000000e+05 4.000000000000e+00                                      
G02 2026 09 03 10 00 00 1.691291108727e-04 7.048583938740e-12 0.000000000000e+00
     6.400000000000e+01-8.750000000000e-01 4.758769650429e-09-1.350606723288e+00
    -1.154839992523e-07 1.700414053630e-02 3.615394234657e-06 5.153711708069e+03
     3.816000000000e+05-2.030283212662e-07-2.857841072095e-01-2.272427082062e-07
     9.615568614800e-01 3.154062500000e+02-7.165739461925e-01-8.508925859488e-09
     9.714690370133e-11 1.000000000000e+00 2.434000000000e+03 0.000000000000e+00
     2.000000000000e+00 0.000000000000e+00-1.769512891769e-08 6.400000000000e+01
     3.744180000000e+05 4.000000000000e+00                                      
G02 2026 09 03 12 00 00 1.691794022918e-04 7.048583938740e-12 0.000000000000e+00
     8.200000000000e+01 4.906250000000e+00 4.741268921453e-09-3.004327404238e-01
     1.061707735062e-07 1.700385008007e-02 3.423541784286e-06 5.153711692810e+03
     3.888000000000e+05-1.303851604462e-08-2.858453157019e-01-2.924352884293e-07
     9.615575636807e-01 3.153125000000e+02-7.165892965920e-01-8.564642466022e-09
     4.643050544549e-11 1.000000000000e+00 2.434000000000e+03 0.000000000000e+00
     2.000000000000e+00 0.000000000000e+00-1.769512891769e-08 8.200000000000e+01
     3.816180000000e+05 4.000000000000e+00                                      
G02 2026 09 03 14 00 00 1.692301593721e-04 7.048583938740e-12 0.000000000000e+00
     8.800000000000e+01 9.593750000000e+00 4.759841123631e-09 7.496982487413e-01
     2.440065145493e-07 1.700368244201e-02 3.006309270859e-06 5.153711599350e+03
     3.960000000000e+05 2.253800630569e-07-2.859069718473e-01-2.440065145493e-07
     9.615577889701e-01 3.213750000000e+02-7.165602006143e-01-8.533212585413e-09
    -5.357366012941e-12 1.000000000000e+00 2.434000000000e+03 0.000000000000e+00
     2.000000000000e+00 0.000000000000e+00-1.769512891769e-08 8.800000000000e+01
     3.888180000000e+05 4.000000000000e+00                                      
G02 2026 09 03 16 00 00 1.692804507911e-04 7.048583938740e-12 0.000000000000e+00
     9.600000000000e+01 2.678125000000e+01 4.523759861328e-09 1.799693738045e+00
     1.246109604836e-06 1.700482354499e-02 2.278015017509e-06 5.153717220306e+03
     4.032000000000e+05 1.788139343262e-07-2.859659450009e-01 1.508742570877e-07
     9.615583990069e-01 3.340312500000e+02-7.163999628083e-01-8.208913362763e-09
    -1.696499237431e-10 1.000000000000e+00 2.434000000000e+03 0.000000000000e+00
     2.000000000000e+00 0.000000000000e+00-1.769512891769e-08 9.600000000000e+01
     3.960180000000e+05 4.000000000000e+00                                      
G02 2026 09 03 18 00 00 1.693307422101e-04 7.048583938740e-12 0.000000000000e+00
     1.060000000000e+02 2.431250000000e+01 4.493401453921e-09 2.849886738845e+00
     1.199543476105e-06 1.700517116114e-02 1.914799213409e-06 5.153715909958e+03
     4.104000000000e+05 7.450580596924e-09-2.860255208767e-01 2.756714820862e-07
     9.615574685910e-01 3.395625000000e+02-7.164376622072e-01-8.161054226381e-09
    -5.571660653459e-11 1.000000000000e+00 2.434000000000e+03 0.000000000000e+00
     2.000000000000e+00 0.000000000000e+00-1.769512891769e-08 1.060000000000e+02
     4.032180000000e+05 4.000000000000e+00                                      
G02 2026 09 03 20 00 00 1.693810336292e-04 7.048583938740e-12 0.000000000000e+00
     1.530000000000e+02 2.456250000000e+01 4.369467720155e-09-2.383181648053e+00
     1.631677150726e-06 1.700580352917e-02 2.644956111908e-06 5.153714469910e+03
     4.176000000000e+05-1.229345798492e-07-2.860842745926e-01 2.142041921616e-07
     9.615574671281e-01 3.306562500000e+02-7.164002056527e-01-8.123552664290e-09
    -4.643050544549e-12 1.000000000000e+00 2.434000000000e+03 0.000000000000e+00
     2.000000000000e+00 0.000000000000e+00-1.769512891769e-08 1.530000000000e+02
     4.104180000000e+05 4.000000000000e+00                                      
G02 2026 09 03 22 00 00 1.694317907095e-04 7.048583938740e-12 0.000000000000e+00
     1.540000000000e+02 1.821875000000e+01 4.503401870478e-09-1.333104786857e+00
     1.065433025360e-06 1.700678071938e-02 3.430992364883e-06 5.153711500168e+03
     4.248000000000e+05-1.993030309677e-07-2.861447677181e-01-8.381903171539e-08
     9.615567195770e-01 3.182812500000e+02-7.163195388869e-01-8.396421173216e-09
     1.085759511956e-10 1.000000000000e+00 2.434000000000e+03 0.000000000000e+00
     2.000000000000e+00 0.000000000000e+00-1.769512891769e-08 1.540000000000e+02
     4.176180000000e+05 4.000000000000e+00                                      
G03 2026 09 03 02 00 00 2.890056930482e-04-2.069100446533e-11 0.000000000000e+00
     8.000000000000e+00-6.921875000000e+01 3.430142879219e-09-2.781953606986e+00
    -3.458932042122e-06 6.942797219381e-03 8.055940270424e-06 5.153745153427e+03
     3.528000000000e+05 1.303851604462e-08 8.695059202631e-01-3.166496753693e-08
     9.954400600970e-01 2.427500000000e+02 1.296079728820e+00-7.417451823784e-09
     8.964659128322e-11 1.000000000000e+00 2.434000000000e+03 0.000000000000e+00
     2.000000000000e+00 0.000000000000e+00 1.396983861923e-09 8.000000000000e+00
     3.456180000000e+05 4.000000000000e+00                                      
G03 2026 09 03 04 00 00 2.888566814363e-04-2.069100446533e-11 0.000000000000e+00
     9.000000000000e+00-8.425000000000e+01 3.466215810373e-09-1.731577227942e+00
    -4.341825842857e-06 6.941443774849e-03 8.335337042809e-06 5.153749258041e+03
     3.600000000000e+05 1.955777406693e-07 8.694529816466e-01 7.450580596924e-08
     9.954398655289e-01 2.379062500000e+02 1.295831164409e+00-7.546028608095e-09
    -4.143029716675e-11 1.000000000000e+00 2.434000000000e+03 0.000000000000e+00
     2.000000000000e+00 0.000000000000e+00 1.396983861923e-09 9.000000000000e+00
     3.528180000000e+05 4.000000000000e+00                                      
G03 2026 09 03 06 00 00 2.887076698244e-04-2.069100446533e-11 0.000000000000e+00
     1.000000000000e+01-8.637500000000e+01 3.646580466142e-09-6.816164405178e-01
    -4.470348358154e-06 6.940952851437e-03 8.698552846909e-06 5.153746877670e+03
     3.672000000000e+05-4.470348358154e-08 8.693977243049e-01 8.940696716309e-08
     9.954385108667e-01 2.290000000000e+02 1.295998905522e+00-7.771395138373e-09
    -4.214461263514e-11 1.000000000000e+00 2.434000000000e+03 0.000000000000e+00
     2.000000000000e+00 0.000000000000e+00 1.396983861923e-09 1.000000000000e+01
     3.600180000000e+05 4.000000000000e+00                                      
G03 2026 09 03 08 00 00 2.885586582124e-04-2.069100446533e-11 0.000000000000e+00
     2.200000000000e+01-8.056250000000e+01 3.619436478343e-09 3.685578085978e-01
    -4.200264811516e-06 6.941589992493e-03 8.758157491684e-06 5.153748155594e+03
     3.744000000000e+05-8.381903171539e-08 8.693419637194e-01 3.725290298462e-08
     9.954381451372e-01 2.281250000000e+02 1.295953679410e+00-7.762109037283e-09
    -8.107480566251e-11 1.000000000000e+00 2.434000000000e+03 0.000000000000e+00
     2.000000000000e+00 0.000000000000e+00 1.396983861923e-09 2.200000000000e+01
     3.672180000000e+05 4.000000000000e+00                                      
G03 2026 09 03 10 00 00 2.884096466005e-04-2.069100446533e-11 0.000000000000e+00
     2.300000000000e+01-6.778125000000e+01 3.680510450891e-09 1.418897490342e+00
    -3.732740879059e-06 6.940088584088e-03 8.368864655495e-06 5.153744224548e+03
     3.816000000000e+05-1.695007085800e-07 8.692858183864e-01-7.636845111847e-08
     9.954380295667e-01 2.365937500000e+02 1.295744988294e+00-7.674248234671e-09
    -1.178620522847e-11 1.000000000000e+00 2.434000000000e+03 0.000000000000e+00
     2.000000000000e+00 0.000000000000e+00 1.396983861923e-09 2.300000000000e+01
     3.744180000000e+05 4.000000000000e+00                                      
G03 2026 09 03 12 00 00 2.882601693273e-04-2.069100446533e-11 0.000000000000e+00
     2.400000000000e+01-6.496875000000e+01 3.595864067886e-09 2.468718728547e+00
    -3.539025783539e-06 6.939284852706e-03 7.325783371925e-06 5.153748525620e+03
     3.888000000000e+05-1.117587089539e-08 8.692311374345e-01-1.136213541031e-07
     9.954385913272e-01 2.528125000000e+02 1.296053769339e+00-7.542457030753e-09
    -3.214419607765e-12 1.000000000000e+00 2.434000000000e+03 0.000000000000e+00
     2.000000000000e+00 0.000000000000e+00 1.396983861923e-09 2.400000000000e+01
     3.816180000000e+05 4.000000000000e+00                                      
G03 2026 09 03 14 00 00 2.881111577153e-04-2.069100446533e-11 0.000000000000e+00
     2.900000000000e+01-7.450000000000e+01 3.752656313198e-09-2.764315946866e+00
    -3.837049007416e-06 6.941336439922e-03 6.888061761856e-06 5.153744709015e+03
     3.960000000000e+05 1.545995473862e-07 8.691758449827e-01-2.793967723846e-08
     9.954388268570e-01 2.645625000000e+02 1.296033601550e+00-7.606745422908e-09
     1.342913080577e-10 1.000000000000e+00 2.434000000000e+03 0.000000000000e+00
     2.000000000000e+00 0.000000000000e+00 1.396983861923e-09 2.900000000000e+01
     3.888180000000e+05 4.000000000000e+00                                      
G03 2026 09 03 16 00 00 2.879621461034e-04-2.069100446533e-11 0.000000000000e+00
     3.900000000000e+01-8.768750000000e+01 3.691939498385e-09-1.713966172451e+00
    -4.349276423454e-06 6.940467166714e-03 6.930902600288e-06 5.153747941971e+03
     4.032000000000e+05 1.639127731323e-07 8.691211713454e-01 8.381903171539e-08
     9.954397016820e-01 2.642812500000e+02 1.295814866039e+00-7.652461612885e-09
     1.221479450951e-10 1.000000000000e+00 2.434000000000e+03 0.000000000000e+00
     2.800000000000e+00 0.000000000000e+00 1.396983861923e-09 3.900000000000e+01
     3.960180000000e+05 4.000000000000e+00                                      
G03 2026 09 03 18 00 00 2.878126688302e-04-2.069100446533e-11 0.000000000000e+00
     4.000000000000e+01-9.259375000000e+01 3.735512741957e-09-6.640005105836e-01
    -4.680827260017e-06 6.939789629541e-03 7.705762982368e-06 5.153745468140e+03
     4.104000000000e+05-2.048909664154e-08 8.690653712611e-01 1.005828380585e-07
     9.954397996975e-01 2.555937500000e+02 1.295979483822e+00-7.818539959286e-09
     1.200049986899e-10 1.000000000000e+00 2.434000000000e+03 0.000000000000e+00
     2.800000000000e+00 0.000000000000e+00 1.396983861923e-09 4.000000000000e+01
     4.032180000000e+05 4.000000000000e+00                                      
G03 2026 09 03 20 00 00 2.876636572182e-04-2.069100446533e-11 0.000000000000e+00
     4.200000000000e+01-8.734375000000e+01 3.572648815163e-09 3.861544982334e-01
    -4.792585968971e-06 6.940666935407e-03 7.573515176773e-06 5.153747158051e+03
     4.176000000000e+05-1.005828380585e-07 8.690095287521e-01 2.048909664154e-08
     9.954405238420e-01 2.517500000000e+02 1.295954494255e+00-7.793538917893e-09
     4.285892810353e-11 1.000000000000e+00 2.434000000000e+03 0.000000000000e+00
     2.800000000000e+00 0.000000000000e+00 1.396983861923e-09 4.200000000000e+01
     4.104180000000e+05 4.000000000000e+00                                      
G03 2026 09 03 19 59 44 2.876599319279e-04-2.080469130306e-11 0.000000000000e+00
     1.100000000000e+01-8.734375000000e+01 3.572648815163e-09 3.838218139135e-01
    -4.792585968971e-06 6.940659717657e-03 7.573515176773e-06 5.153747169495e+03
     4.175840000000e+05-1.005828380585e-07 8.690096882102e-01 2.048909664154e-08
     9.954404887320e-01 2.517500000000e+02 1.295953506785e+00-7.793538917893e-09
     4.285892810353e-11 1.000000000000e+00 2.434000000000e+03 0.000000000000e+00
     2.000000000000e+00 0.000000000000e+00 1.396983861923e-09 1.100000000000e+01
     4.114380000000e+05 4.000000000000e+00                                      
G03 2026 09 03 21 59 44 2.875104546547e-04-2.080469130306e-11 0.000000000000e+00
     1.200000000000e+01-7.318750000000e+01 3.568362922353e-09 1.434185064730e+00
    -3.924593329430e-06 6.939215702005e-03 7.148832082748e-06 5.153743074417e+03
     4.247840000000e+05-1.210719347000e-07 8.689534551022e-01-7.823109626770e-08
     9.954409773466e-01 2.584062500000e+02 1.295721009604e+00-7.742465361903e-09
     6.714565402886e-11 1.000000000000e+00 2.434000000000e+03 0.000000000000e+00
     2.000000000000e+00 0.000000000000e+00 1.396983861923e-09 1.200000000000e+01
     4.176180000000e+05 4.000000000000e+00                                      
G03 2026 09 03 21 59 28 2.875081263483e-04-2.091837814078e-11 0.000000000000e+00
     2.500000000000e+01-7.318750000000e+01 3.568362922353e-09 1.431852386262e+00
    -3.924593329430e-06 6.939215236343e-03 7.148832082748e-06 5.153743078232e+03
     4.247680000000e+05-1.210719347000e-07 8.689535838390e-01-7.823109626770e-08
     9.954409934387e-01 2.584062500000e+02 1.295720051392e+00-7.742465361903e-09
     6.714565402886e-11 1.000000000000e+00 2.434000000000e+03 0.000000000000e+00
     2.000000000000e+00 0.000000000000e+00 1.396983861923e-09 2.500000000000e+01
     4.221180000000e+05 4.000000000000e+00                                      
G03 2026 09 03 23 59 28 2.873577177525e-04-2.091837814078e-11 0.000000000000e+00
     6.700000000000e+01-6.843750000000e+01 3.415499412117e-09 2.481664817701e+00
    -3.609806299210e-06 6.938261212781e-03 6.236135959625e-06 5.153747583389e+03
     4.319680000000e+05 6.891787052155e-08 8.688986732088e-01-3.539025783539e-08
     9.954423173796e-01 2.750312500000e+02 1.296037258845e+00-7.554957551450e-09
     5.535944880039e-11 1.000000000000e+00 2.434000000000e+03 0.000000000000e+00
     2.000000000000e+00 0.000000000000e+00 1.396983861923e-09 6.700000000000e+01
     4.248180000000e+05 4.000000000000e+00                                      
G04 2026 09 03 00 00 00 6.467197090387e-05 3.410605131648e-13 0.000000000000e+00
     9.200000000000e+01-1.731250000000e+01 4.318751321899e-09-7.809428244433e-01
    -9.089708328247e-07 3.907529986463e-03 7.377937436104e-06 5.153662652969e+03
     3.456000000000e+05 6.519258022308e-08 1.937249122088e+00-2.793967723846e-08
     9.724721453111e-01 2.403125000000e+02-2.914810749156e+00-7.951045478673e-09
     4.632335812523e-10 1.000000000000e+00 2.434000000000e+03 0.000000000000e+00
     2.000000000000e+00 0.000000000000e+00-4.656612873077e-09 9.200000000000e+01
     3.384180000000e+05 4.000000000000e+00                                      
G04 2026 09 03 02 00 00 6.467429921031e-05 3.410605131648e-13 0.000000000000e+00
     9.300000000000e+01-2.234375000000e+01 4.245891144123e-09 2.693482723281e-01
    -1.104548573494e-06 3.907822538167e-03 7.424503564835e-06 5.153663391113e+03
     3.528000000000e+05 1.024454832077e-07 1.937191992211e+00 2.980232238770e-08
     9.724755875574e-01 2.427500000000e+02-2.914916575187e+00-7.917115493925e-09
     4.496615873529e-10 1.000000000000e+00 2.434000000000e+03 0.000000000000e+00
     2.000000000000e+00 0.000000000000e+00-4.656612873077e-09 9.300000000000e+01
     3.456180000000e+05 4.000000000000e+00                                      
G04 2026 09 03 04 00 00 6.467662751675e-05 3.410605131648e-13 0.000000000000e+00
     9.400000000000e+01-2.834375000000e+01 4.241962409047e-09 1.319603760211e+00
    -1.348555088043e-06 3.907172242180e-03 7.538124918938e-06 5.153662162781e+03
     3.600000000000e+05-1.862645149231e-08 1.937135805916e+00 6.891787052155e-08
     9.724787152762e-01 2.412500000000e+02-2.914986428062e+00-7.845326789351e-09
     3.668009930194e-10 1.000000000000e+00 2.434000000000e+03 0.000000000000e+00
     2.000000000000e+00 0.000000000000e+00-4.656612873077e-09 9.400000000000e+01
     3.528180000000e+05 4.000000000000e+00                                      
G04 2026 09 03 06 00 00 6.467895582318e-05 3.410605131648e-13 0.000000000000e+00
     9.500000000000e+01-2.893750000000e+01 4.243391039984e-09 2.369655065691e+00
    -1.488253474236e-06 3.907320904545e-03 7.851049304008e-06 5.153663032532e+03
     3.672000000000e+05-5.960464477539e-08 1.937079226096e+00 4.284083843231e-08
     9.724814801914e-01 2.358125000000e+02-2.914852320899e+00-7.821040063426e-09
     3.900162457421e-10 1.000000000000e+00 2.434000000000e+03 0.000000000000e+00
     2.000000000000e+00 0.000000000000e+00-4.656612873077e-09 9.500000000000e+01
     3.600180000000e+05 4.000000000000e+00                                      
G04 2026 09 03 08 00 00 6.468128412962e-05 3.410605131648e-13 0.000000000000e+00
     9.600000000000e+01-2.490625000000e+01 4.282321233011e-09-2.863221016237e+00
    -1.333653926849e-06 3.908195649274e-03 8.113682270050e-06 5.153661220551e+03
     3.744000000000e+05-4.470348358154e-08 1.937022975433e+00 1.303851604462e-08
     9.724843972500e-01 2.290312500000e+02-2.914975049486e+00-7.803182176716e-09
     3.971594004260e-10 1.000000000000e+00 2.434000000000e+03 0.000000000000e+00
     2.000000000000e+00 0.000000000000e+00-4.656612873077e-09 9.600000000000e+01
     3.672180000000e+05 4.000000000000e+00                                      
G04 2026 09 03 10 00 00 6.468361243606e-05 3.410605131648e-13 0.000000000000e+00
     9.700000000000e+01-2.156250000000e+01 4.255177245212e-09-1.812996208672e+00
    -1.203268766403e-06 3.907835576683e-03 8.076429367065e-06 5.153661893845e+03
     3.816000000000e+05-9.685754776001e-08 1.936967024669e+00-3.352761268616e-08
     9.724872119044e-01 2.298750000000e+02-2.915013650042e+00-7.788895867348e-09
     3.550147877909e-10 1.000000000000e+00 2.434000000000e+03 0.000000000000e+00
     2.000000000000e+00 0.000000000000e+00-4.656612873077e-09 9.700000000000e+01
     3.744180000000e+05 4.000000000000e+00                                      
G04 2026 09 03 12 00 00 6.468594074249e-05 3.410605131648e-13 0.000000000000e+00
     9.800000000000e+01-3.040625000000e+01 4.287321441290e-09-7.625582071302e-01
    -1.721084117889e-06 3.908411366865e-03 8.145347237587e-06 5.153663993835e+03
     3.888000000000e+05 7.078051567078e-08 1.936911394283e+00-4.656612873077e-08
     9.724890639587e-01 2.293125000000e+02-2.915266016577e+00-7.870684988479e-09
     2.314382117591e-10 1.000000000000e+00 2.434000000000e+03 0.000000000000e+00
     2.000000000000e+00 0.000000000000e+00-4.656612873077e-09 9.800000000000e+01
     3.816180000000e+05 4.000000000000e+00                                      
G04 2026 09 03 14 00 00 6.468826904893e-05 3.410605131648e-13 0.000000000000e+00
     9.900000000000e+01-3.581250000000e+01 4.331966158064e-09 2.877663465777e-01
    -1.970678567886e-06 3.909172839485e-03 7.653608918190e-06 5.153665643692e+03
     3.960000000000e+05 2.607703208923e-08 1.936854562841e+00-1.490116119385e-08
     9.724904917668e-01 2.353125000000e+02-2.915406227034e+00-7.916758336190e-09
     2.242950570751e-10 1.000000000000e+00 2.434000000000e+03 0.000000000000e+00
     2.800000000000e+00 0.000000000000e+00-4.656612873077e-09 9.900000000000e+01
     3.888180000000e+05 4.000000000000e+00                                      
G04 2026 09 03 15 14 40 6.468873471022e-05 3.410605131648e-13 0.000000000000e+00
     1.000000000000e+02-4.309375000000e+01 4.424112853487e-09 9.413533849527e-01
    -2.114102244377e-06 3.908386453986e-03 7.649883627892e-06 5.153663881302e+03
     4.004800000000e+05 7.823109626770e-08 1.936818898361e+00-3.352761268616e-08
     9.724914704589e-01 2.359687500000e+02-2.915544557642e+00-7.941402219850e-09
     2.517962026082e-10 1.000000000000e+00 2.434000000000e+03 0.000000000000e+00
     2.000000000000e+00 0.000000000000e+00-4.656612873077e-09 1.000000000000e+02
     3.933180000000e+05 4.000000000000e+00                                      
G04 2026 09 03 16 00 00 6.468966603279e-05 3.410605131648e-13 0.000000000000e+00
     1.010000000000e+02-4.281250000000e+01 4.460185784641e-09 1.338070627167e+00
    -2.043321728706e-06 3.908419981599e-03 7.811933755875e-06 5.153664035797e+03
     4.032000000000e+05 1.359730958939e-07 1.936796997015e+00 5.587935447693e-08
     9.724922121584e-01 2.353750000000e+02-2.915524587347e+00-7.956402844686e-09
     3.135844906242e-10 1.000000000000e+00 2.434000000000e+03 0.000000000000e+00
     2.000000000000e+00 0.000000000000e+00-4.656612873077e-09 1.010000000000e+02
     3.960180000000e+05 4.000000000000e+00                                      
G04 2026 09 03 18 00 00 6.469199433923e-05 3.410605131648e-13 0.000000000000e+00
     1.020000000000e+02-4.606250000000e+01 4.385896975928e-09 2.388039391883e+00
    -2.257525920868e-06 3.908421611413e-03 8.210539817810e-06 5.153665554047e+03
     4.104000000000e+05-1.285225152969e-07 1.936739040589e+00 7.078051567078e-08
     9.724955739442e-01 2.292187500000e+02-2.915307344013e+00-7.829611849047e-09
     5.032352474823e-10 1.000000000000e+00 2.434000000000e+03 0.000000000000e+00
     2.000000000000e+00 0.000000000000e+00-4.656612873077e-09 1.020000000000e+02
     4.032180000000e+05 4.000000000000e+00                                      
G04 2026 09 03 20 00 00 6.469432264566e-05 3.410605131648e-13 0.000000000000e+00
     1.030000000000e+02-4.259375000000e+01 4.353395622116e-09-2.844821123133e+00
    -2.127140760422e-06 3.909748629667e-03 8.877366781235e-06 5.153662897110e+03
     4.176000000000e+05-6.705522537231e-08 1.936682901108e+00-5.587935447693e-09
     9.724995720993e-01 2.190625000000e+02-2.915446182253e+00-7.764251983689e-09
     5.210931341921e-10 1.000000000000e+00 2.434000000000e+03 0.000000000000e+00
     2.000000000000e+00 0.000000000000e+00-4.656612873077e-09 1.030000000000e+02
     4.104180000000e+05 4.000000000000e+00                                      
G04 2026 09 03 22 00 00 6.469665095210e-05 3.410605131648e-13 0.000000000000e+00
     1.040000000000e+02-3.856250000000e+01 4.241962409047e-09-1.794594015861e+00
    -2.294778823853e-06 3.909331047907e-03 8.601695299149e-06 5.153663648605e+03
     4.248000000000e+05-5.587935447693e-08 1.936626875734e+00-4.470348358154e-08
     9.725033361875e-01 2.201250000000e+02-2.915487805198e+00-7.778181135322e-09
     5.232360805973e-10 1.000000000000e+00 2.434000000000e+03 0.000000000000e+00
     2.000000000000e+00 0.000000000000e+00-4.656612873077e-09 1.040000000000e+02
     4.176180000000e+05 4.000000000000e+00                                      
G05 2026 09 03 00 00 00-2.364832907915e-04-3.410605131648e-13 0.000000000000e+00
     1.050000000000e+02-7.846875000000e+01 3.683724870498e-09-2.725720127356e-01
    -3.973022103310e-06 5.419279914349e-03 9.238719940186e-06 5.153565195084e+03
     3.456000000000e+05-1.061707735062e-07 8.073965145971e-01 7.823109626770e-08
     9.818180062380e-01 2.120312500000e+02 1.501891001023e+00-7.792110286956e-09
     1.200049986899e-10 1.000000000000e+00 2.434000000000e+03 0.000000000000e+00
     2.800000000000e+00 0.000000000000e+00-1.024454832077e-08 1.050000000000e+02
     3.384180000000e+05 4.000000000000e+00                                      
G05 2026 09 03 02 00 00-2.364851534367e-04-3.410605131648e-13 0.000000000000e+00
     1.080000000000e+02-6.712500000000e+01 3.848374585963e-09 7.778513830323e-01
    -3.539025783539e-06 5.416850210167e-03 8.709728717804e-06 5.153560251236e+03
     3.528000000000e+05-2.607703208923e-08 8.073411153523e-01-9.126961231232e-08
     9.818182051949e-01 2.273750000000e+02 1.501710017576e+00-7.819968590223e-09
    -3.321566928024e-11 1.000000000000e+00 2.434000000000e+03 0.000000000000e+00
     2.800000000000e+00 0.000000000000e+00-1.024454832077e-08 1.080000000000e+02
     3.456180000000e+05 4.000000000000e+00                                      
G05 2026 09 03 01 59 44-2.364865504205e-04-3.410605131648e-13 0.000000000000e+00
     3.000000000000e+00-6.712500000000e+01 3.848017428229e-09 7.755168934715e-01
    -3.539025783539e-06 5.416852072813e-03 8.709728717804e-06 5.153560251236e+03
     3.527840000000e+05-2.607703208923e-08 8.073412411633e-01-9.126961231232e-08
     9.818182110466e-01 2.273750000000e+02 1.501710615909e+00-7.819968590223e-09
    -3.321566928024e-11 1.000000000000e+00 2.434000000000e+03 0.000000000000e+00
     2.000000000000e+00 0.000000000000e+00-1.024454832077e-08 3.000000000000e+00
     3.460860000000e+05 4.000000000000e+00                                      
G05 2026 09 03 03 59 44-2.364884130657e-04-3.410605131648e-13 0.000000000000e+00
     9.000000000000e+00-6.746875000000e+01 3.833016803392e-09 1.825479869421e+00
    -3.721565008163e-06 5.416735657491e-03 7.860362529755e-06 5.153562976837e+03
     3.599840000000e+05 7.450580596924e-08 8.072850226844e-01-9.126961231232e-08
     9.818182388420e-01 2.401875000000e+02 1.501992929840e+00-7.756394513536e-09
    -3.571577341961e-11 1.000000000000e+00 2.434000000000e+03 0.000000000000e+00
     2.000000000000e+00 0.000000000000e+00-1.024454832077e-08 9.000000000000e+00
     3.528180000000e+05 4.000000000000e+00                                      
G05 2026 09 03 06 00 00-2.364907413721e-04-3.410605131648e-13 0.000000000000e+00
     1.000000000000e+01-7.034375000000e+01 3.876947204698e-09 2.878029552249e+00
    -3.611668944359e-06 5.417253589258e-03 7.458031177521e-06 5.153562498093e+03
     3.672000000000e+05 7.078051567078e-08 8.072294873883e-01-1.490116119385e-08
     9.818180559772e-01 2.469687500000e+02 1.502020356628e+00-7.705678115281e-09
    -6.071681481333e-11 1.000000000000e+00 2.434000000000e+03 0.000000000000e+00
     2.000000000000e+00 0.000000000000e+00-1.024454832077e-08 1.000000000000e+01
     3.600180000000e+05 4.000000000000e+00                                      
G05 2026 09 03 08 00 00-2.364930696785e-04-3.410605131648e-13 0.000000000000e+00
     1.100000000000e+01-7.878125000000e+01 3.866946788141e-09-2.354796708541e+00
    -4.017725586891e-06 5.416911444627e-03 7.493421435356e-06 5.153563421249e+03
     3.744000000000e+05 8.381903171539e-08 8.071739506292e-01 1.862645149231e-08
     9.818176960994e-01 2.465937500000e+02 1.501905953509e+00-7.711035481293e-09
    -4.821629411647e-11 1.000000000000e+00 2.434000000000e+03 0.000000000000e+00
     2.000000000000e+00 0.000000000000e+00-1.024454832077e-08 1.100000000000e+01
     3.672180000000e+05 4.000000000000e+00                                      
G05 2026 09 03 10 00 00-2.364949323237e-04-3.410605131648e-13 0.000000000000e+00
     3.600000000000e+01-8.740625000000e+01 3.951236013411e-09-1.304497366763e+00
    -4.457309842110e-06 5.416242987849e-03 7.571652531624e-06 5.153564304352e+03
     3.816000000000e+05-4.470348358154e-08 8.071182295425e-01 1.378357410431e-07
     9.818165360054e-01 2.439375000000e+02 1.501849312246e+00-7.868184884340e-09
    -8.214627886510e-11 1.000000000000e+00 2.434000000000e+03 0.000000000000e+00
     2.000000000000e+00 0.000000000000e+00-1.024454832077e-08 3.600000000000e+01
     3.744180000000e+05 4.000000000000e+00                                      
G05 2026 09 03 12 00 00-2.364972606301e-04-3.410605131648e-13 0.000000000000e+00
     3.700000000000e+01-8.756250000000e+01 4.035882396416e-09-2.543292896986e-01
    -4.399567842484e-06 5.416428670287e-03 7.875263690948e-06 5.153563991547e+03
     3.888000000000e+05-2.421438694000e-08 8.070606198286e-01-1.862645149231e-09
     9.818157738250e-01 2.375312500000e+02 1.501926192980e+00-7.980332412877e-09
    -1.928651764659e-11 1.000000000000e+00 2.434000000000e+03 0.000000000000e+00
     2.000000000000e+00 0.000000000000e+00-1.024454832077e-08 3.700000000000e+01
     3.816180000000e+05 4.000000000000e+00                                      
G05 2026 09 03 14 00 00-2.364995889366e-04-3.410605131648e-13 0.000000000000e+00
     3.800000000000e+01-7.687500000000e+01 4.120171621686e-09 7.960776394633e-01
    -3.952533006668e-06 5.414872663096e-03 7.584691047668e-06 5.153560691833e+03
     3.960000000000e+05-8.940696716309e-08 8.070029194137e-01 3.352761268616e-08
     9.818158455080e-01 2.462812500000e+02 1.501764680973e+00-7.957117160155e-09
     3.607293115380e-11 1.000000000000e+00 2.434000000000e+03 0.000000000000e+00
     2.000000000000e+00 0.000000000000e+00-1.024454832077e-08 3.800000000000e+01
     3.888180000000e+05 4.000000000000e+00                                      
G05 2026 09 03 16 00 00-2.365014515817e-04-3.410605131648e-13 0.000000000000e+00
     3.900000000000e+01-7.428125000000e+01 4.014452932364e-09 1.846111008105e+00
    -3.911554813385e-06 5.414573359303e-03 6.970018148422e-06 5.153562671661e+03
     4.032000000000e+05 2.235174179077e-08 8.069458919411e-01-1.080334186554e-07
     9.818170714334e-01 2.573437500000e+02 1.501978417693e+00-7.779966923993e-09
     8.250343659930e-11 1.000000000000e+00 2.434000000000e+03 0.000000000000e+00
     2.000000000000e+00 0.000000000000e+00-1.024454832077e-08 3.900000000000e+01
     3.960180000000e+05 4.000000000000e+00                                      
G05 2026 09 03 18 00 00-2.365037798882e-04-3.410605131648e-13 0.000000000000e+00
     4.100000000000e+01-7.125000000000e+01 3.946235805133e-09 2.896217513873e+00
    -3.924593329430e-06 5.414554849267e-03 6.534159183502e-06 5.153563669205e+03
     4.104000000000e+05 5.960464477539e-08 8.068900391918e-01-6.146728992462e-08
     9.818177121915e-01 2.655000000000e+02 1.502115810570e+00-7.760323248613e-09
     8.536069847286e-11 1.000000000000e+00 2.434000000000e+03 0.000000000000e+00
     2.000000000000e+00 0.000000000000e+00-1.024454832077e-08 4.100000000000e+01
     4.032180000000e+05 4.000000000000e+00                                      
G05 2026 09 03 20 00 00-2.365061081946e-04-3.410605131648e-13 0.000000000000e+00
     4.200000000000e+01-7.753125000000e+01 3.847660270494e-09-2.336643938873e+00
    -4.032626748085e-06 5.414823535830e-03 5.951151251793e-06 5.153563405991e+03
     4.176000000000e+05 9.313225746155e-08 8.068340825752e-01-1.303851604462e-08
     9.818184392618e-01 2.693750000000e+02 1.502036404840e+00-7.772109453841e-09
     1.014327965117e-10 1.000000000000e+00 2.434000000000e+03 0.000000000000e+00
     2.000000000000e+00 0.000000000000e+00-1.024454832077e-08 4.200000000000e+01
     4.104180000000e+05 4.000000000000e+00                                      
G05 2026 09 03 22 00 00-2.365079708397e-04-3.410605131648e-13 0.000000000000e+00
     4.800000000000e+01-8.703125000000e+01 3.814444601214e-09-1.286277039539e+00
    -4.256144165993e-06 5.414140759967e-03 6.208196282387e-06 5.153564945221e+03
     4.248000000000e+05-7.450580596924e-09 8.067779109097e-01 1.229345798492e-07
     9.818183514867e-01 2.696875000000e+02 1.501911553559e+00-7.923544333140e-09
     6.107397254753e-11 1.000000000000e+00 2.434000000000e+03 0.000000000000e+00
     2.000000000000e+00 0.000000000000e+00-1.024454832077e-08 4.800000000000e+01
     4.176180000000e+05 4.000000000000e+00                                      
G05 2026 09 03 23 59 44-2.365098334849e-04-3.410605131648e-13 0.000000000000e+00
     4.300000000000e+01-8.940625000000e+01 3.792657979428e-09-2.384731770679e-01
    -4.515051841736e-06 5.414104321972e-03 6.573274731636e-06 5.153564144135e+03
     4.319840000000e+05-1.098960638046e-07 8.067209843785e-01 8.568167686462e-08
     9.818187201421e-01 2.636875000000e+02 1.502016743221e+00-7.925330121811e-09
     2.892977646988e-11 1.000000000000e+00 2.434000000000e+03 0.000000000000e+00
     2.000000000000e+00 0.000000000000e+00-1.024454832077e-08 4.300000000000e+01
     4.279860000000e+05 4.000000000000e+00                                      
G06 2026 09 03 00 00 00-5.340874195099e-04 1.068656274583e-11 0.000000000000e+00
     5.500000000000e+01-3.568750000000e+01 4.040525446960e-09-2.478418798514e+00
    -1.851469278336e-06 3.770926268771e-03 3.911554813385e-06 5.153747316360e+03
     3.456000000000e+05-2.235174179077e-08-1.681211072389e-01 2.607703208923e-08
     9.855133563242e-01 3.181250000000e+02-5.717071872477e-01-8.013190924423e-09
    -2.525105180766e-10 1.000000000000e+00 2.434000000000e+03 0.000000000000e+00
     2.000000000000e+00 0.000000000000e+00 3.725290298462e-09 5.500000000000e+01
     3.384180000000e+05 4.000000000000e+00                                      
G06 2026 09 03 02 00 00-5.340105853975e-04 1.068656274583e-11 0.000000000000e+00
     5.600000000000e+01-2.278125000000e+01 4.028382083998e-09-1.427835668184e+00
    -1.147389411926e-06 3.770489478484e-03 3.846362233162e-06 5.153750598907e+03
     3.528000000000e+05-1.862645149231e-09-1.681791777721e-01-4.284083843231e-08
     9.855114574565e-01 3.190625000000e+02-5.721584886976e-01-8.061764376274e-09
    -2.242950570751e-10 1.000000000000e+00 2.434000000000e+03 0.000000000000e+00
     2.000000000000e+00 0.000000000000e+00 3.725290298462e-09 5.600000000000e+01
     3.456180000000e+05 4.000000000000e+00                                      
G06 2026 09 03 04 00 00-5.339332856238e-04 1.068656274583e-11 0.000000000000e+00
     6.200000000000e+01-1.659375000000e+01 4.064097857417e-09-3.777463136673e-01
    -8.717179298401e-07 3.769889590330e-03 3.773719072342e-06 5.153749670029e+03
     3.600000000000e+05 3.725290298462e-08-1.682372044177e-01-3.911554813385e-08
     9.855098497096e-01 3.215312500000e+02-5.721176074519e-01-8.073550581502e-09
    -2.317953694933e-10 1.000000000000e+00 2.434000000000e+03 0.000000000000e+00
     2.000000000000e+00 0.000000000000e+00 3.725290298462e-09 6.200000000000e+01
     3.528180000000e+05 4.000000000000e+00                                      
G06 2026 09 03 06 00 00-5.338559858501e-04 1.068656274583e-11 0.000000000000e+00
     6.500000000000e+01-1.484375000000e+01 4.132314984649e-09 6.722676771615e-01
    -9.294599294662e-07 3.770217765123e-03 3.311783075333e-06 5.153750408173e+03
     3.672000000000e+05 1.303851604462e-08-1.682953700405e-01 1.862645149231e-09
     9.855078835477e-01 3.277187500000e+02-5.719999771350e-01-8.125695610695e-09
    -2.489389407347e-10 1.000000000000e+00 2.434000000000e+03 0.000000000000e+00
     2.000000000000e+00 0.000000000000e+00 3.725290298462e-09 6.500000000000e+01
     3.600180000000e+05 4.000000000000e+00                                      
G06 2026 09 03 08 00 00-5.337786860764e-04 1.080024958355e-11 0.000000000000e+00
     6.800000000000e+01-1.653125000000e+01 4.221247260464e-09 1.722432617729e+00
    -7.282942533493e-07 3.770572133362e-03 2.942979335785e-06 5.153750429153e+03
     3.744000000000e+05 3.725290298462e-08-1.683540944981e-01-1.117587089539e-08
     9.855060373450e-01 3.331250000000e+02-5.720337851718e-01-8.152482440760e-09
    -2.267951612145e-10 1.000000000000e+00 2.434000000000e+03 0.000000000000e+00
     2.000000000000e+00 0.000000000000e+00 3.725290298462e-09 6.800000000000e+01
     3.672180000000e+05 4.000000000000e+00                                      
G06 2026 09 03 10 00 00-5.337009206414e-04 1.080024958355e-11 0.000000000000e+00
     6.900000000000e+01-2.015625000000e+01 4.235533569831e-09 2.772617363282e+00
    -8.903443813324e-07 3.770408686250e-03 3.015622496605e-06 5.153750326157e+03
     3.816000000000e+05-6.519258022308e-08-1.684134289925e-01 1.266598701477e-07
     9.855048918802e-01 3.342187500000e+02-5.720858109275e-01-8.120338244682e-09
    -9.178953768839e-11 1.000000000000e+00 2.434000000000e+03 0.000000000000e+00
     2.000000000000e+00 0.000000000000e+00 3.725290298462e-09 6.900000000000e+01
     3.744180000000e+05 4.000000000000e+00                                      
G06 2026 09 03 12 00 00-5.336236208677e-04 1.080024958355e-11 0.000000000000e+00
     7.000000000000e+01-1.559375000000e+01 4.189460222120e-09-2.460535079962e+00
    -6.277114152908e-07 3.771576448344e-03 3.483146429062e-06 5.153748052597e+03
     3.888000000000e+05-5.774199962616e-08-1.684718096642e-01-1.862645149231e-09
     9.855049621003e-01 3.262500000000e+02-5.719861584108e-01-8.001761876929e-09
    -3.893019302737e-11 1.000000000000e+00 2.434000000000e+03 0.000000000000e+00
     2.800000000000e+00 0.000000000000e+00 3.725290298462e-09 7.000000000000e+01
     3.816180000000e+05 4.000000000000e+00                                      
G06 2026 09 03 11 59 44-5.336236208677e-04 1.080024958355e-11 0.000000000000e+00
     2.900000000000e+01-1.559375000000e+01 4.189817379854e-09-2.462869398362e+00
    -6.277114152908e-07 3.771582734771e-03 3.483146429062e-06 5.153748048782e+03
     3.887840000000e+05-5.774199962616e-08-1.684716955566e-01-1.862645149231e-09
     9.855049738036e-01 3.262500000000e+02-5.719854459697e-01-8.001761876929e-09
    -3.893019302737e-11 1.000000000000e+00 2.434000000000e+03 0.000000000000e+00
     2.000000000000e+00 0.000000000000e+00 3.725290298462e-09 2.900000000000e+01
     3.828180000000e+05 4.000000000000e+00                                      
G06 2026 09 03 13 59 44-5.335463210940e-04 1.080024958355e-11 0.000000000000e+00
     4.200000000000e+01-2.656250000000e+00 4.083741532798e-09-1.412292172369e+00
    -3.129243850708e-07 3.771310206503e-03 3.628432750702e-06 5.153751184464e+03
     3.959840000000e+05-1.862645149231e-08-1.685297573123e-01-7.823109626770e-08
     9.855046095370e-01 3.249687500000e+02-5.724303105801e-01-8.058549956666e-09
    -7.143154683922e-13 1.000000000000e+00 2.434000000000e+03 0.000000000000e+00
     2.000000000000e+00 0.000000000000e+00 3.725290298462e-09 4.200000000000e+01
     3.888180000000e+05 4.000000000000e+00                                      
G06 2026 09 03 16 00 00-5.334685556591e-04 1.080024958355e-11 0.000000000000e+00
     8.000000000000e+01 3.593750000000e+00 3.990880521907e-09-3.597424471169e-01
     6.705522537231e-08 3.771019401029e-03 3.330409526825e-06 5.153751319885e+03
     4.032000000000e+05 2.980232238770e-08-1.685879682856e-01-5.215406417847e-08
     9.855046782941e-01 3.231250000000e+02-5.725169460517e-01-8.072121950566e-09
     6.071681481333e-12 1.000000000000e+00 2.434000000000e+03 0.000000000000e+00
     2.000000000000e+00 0.000000000000e+00 3.725290298462e-09 8.000000000000e+01
     3.960180000000e+05 4.000000000000e+00                                      
G06 2026 09 03 15 59 28-5.334694869816e-04 1.080024958355e-11 0.000000000000e+00
     7.800000000000e+01 3.593750000000e+00 3.990880521907e-09-3.644099325993e-01
     6.705522537231e-08 3.771020099521e-03 3.330409526825e-06 5.153751319885e+03
     4.031680000000e+05 2.980232238770e-08-1.685877108120e-01-5.215406417847e-08
     9.855046768312e-01 3.231250000000e+02-5.725167075960e-01-8.072121950566e-09
     6.071681481333e-12 1.000000000000e+00 2.434000000000e+03 0.000000000000e+00
     2.000000000000e+00 0.000000000000e+00 3.725290298462e-09 7.800000000000e+01
     3.961680000000e+05 4.000000000000e+00                                      
G06 2026 09 03 18 00 00-5.333912558854e-04 1.080024958355e-11 0.000000000000e+00
     8.100000000000e+01 8.218750000000e+00 3.955164748487e-09 6.902810029402e-01
     4.731118679047e-07 3.770889830776e-03 3.244727849960e-06 5.153751205444e+03
     4.104000000000e+05 2.793967723846e-08-1.686461119646e-01-2.793967723846e-08
     9.855045407798e-01 3.273125000000e+02-5.724103636921e-01-8.101051727036e-09
    -6.428839215530e-12 1.000000000000e+00 2.434000000000e+03 0.000000000000e+00
     2.000000000000e+00 0.000000000000e+00 3.725290298462e-09 8.100000000000e+01
     4.032180000000e+05 4.000000000000e+00                                      
G06 2026 09 03 20 00 00-5.333139561117e-04 1.080024958355e-11 0.000000000000e+00
     8.200000000000e+01 1.096875000000e+01 3.898733826484e-09 1.740285907585e+00
     6.463378667831e-07 3.771517192945e-03 2.911314368248e-06 5.153752441406e+03
     4.176000000000e+05-2.607703208923e-08-1.687038343233e-01 6.891787052155e-08
     9.855045992966e-01 3.347187500000e+02-5.722871581944e-01-8.026048602854e-09
    -5.714523747137e-11 1.000000000000e+00 2.434000000000e+03 0.000000000000e+00
     2.000000000000e+00 0.000000000000e+00 3.725290298462e-09 8.200000000000e+01
     4.104180000000e+05 4.000000000000e+00                                      
G06 2026 09 03 22 00 00-5.332361906767e-04 1.080024958355e-11 0.000000000000e+00
     8.300000000000e+01 8.218750000000e+00 3.976237054805e-09 2.790638338660e+00
     4.768371582031e-07 3.771836287342e-03 2.767890691757e-06 5.153750841141e+03
     4.248000000000e+05-3.166496753693e-08-1.687612977454e-01-1.676380634308e-08
     9.855039000217e-01 3.417187500000e+02-5.725102927003e-01-8.024977129652e-09
    -1.203621564241e-10 1.000000000000e+00 2.434000000000e+03 0.000000000000e+00
     2.000000000000e+00 0.000000000000e+00 3.725290298462e-09 8.300000000000e+01
     4.176180000000e+05 4.000000000000e+00                                      
G07 2026 09 03 00 00 00-2.211881801486e-04-3.296918293927e-12 0.000000000000e+00
     6.400000000000e+01-3.384375000000e+01 4.957706508376e-09 2.979471160647e+00
    -1.886859536171e-06 2.093211794272e-02 7.072463631630e-06 5.153765130997e+03
     3.456000000000e+05 1.844018697739e-07 2.944323313239e+00-3.203749656677e-07
     9.516125470994e-01 2.368437500000e+02-1.950759593333e+00-7.841040896541e-09
    -1.517920370333e-10 1.000000000000e+00 2.434000000000e+03 0.000000000000e+00
     2.000000000000e+00 0.000000000000e+00-1.071020960808e-08 6.400000000000e+01
     3.384180000000e+05 4.000000000000e+00                                      
G07 2026 09 03 02 00 00-2.212119288743e-04-3.296918293927e-12 0.000000000000e+00
     6.500000000000e+01-2.971875000000e+01 4.887703592473e-09-2.253603089626e+00
    -1.661479473114e-06 2.093226823490e-02 6.595626473427e-06 5.153764627457e+03
     3.528000000000e+05 2.812594175339e-07 2.944265121283e+00 4.656612873077e-08
     9.516125368590e-01 2.387812500000e+02-1.950741937375e+00-7.866399095669e-09
     1.407201472733e-10 1.000000000000e+00 2.434000000000e+03 0.000000000000e+00
     2.000000000000e+00 0.000000000000e+00-1.071020960808e-08 6.500000000000e+01
     3.456180000000e+05 4.000000000000e+00                                      
G07 2026 09 03 04 00 00-2.212356775999e-04-3.296918293927e-12 0.000000000000e+00
     7.500000000000e+01-1.900000000000e+01 4.981636076567e-09-1.203537092059e+00
    -5.308538675308e-07 2.093277033418e-02 6.971880793571e-06 5.153762012482e+03
     3.600000000000e+05 1.769512891769e-07 2.944208620461e+00 4.917383193970e-07
     9.516116122948e-01 2.382187500000e+02-1.950679301074e+00-8.242486189777e-09
    -4.285892810353e-12 1.000000000000e+00 2.434000000000e+03 0.000000000000e+00
     2.000000000000e+00 0.000000000000e+00-1.071020960808e-08 7.500000000000e+01
     3.528180000000e+05 4.000000000000e+00                                      
G07 2026 09 03 06 00 00-2.212594263256e-04-3.296918293927e-12 0.000000000000e+00
     7.900000000000e+01-2.359375000000e+01 5.010565853037e-09-1.534191257910e-01
    -1.132488250732e-06 2.093221922405e-02 7.383525371552e-06 5.153760856628e+03
     3.672000000000e+05-1.844018697739e-07 2.944147575815e+00 3.278255462646e-07
     9.516107213776e-01 2.378125000000e+02-1.950666377656e+00-8.489996499575e-09
     1.250052069686e-11 1.000000000000e+00 2.434000000000e+03 0.000000000000e+00
     2.000000000000e+00 0.000000000000e+00-1.071020960808e-08 7.900000000000e+01
     3.600180000000e+05 4.000000000000e+00                                      
G07 2026 09 03 08 00 00-2.212831750512e-04-3.296918293927e-12 0.000000000000e+00
     8.100000000000e+01-2.637500000000e+01 4.998422490074e-09 8.967002682854e-01
    -1.348555088043e-06 2.093233214691e-02 7.517635822296e-06 5.153761241913e+03
     3.744000000000e+05-3.129243850708e-07 2.944088004328e+00-1.676380634308e-08
     9.516096695396e-01 2.365312500000e+02-1.950655396993e+00-8.449637675611e-09
    -2.657253542419e-10 1.000000000000e+00 2.434000000000e+03 0.000000000000e+00
     2.000000000000e+00 0.000000000000e+00-1.071020960808e-08 8.100000000000e+01
     3.672180000000e+05 4.000000000000e+00                                      
G07 2026 09 03 07 59 44-2.212841063738e-04-3.296918293927e-12 0.000000000000e+00
     7.000000000000e+00-2.637500000000e+01 4.998422490074e-09 8.943666272171e-01
    -1.348555088043e-06 2.093233203050e-02 7.517635822296e-06 5.153761249542e+03
     3.743840000000e+05-3.129243850708e-07 2.944088133065e+00-1.676380634308e-08
     9.516096783171e-01 2.365312500000e+02-1.950655405770e+00-8.449637675611e-09
    -2.653681965077e-10 1.000000000000e+00 2.434000000000e+03 0.000000000000e+00
     2.000000000000e+00 0.000000000000e+00-1.071020960808e-08 7.000000000000e+00
     3.688260000000e+05 4.000000000000e+00                                      
G07 2026 09 03 09 59 44-2.213078550994e-04-3.296918293927e-12 0.000000000000e+00
     8.000000000000e+00-3.106250000000e+01 4.833415616876e-09 1.944466745885e+00
    -1.991167664528e-06 2.093254995998e-02 7.124617695808e-06 5.153762481689e+03
     3.815840000000e+05-4.097819328308e-08 2.944027398558e+00-4.954636096954e-07
     9.516102576326e-01 2.374687500000e+02-1.950624959519e+00-7.971760627257e-09
    -1.089331089298e-10 1.000000000000e+00 2.434000000000e+03 0.000000000000e+00
     2.000000000000e+00 0.000000000000e+00-1.071020960808e-08 8.000000000000e+00
     3.744180000000e+05 4.000000000000e+00                                      
G07 2026 09 03 12 00 00-2.213316038251e-04-3.296918293927e-12 0.000000000000e+00
     1.000000000000e+01-2.600000000000e+01 4.787342269164e-09 2.996915993535e+00
    -1.408159732819e-06 2.093196671922e-02 6.852671504021e-06 5.153763633728e+03
     3.888000000000e+05 1.750886440277e-07 2.943971496070e+00-2.495944499969e-07
     9.516101259700e-01 2.376875000000e+02-1.950612450107e+00-7.754251567131e-09
    -1.525063525017e-10 1.000000000000e+00 2.434000000000e+03 0.000000000000e+00
     2.000000000000e+00 0.000000000000e+00-1.071020960808e-08 1.000000000000e+01
     3.816180000000e+05 4.000000000000e+00                                      
G07 2026 09 03 14 00 00-2.213558182120e-04-3.296918293927e-12 0.000000000000e+00
     2.300000000000e+01-2.262500000000e+01 4.806985944545e-09-2.236150305779e+00
    -1.208856701851e-06 2.093181188684e-02 6.906688213348e-06 5.153763780594e+03
     3.960000000000e+05 2.644956111908e-07 2.943914595871e+00-2.048909664154e-08
     9.516097353709e-01 2.372187500000e+02-1.950603262981e+00-7.777823977588e-09
     2.464388365953e-11 1.000000000000e+00 2.434000000000e+03 0.000000000000e+00
     2.000000000000e+00 0.000000000000e+00-1.071020960808e-08 2.300000000000e+01
     3.888180000000e+05 4.000000000000e+00                                      
G07 2026 09 03 16 00 00-2.213795669377e-04-3.296918293927e-12 0.000000000000e+00
     4.700000000000e+01-1.634375000000e+01 5.030566686152e-09-1.186055358526e+00
    -6.593763828278e-07 2.093210886233e-02 7.066875696182e-06 5.153762367249e+03
     4.032000000000e+05 1.285225152969e-07 2.943858710937e+00 5.066394805908e-07
     9.516074883287e-01 2.374687500000e+02-1.950569848469e+00-8.242843347511e-09
    -1.514348792991e-10 1.000000000000e+00 2.434000000000e+03 0.000000000000e+00
     2.000000000000e+00 0.000000000000e+00-1.071020960808e-08 4.700000000000e+01
     3.960180000000e+05 4.000000000000e+00                                      
G07 2026 09 03 18 00 00-2.214033156633e-04-3.296918293927e-12 0.000000000000e+00
     5.000000000000e+01-2.009375000000e+01 5.205931133642e-09-1.359343040380e-01
    -9.294599294662e-07 2.093162538949e-02 7.243826985359e-06 5.153761350632e+03
     4.104000000000e+05-1.657754182816e-07 2.943796921666e+00 1.918524503708e-07
     9.516053758750e-01 2.373125000000e+02-1.950559154538e+00-8.592500769289e-09
    -6.535986535788e-11 1.000000000000e+00 2.434000000000e+03 0.000000000000e+00
     2.000000000000e+00 0.000000000000e+00-1.071020960808e-08 5.000000000000e+01
     4.032180000000e+05 4.000000000000e+00                                      
G07 2026 09 03 20 00 00-2.214270643890e-04-3.296918293927e-12 0.000000000000e+00
     5.300000000000e+01-2.250000000000e+01 5.260219109240e-09 9.141908978232e-01
    -1.104548573494e-06 2.093156543560e-02 7.553026080132e-06 5.153761354446e+03
     4.176000000000e+05-3.017485141754e-07 2.943735480570e+00 8.381903171539e-08
     9.516045288454e-01 2.373750000000e+02-1.950551860429e+00-8.551784787591e-09
    -1.300054152474e-10 1.000000000000e+00 2.434000000000e+03 0.000000000000e+00
     2.000000000000e+00 0.000000000000e+00-1.071020960808e-08 5.300000000000e+01
     4.104180000000e+05 4.000000000000e+00                                      
G07 2026 09 03 22 00 00-2.214508131146e-04-3.296918293927e-12 0.000000000000e+00
     5.500000000000e+01-2.659375000000e+01 5.023780689202e-09 1.964298083848e+00
    -1.670792698860e-06 2.093177894130e-02 7.221475243568e-06 5.153762363434e+03
     4.248000000000e+05-5.587935447693e-08 2.943674117008e+00-5.140900611877e-07
     9.516067671101e-01 2.379062500000e+02-1.950526705552e+00-7.968903365383e-09
     8.321775206769e-11 1.000000000000e+00 2.434000000000e+03 0.000000000000e+00
     2.000000000000e+00 0.000000000000e+00-1.071020960808e-08 5.500000000000e+01
     4.176180000000e+05 4.000000000000e+00                                      
G08 2026 09 03 00 00 00 3.570890985429e-04-1.023181539495e-11 0.000000000000e+00
     1.300000000000e+01 8.909375000000e+01 5.089854870028e-09-5.741136816364e-01
     4.673376679420e-06 1.178534294013e-02 5.668029189110e-06 5.153769824982e+03
     3.456000000000e+05 1.471489667892e-07-1.295779883279e+00 1.732259988785e-07
     9.408517006041e-01 2.588750000000e+02 5.498683994488e-01-8.536069847286e-09
    -9.714690370133e-11 1.000000000000e+00 2.434000000000e+03 0.000000000000e+00
     2.000000000000e+00 0.000000000000e+00 4.656612873077e-09 1.300000000000e+01
     3.384180000000e+05 4.000000000000e+00                                      
G08 2026 09 03 02 00 00 3.570150583982e-04-1.023181539495e-11 0.000000000000e+00
     2.000000000000e+01 1.010312500000e+02 5.162000732336e-09 4.759499694095e-01
     5.487352609634e-06 1.178633107338e-02 5.815178155899e-06 5.153771654129e+03
     3.528000000000e+05 5.587935447693e-09-1.295841769102e+00 1.434236764908e-07
     9.408507540961e-01 2.525625000000e+02 5.499318827789e-01-8.597143819834e-09
    -1.075044779930e-10 1.000000000000e+00 2.434000000000e+03 0.000000000000e+00
     2.000000000000e+00 0.000000000000e+00 4.656612873077e-09 2.000000000000e+01
     3.456180000000e+05 4.000000000000e+00                                      
G08 2026 09 03 04 00 00 3.569405525923e-04-1.034550223267e-11 0.000000000000e+00
     2.100000000000e+01 1.139375000000e+02 5.168786729286e-09 1.526017365526e+00
     6.072223186493e-06 1.178776170127e-02 6.554648280144e-06 5.153774192810e+03
     3.600000000000e+05-1.173466444016e-07-1.295903934343e+00 2.160668373108e-07
     9.408501074863e-01 2.433125000000e+02 5.499884552839e-01-8.562499519617e-09
    -3.857303529318e-11 1.000000000000e+00 2.434000000000e+03 0.000000000000e+00
     2.000000000000e+00 0.000000000000e+00 4.656612873077e-09 2.100000000000e+01
     3.528180000000e+05 4.000000000000e+00                                      
G08 2026 09 03 06 00 00 3.568665124476e-04-1.034550223267e-11 0.000000000000e+00
     3.000000000000e+01 1.201562500000e+02 5.014494588113e-09 2.576183589073e+00
     6.135553121567e-06 1.178727822844e-02 6.141141057014e-06 5.153773786545e+03
     3.672000000000e+05-1.303851604462e-07-1.295965596340e+00-1.993030309677e-07
     9.408519712440e-01 2.513437500000e+02 5.499476618133e-01-8.199984419408e-09
     1.375057276655e-10 1.000000000000e+00 2.434000000000e+03 0.000000000000e+00
     2.000000000000e+00 0.000000000000e+00 4.656612873077e-09 3.000000000000e+01
     3.600180000000e+05 4.000000000000e+00                                      
G08 2026 09 03 08 00 00 3.567924723029e-04-1.034550223267e-11 0.000000000000e+00
     3.100000000000e+01 1.042500000000e+02 4.994136597264e-09-2.656931176717e+00
     5.150213837624e-06 1.178900559898e-02 6.146728992462e-06 5.153770624161e+03
     3.744000000000e+05-7.450580596924e-09-1.296024446609e+00-1.974403858185e-07
     9.408531108571e-01 2.538125000000e+02 5.500003488079e-01-8.173554747077e-09
     1.578637185147e-10 1.000000000000e+00 2.434000000000e+03 0.000000000000e+00
     2.000000000000e+00 0.000000000000e+00 4.656612873077e-09 3.100000000000e+01
     3.672180000000e+05 4.000000000000e+00                                      
G08 2026 09 03 10 00 00 3.567184321582e-04-1.034550223267e-11 0.000000000000e+00
     3.200000000000e+01 9.356250000000e+01 4.925205154564e-09-1.606775868001e+00
     4.662200808525e-06 1.178963342682e-02 5.781650543213e-06 5.153770534515e+03
     3.816000000000e+05 1.266598701477e-07-1.296083604090e+00-1.695007085800e-07
     9.408544786855e-01 2.534062500000e+02 5.499709807275e-01-8.212484940105e-09
     1.867934949846e-10 1.000000000000e+00 2.434000000000e+03 0.000000000000e+00
     2.000000000000e+00 0.000000000000e+00 4.656612873077e-09 3.200000000000e+01
     3.744180000000e+05 4.000000000000e+00                                      
G08 2026 09 03 12 00 00 3.566443920135e-04-1.034550223267e-11 0.000000000000e+00
     4.300000000000e+01 8.790625000000e+01 4.956277877439e-09-5.566098755955e-01
     4.809349775314e-06 1.178921433166e-02 6.280839443207e-06 5.153770996094e+03
     3.888000000000e+05 1.657754182816e-07-1.296142695740e+00 1.341104507446e-07
     9.408543470229e-01 2.462812500000e+02 5.499281903736e-01-8.470352824194e-09
     5.750239520557e-11 1.000000000000e+00 2.434000000000e+03 0.000000000000e+00
     2.000000000000e+00 0.000000000000e+00 4.656612873077e-09 4.300000000000e+01
     3.816180000000e+05 4.000000000000e+00                                      
G08 2026 09 03 14 00 00 3.565703518689e-04-1.034550223267e-11 0.000000000000e+00
     4.500000000000e+01 9.943750000000e+01 4.865202655219e-09 4.934493691412e-01
     5.312263965607e-06 1.179017883260e-02 6.681308150291e-06 5.153772821426e+03
     3.960000000000e+05-1.303851604462e-08-1.296203228364e+00 2.440065145493e-07
     9.408547815096e-01 2.393125000000e+02 5.499935491647e-01-8.406064432039e-09
    -2.178662178596e-11 1.000000000000e+00 2.434000000000e+03 0.000000000000e+00
     2.000000000000e+00 0.000000000000e+00 4.656612873077e-09 4.500000000000e+01
     3.888180000000e+05 4.000000000000e+00                                      
G08 2026 09 03 16 00 00 3.564958460629e-04-1.034550223267e-11 0.000000000000e+00
     8.600000000000e+01 1.126250000000e+02 4.823415200318e-09 1.543495346674e+00
     5.878508090973e-06 1.179176301230e-02 7.363036274910e-06 5.153775833130e+03
     4.032000000000e+05-1.303851604462e-07-1.296263035381e+00 1.024454832077e-07
     9.408540939381e-01 2.278437500000e+02 5.500677117967e-01-8.371420131822e-09
    -1.335769925893e-10 1.000000000000e+00 2.434000000000e+03 0.000000000000e+00
     2.000000000000e+00 0.000000000000e+00 4.656612873077e-09 8.600000000000e+01
     3.960180000000e+05 4.000000000000e+00                                      
G08 2026 09 03 18 00 00 3.564218059182e-04-1.034550223267e-11 0.000000000000e+00
     1.780000000000e+02 1.209687500000e+02 4.732697135832e-09 2.593678632234e+00
     6.085261702538e-06 1.179134822451e-02 6.955116987228e-06 5.153775001526e+03
     4.104000000000e+05-8.381903171539e-08-1.296323288588e+00-1.750886440277e-07
     9.408545781640e-01 2.354375000000e+02 5.500065398772e-01-8.116052351872e-09
    -2.571535686212e-11 1.000000000000e+00 2.434000000000e+03 0.000000000000e+00
     2.000000000000e+00 0.000000000000e+00 4.656612873077e-09 1.780000000000e+02
     4.032180000000e+05 4.000000000000e+00                                      
G08 2026 09 03 17 59 44 3.564213402569e-04-1.034550223267e-11 0.000000000000e+00
     2.200000000000e+01 1.209687500000e+02 4.732339978098e-09 2.591344650306e+00
     6.085261702538e-06 1.179135078564e-02 6.955116987228e-06 5.153774999619e+03
     4.103840000000e+05-8.381903171539e-08-1.296323146685e+00-1.750886440277e-07
     9.408545840156e-01 2.354375000000e+02 5.500068880517e-01-8.116052351872e-09
    -2.571535686212e-11 1.000000000000e+00 2.434000000000e+03 0.000000000000e+00
     2.000000000000e+00 0.000000000000e+00 4.656612873077e-09 2.200000000000e+01
     4.087080000000e+05 4.000000000000e+00                                      
G08 2026 09 03 19 59 44 3.563473001122e-04-1.034550223267e-11 0.000000000000e+00
     3.700000000000e+01 1.035000000000e+02 4.773413117531e-09-2.641782929183e+00
     5.297362804413e-06 1.179321447853e-02 6.789341568947e-06 5.153771574020e+03
     4.175840000000e+05 1.862645149231e-09-1.296381187960e+00-1.285225152969e-07
     9.408545854786e-01 2.391562500000e+02 5.500696911248e-01-8.061764376274e-09
    -2.857261873569e-11 1.000000000000e+00 2.434000000000e+03 0.000000000000e+00
     2.000000000000e+00 0.000000000000e+00 4.656612873077e-09 3.700000000000e+01
     4.104180000000e+05 4.000000000000e+00                                      
G08 2026 09 03 22 00 00 3.562727943063e-04-1.034550223267e-11 0.000000000000e+00
     3.900000000000e+01 9.165625000000e+01 4.813771941495e-09-1.589322197626e+00
     4.768371582031e-06 1.179411378689e-02 6.653368473053e-06 5.153770746231e+03
     4.248000000000e+05 1.322478055954e-07-1.296439197051e+00-1.899898052216e-07
     9.408543206904e-01 2.420312500000e+02 5.500667550483e-01-8.100337411567e-09
    -8.143196339671e-11 1.000000000000e+00 2.434000000000e+03 0.000000000000e+00
     2.000000000000e+00 0.000000000000e+00 4.656612873077e-09 3.900000000000e+01
     4.176180000000e+05 4.000000000000e+00                                      
G09 2026 09 03 00 00 00 6.874338723719e-04-8.753886504564e-12 0.000000000000e+00
     2.300000000000e+01-1.090625000000e+01 4.451971156754e-09 5.425663404087e-02
    -7.599592208862e-07 3.824277664535e-03 7.627531886101e-06 5.153671571732e+03
     3.456000000000e+05-4.470348358154e-08 1.871745948360e+00-8.009374141693e-08
     9.667793327312e-01 2.337187500000e+02 2.053404470870e+00-8.036763334880e-09
     4.600191616446e-10 1.000000000000e+00 2.434000000000e+03 0.000000000000e+00
     2.000000000000e+00 0.000000000000e+00 4.656612873077e-10 2.300000000000e+01
     3.384180000000e+05 4.000000000000e+00                                      
G09 2026 09 03 02 00 00 6.873710080981e-04-8.753886504564e-12 0.000000000000e+00
     2.400000000000e+01-2.306250000000e+01 4.320179952836e-09 1.104184837891e+00
    -1.214444637299e-06 3.825916326605e-03 7.385388016701e-06 5.153675176620e+03
     3.528000000000e+05 4.842877388000e-08 1.871688092876e+00-1.247972249985e-07
     9.667828583638e-01 2.396562500000e+02 2.053656373660e+00-7.979975255143e-09
     4.614477925813e-10 1.000000000000e+00 2.434000000000e+03 0.000000000000e+00
     2.000000000000e+00 0.000000000000e+00 4.656612873077e-10 2.400000000000e+01
     3.456180000000e+05 4.000000000000e+00                                      
G09 2026 09 03 04 00 00 6.873081438243e-04-8.753886504564e-12 0.000000000000e+00
     2.500000000000e+01-3.200000000000e+01 4.295893226910e-09 2.154698115345e+00
    -1.545995473862e-06 3.826102591120e-03 7.510185241699e-06 5.153672754288e+03
     3.600000000000e+05 6.146728992462e-08 1.871631831973e+00 6.146728992462e-08
     9.667865683240e-01 2.368125000000e+02 2.053321804295e+00-7.817825643818e-09
     3.878732993369e-10 1.000000000000e+00 2.434000000000e+03 0.000000000000e+00
     2.000000000000e+00 0.000000000000e+00 4.656612873077e-10 2.500000000000e+01
     3.528180000000e+05 4.000000000000e+00                                      
G09 2026 09 03 06 00 00 6.872457452118e-04-8.753886504564e-12 0.000000000000e+00
     2.600000000000e+01-3.437500000000e+01 4.293750280505e-09-3.078390707055e+00
    -1.663342118263e-06 3.825156250969e-03 7.996335625648e-06 5.153674604416e+03
     3.672000000000e+05 3.352761268616e-08 1.871575636900e+00 5.215406417847e-08
     9.667892922775e-01 2.297500000000e+02 2.053404767842e+00-7.810325331400e-09
     3.768014095769e-10 1.000000000000e+00 2.434000000000e+03 0.000000000000e+00
     2.000000000000e+00 0.000000000000e+00 4.656612873077e-10 2.600000000000e+01
     3.600180000000e+05 4.000000000000e+00                                      
G09 2026 09 03 08 00 00 6.871828809381e-04-8.753886504564e-12 0.000000000000e+00
     2.700000000000e+01-2.737500000000e+01 4.420184118411e-09-2.028439150644e+00
    -1.447275280952e-06 3.826190601103e-03 8.285045623779e-06 5.153672086716e+03
     3.744000000000e+05-1.862645149231e-08 1.871519393552e+00 1.359730958939e-07
     9.667915861330e-01 2.225937500000e+02 2.053632810438e+00-7.892828767999e-09
     3.521575259173e-10 1.000000000000e+00 2.434000000000e+03 0.000000000000e+00
     2.000000000000e+00 0.000000000000e+00 4.656612873077e-10 2.700000000000e+01
     3.672180000000e+05 4.000000000000e+00                                      
G09 2026 09 03 10 00 00 6.871200166643e-04-8.753886504564e-12 0.000000000000e+00
     9.000000000000e+01-2.309375000000e+01 4.440542109260e-09-9.781197507966e-01
    -1.272186636925e-06 3.826336236671e-03 8.273869752884e-06 5.153673091888e+03
     3.816000000000e+05-8.009374141693e-08 1.871461976943e+00 4.842877388000e-08
     9.667938960807e-01 2.229062500000e+02 2.053494680250e+00-7.973189258193e-09
     3.743013054375e-10 1.000000000000e+00 2.434000000000e+03 0.000000000000e+00
     2.000000000000e+00 0.000000000000e+00 4.656612873077e-10 9.000000000000e+01
     3.744180000000e+05 4.000000000000e+00                                      
G09 2026 09 03 12 00 00 6.870566867292e-04-8.753886504564e-12 0.000000000000e+00
     9.200000000000e+01-2.443750000000e+01 4.455899891830e-09 7.203043624251e-02
    -1.361593604088e-06 3.826307249255e-03 8.277595043182e-06 5.153672956467e+03
     3.888000000000e+05-6.332993507385e-08 1.871405085522e+00-7.636845111847e-08
     9.667962265092e-01 2.236875000000e+02 2.053525101632e+00-7.978189466472e-09
     2.732256666600e-10 1.000000000000e+00 2.434000000000e+03 0.000000000000e+00
     2.000000000000e+00 0.000000000000e+00 4.656612873077e-10 9.200000000000e+01
     3.816180000000e+05 4.000000000000e+00                                      
G09 2026 09 03 14 00 00 6.869938224554e-04-8.753886504564e-12 0.000000000000e+00
     9.400000000000e+01-3.715625000000e+01 4.400183285296e-09 1.121909813738e+00
    -2.125278115273e-06 3.828069311567e-03 7.780268788338e-06 5.153676948547e+03
     3.960000000000e+05 1.117587089539e-08 1.871347655747e+00-1.173466444016e-07
     9.667984077200e-01 2.314687500000e+02 2.053825233905e+00-7.925687279545e-09
     2.778687172046e-10 1.000000000000e+00 2.434000000000e+03 0.000000000000e+00
     2.000000000000e+00 0.000000000000e+00 4.656612873077e-10 9.400000000000e+01
     3.888180000000e+05 4.000000000000e+00                                      
G09 2026 09 03 16 00 00 6.869309581816e-04-8.753886504564e-12 0.000000000000e+00
     9.500000000000e+01-4.678125000000e+01 4.488044087908e-09 2.172419844978e+00
    -2.371147274971e-06 3.828367101960e-03 7.754191756248e-06 5.153674526215e+03
     4.032000000000e+05 9.313225746155e-08 1.871290790658e+00-8.381903171539e-08
     9.668005143221e-01 2.301875000000e+02 2.053493998530e+00-7.898900449481e-09
     2.871548182937e-10 1.000000000000e+00 2.434000000000e+03 0.000000000000e+00
     2.800000000000e+00 0.000000000000e+00 4.656612873077e-10 9.500000000000e+01
     3.960180000000e+05 4.000000000000e+00                                      
G09 2026 09 03 15 59 44 6.869309581816e-04-8.753886504564e-12 0.000000000000e+00
     2.800000000000e+01-4.678125000000e+01 4.488044087908e-09 2.170084719048e+00
    -2.371147274971e-06 3.828364191577e-03 7.754191756248e-06 5.153674522400e+03
     4.031840000000e+05 9.313225746155e-08 1.871290919395e+00-8.381903171539e-08
     9.668005143221e-01 2.301875000000e+02 2.053495392691e+00-7.898900449481e-09
     2.871548182937e-10 1.000000000000e+00 2.434000000000e+03 0.000000000000e+00
     2.000000000000e+00 0.000000000000e+00 4.656612873077e-10 2.800000000000e+01
     3.979680000000e+05 4.000000000000e+00                                      
G09 2026 09 03 17 59 44 6.868680939078e-04-8.753886504564e-12 0.000000000000e+00
     2.900000000000e+01-5.087500000000e+01 4.503401870478e-09-3.062944767395e+00
    -2.531334757805e-06 3.827597945929e-03 8.191913366318e-06 5.153675891876e+03
     4.103840000000e+05 5.029141902924e-08 1.871233017098e+00 1.583248376846e-07
     9.668033099585e-01 2.251875000000e+02 2.053520364703e+00-7.885685613315e-09
     4.864488339751e-10 1.000000000000e+00 2.434000000000e+03 0.000000000000e+00
     2.000000000000e+00 0.000000000000e+00 4.656612873077e-10 2.900000000000e+01
     4.032180000000e+05 4.000000000000e+00                                      
G09 2026 09 03 20 00 00 6.868052296340e-04-8.753886504564e-12 0.000000000000e+00
     3.000000000000e+01-4.534375000000e+01 4.483401037363e-09-2.010686952817e+00
    -2.123415470123e-06 3.828531713225e-03 8.765608072281e-06 5.153673404694e+03
     4.176000000000e+05-3.352761268616e-08 1.871176121288e+00 1.098960638046e-07
     9.668070916018e-01 2.164062500000e+02 2.053776144226e+00-7.858541625516e-09
     5.214502919263e-10 1.000000000000e+00 2.434000000000e+03 0.000000000000e+00
     2.000000000000e+00 0.000000000000e+00 4.656612873077e-10 3.000000000000e+01
     4.104180000000e+05 4.000000000000e+00                                      
G09 2026 09 03 22 00 00 6.867418996990e-04-8.753886504564e-12 0.000000000000e+00
     3.100000000000e+01-4.096875000000e+01 4.395183077017e-09-9.603952562488e-01
    -2.317130565643e-06 3.828781424090e-03 8.990988135338e-06 5.153674232483e+03
     4.248000000000e+05-8.195638656616e-08 1.871119096741e+00 4.284083843231e-08
     9.668106816027e-01 2.149687500000e+02 2.053665146779e+00-7.917829809393e-09
     5.371652322309e-10 1.000000000000e+00 2.434000000000e+03 0.000000000000e+00
     2.000000000000e+00 0.000000000000e+00 4.656612873077e-10 3.100000000000e+01
     4.176180000000e+05 4.000000000000e+00                                      
G10 2026 09 03 00 00 00-5.402029491961e-04 7.048583938740e-12 0.000000000000e+00
     5.900000000000e+01-8.181250000000e+01 3.453358131942e-09 1.553181075655e+00
    -4.194676876068e-06 1.132548518945e-02 8.856877684593e-06 5.153658269882e+03
     3.456000000000e+05-2.197921276093e-07 8.670510895981e-01-2.048909664154e-08
     9.949360921332e-01 2.295625000000e+02-2.264978260773e+00-7.685320124431e-09
     5.857386840816e-11 1.000000000000e+00 2.434000000000e+03 0.000000000000e+00
     2.000000000000e+00 0.000000000000e+00 2.328306436539e-09 5.900000000000e+01
     3.384180000000e+05 4.000000000000e+00                                      
G10 2026 09 03 02 00 00-5.401517264545e-04 7.048583938740e-12 0.000000000000e+00
     6.000000000000e+01-8.906250000000e+01 3.397641525407e-09 2.603422297160e+00
    -4.595145583153e-06 1.132669905201e-02 9.221956133842e-06 5.153656080246e+03
     3.528000000000e+05 3.539025783539e-08 8.669964101091e-01-1.713633537292e-07
     9.949379251696e-01 2.178125000000e+02-2.265037149077e+00-7.416380350582e-09
     1.003613233091e-10 1.000000000000e+00 2.434000000000e+03 0.000000000000e+00
     2.000000000000e+00 0.000000000000e+00 2.328306436539e-09 6.000000000000e+01
     3.456180000000e+05 4.000000000000e+00                                      
G10 2026 09 03 04 00 00-5.401005037129e-04 7.048583938740e-12 0.000000000000e+00
     6.100000000000e+01-8.434375000000e+01 3.348353758088e-09-2.629550274455e+00
    -4.379078745842e-06 1.132597227115e-02 9.477138519287e-06 5.153657390594e+03
     3.600000000000e+05 5.215406417847e-08 8.669433910321e-01-9.126961231232e-08
     9.949386961274e-01 2.118437500000e+02-2.265066517158e+00-7.376021526618e-09
     8.821796034643e-11 1.000000000000e+00 2.434000000000e+03 0.000000000000e+00
     2.000000000000e+00 0.000000000000e+00 2.328306436539e-09 6.100000000000e+01
     3.528180000000e+05 4.000000000000e+00                                      
G10 2026 09 03 06 00 00-5.400492809713e-04 7.162270776462e-12 0.000000000000e+00
     6.200000000000e+01-6.431250000000e+01 3.548362089238e-09-1.579672462282e+00
    -3.464519977570e-06 1.132780930493e-02 8.545815944672e-06 5.153650049210e+03
     3.672000000000e+05 2.570450305939e-07 8.668908020530e-01-8.940696716309e-08
     9.949388190125e-01 2.323125000000e+02-2.264759680331e+00-7.460310751888e-09
    -3.464430021702e-11 1.000000000000e+00 2.434000000000e+03 0.000000000000e+00
     2.000000000000e+00 0.000000000000e+00 2.328306436539e-09 6.200000000000e+01
     3.600180000000e+05 4.000000000000e+00                                      
G10 2026 09 03 08 00 00-5.399980582297e-04 7.162270776462e-12 0.000000000000e+00
     1.010000000000e+02-6.365625000000e+01 3.696939706664e-09-5.293241361549e-01
    -3.432855010033e-06 1.132937625516e-02 7.586553692818e-06 5.153654504776e+03
     3.744000000000e+05-4.284083843231e-08 8.668361898581e-01 1.695007085800e-07
     9.949364754178e-01 2.507812500000e+02-2.264920128797e+00-7.856041521377e-09
    -1.092902666640e-10 1.000000000000e+00 2.434000000000e+03 0.000000000000e+00
     2.000000000000e+00 0.000000000000e+00 2.328306436539e-09 1.010000000000e+02
     3.672180000000e+05 4.000000000000e+00                                      
G10 2026 09 03 10 00 00-5.399473011494e-04 7.162270776462e-12 0.000000000000e+00
     1.330000000000e+02-6.668750000000e+01 3.799086818644e-09 5.209077738768e-01
    -3.341585397720e-06 1.132875424810e-02 7.262453436852e-06 5.153653318405e+03
     3.816000000000e+05-6.146728992462e-08 8.667792940482e-01 8.754432201385e-08
     9.949356503320e-01 2.590312500000e+02-2.264965183748e+00-7.893185925733e-09
    -1.017899542459e-10 1.000000000000e+00 2.434000000000e+03 0.000000000000e+00
     2.800000000000e+00 0.000000000000e+00 2.328306436539e-09 1.330000000000e+02
     3.744180000000e+05 4.000000000000e+00                                      
G10 2026 09 03 12 00 00-5.398960784078e-04 7.162270776462e-12 0.000000000000e+00
     1.340000000000e+02-8.556250000000e+01 3.728369587273e-09 1.570882858399e+00
    -4.399567842484e-06 1.132931467146e-02 7.748603820801e-06 5.153657827377e+03
     3.888000000000e+05-2.607703208923e-07 8.667219520482e-01 1.862645149231e-08
     9.949354323572e-01 2.535937500000e+02-2.264752296984e+00-7.794610391095e-09
     1.571494030463e-11 1.000000000000e+00 2.434000000000e+03 0.000000000000e+00
     2.800000000000e+00 0.000000000000e+00 2.328306436539e-09 1.340000000000e+02
     3.816180000000e+05 4.000000000000e+00                                      
G10 2026 09 03 11 59 44-5.398970097303e-04 7.162270776462e-12 0.000000000000e+00
     6.000000000000e+00-8.556250000000e+01 3.728369587273e-09 1.568548787233e+00
    -4.399567842484e-06 1.132931502070e-02 7.748603820801e-06 5.153657819748e+03
     3.887840000000e+05-2.607703208923e-07 8.667220749334e-01 1.862645149231e-08
     9.949354235797e-01 2.535937500000e+02-2.264751862497e+00-7.794610391095e-09
     1.571494030463e-11 1.000000000000e+00 2.434000000000e+03 0.000000000000e+00
     2.000000000000e+00 0.000000000000e+00 2.328306436539e-09 6.000000000000e+00
     3.823680000000e+05 4.000000000000e+00                                      
G10 2026 09 03 13 59 44-5.398457869887e-04 7.162270776462e-12 0.000000000000e+00
     7.000000000000e+00-9.631250000000e+01 3.636222891850e-09 2.618734574384e+00
    -4.962086677551e-06 1.133030490018e-02 7.908791303635e-06 5.153656858444e+03
     3.959840000000e+05 1.862645149231e-09 8.666666947066e-01-1.788139343262e-07
     9.949371044726e-01 2.461562500000e+02-2.264753724792e+00-7.503169679991e-09
     6.928860043404e-11 1.000000000000e+00 2.434000000000e+03 0.000000000000e+00
     2.000000000000e+00 0.000000000000e+00 2.328306436539e-09 7.000000000000e+00
     3.888180000000e+05 4.000000000000e+00                                      
G10 2026 09 03 16 00 00-5.397945642471e-04 7.162270776462e-12 0.000000000000e+00
     3.400000000000e+01-9.434375000000e+01 3.594078279215e-09-2.611885832695e+00
    -5.040317773819e-06 1.132986054290e-02 8.177012205124e-06 5.153657661438e+03
     4.032000000000e+05 1.545995473862e-07 8.666121234734e-01-1.303851604462e-07
     9.949376676960e-01 2.377812500000e+02-2.264799511202e+00-7.539599768879e-09
     1.485776174256e-10 1.000000000000e+00 2.434000000000e+03 0.000000000000e+00
     2.000000000000e+00 0.000000000000e+00 2.328306436539e-09 3.400000000000e+01
     3.960180000000e+05 4.000000000000e+00                                      
G10 2026 09 03 18 00 00-5.397433415055e-04 7.162270776462e-12 0.000000000000e+00
     5.300000000000e+01-7.228125000000e+01 3.645151835205e-09-1.561997183224e+00
    -3.762543201447e-06 1.133128115907e-02 7.141381502151e-06 5.153650873184e+03
     4.104000000000e+05 2.104789018631e-07 8.665577482714e-01-1.676380634308e-08
     9.949389301943e-01 2.534375000000e+02-2.264502473000e+00-7.565672283476e-09
     1.714357124141e-10 1.000000000000e+00 2.434000000000e+03 0.000000000000e+00
     2.000000000000e+00 0.000000000000e+00 2.328306436539e-09 5.300000000000e+01
     4.032180000000e+05 4.000000000000e+00                                      
G10 2026 09 03 20 00 00-5.396921187639e-04 7.162270776462e-12 0.000000000000e+00
     5.400000000000e+01-6.693750000000e+01 3.661938248712e-09-5.117158514306e-01
    -3.367662429810e-06 1.133265229873e-02 6.807968020439e-06 5.153653905869e+03
     4.176000000000e+05-1.862645149231e-08 8.665025435947e-01 1.881271600723e-07
     9.949385337435e-01 2.676562500000e+02-2.264595437056e+00-7.871756461682e-09
     1.128618440060e-10 1.000000000000e+00 2.434000000000e+03 0.000000000000e+00
     2.000000000000e+00 0.000000000000e+00 2.328306436539e-09 5.400000000000e+01
     4.104180000000e+05 4.000000000000e+00                                      
G10 2026 09 03 22 00 00-5.396404303610e-04 7.162270776462e-12 0.000000000000e+00
     5.500000000000e+01-6.837500000000e+01 3.619436478343e-09 5.385221121561e-01
    -3.572553396225e-06 1.133221038617e-02 6.388872861862e-06 5.153653057098e+03
     4.248000000000e+05-1.825392246246e-07 8.664464187426e-01 1.341104507446e-07
     9.949392725171e-01 2.767812500000e+02-2.264647471589e+00-7.823183009831e-09
     1.714357124141e-11 1.000000000000e+00 2.434000000000e+03 0.000000000000e+00
     2.000000000000e+00 0.000000000000e+00 2.328306436539e-09 5.500000000000e+01
     4.176180000000e+05 4.000000000000e+00                                      
G11 2026 09 03 00 00 00-2.221739850938e-04 1.205080479849e-11 0.000000000000e+00
     1.540000000000e+02-4.015625000000e+01 4.548403744987e-09-1.277058720199e+00
    -2.112239599228e-06 2.657395438291e-03 3.445893526077e-06 5.153669883728e+03
     3.456000000000e+05 6.705522537231e-08-1.534016570862e-01-2.235174179077e-08
     9.624178311943e-01 3.166875000000e+02-2.323026727273e+00-8.318560787161e-09
    -2.792973481413e-10 1.000000000000e+00 2.434000000000e+03 0.000000000000e+00
     2.000000000000e+00 0.000000000000e+00-8.847564458847e-09 4.100000000000e+02
     3.384180000000e+05 4.000000000000e+00                                      
G11 2026 09 03 02 00 00-2.220873720944e-04 1.205080479849e-11 0.000000000000e+00
     1.550000000000e+02-3.415625000000e+01 4.613049294877e-09-2.270252842629e-01
    -1.790001988411e-06 2.657571225427e-03 3.382563591003e-06 5.153669610977e+03
     3.528000000000e+05 2.793967723846e-08-1.534616923183e-01 1.117587089539e-08
     9.624156280397e-01 3.148125000000e+02-2.322875857995e+00-8.354276560581e-09
    -2.867976605595e-10 1.000000000000e+00 2.434000000000e+03 0.000000000000e+00
     2.000000000000e+00 0.000000000000e+00-8.847564458847e-09 4.110000000000e+02
     3.456180000000e+05 4.000000000000e+00                                      
G11 2026 09 03 04 00 00-2.220007590950e-04 1.205080479849e-11 0.000000000000e+00
     1.560000000000e+02-2.078125000000e+01 4.579833625596e-09 8.230549752920e-01
    -1.030042767525e-06 2.659471589141e-03 3.680586814880e-06 5.153673206329e+03
     3.600000000000e+05 3.725290298462e-08-1.535218943231e-01 3.911554813385e-08
     9.624135799544e-01 3.100000000000e+02-2.322773608798e+00-8.354633718315e-09
    -2.725113511916e-10 1.000000000000e+00 2.434000000000e+03 0.000000000000e+00
     2.000000000000e+00 0.000000000000e+00-8.847564458847e-09 4.120000000000e+02
     3.528180000000e+05 4.000000000000e+00                                      
G11 2026 09 03 06 00 00-2.219141460955e-04 1.205080479849e-11 0.000000000000e+00
     1.570000000000e+02-1.256250000000e+01 4.618049503155e-09 1.873713112358e+00
    -7.227063179016e-07 2.659066347405e-03 3.455206751823e-06 5.153670715332e+03
     3.672000000000e+05-5.587935447693e-08-1.535822587118e-01 2.235174179077e-08
     9.624120234095e-01 3.151250000000e+02-2.323248826033e+00-8.302488689122e-09
    -2.078658013021e-10 1.000000000000e+00 2.434000000000e+03 0.000000000000e+00
     2.000000000000e+00 0.000000000000e+00-8.847564458847e-09 4.130000000000e+02
     3.600180000000e+05 4.000000000000e+00                                      
G11 2026 09 03 08 00 00-2.218275330961e-04 1.205080479849e-11 0.000000000000e+00
     1.580000000000e+02-1.215625000000e+01 4.637693178536e-09 2.923517971733e+00
    -6.686896085739e-07 2.658084966242e-03 2.784654498100e-06 5.153673347473e+03
     3.744000000000e+05-8.009374141693e-08-1.536422003172e-01-3.725290298462e-08
     9.624103951817e-01 3.253125000000e+02-2.322871071327e+00-8.341418882150e-09
    -1.932223342001e-10 1.000000000000e+00 2.434000000000e+03 0.000000000000e+00
     2.000000000000e+00 0.000000000000e+00-8.847564458847e-09 4.140000000000e+02
     3.672180000000e+05 4.000000000000e+00                                      
G11 2026 09 03 10 00 00-2.217409200966e-04 1.205080479849e-11 0.000000000000e+00
     1.590000000000e+02-1.965625000000e+01 4.739840290516e-09-2.309591419296e+00
    -9.331852197647e-07 2.659249585122e-03 2.607703208923e-06 5.153671108246e+03
     3.816000000000e+05 5.587935447693e-08-1.537031147631e-01-9.313225746155e-09
     9.624091955889e-01 3.298437500000e+02-2.322763473702e+00-8.403564327900e-09
    -8.857511808063e-11 1.000000000000e+00 2.434000000000e+03 0.000000000000e+00
     2.000000000000e+00 0.000000000000e+00-8.847564458847e-09 4.150000000000e+02
     3.744180000000e+05 4.000000000000e+00                                      
G11 2026 09 03 12 00 00-2.216543070972e-04 1.205080479849e-11 0.000000000000e+00
     1.600000000000e+02-1.959375000000e+01 4.698052835615e-09-1.259369758468e+00
    -8.754432201385e-07 2.658993238583e-03 2.775341272354e-06 5.153671386719e+03
     3.888000000000e+05-2.048909664154e-08-1.537638097713e-01-1.117587089539e-08
     9.624089322636e-01 3.261875000000e+02-2.322801389613e+00-8.360348242062e-09
    -3.035840740667e-11 1.000000000000e+00 2.434000000000e+03 0.000000000000e+00
     2.000000000000e+00 0.000000000000e+00-8.847564458847e-09 4.160000000000e+02
     3.816180000000e+05 4.000000000000e+00                                      
G11 2026 09 03 14 00 00-2.215676940978e-04 1.205080479849e-11 0.000000000000e+00
     1.610000000000e+02-1.459375000000e+01 4.651622330170e-09-2.094475086952e-01
    -6.891787052155e-07 2.658804296516e-03 3.201887011528e-06 5.153670244217e+03
     3.960000000000e+05 1.303851604462e-08-1.538238435405e-01 9.313225746155e-09
     9.624088737469e-01 3.208750000000e+02-2.322539328320e+00-8.321418049035e-09
    -3.571577341961e-11 1.000000000000e+00 2.434000000000e+03 0.000000000000e+00
     2.000000000000e+00 0.000000000000e+00-8.847564458847e-09 4.170000000000e+02
     3.888180000000e+05 4.000000000000e+00                                      
G11 2026 09 03 16 00 00-2.214810810983e-04 1.205080479849e-11 0.000000000000e+00
     1.620000000000e+02 3.125000000000e-02 4.493044296187e-09 8.405444169403e-01
    -1.974403858185e-07 2.661059610546e-03 3.388151526451e-06 5.153674606323e+03
     4.032000000000e+05-3.725290298462e-09-1.538836432428e-01 2.421438694000e-08
     9.624085928666e-01 3.128750000000e+02-2.322349511773e+00-8.310703317009e-09
    -4.393040130612e-11 1.000000000000e+00 2.434000000000e+03 0.000000000000e+00
     2.000000000000e+00 0.000000000000e+00-8.847564458847e-09 4.180000000000e+02
     3.960180000000e+05 4.000000000000e+00                                      
G11 2026 09 03 18 00 00-2.213944680989e-04 1.205080479849e-11 0.000000000000e+00
     1.630000000000e+02 1.093750000000e+01 4.453399787691e-09 1.891311234190e+00
     6.128102540970e-07 2.660776721314e-03 3.105029463768e-06 5.153671619415e+03
     4.104000000000e+05-5.587935447693e-08-1.539435921628e-01 7.450580596924e-09
     9.624084992399e-01 3.161250000000e+02-2.322935337318e+00-8.279987751868e-09
    -8.928943354902e-12 1.000000000000e+00 2.434000000000e+03 0.000000000000e+00
     2.000000000000e+00 0.000000000000e+00-8.847564458847e-09 4.190000000000e+02
     4.032180000000e+05 4.000000000000e+00                                      
G11 2026 09 03 20 00 00-2.213078550994e-04 1.205080479849e-11 0.000000000000e+00
     1.640000000000e+02 1.462500000000e+01 4.358752988129e-09 2.941147960309e+00
     7.860362529755e-07 2.659578225575e-03 2.734363079071e-06 5.153674440384e+03
     4.176000000000e+05-3.352761268616e-08-1.540031256141e-01-3.725290298462e-09
     9.624085343499e-01 3.265000000000e+02-2.322591446239e+00-8.260344076487e-09
    -6.428839215530e-12 1.000000000000e+00 2.434000000000e+03 0.000000000000e+00
     2.800000000000e+00 0.000000000000e+00-8.847564458847e-09 4.200000000000e+02
     4.104180000000e+05 4.000000000000e+00                                      
G11 2026 09 03 21 44 32-2.212333492935e-04 1.205080479849e-11 0.000000000000e+00
     1.650000000000e+02 7.062500000000e+00 4.425898642158e-09-2.427403255089e+00
     4.973262548447e-07 2.660912345164e-03 2.458691596985e-06 5.153671794891e+03
     4.238720000000e+05-7.823109626770e-08-1.540547300493e-01-3.725290298462e-08
     9.624084670557e-01 3.340625000000e+02-2.322402096364e+00-8.246414924853e-09
    -4.178745490094e-11 1.000000000000e+00 2.434000000000e+03 0.000000000000e+00
     2.000000000000e+00 0.000000000000e+00-8.847564458847e-09 4.210000000000e+02
     4.167180000000e+05 4.000000000000e+00                                      
G11 2026 09 03 22 00 00-2.212221734226e-04 1.205080479849e-11 0.000000000000e+00
     1.660000000000e+02 7.281250000000e+00 4.438399162855e-09-2.292090960412e+00
     5.066394805908e-07 2.661019563675e-03 2.430751919746e-06 5.153671506882e+03
     4.248000000000e+05-7.823109626770e-08-1.540623240570e-01-6.332993507385e-08
     9.624084202423e-01 3.353437500000e+02-2.322357705577e+00-8.246772082588e-09
    -5.535944880039e-11 1.000000000000e+00 2.434000000000e+03 0.000000000000e+00
     2.000000000000e+00 0.000000000000e+00-8.847564458847e-09 4.220000000000e+02
     4.176180000000e+05 4.000000000000e+00                                      
G12 2026 09 03 00 00 00-6.029331125319e-04 7.958078640513e-13 0.000000000000e+00
     2.700000000000e+01 6.359375000000e+01 4.418398329740e-09 2.214032715052e+00
     3.127381205559e-06 8.761136792600e-03 1.051276922226e-05 5.153687801361e+03
     3.456000000000e+05 8.195638656616e-08-2.220247940067e+00-1.415610313416e-07
     9.585953842483e-01 1.699062500000e+02 1.591200830210e+00-7.713178427699e-09
    -3.114415442190e-10 1.000000000000e+00 2.434000000000e+03 0.000000000000e+00
     2.000000000000e+00 0.000000000000e+00-1.210719347000e-08 2.700000000000e+01
     3.384180000000e+05 4.000000000000e+00                                      
G12 2026 09 03 02 00 00-6.029275245965e-04 7.958078640513e-13 0.000000000000e+00
     2.800000000000e+01 5.781250000000e+01 4.578404994660e-09-3.018931181459e+00
     3.010034561157e-06 8.763094199821e-03 1.000612974167e-05 5.153684144974e+03
     3.528000000000e+05 2.384185791016e-07-2.220304546219e+00 2.793967723846e-08
     9.585934634369e-01 1.841875000000e+02 1.591152688502e+00-7.768537876499e-09
    -1.442917246152e-10 1.000000000000e+00 2.434000000000e+03 0.000000000000e+00
     2.000000000000e+00 0.000000000000e+00-1.210719347000e-08 2.800000000000e+01
     3.456180000000e+05 4.000000000000e+00                                      
G12 2026 09 03 04 00 00-6.029214709997e-04 7.958078640513e-13 0.000000000000e+00
     2.900000000000e+01 5.146875000000e+01 4.539474801632e-09-1.968672693131e+00
     2.842396497726e-06 8.762802579440e-03 9.844079613686e-06 5.153685392380e+03
     3.600000000000e+05 1.527369022369e-07-2.220360505762e+00 1.676380634308e-07
     9.585926354253e-01 1.889687500000e+02 1.591069217322e+00-7.790324498285e-09
    -1.064330047904e-10 1.000000000000e+00 2.434000000000e+03 0.000000000000e+00
     2.000000000000e+00 0.000000000000e+00-1.210719347000e-08 2.900000000000e+01
     3.528180000000e+05 4.000000000000e+00                                      
G12 2026 09 03 06 00 00-6.029158830643e-04 7.958078640513e-13 0.000000000000e+00
     3.000000000000e+01 4.425000000000e+01 4.608406244332e-09-9.185830752893e-01
     2.386048436165e-06 8.762313053012e-03 1.044571399689e-05 5.153683887482e+03
     3.672000000000e+05-1.154839992523e-07-2.220417749746e+00 1.210719347000e-07
     9.585907570384e-01 1.850625000000e+02 1.591153813486e+00-8.047478066906e-09
    -9.143237995420e-11 1.000000000000e+00 2.434000000000e+03 0.000000000000e+00
     2.000000000000e+00 0.000000000000e+00-1.210719347000e-08 3.000000000000e+01
     3.600180000000e+05 4.000000000000e+00                                      
G12 2026 09 03 08 00 00-6.029102951288e-04 7.958078640513e-13 0.000000000000e+00
     4.600000000000e+01 4.115625000000e+01 4.476615040414e-09 1.315609206804e-01
     1.920387148857e-06 8.762642042711e-03 1.034513115883e-05 5.153684268951e+03
     3.744000000000e+05-2.011656761169e-07-2.220475126856e+00-4.656612873077e-08
     9.585898953797e-01 1.802187500000e+02 1.591184767370e+00-8.027834391525e-09
    -2.067943280995e-10 1.000000000000e+00 2.434000000000e+03 0.000000000000e+00
     2.000000000000e+00 0.000000000000e+00-1.210719347000e-08 4.600000000000e+01
     3.672180000000e+05 4.000000000000e+00                                      
G12 2026 09 03 10 00 00-6.029042415321e-04 7.958078640513e-13 0.000000000000e+00
     9.700000000000e+01 4.621875000000e+01 4.435541900981e-09 1.181803594863e+00
     2.291053533554e-06 8.762365556322e-03 1.040846109390e-05 5.153683156967e+03
     3.816000000000e+05-1.378357410431e-07-2.220532970637e+00-1.937150955200e-07
     9.585883607786e-01 1.766250000000e+02 1.591116070199e+00-7.983546832485e-09
    -2.217949529358e-10 1.000000000000e+00 2.434000000000e+03 0.000000000000e+00
     2.000000000000e+00 0.000000000000e+00-1.210719347000e-08 9.700000000000e+01
     3.744180000000e+05 4.000000000000e+00                                      
G12 2026 09 03 09 59 44-6.029065698385e-04 7.958078640513e-13 0.000000000000e+00
     3.100000000000e+01 4.621875000000e+01 4.435541900981e-09 1.179469740209e+00
     2.291053533554e-06 8.762366953306e-03 1.040846109390e-05 5.153683156967e+03
     3.815840000000e+05-1.378357410431e-07-2.220532852141e+00-1.937150955200e-07
     9.585883651674e-01 1.766250000000e+02 1.591116234046e+00-7.983546832485e-09
    -2.217949529358e-10 1.000000000000e+00 2.434000000000e+03 0.000000000000e+00
     2.000000000000e+00 0.000000000000e+00-1.210719347000e-08 3.100000000000e+01
     3.764760000000e+05 4.000000000000e+00                                      
G12 2026 09 03 11 59 44-6.029005162418e-04 7.958078640513e-13 0.000000000000e+00
     3.200000000000e+01 5.200000000000e+01 4.255534402946e-09 2.229549546259e+00
     2.643093466759e-06 8.761989651248e-03 1.002475619316e-05 5.153684782028e+03
     3.887840000000e+05 1.657754182816e-07-2.220588728297e+00-4.842877388000e-08
     9.585881574330e-01 1.812500000000e+02 1.591209897376e+00-7.647104246872e-09
    -2.617966191657e-10 1.000000000000e+00 2.434000000000e+03 0.000000000000e+00
     2.000000000000e+00 0.000000000000e+00-1.210719347000e-08 3.200000000000e+01
     3.816180000000e+05 4.000000000000e+00                                      
G12 2026 09 03 14 00 00-6.028949283063e-04 7.958078640513e-13 0.000000000000e+00
     3.300000000000e+01 4.900000000000e+01 4.324823003380e-09-3.001104014931e+00
     2.615153789520e-06 8.763233548962e-03 9.708106517792e-06 5.153682485580e+03
     3.960000000000e+05 1.080334186554e-07-2.220643603817e+00 1.862645149231e-09
     9.585861883453e-01 1.906250000000e+02 1.591184599134e+00-7.617460154934e-09
    -2.796545058755e-10 1.000000000000e+00 2.434000000000e+03 0.000000000000e+00
     2.000000000000e+00 0.000000000000e+00-1.210719347000e-08 3.300000000000e+01
     3.888180000000e+05 4.000000000000e+00                                      
G12 2026 09 03 16 00 00-6.028893403709e-04 7.958078640513e-13 0.000000000000e+00
     3.400000000000e+01 4.290625000000e+01 4.407326439980e-09-1.950851490921e+00
     2.205371856689e-06 8.762843790464e-03 9.594485163689e-06 5.153683851242e+03
     4.032000000000e+05 1.918524503708e-07-2.220698100441e+00 1.881271600723e-07
     9.585835229085e-01 1.940000000000e+02 1.591106027267e+00-7.749965674321e-09
    -3.657295198168e-10 1.000000000000e+00 2.434000000000e+03 0.000000000000e+00
     2.000000000000e+00 0.000000000000e+00-1.210719347000e-08 3.400000000000e+01
     3.960180000000e+05 4.000000000000e+00                                      
G12 2026 09 03 18 00 00-6.028837524354e-04 7.958078640513e-13 0.000000000000e+00
     3.500000000000e+01 3.712500000000e+01 4.605906140193e-09-9.007243097315e-01
     1.918524503708e-06 8.762437035330e-03 9.693205356598e-06 5.153682966232e+03
     4.104000000000e+05-1.378357410431e-07-2.220755407331e+00 1.043081283569e-07
     9.585795028097e-01 1.923437500000e+02 1.591153450682e+00-8.076765001110e-09
    -3.392998474863e-10 1.000000000000e+00 2.434000000000e+03 0.000000000000e+00
     2.000000000000e+00 0.000000000000e+00-1.210719347000e-08 3.500000000000e+01
     4.032180000000e+05 4.000000000000e+00                                      
G12 2026 09 03 20 00 00-6.028776988387e-04 7.958078640513e-13 0.000000000000e+00
     4.700000000000e+01 3.250000000000e+01 4.615192241282e-09 1.494083793444e-01
     1.693144440651e-06 8.762258803472e-03 9.765848517418e-06 5.153682373047e+03
     4.176000000000e+05-1.825392246246e-07-2.220813220390e+00-2.980232238770e-08
     9.585769236851e-01 1.910625000000e+02 1.591197035401e+00-8.070336161895e-09
    -4.193031799462e-10 1.000000000000e+00 2.434000000000e+03 0.000000000000e+00
     2.000000000000e+00 0.000000000000e+00-1.210719347000e-08 4.700000000000e+01
     4.104180000000e+05 4.000000000000e+00                                      
G12 2026 09 03 22 00 00-6.028721109033e-04 7.958078640513e-13 0.000000000000e+00
     4.800000000000e+01 3.690625000000e+01 4.636264547599e-09 1.199645086285e+00
     1.681968569756e-06 8.761983597651e-03 9.881332516670e-06 5.153681335449e+03
     4.248000000000e+05-1.750886440277e-07-2.220871504510e+00-2.048909664154e-07
     9.585742026575e-01 1.882187500000e+02 1.591136947503e+00-7.979975255143e-09
    -3.871589838686e-10 1.000000000000e+00 2.434000000000e+03 0.000000000000e+00
     2.000000000000e+00 0.000000000000e+00-1.210719347000e-08 4.800000000000e+01
     4.176180000000e+05 4.000000000000e+00                                      
G13 2026 09 03 00 00 00 4.371972754598e-04 4.888534022029e-12 0.000000000000e+00
     1.280000000000e+02 5.156250000000e+01 4.464114519717e-09 2.147822382818e+00
     2.577900886536e-06 2.327015390620e-03 1.065060496330e-05 5.153561897278e+03
     3.456000000000e+05 7.450580596924e-09-2.328652257325e+00-1.043081283569e-07
     9.592177988372e-01 1.702500000000e+02 1.792090061870e+00-7.826754587173e-09
    -3.185846989029e-10 1.000000000000e+00 2.434000000000e+03 0.000000000000e+00
     2.000000000000e+00 0.000000000000e+00-8.381903171539e-09 6.400000000000e+02
     3.384180000000e+05 4.000000000000e+00                                      
G13 2026 09 03 02 00 00 4.372322000563e-04 4.888534022029e-12 0.000000000000e+00
     1.290000000000e+02 4.553125000000e+01 4.605906140193e-09-3.084731606973e+00
     2.371147274971e-06 2.328996546566e-03 1.011416316032e-05 5.153557823181e+03
     3.528000000000e+05 1.136213541031e-07-2.328709520327e+00 4.097819328308e-08
     9.592158824146e-01 1.847187500000e+02 1.791709666597e+00-7.864613306998e-09
    -1.767930784271e-10 1.000000000000e+00 2.434000000000e+03 0.000000000000e+00
     2.000000000000e+00 0.000000000000e+00-8.381903171539e-09 6.410000000000e+02
     3.456180000000e+05 4.000000000000e+00                                      
G13 2026 09 03 04 00 00 4.372675903141e-04 4.888534022029e-12 0.000000000000e+00
     1.300000000000e+02 3.709375000000e+01 4.547689429519e-09-2.034126306120e+00
     2.030283212662e-06 2.328125410713e-03 1.000240445137e-05 5.153560035706e+03
     3.600000000000e+05 4.097819328308e-08-2.328766170367e+00 7.636845111847e-08
     9.592147647451e-01 1.881562500000e+02 1.791356183164e+00-7.863184676061e-09
    -1.503634060966e-10 1.000000000000e+00 2.434000000000e+03 0.000000000000e+00
     2.000000000000e+00 0.000000000000e+00-8.381903171539e-09 6.420000000000e+02
     3.528180000000e+05 4.000000000000e+00                                      
G13 2026 09 03 06 00 00 4.373025149107e-04 4.888534022029e-12 0.000000000000e+00
     1.310000000000e+02 3.081250000000e+01 4.556975530608e-09-9.842600773315e-01
     1.583248376846e-06 2.327850903384e-03 1.037493348122e-05 5.153558322906e+03
     3.672000000000e+05-3.166496753693e-08-2.328823137860e+00 5.215406417847e-08
     9.592134247122e-01 1.843437500000e+02 1.791740905749e+00-7.927473068216e-09
    -1.442917246152e-10 1.000000000000e+00 2.434000000000e+03 0.000000000000e+00
     2.000000000000e+00 0.000000000000e+00-8.381903171539e-09 6.430000000000e+02
     3.600180000000e+05 4.000000000000e+00                                      
G13 2026 09 03 08 00 00 4.373374395072e-04 4.888534022029e-12 0.000000000000e+00
     1.320000000000e+02 3.000000000000e+01 4.436970531918e-09 6.599997778114e-02
     1.354143023491e-06 2.328240196221e-03 1.017563045025e-05 5.153558992386e+03
     3.744000000000e+05-7.636845111847e-08-2.328879730846e+00-4.656612873077e-08
     9.592121783060e-01 1.809375000000e+02 1.791731876619e+00-7.912115285646e-09
    -2.275094766829e-10 1.000000000000e+00 2.434000000000e+03 0.000000000000e+00
     2.000000000000e+00 0.000000000000e+00-8.381903171539e-09 6.440000000000e+02
     3.672180000000e+05 4.000000000000e+00                                      
G13 2026 09 03 10 00 00 4.373723641038e-04 4.888534022029e-12 0.000000000000e+00
     1.330000000000e+02 3.725000000000e+01 4.406612124511e-09 1.116525802684e+00
     1.924112439156e-06 2.327440539375e-03 1.023337244987e-05 5.153557065964e+03
     3.816000000000e+05-2.607703208923e-08-2.328936710042e+00-9.685754776001e-08
     9.592105178940e-01 1.792500000000e+02 1.791456862649e+00-7.895328872139e-09
    -2.371527355062e-10 1.000000000000e+00 2.434000000000e+03 0.000000000000e+00
     2.000000000000e+00 0.000000000000e+00-8.381903171539e-09 6.450000000000e+02
     3.744180000000e+05 4.000000000000e+00                                      
G13 2026 09 03 12 00 00 4.374077543616e-04 4.888534022029e-12 0.000000000000e+00
     1.340000000000e+02 4.112500000000e+01 4.296964700113e-09 2.166424342944e+00
     2.145767211914e-06 2.327337744646e-03 1.002661883831e-05 5.153558612823e+03
     3.888000000000e+05 6.891787052155e-08-2.328992741267e+00 2.048909664154e-08
     9.592093256157e-01 1.838750000000e+02 1.791808706150e+00-7.750322832055e-09
    -2.728685089258e-10 1.000000000000e+00 2.434000000000e+03 0.000000000000e+00
     2.000000000000e+00 0.000000000000e+00-8.381903171539e-09 6.460000000000e+02
     3.816180000000e+05 4.000000000000e+00                                      
G13 2026 09 03 14 00 00 4.374426789582e-04 4.888534022029e-12 0.000000000000e+00
     1.350000000000e+02 3.768750000000e+01 4.363753196408e-09-3.066291360737e+00
     2.035871148109e-06 2.328487695195e-03 9.754672646523e-06 5.153556253433e+03
     3.960000000000e+05 1.303851604462e-08-2.329048125883e+00-2.235174179077e-08
     9.592071853666e-01 1.922812500000e+02 1.791589473247e+00-7.729250525737e-09
    -3.303709041314e-10 1.000000000000e+00 2.434000000000e+03 0.000000000000e+00
     2.000000000000e+00 0.000000000000e+00-8.381903171539e-09 6.470000000000e+02
     3.888180000000e+05 4.000000000000e+00                                      
G13 2026 09 03 16 00 00 4.374776035547e-04 4.888534022029e-12 0.000000000000e+00
     1.360000000000e+02 3.009375000000e+01 4.448756737146e-09-2.015728055873e+00
     1.428648829460e-06 2.327672438696e-03 9.600073099136e-06 5.153558290482e+03
     4.032000000000e+05 6.705522537231e-08-2.329103593885e+00 1.043081283569e-07
     9.592041776070e-01 1.949062500000e+02 1.791277285066e+00-7.837112161465e-09
    -4.003738200338e-10 1.000000000000e+00 2.434000000000e+03 0.000000000000e+00
     2.000000000000e+00 0.000000000000e+00-8.381903171539e-09 6.480000000000e+02
     3.960180000000e+05 4.000000000000e+00                                      
G13 2026 09 03 18 00 00 4.375129938126e-04 4.888534022029e-12 0.000000000000e+00
     1.370000000000e+02 2.540625000000e+01 4.585190991609e-09-9.657003970006e-01
     1.281499862671e-06 2.327426569536e-03 9.518116712570e-06 5.153557275772e+03
     4.104000000000e+05-5.215406417847e-08-2.329160754483e+00 2.980232238770e-08
     9.592008041179e-01 1.934062500000e+02 1.791501276842e+00-7.967117576712e-09
    -3.785871982478e-10 1.000000000000e+00 2.434000000000e+03 0.000000000000e+00
     2.800000000000e+00 0.000000000000e+00-8.381903171539e-09 6.490000000000e+02
     4.032180000000e+05 4.000000000000e+00                                      
G13 2026 09 03 19 59 44 4.375488497317e-04 4.888534022029e-12 0.000000000000e+00
     1.380000000000e+02 2.328125000000e+01 4.605906140193e-09 8.213479386099e-02
     1.208856701851e-06 2.327283611521e-03 9.540468454361e-06 5.153556873322e+03
     4.175840000000e+05-5.960464477539e-08-2.329217859490e+00-9.313225746155e-09
     9.591980362769e-01 1.939375000000e+02 1.791584995255e+00-7.965331788041e-09
    -4.043025551100e-10 1.000000000000e+00 2.434000000000e+03 0.000000000000e+00
     2.000000000000e+00 0.000000000000e+00-8.381903171539e-09 6.500000000000e+02
     4.104180000000e+05 4.000000000000e+00                                      
G13 2026 09 03 22 00 00 4.375842399895e-04 4.888534022029e-12 0.000000000000e+00
     1.390000000000e+02 3.003125000000e+01 4.630192866118e-09 1.134982239035e+00
     1.424923539162e-06 2.326532150619e-03 9.592622518539e-06 5.153555053711e+03
     4.248000000000e+05-6.705522537231e-08-2.329275429705e+00-9.685754776001e-08
     9.591954425232e-01 1.923437500000e+02 1.791325128339e+00-7.901400553620e-09
    -3.714440435639e-10 1.000000000000e+00 2.434000000000e+03 0.000000000000e+00
     2.000000000000e+00 0.000000000000e+00-8.381903171539e-09 6.510000000000e+02
     4.176180000000e+05 4.000000000000e+00                                      
G15 2026 09 03 00 00 00 4.415991716087e-04 2.955857780762e-12 0.000000000000e+00
     1.200000000000e+01-1.593750000000e+01 4.827343935394e-09-1.612600195454e+00
    -3.632158041000e-07 1.715522934683e-02 8.087605237961e-06 5.153769714355e+03
     3.456000000000e+05 1.229345798492e-07 1.723242437976e+00 4.433095455170e-07
     9.449018244166e-01 2.110625000000e+02 1.557114266962e+00-8.119981086948e-09
     5.471656487884e-10 1.000000000000e+00 2.434000000000e+03 0.000000000000e+00
     2.000000000000e+00 0.000000000000e+00-1.071020960808e-08 1.200000000000e+01
     3.384180000000e+05 4.000000000000e+00                                      
G15 2026 09 03 02 00 00 4.416210576892e-04 2.955857780762e-12 0.000000000000e+00
     1.800000000000e+01-1.368750000000e+01 4.882346226460e-09-5.624620760260e-01
    -6.519258022308e-07 1.715539814904e-02 8.486211299896e-06 5.153770236969e+03
     3.528000000000e+05-2.235174179077e-07 1.723181601065e+00 1.844018697739e-07
     9.449045688509e-01 2.118750000000e+02 1.557101238214e+00-8.479996083018e-09
     6.175257224250e-10 1.000000000000e+00 2.434000000000e+03 0.000000000000e+00
     2.000000000000e+00 0.000000000000e+00-1.071020960808e-08 1.800000000000e+01
     3.456180000000e+05 4.000000000000e+00                                      
G15 2026 09 03 04 00 00 4.416429437697e-04 2.955857780762e-12 0.000000000000e+00
     2.100000000000e+01-1.671875000000e+01 4.927348100969e-09 4.876517501842e-01
    -8.828938007355e-07 1.715465844609e-02 8.352100849152e-06 5.153768796921e+03
     3.600000000000e+05-2.458691596985e-07 1.723122222683e+00-2.067536115646e-07
     9.449079540433e-01 2.168750000000e+02 1.557111709781e+00-8.470709981929e-09
     2.985838657879e-10 1.000000000000e+00 2.434000000000e+03 0.000000000000e+00
     2.000000000000e+00 0.000000000000e+00-1.071020960808e-08 2.100000000000e+01
     3.528180000000e+05 4.000000000000e+00                                      
G15 2026 09 03 06 00 00 4.416643641889e-04 2.955857780762e-12 0.000000000000e+00
     2.200000000000e+01-3.412500000000e+01 4.785556480493e-09 1.537635073861e+00
    -2.134591341019e-06 1.715609908570e-02 7.670372724533e-06 5.153774175644e+03
     3.672000000000e+05 5.774199962616e-08 1.723061207295e+00-4.768371582031e-07
     9.449113041257e-01 2.260000000000e+02 1.557252534664e+00-8.191412633787e-09
     3.500145795122e-10 1.000000000000e+00 2.434000000000e+03 0.000000000000e+00
     2.000000000000e+00 0.000000000000e+00-1.071020960808e-08 2.200000000000e+01
     3.600180000000e+05 4.000000000000e+00                                      
G15 2026 09 03 08 00 00 4.416862502694e-04 2.955857780762e-12 0.000000000000e+00
     7.500000000000e+01-4.387500000000e+01 4.734482924503e-09 2.587818410624e+00
    -2.194195985794e-06 1.715692400467e-02 7.500872015953e-06 5.153771715164e+03
     3.744000000000e+05 2.402812242508e-07 1.723004898116e+00-6.519258022308e-08
     9.449148663313e-01 2.233125000000e+02 1.557190149986e+00-7.816754170615e-09
     2.282237921513e-10 1.000000000000e+00 2.434000000000e+03 0.000000000000e+00
     2.000000000000e+00 0.000000000000e+00-1.071020960808e-08 7.500000000000e+01
     3.672180000000e+05 4.000000000000e+00                                      
G15 2026 09 03 10 00 00 4.417076706886e-04 2.955857780762e-12 0.000000000000e+00
     7.600000000000e+01-4.571875000000e+01 4.692695469602e-09-2.645236880231e+00
    -2.229586243629e-06 1.715554413386e-02 8.020550012589e-06 5.153774234772e+03
     3.816000000000e+05 2.272427082062e-07 1.722947759461e+00 1.508742570877e-07
     9.449170255984e-01 2.129687500000e+02 1.557182538423e+00-7.813896908742e-09
     3.878732993369e-10 1.000000000000e+00 2.434000000000e+03 0.000000000000e+00
     2.000000000000e+00 0.000000000000e+00-1.071020960808e-08 7.600000000000e+01
     3.744180000000e+05 4.000000000000e+00                                      
G15 2026 09 03 12 00 00 4.417295567691e-04 2.955857780762e-12 0.000000000000e+00
     7.900000000000e+01-3.481250000000e+01 4.868059917093e-09-1.595211303091e+00
    -1.544132828712e-06 1.715631363913e-02 8.530914783478e-06 5.153770875931e+03
     3.888000000000e+05 8.009374141693e-08 1.722891636072e+00 4.880130290985e-07
     9.449185250894e-01 2.046562500000e+02 1.557278380038e+00-8.085336786731e-09
     3.017982853957e-10 1.000000000000e+00 2.434000000000e+03 0.000000000000e+00
     2.000000000000e+00 0.000000000000e+00-1.071020960808e-08 7.900000000000e+01
     3.816180000000e+05 4.000000000000e+00                                      
G15 2026 09 03 14 00 00 4.417509771883e-04 2.955857780762e-12 0.000000000000e+00
     8.000000000000e+01-3.203125000000e+01 5.066639617306e-09-5.450791070184e-01
    -1.559033989906e-06 1.715652272105e-02 8.754432201385e-06 5.153771247864e+03
     3.960000000000e+05-2.253800630569e-07 1.722830371989e+00 8.940696716309e-08
     9.449193253056e-01 2.040625000000e+02 1.557271731075e+00-8.539641424628e-09
     4.303750697063e-10 1.000000000000e+00 2.434000000000e+03 0.000000000000e+00
     2.000000000000e+00 0.000000000000e+00-1.071020960808e-08 8.000000000000e+01
     3.888180000000e+05 4.000000000000e+00                                      
G15 2026 09 03 16 00 00 4.417728632689e-04 2.955857780762e-12 0.000000000000e+00
     9.400000000000e+01-3.431250000000e+01 5.150571684842e-09 5.050388475466e-01
    -1.713633537292e-06 1.715556695126e-02 8.646398782730e-06 5.153769393921e+03
     4.032000000000e+05-2.272427082062e-07 1.722769602372e+00-9.685754776001e-08
     9.449219424660e-01 2.106562500000e+02 1.557279562076e+00-8.538569951426e-09
     2.878691337620e-10 1.000000000000e+00 2.434000000000e+03 0.000000000000e+00
     2.800000000000e+00 0.000000000000e+00-1.071020960808e-08 9.400000000000e+01
     3.960180000000e+05 4.000000000000e+00                                      
G15 2026 09 03 15 59 44 4.417714662850e-04 2.955857780762e-12 0.000000000000e+00
     2.000000000000e+00-3.431250000000e+01 5.150571684842e-09 5.027051479615e-01
    -1.713633537292e-06 1.715556369163e-02 8.646398782730e-06 5.153769395828e+03
     4.031840000000e+05-2.272427082062e-07 1.722769742812e+00-9.685754776001e-08
     9.449219424660e-01 2.106562500000e+02 1.557279626444e+00-8.538569951426e-09
     2.878691337620e-10 1.000000000000e+00 2.434000000000e+03 0.000000000000e+00
     2.000000000000e+00 0.000000000000e+00-1.071020960808e-08 2.000000000000e+00
     3.977460000000e+05 4.000000000000e+00                                      
G15 2026 09 03 17 59 44 4.417933523655e-04 2.955857780762e-12 0.000000000000e+00
     1.000000000000e+01-5.240625000000e+01 4.925205154564e-09 1.552672841822e+00
    -2.980232238770e-06 1.715703483205e-02 7.856637239456e-06 5.153775272369e+03
     4.103840000000e+05 2.980232238770e-08 1.722708268068e+00-4.917383193970e-07
     9.449259888974e-01 2.222187500000e+02 1.557437209054e+00-8.139624762329e-09
     4.096599211229e-10 1.000000000000e+00 2.434000000000e+03 0.000000000000e+00
     2.000000000000e+00 0.000000000000e+00-1.071020960808e-08 1.000000000000e+01
     4.032180000000e+05 4.000000000000e+00                                      
G15 2026 09 03 20 00 00 4.418147727847e-04 2.955857780762e-12 0.000000000000e+00
     2.300000000000e+01-6.121875000000e+01 4.817343518837e-09 2.605174932999e+00
    -3.283843398094e-06 1.715782156680e-02 7.718801498413e-06 5.153773248672e+03
     4.176000000000e+05 2.291053533554e-07 1.722651882817e+00-1.303851604462e-07
     9.449298495382e-01 2.216250000000e+02 1.557389689086e+00-7.815325539679e-09
     3.146559638267e-10 1.000000000000e+00 2.434000000000e+03 0.000000000000e+00
     2.000000000000e+00 0.000000000000e+00-1.071020960808e-08 2.300000000000e+01
     4.104180000000e+05 4.000000000000e+00                                      
G15 2026 09 03 22 00 00 4.418361932039e-04 2.955857780762e-12 0.000000000000e+00
     2.400000000000e+01-6.484375000000e+01 4.666265797272e-09-2.627874191657e+00
    -3.419816493988e-06 1.715638663154e-02 7.834285497665e-06 5.153775854111e+03
     4.248000000000e+05 2.216547727585e-07 1.722594469134e+00 1.490116119385e-07
     9.449328251136e-01 2.106875000000e+02 1.557375444653e+00-7.813896908742e-09
     5.239503960657e-10 1.000000000000e+00 2.434000000000e+03 0.000000000000e+00
     2.000000000000e+00 0.000000000000e+00-1.071020960808e-08 2.400000000000e+01
     4.176180000000e+05 4.000000000000e+00                                      
G16 2026 09 03 00 00 00 3.270381130278e-04 6.593836587854e-12 0.000000000000e+00
     1.070000000000e+02 4.915625000000e+01 4.679837791171e-09 5.093348322973e-01
     2.900138497353e-06 1.516122044995e-02 1.041777431965e-05 5.153735500336e+03
     3.456000000000e+05-2.011656761169e-07-2.203569453890e+00 1.471489667892e-07
     9.576296344895e-01 1.782812500000e+02 9.439780048158e-01-8.188912529648e-09
    -3.600149960697e-10 1.000000000000e+00 2.434000000000e+03 0.000000000000e+00
     2.800000000000e+00 0.000000000000e+00-1.071020960808e-08 1.070000000000e+02
     3.384180000000e+05 4.000000000000e+00                                      
G16 2026 09 03 02 00 00 3.270856104791e-04 6.593836587854e-12 0.000000000000e+00
     1.240000000000e+02 4.928125000000e+01 4.658765484854e-09 1.559433640191e+00
     2.594664692879e-06 1.516233407892e-02 1.121312379837e-05 5.153737678528e+03
     3.528000000000e+05-4.172325134277e-07-2.203628870308e+00-3.352761268616e-08
     9.576274810741e-01 1.659062500000e+02 9.440223897503e-01-8.060692903071e-09
    -2.585821995580e-10 1.000000000000e+00 2.434000000000e+03 0.000000000000e+00
     2.800000000000e+00 0.000000000000e+00-1.071020960808e-08 1.240000000000e+02
     3.456180000000e+05 4.000000000000e+00                                      
G16 2026 09 03 01 59 44 3.270870074630e-04 6.593836587854e-12 0.000000000000e+00
     5.000000000000e+00 4.928125000000e+01 4.658765484854e-09 1.557099646559e+00
     2.594664692879e-06 1.516233047005e-02 1.121312379837e-05 5.153737678528e+03
     3.527840000000e+05-4.172325134277e-07-2.203628735719e+00-3.352761268616e-08
     9.576274840000e-01 1.659062500000e+02 9.440227525540e-01-8.060692903071e-09
    -2.589393572922e-10 1.000000000000e+00 2.434000000000e+03 0.000000000000e+00
     2.000000000000e+00 0.000000000000e+00-1.071020960808e-08 5.000000000000e+00
     3.463260000000e+05 4.000000000000e+00                                      
G16 2026 09 03 03 59 44 3.271345049143e-04 6.593836587854e-12 0.000000000000e+00
     6.000000000000e+00 5.837500000000e+01 4.459114311438e-09 2.607269163135e+00
     2.874061465263e-06 1.516188506503e-02 1.089274883270e-05 5.153737422943e+03
     3.599840000000e+05 2.235174179077e-08-2.203685347723e+00-2.663582563400e-07
     9.576280881851e-01 1.667812500000e+02 9.439964112511e-01-7.582101539249e-09
    -1.939366496685e-10 1.000000000000e+00 2.434000000000e+03 0.000000000000e+00
     2.000000000000e+00 0.000000000000e+00-1.071020960808e-08 6.000000000000e+00
     3.528180000000e+05 4.000000000000e+00                                      
G16 2026 09 03 06 00 00 3.271824680269e-04 6.593836587854e-12 0.000000000000e+00
     2.700000000000e+01 5.546875000000e+01 4.460185784641e-09-2.623487166588e+00
     2.458691596985e-06 1.516277471092e-02 1.020729541779e-05 5.153735784531e+03
     3.672000000000e+05 2.402812242508e-07-2.203740970794e+00-2.030283212662e-07
     9.576267905768e-01 1.787812500000e+02 9.440425736311e-01-7.656747505696e-09
    -6.071681481333e-11 1.000000000000e+00 2.434000000000e+03 0.000000000000e+00
     2.000000000000e+00 0.000000000000e+00-1.071020960808e-08 2.700000000000e+01
     3.600180000000e+05 4.000000000000e+00                                      
G16 2026 09 03 05 59 44 3.271815367043e-04 6.593836587854e-12 0.000000000000e+00
     9.500000000000e+01 5.546875000000e+01 4.460185784641e-09-2.625820766695e+00
     2.458691596985e-06 1.516277692281e-02 1.020729541779e-05 5.153735782623e+03
     3.671840000000e+05 2.402812242508e-07-2.203740859612e+00-2.030283212662e-07
     9.576267832622e-01 1.787812500000e+02 9.440425355952e-01-7.656747505696e-09
    -6.071681481333e-11 1.000000000000e+00 2.434000000000e+03 0.000000000000e+00
     2.000000000000e+00 0.000000000000e+00-1.071020960808e-08 9.500000000000e+01
     3.610560000000e+05 4.000000000000e+00                                      
G16 2026 09 03 07 59 44 3.272294998169e-04 6.593836587854e-12 0.000000000000e+00
     9.600000000000e+01 5.271875000000e+01 4.403397704904e-09-1.575703237839e+00
     2.754852175713e-06 1.516380615067e-02 9.326264262199e-06 5.153734159470e+03
     3.743840000000e+05 3.688037395477e-07-2.203795881424e+00-7.450580596924e-09
     9.576263941260e-01 1.902500000000e+02 9.440685594449e-01-7.734607891750e-09
    -7.428880871279e-11 1.000000000000e+00 2.434000000000e+03 0.000000000000e+00
     2.000000000000e+00 0.000000000000e+00-1.071020960808e-08 9.600000000000e+01
     3.672180000000e+05 4.000000000000e+00                                      
G16 2026 09 03 10 00 00 3.272769972682e-04 6.593836587854e-12 0.000000000000e+00
     1.250000000000e+02 4.440625000000e+01 4.494472927124e-09-5.231708276849e-01
     2.566725015640e-06 1.516371103935e-02 9.668990969658e-06 5.153735475540e+03
     3.816000000000e+05-1.862645149231e-09-2.203852875250e+00 2.589076757431e-07
     9.576236657838e-01 1.933437500000e+02 9.440118918502e-01-8.169268854267e-09
    -1.414344627416e-10 1.000000000000e+00 2.434000000000e+03 0.000000000000e+00
     2.000000000000e+00 0.000000000000e+00-1.071020960808e-08 1.250000000000e+02
     3.744180000000e+05 4.000000000000e+00                                      
G16 2026 09 03 12 00 00 3.273249603808e-04 6.593836587854e-12 0.000000000000e+00
     1.380000000000e+02 3.996875000000e+01 4.437327689652e-09 5.269417448045e-01
     2.305954694748e-06 1.516339124646e-02 1.000426709652e-05 5.153734872818e+03
     3.888000000000e+05-3.147870302200e-07-2.203910394263e+00 1.545995473862e-07
     9.576224457101e-01 1.875000000000e+02 9.440423161575e-01-8.059621429869e-09
    -3.435857402966e-10 1.000000000000e+00 2.434000000000e+03 0.000000000000e+00
     2.000000000000e+00 0.000000000000e+00-1.071020960808e-08 1.380000000000e+02
     3.816180000000e+05 4.000000000000e+00                                      
G16 2026 09 03 14 00 00 3.273724578321e-04 6.593836587854e-12 0.000000000000e+00
     1.390000000000e+02 4.140625000000e+01 4.480543775490e-09 1.577067136845e+00
     2.061948180199e-06 1.516408333555e-02 1.057609915733e-05 5.153735942841e+03
     3.960000000000e+05-3.278255462646e-07-2.203968283394e+00-9.872019290924e-08
     9.576195696132e-01 1.793437500000e+02 9.440590109786e-01-8.013905239892e-09
    -4.018024509706e-10 1.000000000000e+00 2.434000000000e+03 0.000000000000e+00
     2.000000000000e+00 0.000000000000e+00-1.071020960808e-08 1.390000000000e+02
     3.888180000000e+05 4.000000000000e+00                                      
G16 2026 09 03 16 00 00 3.274204209447e-04 6.593836587854e-12 0.000000000000e+00
     1.400000000000e+02 4.868750000000e+01 4.346966782901e-09 2.627234166460e+00
     2.304092049599e-06 1.516376005020e-02 1.015700399876e-05 5.153735651016e+03
     4.032000000000e+05 8.009374141693e-08-2.204024674497e+00-2.328306436539e-07
     9.576187796374e-01 1.794062500000e+02 9.440349284212e-01-7.593887744477e-09
    -3.628722579432e-10 1.000000000000e+00 2.434000000000e+03 0.000000000000e+00
     2.000000000000e+00 0.000000000000e+00-1.071020960808e-08 1.400000000000e+02
     3.960180000000e+05 4.000000000000e+00                                      
G16 2026 09 03 18 00 00 3.274679183960e-04 6.593836587854e-12 0.000000000000e+00
     1.410000000000e+02 4.559375000000e+01 4.427327273095e-09-2.605846561615e+00
     2.274289727211e-06 1.516460126732e-02 9.693205356598e-06 5.153734092712e+03
     4.104000000000e+05 2.253800630569e-07-2.204079866008e+00-1.527369022369e-07
     9.576162444004e-01 1.894375000000e+02 9.440724171599e-01-7.631746464302e-09
    -2.728685089258e-10 1.000000000000e+00 2.434000000000e+03 0.000000000000e+00
     2.000000000000e+00 0.000000000000e+00-1.071020960808e-08 1.410000000000e+02
     4.032180000000e+05 4.000000000000e+00                                      
G16 2026 09 03 20 00 00 3.275154158473e-04 6.593836587854e-12 0.000000000000e+00
     1.500000000000e+02 4.425000000000e+01 4.488758403376e-09-1.555730567360e+00
     2.315267920494e-06 1.516549743246e-02 9.167939424515e-06 5.153732563019e+03
     4.176000000000e+05 3.837049007416e-07-2.204134535256e+00 2.980232238770e-08
     9.576141056141e-01 1.996562500000e+02 9.441008445840e-01-7.730321998940e-09
    -3.250135381184e-10 1.000000000000e+00 2.434000000000e+03 0.000000000000e+00
     2.000000000000e+00 0.000000000000e+00-1.071020960808e-08 1.500000000000e+02
     4.104180000000e+05 4.000000000000e+00                                      
G16 2026 09 03 22 00 00 3.275633789599e-04 6.593836587854e-12 0.000000000000e+00
     1.510000000000e+02 3.721875000000e+01 4.732339978098e-09-5.055427423644e-01
     2.063810825348e-06 1.516535494011e-02 9.130686521530e-06 5.153733474731e+03
     4.248000000000e+05-6.891787052155e-08-2.204191606616e+00 2.533197402954e-07
     9.576093277237e-01 2.018750000000e+02 9.440574354158e-01-8.227842722675e-09
    -3.803729869188e-10 1.000000000000e+00 2.434000000000e+03 0.000000000000e+00
     2.000000000000e+00 0.000000000000e+00-1.071020960808e-08 1.510000000000e+02
     4.176180000000e+05 4.000000000000e+00                                      
G17 2026 09 03 00 00 00-1.964224502444e-04-4.661160346586e-12 0.000000000000e+00
     1.800000000000e+01 8.546875000000e+01 4.820557938445e-09-5.489719759149e-01
     4.470348358154e-06 1.265412161592e-02 4.900619387627e-06 5.153699340820e+03
     3.456000000000e+05-1.788139343262e-07-1.188263153530e+00-2.607703208923e-08
     9.564441310286e-01 2.870312500000e+02-1.088468467584e+00-8.469638508726e-09
     4.000166622996e-11 1.000000000000e+00 2.434000000000e+03 0.000000000000e+00
     2.000000000000e+00 0.000000000000e+00-1.071020960808e-08 1.800000000000e+01
     3.384180000000e+05 4.000000000000e+00                                      
G17 2026 09 03 02 00 00-1.964559778571e-04-4.661160346586e-12 0.000000000000e+00
     2.000000000000e+01 7.781250000000e+01 4.784127849557e-09 5.012273490795e-01
     3.973022103310e-06 1.265609206166e-02 5.520880222321e-06 5.153703145981e+03
     3.528000000000e+05-1.043081283569e-07-1.188323880722e+00-1.490116119385e-07
     9.564439540155e-01 2.740937500000e+02-1.088502427764e+00-8.484281975828e-09
    -4.071598169835e-11 1.000000000000e+00 2.434000000000e+03 0.000000000000e+00
     2.000000000000e+00 0.000000000000e+00-1.071020960808e-08 2.000000000000e+01
     3.456180000000e+05 4.000000000000e+00                                      
G17 2026 09 03 04 00 00-1.964895054698e-04-4.661160346586e-12 0.000000000000e+00
     4.200000000000e+01 8.446875000000e+01 4.743769025592e-09 1.551465191244e+00
     4.271045327187e-06 1.265510637313e-02 5.478039383888e-06 5.153700714111e+03
     3.600000000000e+05 2.346932888031e-07-1.188383798921e+00-1.154839992523e-07
     9.564452457721e-01 2.652500000000e+02-1.088574311169e+00-8.133553080847e-09
    -4.428755904031e-11 1.000000000000e+00 2.434000000000e+03 0.000000000000e+00
     2.000000000000e+00 0.000000000000e+00-1.071020960808e-08 4.200000000000e+01
     3.528180000000e+05 4.000000000000e+00                                      
G17 2026 09 03 06 00 00-1.965230330825e-04-4.661160346586e-12 0.000000000000e+00
     4.300000000000e+01 1.137187500000e+02 4.661979904461e-09 2.601327705683e+00
     5.980953574181e-06 1.265322149266e-02 6.044283509254e-06 5.153708637238e+03
     3.672000000000e+05 2.607703208923e-07-1.188442239572e+00 3.725290298462e-08
     9.564449414852e-01 2.555937500000e+02-1.088273838036e+00-8.108909197188e-09
    -1.107188976008e-11 1.000000000000e+00 2.434000000000e+03 0.000000000000e+00
     2.000000000000e+00 0.000000000000e+00-1.071020960808e-08 4.300000000000e+01
     3.600180000000e+05 4.000000000000e+00                                      
G17 2026 09 03 08 00 00-1.965565606952e-04-4.661160346586e-12 0.000000000000e+00
     4.400000000000e+01 1.236875000000e+02 4.686266630387e-09-2.631677265179e+00
     6.506219506264e-06 1.265520090237e-02 5.599111318588e-06 5.153704986572e+03
     3.744000000000e+05 3.725290298462e-08-1.188501280020e+00 1.676380634308e-07
     9.564458645865e-01 2.667500000000e+02-1.088291504235e+00-8.028191549260e-09
     1.667926618696e-10 1.000000000000e+00 2.434000000000e+03 0.000000000000e+00
     2.000000000000e+00 0.000000000000e+00-1.071020960808e-08 4.400000000000e+01
     3.672180000000e+05 4.000000000000e+00                                      
G17 2026 09 03 10 00 00-1.965900883079e-04-4.661160346586e-12 0.000000000000e+00
     4.500000000000e+01 1.140937500000e+02 4.662337062196e-09-1.581480517846e+00
     6.111338734627e-06 1.265424734447e-02 5.856156349182e-06 5.153706586838e+03
     3.816000000000e+05-2.235174179077e-07-1.188559790892e+00 1.695007085800e-07
     9.564460167300e-01 2.720625000000e+02-1.088326674249e+00-8.257843972348e-09
     1.671498196038e-10 1.000000000000e+00 2.434000000000e+03 0.000000000000e+00
     2.000000000000e+00 0.000000000000e+00-1.071020960808e-08 4.500000000000e+01
     3.744180000000e+05 4.000000000000e+00                                      
G17 2026 09 03 12 00 00-1.966236159205e-04-4.661160346586e-12 0.000000000000e+00
     4.600000000000e+01 8.965625000000e+01 4.690195365463e-09-5.315616166921e-01
     4.446133971214e-06 1.265323488042e-02 5.617737770081e-06 5.153700479507e+03
     3.888000000000e+05-2.328306436539e-07-1.188620013377e+00-4.656612873077e-08
     9.564471958419e-01 2.723750000000e+02-1.088080677259e+00-8.341418882150e-09
     1.782217093638e-10 1.000000000000e+00 2.434000000000e+03 0.000000000000e+00
     2.000000000000e+00 0.000000000000e+00-1.071020960808e-08 4.600000000000e+01
     3.816180000000e+05 4.000000000000e+00                                      
G17 2026 09 03 14 00 00-1.966571435332e-04-4.661160346586e-12 0.000000000000e+00
     4.700000000000e+01 7.996875000000e+01 4.570547524507e-09 5.186286513765e-01
     4.163011908531e-06 1.265540427994e-02 5.986541509628e-06 5.153704654694e+03
     3.960000000000e+05-7.823109626770e-08-1.188679622900e+00-1.750886440277e-07
     9.564477078633e-01 2.595937500000e+02-1.088107754410e+00-8.393206753608e-09
     4.214461263514e-11 1.000000000000e+00 2.434000000000e+03 0.000000000000e+00
     2.000000000000e+00 0.000000000000e+00-1.071020960808e-08 4.700000000000e+01
     3.888180000000e+05 4.000000000000e+00                                      
G17 2026 09 03 16 00 00-1.966906711459e-04-4.661160346586e-12 0.000000000000e+00
     8.700000000000e+01 8.581250000000e+01 4.440899266994e-09 1.568888429998e+00
     4.466623067856e-06 1.265432499349e-02 6.366521120071e-06 5.153701637268e+03
     4.032000000000e+05 3.036111593246e-07-1.188738692607e+00-8.381903171539e-08
     9.564497427823e-01 2.482812500000e+02-1.088204279208e+00-7.999618930524e-09
     2.464388365953e-11 1.000000000000e+00 2.434000000000e+03 0.000000000000e+00
     2.000000000000e+00 0.000000000000e+00-1.071020960808e-08 8.700000000000e+01
     3.960180000000e+05 4.000000000000e+00                                      
G17 2026 09 03 18 00 00-1.967237330973e-04-4.661160346586e-12 0.000000000000e+00
     9.500000000000e+01 1.142187500000e+02 4.291250176366e-09 2.618754731932e+00
     6.077811121941e-06 1.265235443134e-02 7.072463631630e-06 5.153709486008e+03
     4.104000000000e+05 1.098960638046e-07-1.188794843791e+00 5.587935447693e-08
     9.564497544857e-01 2.370312500000e+02-1.087911101647e+00-7.866399095669e-09
    -9.536111503035e-11 1.000000000000e+00 2.434000000000e+03 0.000000000000e+00
     2.000000000000e+00 0.000000000000e+00-1.071020960808e-08 9.500000000000e+01
     4.032180000000e+05 4.000000000000e+00                                      
G17 2026 09 03 20 00 00-1.967572607100e-04-4.661160346586e-12 0.000000000000e+00
     1.010000000000e+02 1.275625000000e+02 4.456257049565e-09-2.614257745163e+00
     6.547197699547e-06 1.265476900153e-02 6.714835762978e-06 5.153705057144e+03
     4.176000000000e+05 1.285225152969e-07-1.188851423611e+00 1.266598701477e-07
     9.564490508221e-01 2.493750000000e+02-1.087924379092e+00-7.892471610265e-09
    -1.003613233091e-10 1.000000000000e+00 2.434000000000e+03 0.000000000000e+00
     2.800000000000e+00 0.000000000000e+00-1.071020960808e-08 1.010000000000e+02
     4.104180000000e+05 4.000000000000e+00                                      
G17 2026 09 03 19 59 44-1.967572607100e-04-4.661160346586e-12 0.000000000000e+00
     4.800000000000e+01 1.275625000000e+02 4.456257049565e-09-2.616591250180e+00
     6.547197699547e-06 1.265477098059e-02 6.714835762978e-06 5.153705049515e+03
     4.175840000000e+05 1.285225152969e-07-1.188851291948e+00 1.266598701477e-07
     9.564490522850e-01 2.493750000000e+02-1.087924529772e+00-7.892471610265e-09
    -1.003613233091e-10 1.000000000000e+00 2.434000000000e+03 0.000000000000e+00
     2.000000000000e+00 0.000000000000e+00-1.071020960808e-08 4.800000000000e+01
     4.150800000000e+05 4.000000000000e+00                                      
G17 2026 09 03 21 59 44-1.967907883227e-04-4.661160346586e-12 0.000000000000e+00
     4.900000000000e+01 1.180937500000e+02 4.559118477013e-09-1.566369877547e+00
     6.144866347313e-06 1.265364512801e-02 6.511807441711e-06 5.153707330704e+03
     4.247840000000e+05-2.235174179077e-07-1.188909178154e+00 1.564621925354e-07
     9.564467745215e-01 2.575625000000e+02-1.087985809947e+00-8.224985460802e-09
    -1.064330047904e-10 1.000000000000e+00 2.434000000000e+03 0.000000000000e+00
     2.000000000000e+00 0.000000000000e+00-1.071020960808e-08 4.900000000000e+01
     4.176180000000e+05 4.000000000000e+00                                      
G18 2026 09 03 00 00 00-2.654120326042e-04 8.867573342286e-12 0.000000000000e+00
     1.250000000000e+02-3.021875000000e+01 4.316251217760e-09-2.513955120893e+00
    -1.622363924980e-06 6.494402070530e-03 3.360211849213e-06 5.153613805771e+03
     3.456000000000e+05-6.705522537231e-08-1.757635434285e-01-4.470348358154e-08
     9.704797942531e-01 3.206875000000e+02-2.831978816314e+00-8.183912321369e-09
    -1.792931825664e-10 1.000000000000e+00 2.434000000000e+03 0.000000000000e+00
     2.000000000000e+00 0.000000000000e+00-8.381903171539e-09 8.930000000000e+02
     3.384180000000e+05 4.000000000000e+00                                      
G18 2026 09 03 02 00 00-2.653477713466e-04 8.867573342286e-12 0.000000000000e+00
     1.260000000000e+02-3.546875000000e+01 4.336252050875e-09-1.463788446767e+00
    -1.883134245872e-06 6.494884262793e-03 3.226101398468e-06 5.153612871170e+03
     3.528000000000e+05-1.676380634308e-08-1.758222825152e-01-1.247972249985e-07
     9.704784147214e-01 3.230000000000e+02-2.831928807922e+00-8.198555788471e-09
    -2.289381076197e-10 1.000000000000e+00 2.434000000000e+03 0.000000000000e+00
     2.000000000000e+00 0.000000000000e+00-8.381903171539e-09 8.940000000000e+02
     3.456180000000e+05 4.000000000000e+00                                      
G18 2026 09 03 04 00 00-2.652839757502e-04 8.867573342286e-12 0.000000000000e+00
     1.270000000000e+02-3.018750000000e+01 4.459828626906e-09-4.136652125308e-01
    -1.728534698486e-06 6.494164466858e-03 3.403052687645e-06 5.153611125946e+03
     3.600000000000e+05 6.519258022308e-08-1.758812205588e-01 0.000000000000e+00
     9.704760301649e-01 3.179375000000e+02-2.831834898822e+00-8.311417632477e-09
    -3.071556514086e-10 1.000000000000e+00 2.434000000000e+03 0.000000000000e+00
     2.800000000000e+00 0.000000000000e+00-8.381903171539e-09 8.950000000000e+02
     3.528180000000e+05 4.000000000000e+00                                      
G18 2026 09 03 05 14 40-2.652439288795e-04 8.867573342286e-12 0.000000000000e+00
     1.280000000000e+02-2.696875000000e+01 4.491972822984e-09 2.397946382835e-01
    -1.486390829086e-06 6.494692293927e-03 3.080815076828e-06 5.153612104416e+03
     3.644800000000e+05 4.470348358154e-08-1.759184971744e-01 7.450580596924e-09
     9.704746008939e-01 3.208750000000e+02-2.831825291839e+00-8.321775206769e-09
    -3.092985978138e-10 1.000000000000e+00 2.434000000000e+03 0.000000000000e+00
     2.000000000000e+00 0.000000000000e+00-8.381903171539e-09 8.960000000000e+02
     3.573180000000e+05 4.000000000000e+00                                      
G18 2026 09 03 06 00 00-2.652197144926e-04 8.867573342286e-12 0.000000000000e+00
     1.290000000000e+02-1.643750000000e+01 4.479829460021e-09 6.364555171898e-01
    -8.158385753632e-07 6.495891720988e-03 3.037974238396e-06 5.153614545822e+03
     3.672000000000e+05 3.725290298462e-08-1.759411226654e-01 7.450580596924e-09
     9.704737626419e-01 3.215000000000e+02-2.831737306094e+00-8.319989418098e-09
    -3.117987019532e-10 1.000000000000e+00 2.434000000000e+03 0.000000000000e+00
     2.000000000000e+00 0.000000000000e+00-8.381903171539e-09 8.970000000000e+02
     3.600180000000e+05 4.000000000000e+00                                      
G18 2026 09 03 08 00 00-2.651559188962e-04 8.867573342286e-12 0.000000000000e+00
     1.300000000000e+02-8.468750000000e+00 4.546617956316e-09 1.686634257464e+00
    -3.427267074585e-07 6.496537360363e-03 3.462657332420e-06 5.153615457535e+03
     3.744000000000e+05 1.676380634308e-08-1.760017723231e-01 1.844018697739e-07
     9.704719281426e-01 3.195625000000e+02-2.831699508679e+00-8.318203629427e-09
    -1.692927660089e-10 1.000000000000e+00 2.434000000000e+03 0.000000000000e+00
     2.000000000000e+00 0.000000000000e+00-8.381903171539e-09 8.980000000000e+02
     3.672180000000e+05 4.000000000000e+00                                      
G18 2026 09 03 10 00 00-2.650921232998e-04 8.867573342286e-12 0.000000000000e+00
     1.310000000000e+02-2.343750000000e+00 4.481258090958e-09 2.736962848826e+00
    -8.009374141693e-08 6.496633635834e-03 3.324821591377e-06 5.153614259720e+03
     3.816000000000e+05-1.098960638046e-07-1.760617753711e-01 0.000000000000e+00
     9.704718140350e-01 3.231250000000e+02-2.831810364223e+00-8.156411175836e-09
    -5.393081786361e-11 1.000000000000e+00 2.434000000000e+03 0.000000000000e+00
     2.000000000000e+00 0.000000000000e+00-8.381903171539e-09 8.990000000000e+02
     3.744180000000e+05 4.000000000000e+00                                      
G18 2026 09 03 12 00 00-2.650283277035e-04 8.867573342286e-12 0.000000000000e+00
     1.320000000000e+02-4.687500000000e+00 4.474114936274e-09-2.496057589469e+00
    -3.520399332047e-07 6.496371817775e-03 3.170222043991e-06 5.153614665985e+03
     3.888000000000e+05-7.450580596924e-08-1.761210352566e-01-1.192092895508e-07
     9.704712332565e-01 3.283437500000e+02-2.831758730529e+00-8.237843139233e-09
    -6.071681481333e-12 1.000000000000e+00 2.434000000000e+03 0.000000000000e+00
     2.000000000000e+00 0.000000000000e+00-8.381903171539e-09 9.000000000000e+02
     3.816180000000e+05 4.000000000000e+00                                      
G18 2026 09 03 14 00 00-2.649640664458e-04 8.867573342286e-12 0.000000000000e+00
     1.330000000000e+02-1.040625000000e+01 4.412326648258e-09-1.445935946887e+00
    -6.947666406631e-07 6.496983696707e-03 2.518296241760e-06 5.153613132477e+03
     3.960000000000e+05 2.235174179077e-08-1.761807822939e-01-7.823109626770e-08
     9.704714424538e-01 3.330312500000e+02-2.831662833323e+00-8.267130073437e-09
     4.821629411647e-11 1.000000000000e+00 2.434000000000e+03 0.000000000000e+00
     2.000000000000e+00 0.000000000000e+00-8.381903171539e-09 9.010000000000e+02
     3.888180000000e+05 4.000000000000e+00                                      
G18 2026 09 03 16 00 00-2.649002708495e-04 8.867573342286e-12 0.000000000000e+00
     1.340000000000e+02-6.125000000000e+00 4.399826127562e-09-3.957965283884e-01
    -1.937150955200e-07 6.496257265098e-03 2.870336174965e-06 5.153611534119e+03
     4.032000000000e+05 7.823109626770e-08-1.762402645430e-01-9.313225746155e-09
     9.704713927146e-01 3.271562500000e+02-2.831585175780e+00-8.324989626377e-09
     4.285892810353e-12 1.000000000000e+00 2.434000000000e+03 0.000000000000e+00
     2.000000000000e+00 0.000000000000e+00-8.381903171539e-09 9.020000000000e+02
     3.960180000000e+05 4.000000000000e+00                                      
G18 2026 09 03 18 00 00-2.648364752531e-04 8.867573342286e-12 0.000000000000e+00
     1.350000000000e+02 3.687500000000e+00 4.280178286606e-09 6.543296799604e-01
     2.589076757431e-07 6.497188354842e-03 2.987682819366e-06 5.153613449097e+03
     4.104000000000e+05 4.284083843231e-08-1.762993913030e-01 1.508742570877e-07
     9.704717174824e-01 3.262187500000e+02-2.831493976004e+00-8.201055892610e-09
    -6.357407668690e-11 1.000000000000e+00 2.434000000000e+03 0.000000000000e+00
     2.000000000000e+00 0.000000000000e+00-8.381903171539e-09 9.030000000000e+02
     4.032180000000e+05 4.000000000000e+00                                      
G18 2026 09 03 20 00 00-2.647726796567e-04 8.867573342286e-12 0.000000000000e+00
     1.360000000000e+02 1.178125000000e+01 4.245176828655e-09 1.704399558649e+00
     6.593763828278e-07 6.498070200905e-03 3.434717655182e-06 5.153615736008e+03
     4.176000000000e+05-4.656612873077e-08-1.763579884867e-01 8.940696716309e-08
     9.704709728571e-01 3.187812500000e+02-2.831349477733e+00-8.174626220280e-09
    -1.271481533738e-10 1.000000000000e+00 2.434000000000e+03 0.000000000000e+00
     2.000000000000e+00 0.000000000000e+00-8.381903171539e-09 9.040000000000e+02
     4.104180000000e+05 4.000000000000e+00                                      
G18 2026 09 03 22 00 00-2.647088840604e-04 8.867573342286e-12 0.000000000000e+00
     1.370000000000e+02 2.196875000000e+01 4.269463554580e-09 2.754797005176e+00
     1.069158315659e-06 6.498604780063e-03 3.369525074959e-06 5.153613372803e+03
     4.248000000000e+05-8.754432201385e-08-1.764168826427e-01 7.450580596924e-09
     9.704705149638e-01 3.196562500000e+02-2.831531173622e+00-8.105337619846e-09
    -8.178912113090e-11 1.000000000000e+00 2.434000000000e+03 0.000000000000e+00
     2.000000000000e+00 0.000000000000e+00-8.381903171539e-09 9.050000000000e+02
     4.176180000000e+05 4.000000000000e+00                                      
G19 2026 09 03 00 00 00 7.049334235489e-04 1.136868377216e-13 0.000000000000e+00
     1.200000000000e+01 8.909375000000e+01 4.813057626026e-09 1.061157043690e+00
     4.725530743599e-06 1.180867257062e-02 4.082918167114e-06 5.153583181381e+03
     3.456000000000e+05 1.527369022369e-07-1.144508488001e+00 2.328306436539e-07
     9.555880971999e-01 2.953437500000e+02 3.055327907403e+00-8.335704358402e-09
    -1.650068731986e-10 1.000000000000e+00 2.434000000000e+03 0.000000000000e+00
     2.000000000000e+00 0.000000000000e+00-1.536682248116e-08 1.200000000000e+01
     3.384180000000e+05 4.000000000000e+00                                      
G19 2026 09 03 02 00 00 7.049343548715e-04 1.136868377216e-13 0.000000000000e+00
     2.200000000000e+01 8.918750000000e+01 4.754840915352e-09 2.111170619050e+00
     4.764646291733e-06 1.180847035721e-02 5.261972546577e-06 5.153588165283e+03
     3.528000000000e+05-5.215406417847e-08-1.144568473494e+00 2.998858690262e-07
     9.555868317758e-01 2.764375000000e+02 3.055551235014e+00-8.277487647728e-09
    -1.271481533738e-10 1.000000000000e+00 2.434000000000e+03 0.000000000000e+00
     2.000000000000e+00 0.000000000000e+00-1.536682248116e-08 2.200000000000e+01
     3.456180000000e+05 4.000000000000e+00                                      
G19 2026 09 03 04 00 00 7.049352861941e-04 1.136868377216e-13 0.000000000000e+00
     2.400000000000e+01 9.390625000000e+01 4.669480216880e-09-3.121764781279e+00
     4.919245839119e-06 1.180956070311e-02 5.669891834259e-06 5.153586223602e+03
     3.600000000000e+05-1.993030309677e-07-1.144628189810e+00 1.303851604462e-08
     9.555874388868e-01 2.685000000000e+02 3.055536613147e+00-8.046049435969e-09
     2.428672592533e-11 1.000000000000e+00 2.434000000000e+03 0.000000000000e+00
     2.000000000000e+00 0.000000000000e+00-1.536682248116e-08 2.400000000000e+01
     3.528180000000e+05 4.000000000000e+00                                      
G19 2026 09 03 06 00 00 7.049362175167e-04 1.136868377216e-13 0.000000000000e+00
     2.500000000000e+01 9.890625000000e+01 4.761269754568e-09-2.071490510992e+00
     5.068257451057e-06 1.180950249545e-02 5.893409252167e-06 5.153586753845e+03
     3.672000000000e+05-1.359730958939e-07-1.144687623783e+00-2.812594175339e-07
     9.555870585281e-01 2.654687500000e+02 3.055498839140e+00-8.269630177576e-09
     1.460775132862e-10 1.000000000000e+00 2.434000000000e+03 0.000000000000e+00
     2.000000000000e+00 0.000000000000e+00-1.536682248116e-08 2.500000000000e+01
     3.600180000000e+05 4.000000000000e+00                                      
G19 2026 09 03 08 00 00 7.049366831779e-04 1.136868377216e-13 0.000000000000e+00
     2.900000000000e+01 1.032187500000e+02 4.779484799012e-09-1.021331157308e+00
     5.275011062622e-06 1.180912798736e-02 5.360692739487e-06 5.153585031509e+03
     3.744000000000e+05 5.029141902924e-08-1.144747948673e+00-2.030283212662e-07
     9.555885902033e-01 2.727812500000e+02 3.055575760835e+00-8.323918153174e-09
     2.446530479243e-10 1.000000000000e+00 2.434000000000e+03 0.000000000000e+00
     2.000000000000e+00 0.000000000000e+00-1.536682248116e-08 2.900000000000e+01
     3.672180000000e+05 4.000000000000e+00                                      
G19 2026 09 03 10 00 00 7.049376145005e-04 1.136868377216e-13 0.000000000000e+00
     7.800000000000e+01 1.015625000000e+02 4.804842998140e-09 2.890277593949e-02
     5.329027771950e-06 1.180973649025e-02 5.081295967102e-06 5.153586008072e+03
     3.816000000000e+05 1.657754182816e-07-1.144807825910e+00-5.215406417847e-08
     9.555894752687e-01 2.787187500000e+02 3.055578698375e+00-8.454637883890e-09
     1.500062483624e-10 1.000000000000e+00 2.434000000000e+03 0.000000000000e+00
     2.000000000000e+00 0.000000000000e+00-1.536682248116e-08 7.800000000000e+01
     3.744180000000e+05 4.000000000000e+00                                      
G19 2026 09 03 12 00 00 7.049385458231e-04 1.136868377216e-13 0.000000000000e+00
     8.100000000000e+01 9.590625000000e+01 4.660194115791e-09 1.079182682850e+00
     4.997476935387e-06 1.180921064224e-02 5.159527063370e-06 5.153584657669e+03
     3.888000000000e+05 1.136213541031e-07-1.144866845877e+00 2.719461917877e-07
     9.555911868829e-01 2.774375000000e+02 3.055534553359e+00-8.182840848166e-09
     1.107188976008e-11 1.000000000000e+00 2.434000000000e+03 0.000000000000e+00
     2.000000000000e+00 0.000000000000e+00-1.536682248116e-08 8.100000000000e+01
     3.816180000000e+05 4.000000000000e+00                                      
G19 2026 09 03 11 59 44 7.049380801618e-04 1.136868377216e-13 0.000000000000e+00
     1.300000000000e+01 9.590625000000e+01 4.660194115791e-09 1.076848836974e+00
     4.997476935387e-06 1.180920936167e-02 5.159527063370e-06 5.153584653854e+03
     3.887840000000e+05 1.136213541031e-07-1.144866720066e+00 2.719461917877e-07
     9.555911883458e-01 2.774375000000e+02 3.055534550433e+00-8.182840848166e-09
     1.142904749427e-11 1.000000000000e+00 2.434000000000e+03 0.000000000000e+00
     2.000000000000e+00 0.000000000000e+00-1.536682248116e-08 1.300000000000e+01
     3.828660000000e+05 4.000000000000e+00                                      
G19 2026 09 03 13 59 44 7.049385458231e-04 1.136868377216e-13 0.000000000000e+00
     2.600000000000e+01 9.331250000000e+01 4.516259548909e-09 2.126889786457e+00
     4.859641194344e-06 1.180885976646e-02 5.843117833138e-06 5.153588993073e+03
     3.959840000000e+05-8.568167686462e-08-1.144925078794e+00 2.179294824600e-07
     9.555908723555e-01 2.607812500000e+02 3.055728234935e+00-8.124624137493e-09
    -4.857345185067e-11 1.000000000000e+00 2.434000000000e+03 0.000000000000e+00
     2.000000000000e+00 0.000000000000e+00-1.536682248116e-08 2.600000000000e+01
     3.888180000000e+05 4.000000000000e+00                                      
G19 2026 09 03 16 00 00 7.049394771457e-04 1.136868377216e-13 0.000000000000e+00
     2.700000000000e+01 9.734375000000e+01 4.403754862638e-09-3.103720327530e+00
     5.213543772697e-06 1.180998305790e-02 6.381422281265e-06 5.153587045670e+03
     4.032000000000e+05-1.657754182816e-07-1.144983769604e+00 0.000000000000e+00
     9.555916272212e-01 2.518437500000e+02 3.055719608107e+00-7.951759794142e-09
     5.643092200298e-11 1.000000000000e+00 2.434000000000e+03 0.000000000000e+00
     2.000000000000e+00 0.000000000000e+00-1.536682248116e-08 2.700000000000e+01
     3.960180000000e+05 4.000000000000e+00                                      
G19 2026 09 03 18 00 00 7.049404084682e-04 1.136868377216e-13 0.000000000000e+00
     2.800000000000e+01 1.013750000000e+02 4.414826752398e-09-2.053455264848e+00
     5.245208740234e-06 1.181011518929e-02 6.770715117455e-06 5.153587200165e+03
     4.104000000000e+05-1.229345798492e-07-1.145041873784e+00-1.639127731323e-07
     9.555917340142e-01 2.475625000000e+02 3.055688285568e+00-8.076050685642e-09
     1.260766801712e-10 1.000000000000e+00 2.434000000000e+03 0.000000000000e+00
     2.000000000000e+00 0.000000000000e+00-1.536682248116e-08 2.800000000000e+01
     4.032180000000e+05 4.000000000000e+00                                      
G19 2026 09 03 20 00 00 7.049413397908e-04 1.136868377216e-13 0.000000000000e+00
     3.000000000000e+01 1.063750000000e+02 4.503759028213e-09-1.003313230652e+00
     5.485489964485e-06 1.180967583787e-02 6.470829248428e-06 5.153585128784e+03
     4.176000000000e+05 2.235174179077e-08-1.145099604921e+00-3.241002559662e-07
     9.555924362149e-01 2.560937500000e+02 3.055779358070e+00-8.118195298277e-09
     1.464346710204e-11 1.000000000000e+00 2.434000000000e+03 0.000000000000e+00
     2.000000000000e+00 0.000000000000e+00-1.536682248116e-08 3.000000000000e+01
     4.104180000000e+05 4.000000000000e+00                                      
G19 2026 09 03 22 00 00 7.049418054521e-04 1.136868377216e-13 0.000000000000e+00
     3.100000000000e+01 1.047812500000e+02 4.681980737576e-09 4.691555019812e-02
     5.234032869339e-06 1.181040646043e-02 5.971640348434e-06 5.153586273193e+03
     4.248000000000e+05 2.030283212662e-07-1.145157981204e+00-2.793967723846e-08
     9.555908679667e-01 2.636250000000e+02 3.055785733467e+00-8.374634551430e-09
    -1.567922453121e-10 1.000000000000e+00 2.434000000000e+03 0.000000000000e+00
     2.000000000000e+00 0.000000000000e+00-1.536682248116e-08 3.100000000000e+01
     4.176180000000e+05 4.000000000000e+00                                      
G20 2026 09 03 00 00 00 2.765515819192e-04 9.208633855451e-12 0.000000000000e+00
     1.540000000000e+02-2.053125000000e+01 4.571261839976e-09 2.041930747320e+00
    -1.031905412674e-06 1.841293764301e-03 7.668510079384e-06 5.153621679306e+03
     3.456000000000e+05 3.166496753693e-08 1.876419202129e+00-1.490116119385e-08
     9.621438120089e-01 2.324687500000e+02-1.710220866638e+00-8.002833350132e-09
     5.264505002050e-10 1.000000000000e+00 2.434000000000e+03 0.000000000000e+00
     2.000000000000e+00 0.000000000000e+00-6.519258022308e-09 6.660000000000e+02
     3.384180000000e+05 4.000000000000e+00                                      
G20 2026 09 03 02 00 00 2.766177058220e-04 9.208633855451e-12 0.000000000000e+00
     1.550000000000e+02-1.284375000000e+01 4.484829668300e-09 3.091793257371e+00
    -7.506459951401e-07 1.840446027927e-03 7.638707756996e-06 5.153623678207e+03
     3.528000000000e+05-3.352761268616e-08 1.876362051771e+00 1.676380634308e-08
     9.621476024296e-01 2.325625000000e+02-1.709871486691e+00-7.956045686952e-09
     4.789485215569e-10 1.000000000000e+00 2.434000000000e+03 0.000000000000e+00
     2.800000000000e+00 0.000000000000e+00-6.519258022308e-09 6.670000000000e+02
     3.456180000000e+05 4.000000000000e+00                                      
G20 2026 09 03 03 44 32 2.766745164990e-04 9.208633855451e-12 0.000000000000e+00
     1.560000000000e+02-1.515625000000e+01 4.472686305338e-09-2.276429140857e+00
    -8.326023817062e-07 1.840181299485e-03 7.651746273041e-06 5.153624298096e+03
     3.590720000000e+05 3.539025783539e-08 1.876312447145e+00-4.656612873077e-08
     9.621503380864e-01 2.311562500000e+02-1.709984126994e+00-7.979975255143e-09
     4.100170788571e-10 1.000000000000e+00 2.434000000000e+03 0.000000000000e+00
     2.000000000000e+00 0.000000000000e+00-6.519258022308e-09 6.680000000000e+02
     3.519180000000e+05 4.000000000000e+00                                      
G20 2026 09 03 04 00 00 2.766828984022e-04 9.208633855451e-12 0.000000000000e+00
     1.570000000000e+02-1.684375000000e+01 4.467328939325e-09-2.140980648506e+00
    -8.959323167801e-07 1.840057084337e-03 7.653608918190e-06 5.153624666214e+03
     3.600000000000e+05 4.842877388000e-08 1.876305085741e+00-3.352761268616e-08
     9.621506891868e-01 2.311250000000e+02-1.710072169793e+00-7.988904198498e-09
     4.028739241732e-10 1.000000000000e+00 2.434000000000e+03 0.000000000000e+00
     2.000000000000e+00 0.000000000000e+00-6.519258022308e-09 6.690000000000e+02
     3.528180000000e+05 4.000000000000e+00                                      
G20 2026 09 03 06 00 00 2.767490223050e-04 9.094947017729e-12 0.000000000000e+00
     1.580000000000e+02-2.268750000000e+01 4.415183910132e-09-1.090432013785e+00
    -1.111999154091e-06 1.839728909545e-03 7.679685950279e-06 5.153625865936e+03
     3.672000000000e+05 5.029141902924e-08 1.876247518452e+00 1.862645149231e-08
     9.621534453244e-01 2.337812500000e+02-1.710411262500e+00-8.009262189347e-09
     3.889447725395e-10 1.000000000000e+00 2.434000000000e+03 0.000000000000e+00
     2.000000000000e+00 0.000000000000e+00-6.519258022308e-09 6.700000000000e+02
     3.600180000000e+05 4.000000000000e+00                                      
G20 2026 09 03 08 00 00 2.768146805465e-04 9.094947017729e-12 0.000000000000e+00
     1.590000000000e+02-3.515625000000e+01 4.445899475273e-09-4.080825196464e-02
    -1.695007085800e-06 1.838399330154e-03 7.756054401398e-06 5.153622648239e+03
     3.744000000000e+05-3.725290298462e-08 1.876190444166e+00 5.960464477539e-08
     9.621562380350e-01 2.327812500000e+02-1.709824509465e+00-7.950331163205e-09
     3.275136422578e-10 1.000000000000e+00 2.434000000000e+03 0.000000000000e+00
     2.000000000000e+00 0.000000000000e+00-6.519258022308e-09 6.710000000000e+02
     3.672180000000e+05 4.000000000000e+00                                      
G20 2026 09 03 10 00 00 2.768808044493e-04 9.094947017729e-12 0.000000000000e+00
     1.600000000000e+02-4.000000000000e+01 4.449471052615e-09 1.009123625272e+00
    -2.065673470497e-06 1.839528558776e-03 8.231028914452e-06 5.153624984741e+03
     3.816000000000e+05-1.676380634308e-08 1.876133346473e+00 1.303851604462e-08
     9.621584075425e-01 2.252500000000e+02-1.709545719704e+00-7.956402844686e-09
     2.925121843066e-10 1.000000000000e+00 2.434000000000e+03 0.000000000000e+00
     2.000000000000e+00 0.000000000000e+00-6.519258022308e-09 6.720000000000e+02
     3.744180000000e+05 4.000000000000e+00                                      
G20 2026 09 03 12 00 00 2.769464626908e-04 9.094947017729e-12 0.000000000000e+00
     1.610000000000e+02-3.662500000000e+01 4.577690679191e-09 2.059809933752e+00
    -2.019107341766e-06 1.839410979301e-03 8.130446076393e-06 5.153623338699e+03
     3.888000000000e+05-2.421438694000e-08 1.876076049824e+00 3.725290298462e-09
     9.621604995154e-01 2.196875000000e+02-1.710020777481e+00-7.960688737497e-09
     2.942979729776e-10 1.000000000000e+00 2.434000000000e+03 0.000000000000e+00
     2.000000000000e+00 0.000000000000e+00-6.519258022308e-09 6.730000000000e+02
     3.816180000000e+05 4.000000000000e+00                                      
G20 2026 09 03 14 00 00 2.770121209323e-04 9.094947017729e-12 0.000000000000e+00
     1.620000000000e+02-2.946875000000e+01 4.634835916663e-09 3.109694134488e+00
    -1.406297087669e-06 1.838640775532e-03 8.132308721542e-06 5.153625165939e+03
     3.960000000000e+05 4.097819328308e-08 1.876018287966e+00-2.048909664154e-08
     9.621626251354e-01 2.199687500000e+02-1.709693164291e+00-8.003904823334e-09
     3.407284784231e-10 1.000000000000e+00 2.434000000000e+03 0.000000000000e+00
     2.000000000000e+00 0.000000000000e+00-6.519258022308e-09 6.740000000000e+02
     3.888180000000e+05 4.000000000000e+00                                      
G20 2026 09 03 16 00 00 2.770777791739e-04 9.094947017729e-12 0.000000000000e+00
     1.630000000000e+02-3.140625000000e+01 4.655908222980e-09-2.123195472117e+00
    -1.566484570503e-06 1.838744385168e-03 8.152797818184e-06 5.153625141144e+03
     4.032000000000e+05-1.117587089539e-08 1.875960438334e+00 2.421438694000e-08
     9.621653490888e-01 2.219687500000e+02-1.709776944147e+00-7.983903990219e-09
     3.943021385525e-10 1.000000000000e+00 2.434000000000e+03 0.000000000000e+00
     2.000000000000e+00 0.000000000000e+00-6.519258022308e-09 6.750000000000e+02
     3.960180000000e+05 4.000000000000e+00                                      
G20 2026 09 03 18 00 00 2.771434374154e-04 9.094947017729e-12 0.000000000000e+00
     1.640000000000e+02-3.721875000000e+01 4.573404786381e-09-1.072500574845e+00
    -1.840293407440e-06 1.838460913859e-03 8.100643754005e-06 5.153626832962e+03
     4.104000000000e+05-7.450580596924e-09 1.875902992466e+00 5.587935447693e-09
     9.621682837025e-01 2.267812500000e+02-1.710261367525e+00-7.968546207649e-09
     4.000166622996e-10 1.000000000000e+00 2.434000000000e+03 0.000000000000e+00
     2.000000000000e+00 0.000000000000e+00-6.519258022308e-09 6.760000000000e+02
     4.032180000000e+05 4.000000000000e+00                                      
G20 2026 09 03 20 00 00 2.772090956569e-04 9.094947017729e-12 0.000000000000e+00
     1.650000000000e+02-5.003125000000e+01 4.573047628647e-09-2.285300110780e-02
    -2.747401595116e-06 1.837013405748e-03 8.039176464081e-06 5.153623476028e+03
     4.176000000000e+05 2.235174179077e-08 1.875845425177e+00-1.862645149231e-09
     9.621711671140e-01 2.273437500000e+02-1.709697744688e+00-7.987118409827e-09
     4.214461263514e-10 1.000000000000e+00 2.434000000000e+03 0.000000000000e+00
     2.000000000000e+00 0.000000000000e+00-6.519258022308e-09 6.770000000000e+02
     4.104180000000e+05 4.000000000000e+00                                      
G20 2026 09 03 22 00 00 2.772747538984e-04 9.094947017729e-12 0.000000000000e+00
     1.660000000000e+02-5.865625000000e+01 4.452328314488e-09 1.026887950691e+00
    -3.037974238396e-06 1.838500611484e-03 8.326023817062e-06 5.153626724243e+03
     4.248000000000e+05-4.097819328308e-08 1.875787702818e+00 2.235174179077e-08
     9.621744586797e-01 2.185625000000e+02-1.709227894900e+00-7.960331579762e-09
     4.743054710124e-10 1.000000000000e+00 2.434000000000e+03 0.000000000000e+00
     2.000000000000e+00 0.000000000000e+00-6.519258022308e-09 6.780000000000e+02
     4.176180000000e+05 4.000000000000e+00                                      
G21 2026 09 03 00 00 00 3.709634765983e-04-7.844391802792e-12 0.000000000000e+00
     7.100000000000e+01-7.471875000000e+01 4.074455431709e-09 1.876283153673e+00
    -3.829598426819e-06 8.171830559149e-04 9.119510650635e-06 5.153626192093e+03
     3.456000000000e+05-3.166496753693e-08 8.702908328665e-01-2.048909664154e-08
     9.648375152524e-01 2.050312500000e+02-1.478076499933e-01-7.881042562771e-09
     1.150047904111e-10 1.000000000000e+00 2.434000000000e+03 0.000000000000e+00
     2.000000000000e+00 0.000000000000e+00-9.778887033463e-09 7.100000000000e+01
     3.384180000000e+05 4.000000000000e+00                                      
G21 2026 09 03 02 00 00 3.709066659212e-04-7.844391802792e-12 0.000000000000e+00
     7.200000000000e+01-5.859375000000e+01 4.204460846956e-09 2.928988842085e+00
    -3.101304173470e-06 8.187119383365e-04 8.640810847282e-06 5.153621471405e+03
     3.528000000000e+05 4.656612873077e-08 8.702342515839e-01 1.117587089539e-08
     9.648379570537e-01 2.157187500000e+02-1.503042264886e-01-7.933187591963e-09
     6.000249934494e-11 1.000000000000e+00 2.434000000000e+03 0.000000000000e+00
     2.000000000000e+00 0.000000000000e+00-9.778887033463e-09 7.200000000000e+01
     3.456180000000e+05 4.000000000000e+00                                      
G21 2026 09 03 04 00 00 3.708503209054e-04-7.844391802792e-12 0.000000000000e+00
     7.300000000000e+01-5.796875000000e+01 4.156958868308e-09-2.303570829680e+00
    -3.037974238396e-06 8.167858468369e-04 7.914379239082e-06 5.153625116348e+03
     3.600000000000e+05 1.490116119385e-08 8.701770500241e-01 3.352761268616e-08
     9.648382891361e-01 2.301875000000e+02-1.507209401664e-01-7.950688320939e-09
     5.428797559780e-11 1.000000000000e+00 2.434000000000e+03 0.000000000000e+00
     2.000000000000e+00 0.000000000000e+00-9.778887033463e-09 7.300000000000e+01
     3.528180000000e+05 4.000000000000e+00                                      
G21 2026 09 03 06 00 00 3.707935102284e-04-7.844391802792e-12 0.000000000000e+00
     7.400000000000e+01-6.906250000000e+01 4.226961784211e-09-1.255718955701e+00
    -3.529712557793e-06 8.173428941518e-04 7.502734661102e-06 5.153621351242e+03
     3.672000000000e+05-4.842877388000e-08 8.701202595442e-01-2.793967723846e-08
     9.648385363692e-01 2.395937500000e+02-1.483634286637e-01-7.926401595014e-09
    -1.464346710204e-11 1.000000000000e+00 2.434000000000e+03 0.000000000000e+00
     2.000000000000e+00 0.000000000000e+00-9.778887033463e-09 7.400000000000e+01
     3.600180000000e+05 4.000000000000e+00                                      
G21 2026 09 03 08 00 00 3.707366995513e-04-7.844391802792e-12 0.000000000000e+00
     7.500000000000e+01-8.990625000000e+01 4.201960742817e-09-2.031726390474e-01
    -4.718080163002e-06 8.195741102099e-04 7.651746273041e-06 5.153626897812e+03
     3.744000000000e+05 3.539025783539e-08 8.700633593456e-01 3.725290298462e-09
     9.648380111816e-01 2.365625000000e+02-1.507008791708e-01-7.981761043814e-09
    -7.464596644698e-11 1.000000000000e+00 2.434000000000e+03 0.000000000000e+00
     2.000000000000e+00 0.000000000000e+00-9.778887033463e-09 7.500000000000e+01
     3.672180000000e+05 4.000000000000e+00                                      
G21 2026 09 03 10 00 00 3.706798888743e-04-7.844391802792e-12 0.000000000000e+00
     7.600000000000e+01-9.412500000000e+01 4.360181619066e-09 8.476323779194e-01
    -4.805624485016e-06 8.183056488633e-04 7.770955562592e-06 5.153624351501e+03
     3.816000000000e+05-5.587935447693e-09 8.700056457644e-01-2.421438694000e-08
     9.648372694822e-01 2.275312500000e+02-1.512973649997e-01-8.032834599804e-09
    -6.643133856047e-11 1.000000000000e+00 2.434000000000e+03 0.000000000000e+00
     2.000000000000e+00 0.000000000000e+00-9.778887033463e-09 7.600000000000e+01
     3.744180000000e+05 4.000000000000e+00                                      
G21 2026 09 03 12 00 00 3.706230781972e-04-7.844391802792e-12 0.000000000000e+00
     7.700000000000e+01-8.665625000000e+01 4.395897392485e-09 1.896836501688e+00
    -4.313886165619e-06 8.187544299290e-04 8.022412657738e-06 5.153626020432e+03
     3.888000000000e+05 8.009374141693e-08 8.699471948726e-01 5.587935447693e-08
     9.648369886019e-01 2.251250000000e+02-1.502920111227e-01-8.065693111350e-09
     2.535819912792e-11 1.000000000000e+00 2.434000000000e+03 0.000000000000e+00
     2.000000000000e+00 0.000000000000e+00-9.778887033463e-09 7.700000000000e+01
     3.816180000000e+05 4.000000000000e+00                                      
G21 2026 09 03 14 00 00 3.705667331815e-04-7.844391802792e-12 0.000000000000e+00
     7.800000000000e+01-6.843750000000e+01 4.464828835185e-09 2.949506246203e+00
    -3.503635525703e-06 8.205714402720e-04 7.681548595428e-06 5.153620944977e+03
     3.960000000000e+05-4.284083843231e-08 8.698888931983e-01 1.303851604462e-08
     9.648377595597e-01 2.331250000000e+02-1.527500543557e-01-7.989618513966e-09
     1.092902666640e-10 1.000000000000e+00 2.434000000000e+03 0.000000000000e+00
     2.000000000000e+00 0.000000000000e+00-9.778887033463e-09 7.800000000000e+01
     3.888180000000e+05 4.000000000000e+00                                      
G21 2026 09 03 16 00 00 3.705094568431e-04-7.844391802792e-12 0.000000000000e+00
     7.900000000000e+01-6.396875000000e+01 4.354467095319e-09-2.282674657053e+00
    -3.390014171600e-06 8.184318430722e-04 7.083639502525e-06 5.153625150681e+03
     4.032000000000e+05-4.470348358154e-08 8.698312790956e-01-2.607703208923e-08
     9.648384997963e-01 2.485937500000e+02-1.535434416435e-01-8.007833558410e-09
     1.196478409557e-10 1.000000000000e+00 2.434000000000e+03 0.000000000000e+00
     2.000000000000e+00 0.000000000000e+00-9.778887033463e-09 7.900000000000e+01
     3.960180000000e+05 4.000000000000e+00                                      
G21 2026 09 03 18 00 00 3.704526461661e-04-7.844391802792e-12 0.000000000000e+00
     8.000000000000e+01-7.209375000000e+01 4.342323732356e-09-1.234766481209e+00
    -3.997236490250e-06 8.187436033040e-04 6.280839443207e-06 5.153621555328e+03
     4.104000000000e+05-1.676380634308e-08 8.697734952944e-01-4.656612873077e-08
     9.648393980280e-01 2.597187500000e+02-1.512411801679e-01-8.021048394576e-09
     1.267909956396e-10 1.000000000000e+00 2.434000000000e+03 0.000000000000e+00
     2.800000000000e+00 0.000000000000e+00-9.778887033463e-09 8.000000000000e+01
     4.032180000000e+05 4.000000000000e+00                                      
G21 2026 09 03 20 00 00 3.703958354890e-04-7.958078640513e-12 0.000000000000e+00
     8.100000000000e+01-9.271875000000e+01 4.199460638678e-09-1.825145314685e-01
    -4.723668098450e-06 8.210525847971e-04 6.202608346939e-06 5.153626920700e+03
     4.176000000000e+05 3.911554813385e-08 8.697158592479e-01-1.303851604462e-08
     9.648400197682e-01 2.600625000000e+02-1.532836361701e-01-8.063193007211e-09
     8.643217167545e-11 1.000000000000e+00 2.434000000000e+03 0.000000000000e+00
     2.800000000000e+00 0.000000000000e+00-9.778887033463e-09 8.100000000000e+01
     4.104180000000e+05 4.000000000000e+00                                      
G21 2026 09 03 22 00 00 3.703390248120e-04-7.958078640513e-12 0.000000000000e+00
     8.200000000000e+01-9.815625000000e+01 4.197317692272e-09 8.683219192190e-01
    -4.990026354790e-06 8.201987948269e-04 6.550922989845e-06 5.153625093460e+03
     4.248000000000e+05 4.842877388000e-08 8.696579408582e-01 3.166496753693e-08
     9.648407278205e-01 2.544375000000e+02-1.539126397421e-01-8.035334703943e-09
     7.393165097859e-11 1.000000000000e+00 2.434000000000e+03 0.000000000000e+00
     2.800000000000e+00 0.000000000000e+00-9.778887033463e-09 8.200000000000e+01
     4.176180000000e+05 4.000000000000e+00                                      
G22 2026 09 03 00 00 00 7.239310070872e-05 8.867573342286e-12 0.000000000000e+00
     7.100000000000e+01 5.421875000000e+01 4.710910514046e-09 5.172902905312e-02
     2.805143594742e-06 1.169048866723e-02 9.950250387192e-06 5.153718540192e+03
     3.456000000000e+05-2.235174179077e-08-2.200179088576e+00-1.210719347000e-07
     9.571048360353e-01 1.895312500000e+02-9.745776311388e-01-8.164268645988e-09
    -1.564350875779e-10 1.000000000000e+00 2.434000000000e+03 0.000000000000e+00
     2.000000000000e+00 0.000000000000e+00-1.117587089539e-08 7.100000000000e+01
     3.384180000000e+05 4.000000000000e+00                                      
G22 2026 09 03 02 00 00 7.245689630508e-05 8.867573342286e-12 0.000000000000e+00
     7.800000000000e+01 4.718750000000e+01 4.638050336270e-09 1.101891921536e+00
     2.380460500717e-06 1.169113186188e-02 9.899958968163e-06 5.153719463348e+03
     3.528000000000e+05 1.601874828339e-07-2.200237697463e+00-2.253800630569e-07
     9.571045273596e-01 1.873437500000e+02-9.745865549391e-01-7.989618513966e-09
    -1.292910997790e-10 1.000000000000e+00 2.434000000000e+03 0.000000000000e+00
     2.000000000000e+00 0.000000000000e+00-1.117587089539e-08 7.800000000000e+01
     3.456180000000e+05 4.000000000000e+00                                      
G22 2026 09 03 04 00 00 7.252069190145e-05 8.867573342286e-12 0.000000000000e+00
     1.000000000000e+02 4.668750000000e+01 4.519831126251e-09 2.152075308038e+00
     2.436339855194e-06 1.169065118302e-02 1.020170748234e-05 5.153718881607e+03
     3.600000000000e+05 1.061707735062e-07-2.200293041117e+00 9.313225746155e-08
     9.571040445966e-01 1.793437500000e+02-9.746164043195e-01-7.725321790661e-09
    -2.714398779890e-10 1.000000000000e+00 2.434000000000e+03 0.000000000000e+00
     2.000000000000e+00 0.000000000000e+00-1.117587089539e-08 1.000000000000e+02
     3.528180000000e+05 4.000000000000e+00                                      
G22 2026 09 03 06 00 00 7.258402183652e-05 8.867573342286e-12 0.000000000000e+00
     1.590000000000e+02 5.156250000000e+01 4.425541484424e-09-3.081046500239e+00
     2.695247530937e-06 1.168973487802e-02 1.061148941517e-05 5.153721248627e+03
     3.672000000000e+05 0.000000000000e+00-2.200349037232e+00 1.676380634308e-07
     9.571023695554e-01 1.681875000000e+02-9.745280835663e-01-7.692820436849e-09
    -1.878649681871e-10 1.000000000000e+00 2.434000000000e+03 0.000000000000e+00
     2.000000000000e+00 0.000000000000e+00-1.117587089539e-08 1.590000000000e+02
     3.600180000000e+05 4.000000000000e+00                                      
G22 2026 09 03 08 00 00 7.264781743288e-05 8.867573342286e-12 0.000000000000e+00
     1.690000000000e+02 5.846875000000e+01 4.410898017322e-09-2.030866263400e+00
     3.209337592125e-06 1.169022184331e-02 1.066923141479e-05 5.153720834732e+03
     3.744000000000e+05-1.639127731323e-07-2.200404505234e+00 1.993030309677e-07
     9.571006008875e-01 1.728750000000e+02-9.745564714917e-01-7.794253233361e-09
    -1.871506527187e-10 1.000000000000e+00 2.434000000000e+03 0.000000000000e+00
     2.000000000000e+00 0.000000000000e+00-1.117587089539e-08 1.690000000000e+02
     3.672180000000e+05 4.000000000000e+00                                      
G22 2026 09 03 10 00 00 7.271161302924e-05 8.867573342286e-12 0.000000000000e+00
     1.700000000000e+02 5.143750000000e+01 4.472329147603e-09-9.807636958075e-01
     2.562999725342e-06 1.168948365375e-02 1.038983464241e-05 5.153719671249e+03
     3.816000000000e+05-1.583248376846e-07-2.200462362181e+00-7.636845111847e-08
     9.570988497745e-01 1.817812500000e+02-9.745075778436e-01-8.011047978018e-09
    -7.857470152314e-11 1.000000000000e+00 2.434000000000e+03 0.000000000000e+00
     2.800000000000e+00 0.000000000000e+00-1.117587089539e-08 1.700000000000e+02
     3.744180000000e+05 4.000000000000e+00                                      
G22 2026 09 03 09 59 44 7.271114736795e-05 8.867573342286e-12 0.000000000000e+00
     2.700000000000e+01 5.143750000000e+01 4.472329147603e-09-9.830970516068e-01
     2.562999725342e-06 1.168948377017e-02 1.038983464241e-05 5.153719675064e+03
     3.815840000000e+05-1.583248376846e-07-2.200462240759e+00-7.636845111847e-08
     9.570988483116e-01 1.817812500000e+02-9.745079333327e-01-8.011047978018e-09
    -7.821754378894e-11 1.000000000000e+00 2.434000000000e+03 0.000000000000e+00
     2.000000000000e+00 0.000000000000e+00-1.117587089539e-08 2.700000000000e+01
     3.762960000000e+05 4.000000000000e+00                                      
G22 2026 09 03 11 59 44 7.277494296432e-05 8.867573342286e-12 0.000000000000e+00
     2.800000000000e+01 4.565625000000e+01 4.504830501415e-09 6.695306305811e-02
     2.318993210793e-06 1.168838259764e-02 9.587034583092e-06 5.153716739655e+03
     3.887840000000e+05-1.117587089539e-08-2.200519369173e+00-2.030283212662e-07
     9.570978462127e-01 1.943750000000e+02-9.744042095151e-01-8.058549956666e-09
    -2.096515899731e-10 1.000000000000e+00 2.434000000000e+03 0.000000000000e+00
     2.000000000000e+00 0.000000000000e+00-1.117587089539e-08 2.800000000000e+01
     3.816180000000e+05 4.000000000000e+00                                      
G22 2026 09 03 14 00 00 7.283873856068e-05 8.867573342286e-12 0.000000000000e+00
     2.900000000000e+01 3.993750000000e+01 4.475543567211e-09 1.119446073902e+00
     1.965090632439e-06 1.168890704866e-02 9.488314390182e-06 5.153717500687e+03
     3.960000000000e+05 1.899898052216e-07-2.200577404596e+00-2.011656761169e-07
     9.570967095254e-01 1.929062500000e+02-9.744097437342e-01-7.953545582813e-09
    -2.214377952016e-10 1.000000000000e+00 2.434000000000e+03 0.000000000000e+00
     2.000000000000e+00 0.000000000000e+00-1.117587089539e-08 2.900000000000e+01
     3.888180000000e+05 4.000000000000e+00                                      
G22 2026 09 03 16 00 00 7.290206849575e-05 8.867573342286e-12 0.000000000000e+00
     4.600000000000e+01 3.825000000000e+01 4.365896142813e-09 2.169634996086e+00
     2.106651663780e-06 1.168859424070e-02 9.711831808090e-06 5.153716783524e+03
     4.032000000000e+05 4.656612873077e-08-2.200632056290e+00 1.564621925354e-07
     9.570955713751e-01 1.871562500000e+02-9.744454286949e-01-7.642818354062e-09
    -4.135886561991e-10 1.000000000000e+00 2.434000000000e+03 0.000000000000e+00
     2.000000000000e+00 0.000000000000e+00-1.117587089539e-08 4.600000000000e+01
     3.960180000000e+05 4.000000000000e+00                                      
G22 2026 09 03 18 00 00 7.296586409211e-05 8.867573342286e-12 0.000000000000e+00
     5.000000000000e+01 4.162500000000e+01 4.400897600764e-09-3.063450678114e+00
     2.175569534302e-06 1.168809109367e-02 1.027062535286e-05 5.153718128204e+03
     4.104000000000e+05 1.117587089539e-08-2.200686814776e+00 7.823109626770e-08
     9.570923383261e-01 1.805937500000e+02-9.743924798379e-01-7.633175095239e-09
    -4.607334771129e-10 1.000000000000e+00 2.434000000000e+03 0.000000000000e+00
     2.000000000000e+00 0.000000000000e+00-1.117587089539e-08 5.000000000000e+01
     4.032180000000e+05 4.000000000000e+00                                      
G22 2026 09 03 20 00 00 7.302919402719e-05 8.867573342286e-12 0.000000000000e+00
     5.600000000000e+01 4.546875000000e+01 4.536974697493e-09-2.013260293012e+00
     2.263113856316e-06 1.168818841688e-02 9.996816515923e-06 5.153718448639e+03
     4.176000000000e+05-1.955777406693e-07-2.200741960936e+00 1.993030309677e-07
     9.570880285695e-01 1.856250000000e+02-9.744293248926e-01-7.837469319199e-09
    -4.918061999880e-10 1.000000000000e+00 2.434000000000e+03 0.000000000000e+00
     2.000000000000e+00 0.000000000000e+00-1.117587089539e-08 5.600000000000e+01
     4.104180000000e+05 4.000000000000e+00                                      
G22 2026 09 03 22 00 00 7.309298962355e-05 8.867573342286e-12 0.000000000000e+00
     7.900000000000e+01 4.203125000000e+01 4.736625870908e-09-9.631210091016e-01
     2.145767211914e-06 1.168761006556e-02 9.650364518166e-06 5.153718034744e+03
     4.248000000000e+05-8.009374141693e-08-2.200800988218e+00-1.862645149231e-07
     9.570839733606e-01 1.932500000000e+02-9.744140286212e-01-8.154982544899e-09
    -2.996553389905e-10 1.000000000000e+00 2.434000000000e+03 0.000000000000e+00
     2.000000000000e+00 0.000000000000e+00-1.117587089539e-08 7.900000000000e+01
     4.176180000000e+05 4.000000000000e+00                                      
G23 2026 09 03 00 00 00 6.853621453047e-04 3.637978807092e-12 0.000000000000e+00
     7.300000000000e+01-8.468750000000e+01 3.481930750678e-09 2.529669949284e+00
    -4.267320036888e-06 6.662105908617e-03 8.514150977135e-06 5.153746612549e+03
     3.456000000000e+05-1.043081283569e-07 8.340787476649e-01-6.146728992462e-08
     9.898624464641e-01 2.298437500000e+02-2.732389913202e+00-7.598887952756e-09
     1.185763677531e-10 1.000000000000e+00 2.434000000000e+03 0.000000000000e+00
     2.000000000000e+00 0.000000000000e+00-8.381903171539e-09 7.300000000000e+01
     3.384180000000e+05 4.000000000000e+00                                      
G23 2026 09 03 02 00 00 6.853882223368e-04 3.637978807092e-12 0.000000000000e+00
     7.400000000000e+01-8.771875000000e+01 3.487645274425e-09-2.703302704254e+00
    -4.475936293602e-06 6.663841311820e-03 9.227544069290e-06 5.153743301392e+03
     3.528000000000e+05-2.048909664154e-08 8.340244251279e-01-4.470348358154e-08
     9.898635816885e-01 2.159687500000e+02-2.732472209658e+00-7.532456614195e-09
     1.142904749427e-10 1.000000000000e+00 2.434000000000e+03 0.000000000000e+00
     2.000000000000e+00 0.000000000000e+00-8.381903171539e-09 7.400000000000e+01
     3.456180000000e+05 4.000000000000e+00                                      
G23 2026 09 03 04 00 00 6.854147650301e-04 3.637978807092e-12 0.000000000000e+00
     7.500000000000e+01-8.068750000000e+01 3.529432729326e-09-1.653315467271e+00
    -4.164874553680e-06 6.663711043075e-03 8.909031748772e-06 5.153741952896e+03
     3.600000000000e+05-2.048909664154e-08 8.339705575583e-01-1.527369022369e-07
     9.898642429275e-01 2.244062500000e+02-2.732329067513e+00-7.531742298727e-09
     3.928735076157e-11 1.000000000000e+00 2.434000000000e+03 0.000000000000e+00
     2.000000000000e+00 0.000000000000e+00-8.381903171539e-09 7.500000000000e+01
     3.528180000000e+05 4.000000000000e+00                                      
G23 2026 09 03 06 00 00 6.854408420622e-04 3.637978807092e-12 0.000000000000e+00
     7.600000000000e+01-6.781250000000e+01 3.758013679211e-09-6.034532644335e-01
    -3.740191459656e-06 6.663723848760e-03 8.396804332733e-06 5.153738843918e+03
     3.672000000000e+05 1.471489667892e-07 8.339166709709e-01 8.568167686462e-08
     9.898630799076e-01 2.347187500000e+02-2.732057042285e+00-7.756394513536e-09
    -1.253623647028e-10 1.000000000000e+00 2.434000000000e+03 0.000000000000e+00
     2.000000000000e+00 0.000000000000e+00-8.381903171539e-09 7.600000000000e+01
     3.600180000000e+05 4.000000000000e+00                                      
G23 2026 09 03 08 00 00 6.854669190943e-04 3.637978807092e-12 0.000000000000e+00
     7.700000000000e+01-6.243750000000e+01 3.797301029973e-09 4.467729109593e-01
    -3.281980752945e-06 6.666072760709e-03 7.327646017075e-06 5.153743398666e+03
     3.744000000000e+05 3.539025783539e-08 8.338603252182e-01 5.774199962616e-08
     9.898618291127e-01 2.520000000000e+02-2.732149336324e+00-7.841755212009e-09
    -1.196478409557e-10 1.000000000000e+00 2.434000000000e+03 0.000000000000e+00
     2.000000000000e+00 0.000000000000e+00-8.381903171539e-09 7.700000000000e+01
     3.672180000000e+05 4.000000000000e+00                                      
G23 2026 09 03 10 00 00 6.854929961264e-04 3.637978807092e-12 0.000000000000e+00
     7.800000000000e+01-6.937500000000e+01 3.882661728446e-09 1.497014553785e+00
    -3.516674041748e-06 6.665227585472e-03 7.258728146553e-06 5.153741386414e+03
     3.816000000000e+05-9.313225746155e-09 8.338037453985e-01 1.247972249985e-07
     9.898610113415e-01 2.576562500000e+02-2.732256446797e+00-7.829254691312e-09
    -8.250343659930e-11 1.000000000000e+00 2.434000000000e+03 0.000000000000e+00
     2.000000000000e+00 0.000000000000e+00-8.381903171539e-09 7.800000000000e+01
     3.744180000000e+05 4.000000000000e+00                                      
G23 2026 09 03 12 00 00 6.855190731585e-04 3.637978807092e-12 0.000000000000e+00
     7.900000000000e+01-9.100000000000e+01 3.718369170715e-09 2.546732104746e+00
    -4.654750227928e-06 6.664176005870e-03 7.275491952896e-06 5.153746912003e+03
     3.888000000000e+05-1.173466444016e-07 8.337471626530e-01-5.960464477539e-08
     9.898614370506e-01 2.571562500000e+02-2.731841263331e+00-7.671390972798e-09
     3.000124967247e-11 1.000000000000e+00 2.434000000000e+03 0.000000000000e+00
     2.000000000000e+00 0.000000000000e+00-8.381903171539e-09 7.900000000000e+01
     3.816180000000e+05 4.000000000000e+00                                      
G23 2026 09 03 14 00 00 6.855451501906e-04 3.637978807092e-12 0.000000000000e+00
     8.000000000000e+01-9.753125000000e+01 3.791229348491e-09-2.686264114940e+00
    -5.001202225685e-06 6.666182889603e-03 7.903203368187e-06 5.153743139267e+03
     3.960000000000e+05-4.097819328308e-08 8.336919082372e-01-1.266598701477e-07
     9.898617150051e-01 2.433750000000e+02-2.731898189862e+00-7.674962550140e-09
     5.571660653459e-11 1.000000000000e+00 2.434000000000e+03 0.000000000000e+00
     2.800000000000e+00 0.000000000000e+00-8.381903171539e-09 8.000000000000e+01
     3.888180000000e+05 4.000000000000e+00                                      
G23 2026 09 03 15 29 36 6.855642423034e-04 3.637978807092e-12 0.000000000000e+00
     8.100000000000e+01-9.187500000000e+01 3.737298530628e-09-1.902077914803e+00
    -4.846602678299e-06 6.665490334854e-03 7.949769496918e-06 5.153744796753e+03
     4.013760000000e+05 7.636845111847e-08 8.336500687801e-01-5.587935447693e-08
     9.898621655838e-01 2.392187500000e+02-2.731985382706e+00-7.712106954496e-09
     1.439345668810e-10 1.000000000000e+00 2.434000000000e+03 0.000000000000e+00
     2.000000000000e+00 0.000000000000e+00-8.381903171539e-09 8.100000000000e+01
     3.942180000000e+05 4.000000000000e+00                                      
G23 2026 09 03 16 00 00 6.855707615614e-04 3.637978807092e-12 0.000000000000e+00
     8.200000000000e+01-8.965625000000e+01 3.748370420388e-09-1.636160229258e+00
    -4.716217517853e-06 6.665670662187e-03 7.601454854012e-06 5.153743360519e+03
     4.032000000000e+05 5.960464477539e-08 8.336359457690e-01-4.097819328308e-08
     9.898624406124e-01 2.452187500000e+02-2.731869496187e+00-7.708178219420e-09
     1.564350875779e-10 1.000000000000e+00 2.434000000000e+03 0.000000000000e+00
     2.000000000000e+00 0.000000000000e+00-8.381903171539e-09 8.200000000000e+01
     3.960180000000e+05 4.000000000000e+00                                      
G23 2026 09 03 18 00 00 6.855968385935e-04 3.637978807092e-12 0.000000000000e+00
     8.300000000000e+01-7.165625000000e+01 3.841231431279e-09-5.863848081838e-01
    -3.667548298836e-06 6.665209075436e-03 7.305294275284e-06 5.153738895416e+03
     4.104000000000e+05 9.126961231232e-08 8.335805845601e-01 8.381903171539e-08
     9.898629760405e-01 2.520937500000e+02-2.731509877276e+00-7.810682489134e-09
     9.536111503035e-11 1.000000000000e+00 2.434000000000e+03 0.000000000000e+00
     2.000000000000e+00 0.000000000000e+00-8.381903171539e-09 8.300000000000e+01
     4.032180000000e+05 4.000000000000e+00                                      
G23 2026 09 03 20 00 00 6.856229156256e-04 3.637978807092e-12 0.000000000000e+00
     8.400000000000e+01-6.359375000000e+01 3.722655063526e-09 4.638219381940e-01
    -3.354623913765e-06 6.667780806310e-03 6.593763828278e-06 5.153743846893e+03
     4.176000000000e+05 2.048909664154e-08 8.335242709916e-01 1.173466444016e-07
     9.898635641335e-01 2.693437500000e+02-2.731582821297e+00-7.823183009831e-09
     7.964617472573e-11 1.000000000000e+00 2.434000000000e+03 0.000000000000e+00
     2.000000000000e+00 0.000000000000e+00-8.381903171539e-09 8.400000000000e+01
     4.104180000000e+05 4.000000000000e+00                                      
G23 2026 09 03 22 00 00 6.856489926577e-04 3.637978807092e-12 0.000000000000e+00
     8.500000000000e+01-6.975000000000e+01 3.725155167665e-09 1.514136320232e+00
    -3.686174750328e-06 6.666783825494e-03 5.986541509628e-06 5.153740907669e+03
     4.248000000000e+05-6.891787052155e-08 8.334685338128e-01 4.097819328308e-08
     9.898638303846e-01 2.790937500000e+02-2.731764024182e+00-7.793538917893e-09
    -7.143154683922e-12 1.000000000000e+00 2.434000000000e+03 0.000000000000e+00
     2.000000000000e+00 0.000000000000e+00-8.381903171539e-09 8.500000000000e+01
     4.176180000000e+05 4.000000000000e+00                                      
G24 2026 09 03 00 00 00 1.900577917695e-04 1.728039933369e-11 0.000000000000e+00
     7.300000000000e+01-3.493750000000e+01 5.360937590283e-09-2.324367804757e+00
    -1.953914761543e-06 1.869904634077e-02 6.191432476044e-06 5.153720092773e+03
     3.456000000000e+05 2.533197402954e-07 2.832563369120e+00-1.676380634308e-08
     9.357269347256e-01 2.402812500000e+02 1.176040222819e+00-8.081408051655e-09
     1.221479450951e-10 1.000000000000e+00 2.434000000000e+03 0.000000000000e+00
     2.000000000000e+00 0.000000000000e+00 2.328306436539e-09 7.300000000000e+01
     3.384180000000e+05 4.000000000000e+00                                      
G24 2026 09 03 02 00 00 1.901825889945e-04 1.728039933369e-11 0.000000000000e+00
     7.900000000000e+01-2.596875000000e+01 5.452727127972e-09-1.274267551501e+00
    -9.164214134216e-07 1.869952434208e-02 6.377696990967e-06 5.153717847824e+03
     3.528000000000e+05 2.272427082062e-07 2.832505512173e+00 4.172325134277e-07
     9.357260306422e-01 2.408750000000e+02 1.176098941425e+00-8.430708315699e-09
    -3.285851154604e-11 1.000000000000e+00 2.434000000000e+03 0.000000000000e+00
     2.000000000000e+00 0.000000000000e+00 2.328306436539e-09 7.900000000000e+01
     3.456180000000e+05 4.000000000000e+00                                      
G24 2026 09 03 04 00 00 1.903073862195e-04 1.728039933369e-11 0.000000000000e+00
     8.100000000000e+01-2.231250000000e+01 5.487371428189e-09-2.240866665891e-01
    -1.119449734688e-06 1.869999081828e-02 6.694346666336e-06 5.153718999863e+03
     3.600000000000e+05-1.136213541031e-07 2.832442672526e+00 2.309679985046e-07
     9.357246101488e-01 2.432500000000e+02 1.176079034035e+00-8.770008163185e-09
     2.214377952016e-11 1.000000000000e+00 2.434000000000e+03 0.000000000000e+00
     2.000000000000e+00 0.000000000000e+00 2.328306436539e-09 8.100000000000e+01
     3.528180000000e+05 4.000000000000e+00                                      
G24 2026 09 03 06 00 00 1.904317177832e-04 1.728039933369e-11 0.000000000000e+00
     9.200000000000e+01-2.196875000000e+01 5.401653571982e-09 8.260488020311e-01
    -1.201406121254e-06 1.870115299243e-02 7.048249244690e-06 5.153721427917e+03
     3.672000000000e+05-2.402812242508e-07 2.832380451695e+00 5.215406417847e-08
     9.357241829767e-01 2.347500000000e+02 1.176102260786e+00-8.730006496955e-09
    -1.292910997790e-10 1.000000000000e+00 2.434000000000e+03 0.000000000000e+00
     2.000000000000e+00 0.000000000000e+00 2.328306436539e-09 9.200000000000e+01
     3.600180000000e+05 4.000000000000e+00                                      
G24 2026 09 03 08 00 00 1.905565150082e-04 1.728039933369e-11 0.000000000000e+00
     9.300000000000e+01-2.828125000000e+01 5.175929883970e-09 1.876161212137e+00
    -1.795589923859e-06 1.870147709269e-02 6.854534149170e-06 5.153723106384e+03
     3.744000000000e+05-9.872019290924e-08 2.832317410166e+00-4.749745130539e-07
     9.357257234294e-01 2.353125000000e+02 1.176147469343e+00-8.261058391955e-09
     6.214544575012e-11 1.000000000000e+00 2.434000000000e+03 0.000000000000e+00
     2.800000000000e+00 0.000000000000e+00 2.328306436539e-09 9.300000000000e+01
     3.672180000000e+05 4.000000000000e+00                                      
G24 2026 09 03 07 59 44 1.905555836856e-04 1.728039933369e-11 0.000000000000e+00
     3.000000000000e+00-2.828125000000e+01 5.175929883970e-09 1.873827120490e+00
    -1.795589923859e-06 1.870146836154e-02 6.854534149170e-06 5.153723115921e+03
     3.743840000000e+05-9.872019290924e-08 2.832317537440e+00-4.749745130539e-07
     9.357257322069e-01 2.353125000000e+02 1.176147789722e+00-8.261058391955e-09
     6.214544575012e-11 1.000000000000e+00 2.434000000000e+03 0.000000000000e+00
     2.000000000000e+00 0.000000000000e+00 2.328306436539e-09 3.000000000000e+00
     3.723180000000e+05 4.000000000000e+00                                      
G24 2026 09 03 09 59 44 1.906799152493e-04 1.728039933369e-11 0.000000000000e+00
     2.100000000000e+01-3.221875000000e+01 5.100926759788e-09 2.924004803074e+00
    -1.650303602219e-06 1.870198315009e-02 6.714835762978e-06 5.153721885681e+03
     3.815840000000e+05 1.303851604462e-07 2.832260359287e+00-1.657754182816e-07
     9.357272536417e-01 2.327187500000e+02 1.176124949182e+00-7.923901490874e-09
    -2.714398779890e-11 1.000000000000e+00 2.434000000000e+03 0.000000000000e+00
     2.000000000000e+00 0.000000000000e+00 2.328306436539e-09 2.100000000000e+01
     3.744180000000e+05 4.000000000000e+00                                      
G24 2026 09 03 12 00 00 1.908051781356e-04 1.728039933369e-11 0.000000000000e+00
     8.400000000000e+01-3.081250000000e+01 5.143071372424e-09-2.306710895562e+00
    -1.536682248116e-06 1.870263810270e-02 6.442889571190e-06 5.153720525742e+03
     3.888000000000e+05 2.104789018631e-07 2.832202661798e+00-7.450580596924e-08
     9.357273618977e-01 2.384062500000e+02 1.176145305687e+00-7.946759585863e-09
     5.000208278745e-11 1.000000000000e+00 2.434000000000e+03 0.000000000000e+00
     2.000000000000e+00 0.000000000000e+00 2.328306436539e-09 8.400000000000e+01
     3.816180000000e+05 4.000000000000e+00                                      
G24 2026 09 03 14 00 00 1.909295096993e-04 1.728039933369e-11 0.000000000000e+00
     8.500000000000e+01-2.028125000000e+01 5.415939881349e-09-1.256624029469e+00
    -8.344650268555e-07 1.870311424136e-02 6.536021828651e-06 5.153717872620e+03
     3.960000000000e+05 2.011656761169e-07 2.832145824504e+00 4.693865776062e-07
     9.357252874799e-01 2.379687500000e+02 1.176215995352e+00-8.406778747507e-09
    -1.614352958566e-10 1.000000000000e+00 2.434000000000e+03 0.000000000000e+00
     2.000000000000e+00 0.000000000000e+00 2.328306436539e-09 8.500000000000e+01
     3.888180000000e+05 4.000000000000e+00                                      
G24 2026 09 03 16 00 00 1.910543069243e-04 1.728039933369e-11 0.000000000000e+00
     8.600000000000e+01-1.746875000000e+01 5.606304953676e-09-2.064524677340e-01
    -7.674098014832e-07 1.870341587346e-02 6.610527634621e-06 5.153718538284e+03
     4.032000000000e+05-1.229345798492e-07 2.832082689349e+00 1.806765794754e-07
     9.357228166112e-01 2.389687500000e+02 1.176205983140e+00-8.812867091288e-09
    -6.821712723145e-11 1.000000000000e+00 2.434000000000e+03 0.000000000000e+00
     2.000000000000e+00 0.000000000000e+00 2.328306436539e-09 8.600000000000e+01
     3.960180000000e+05 4.000000000000e+00                                      
G24 2026 09 03 18 00 00 1.911786384881e-04 1.728039933369e-11 0.000000000000e+00
     8.700000000000e+01-1.796875000000e+01 5.603447691802e-09 8.436756716667e-01
    -8.177012205124e-07 1.870480459183e-02 7.420778274536e-06 5.153721471786e+03
     4.104000000000e+05-2.458691596985e-07 2.832019440086e+00 1.471489667892e-07
     9.357221422060e-01 2.284062500000e+02 1.176238342888e+00-8.776437002400e-09
    -8.750364487804e-11 1.000000000000e+00 2.434000000000e+03 0.000000000000e+00
     2.000000000000e+00 0.000000000000e+00 2.328306436539e-09 8.700000000000e+01
     4.032180000000e+05 4.000000000000e+00                                      
G24 2026 09 03 20 00 00 1.913034357131e-04 1.728039933369e-11 0.000000000000e+00
     8.900000000000e+01-2.496875000000e+01 5.360580432549e-09 1.893787934018e+00
    -1.620501279831e-06 1.870519528165e-02 7.202848792076e-06 5.153723220825e+03
     4.176000000000e+05-1.359730958939e-07 2.831956092807e+00-4.936009645462e-07
     9.357246511105e-01 2.282500000000e+02 1.176285175285e+00-8.201770208079e-09
     1.628639267934e-10 1.000000000000e+00 2.434000000000e+03 0.000000000000e+00
     2.000000000000e+00 0.000000000000e+00 2.328306436539e-09 8.900000000000e+01
     4.104180000000e+05 4.000000000000e+00                                      
G24 2026 09 03 22 00 00 1.914277672768e-04 1.728039933369e-11 0.000000000000e+00
     9.000000000000e+01-2.856250000000e+01 5.298077829065e-09 2.943968274724e+00
    -1.626089215279e-06 1.870568690356e-02 7.156282663345e-06 5.153721992493e+03
     4.248000000000e+05 1.247972249985e-07 2.831898731789e+00-2.961605787277e-07
     9.357266465307e-01 2.252812500000e+02 1.176261249260e+00-7.958902948826e-09
     1.225051028293e-10 1.000000000000e+00 2.434000000000e+03 0.000000000000e+00
     2.000000000000e+00 0.000000000000e+00 2.328306436539e-09 9.000000000000e+01
     4.176180000000e+05 4.000000000000e+00                                      
G25 2026 09 03 02 00 00 3.921939060092e-04-3.410605131648e-12 0.000000000000e+00
     9.600000000000e+01 4.806250000000e+01 4.723768192477e-09-3.073577504692e+00
     2.313405275345e-06 1.305545924697e-02 1.063011586666e-05 5.153651475906e+03
     3.528000000000e+05 2.104789018631e-07-2.316205447482e+00-2.477318048477e-07
     9.470933941957e-01 1.635000000000e+02 1.166065811824e+00-7.798896283906e-09
    -2.203663219990e-10 1.000000000000e+00 2.434000000000e+03 0.000000000000e+00
     2.000000000000e+00 6.300000000000e+01 5.587935447693e-09 9.600000000000e+01
     3.456180000000e+05 4.000000000000e+00                                      
G25 2026 09 03 04 00 00 3.921692259610e-04-3.410605131648e-12 0.000000000000e+00
     9.700000000000e+01 4.865625000000e+01 4.802700051735e-09-2.023460309381e+00
     2.427026629448e-06 1.305779512040e-02 9.670853614807e-06 5.153646783829e+03
     3.600000000000e+05 2.458691596985e-07-2.316262385717e+00-7.450580596924e-09
     9.470925749616e-01 1.828750000000e+02 1.166147334397e+00-7.807468069526e-09
    -6.785996949726e-11 1.000000000000e+00 2.434000000000e+03 0.000000000000e+00
     2.000000000000e+00 6.300000000000e+01 5.587935447693e-09 9.700000000000e+01
     3.528180000000e+05 4.000000000000e+00                                      
G25 2026 09 03 03 59 44 3.921692259610e-04-3.410605131648e-12 0.000000000000e+00
     8.000000000000e+00 4.737500000000e+01 4.824486673521e-09-1.838715291587e+00
     2.356246113777e-06 1.168023992795e-02 9.668990969658e-06 5.153294815063e+03
     3.599840000000e+05 2.365559339523e-07-2.316313840935e+00-4.470348358154e-08
     9.469888394406e-01 1.835937500000e+02 9.847250175667e-01-7.862470360593e-09
    -7.036007363663e-11 1.000000000000e+00 2.434000000000e+03 0.000000000000e+00
     4.096000000000e+03 6.300000000000e+01 5.587935447693e-09 8.000000000000e+00
     3.558480000000e+05 4.000000000000e+00                                      
G25 2026 09 03 05 59 44 3.921445459127e-04-3.410605131648e-12 0.000000000000e+00
     4.100000000000e+01 3.731250000000e+01 4.864845497485e-09-7.881635993661e-01
     2.153217792511e-06 1.168039441109e-02 9.670853614807e-06 5.153297834396e+03
     3.671840000000e+05 3.352761268616e-08-2.316370871333e+00 2.663582563400e-07
     9.469865148637e-01 1.902187500000e+02 9.845864865392e-01-8.209270520497e-09
    -1.650068731986e-10 1.000000000000e+00 2.434000000000e+03 0.000000000000e+00
     4.096000000000e+03 6.300000000000e+01 5.587935447693e-09 4.100000000000e+01
     3.600180000000e+05 4.000000000000e+00                                      
G25 2026 09 03 05 59 28 3.921445459127e-04-3.410605131648e-12 0.000000000000e+00
     4.900000000000e+01 3.731250000000e+01 4.863059708814e-09-7.887933300083e-01
     2.151355147362e-06 1.167653477751e-02 9.670853614807e-06 5.153280363083e+03
     3.671680000000e+05 3.352761268616e-08-2.316335568194e+00 2.663582563400e-07
     9.470656338622e-01 1.902812500000e+02 9.829640270030e-01-8.208556205029e-09
    -1.650068731986e-10 1.000000000000e+00 2.434000000000e+03 0.000000000000e+00
     8.000000000000e+00 6.300000000000e+01 5.587935447693e-09 4.900000000000e+01
     3.628680000000e+05 4.000000000000e+00                                      
G25 2026 09 03 05 59 28 3.921440802515e-04-3.410605131648e-12 0.000000000000e+00
     4.200000000000e+01 3.731250000000e+01 4.863059708814e-09-7.887908020859e-01
     2.151355147362e-06 1.167647738475e-02 9.670853614807e-06 5.153280458450e+03
     3.671680000000e+05 3.352761268616e-08-2.316335653043e+00 2.663582563400e-07
     9.470657640619e-01 1.902812500000e+02 9.829614010650e-01-8.208556205029e-09
    -1.650068731986e-10 1.000000000000e+00 2.434000000000e+03 0.000000000000e+00
     2.000000000000e+00 6.300000000000e+01 5.587935447693e-09 4.200000000000e+01
     3.662580000000e+05 4.000000000000e+00                                      
G25 2026 09 03 07 59 28 3.921194002032e-04-3.410605131648e-12 0.000000000000e+00
     4.300000000000e+01 3.009375000000e+01 4.822343727116e-09 2.615907834833e-01
     1.503154635429e-06 1.167549460661e-02 9.918585419655e-06 5.153278402328e+03
     3.743680000000e+05-1.695007085800e-07-2.316394674473e+00 2.104789018631e-07
     9.470644679165e-01 1.859062500000e+02 9.830043742836e-01-8.202841681281e-09
    -2.328668426958e-10 1.000000000000e+00 2.434000000000e+03 0.000000000000e+00
     2.800000000000e+00 6.300000000000e+01 5.587935447693e-09 4.300000000000e+01
     3.672180000000e+05 4.000000000000e+00                                      
G25 2026 09 03 07 59 44 3.921184688807e-04-3.410605131648e-12 0.000000000000e+00
     5.100000000000e+01 3.009375000000e+01 4.822343727116e-09 2.639240471188e-01
     1.503154635429e-06 1.167550205719e-02 9.918585419655e-06 5.153278339386e+03
     3.743840000000e+05-1.695007085800e-07-2.316394860264e+00 2.104789018631e-07
     9.470644971749e-01 1.859062500000e+02 9.830055299889e-01-8.202841681281e-09
    -2.328668426958e-10 1.000000000000e+00 2.434000000000e+03 0.000000000000e+00
     2.000000000000e+00 0.000000000000e+00 5.587935447693e-09 5.100000000000e+01
     3.696780000000e+05 4.000000000000e+00                                      
G25 2026 09 03 09 59 44 3.920933231711e-04-3.410605131648e-12 0.000000000000e+00
     9.800000000000e+01 2.881250000000e+01 4.718410826464e-09 1.314272573665e+00
     1.462176442146e-06 1.167666481342e-02 1.024641096592e-05 5.153281085968e+03
     3.815840000000e+05-2.179294824600e-07-2.316453363821e+00 7.450580596924e-09
     9.470621989306e-01 1.752500000000e+02 9.830799676495e-01-8.184983794572e-09
    -3.460858444360e-10 1.000000000000e+00 2.434000000000e+03 0.000000000000e+00
     2.000000000000e+00 0.000000000000e+00 5.587935447693e-09 9.800000000000e+01
     3.744000000000e+05 4.000000000000e+00                                      
G25 2026 09 03 12 00 00 3.920686431229e-04-3.410605131648e-12 0.000000000000e+00
     9.900000000000e+01 3.584375000000e+01 4.572690470912e-09 2.367115246800e+00
     1.728534698486e-06 1.167671300936e-02 1.027993857861e-05 5.153279256821e+03
     3.888000000000e+05 5.215406417847e-08-2.316511841045e+00-2.663582563400e-07
     9.470616708171e-01 1.715000000000e+02 9.829947043951e-01-7.811396804603e-09
    -2.592965150264e-10 1.000000000000e+00 2.434000000000e+03 0.000000000000e+00
     2.000000000000e+00 0.000000000000e+00 5.587935447693e-09 9.900000000000e+01
     3.816180000000e+05 4.000000000000e+00                                      
G25 2026 09 03 11 59 44 3.920639865100e-04-3.524291969370e-12 0.000000000000e+00
     5.300000000000e+01 3.584375000000e+01 4.572690470912e-09 2.364780815756e+00
     1.728534698486e-06 1.167672558222e-02 1.027993857861e-05 5.153279161453e+03
     3.887840000000e+05 5.215406417847e-08-2.316511759122e+00-2.663582563400e-07
     9.470617220193e-01 1.715000000000e+02 9.829951330301e-01-7.811396804603e-09
    -2.592965150264e-10 1.000000000000e+00 2.434000000000e+03 0.000000000000e+00
     2.000000000000e+00 0.000000000000e+00 5.587935447693e-09 5.300000000000e+01
     3.884580000000e+05 4.000000000000e+00                                      
G25 2026 09 03 13 59 44 3.920388408005e-04-3.524291969370e-12 0.000000000000e+00
     5.400000000000e+01 3.800000000000e+01 4.546975114050e-09-2.868020908971e+00
     1.955777406693e-06 1.167647342663e-02 9.987503290176e-06 5.153279806137e+03
     3.959840000000e+05 1.098960638046e-07-2.316567352934e+00-1.341104507446e-07
     9.470599987018e-01 1.773125000000e+02 9.830330650330e-01-7.736036522687e-09
    -2.757257707994e-10 1.000000000000e+00 2.434000000000e+03 0.000000000000e+00
     2.000000000000e+00 0.000000000000e+00 5.587935447693e-09 5.400000000000e+01
     3.888180000000e+05 4.000000000000e+00                                      
G25 2026 09 03 16 00 00 3.920136950910e-04-3.524291969370e-12 0.000000000000e+00
     5.500000000000e+01 3.828125000000e+01 4.661979904461e-09-1.815351184938e+00
     1.952052116394e-06 1.167796971276e-02 9.406358003616e-06 5.153276489258e+03
     4.032000000000e+05 2.570450305939e-07-2.316623027208e+00-9.313225746155e-08
     9.470579667086e-01 1.912500000000e+02 9.831212336427e-01-7.787824394146e-09
    -3.135844906242e-10 1.000000000000e+00 2.434000000000e+03 0.000000000000e+00
     2.000000000000e+00 0.000000000000e+00 5.587935447693e-09 5.500000000000e+01
     3.960180000000e+05                                                         
G25 2026 09 03 18 00 00 3.919890150428e-04-3.524291969370e-12 0.000000000000e+00
     6.200000000000e+01 3.068750000000e+01 4.887703592473e-09-7.648151269228e-01
     1.575797796249e-06 1.167813746724e-02 9.072944521904e-06 5.153278938293e+03
     4.104000000000e+05-1.303851604462e-08-2.316679710895e+00 2.887099981308e-07
     9.470533599795e-01 1.972500000000e+02 9.830091668032e-01-8.236057350562e-09
    -4.300179119721e-10 1.000000000000e+00 2.434000000000e+03 0.000000000000e+00
     2.000000000000e+00 0.000000000000e+00 5.587935447693e-09 6.200000000000e+01
     4.032180000000e+05 4.000000000000e+00                                      
G25 2026 09 03 20 00 00 3.919638693333e-04-3.524291969370e-12 0.000000000000e+00
     1.260000000000e+02 2.328125000000e+01 4.993422281795e-09 2.855785745339e-01
     1.356005668640e-06 1.167711615562e-02 9.186565876007e-06 5.153276857376e+03
     4.176000000000e+05-1.378357410431e-07-2.316739497431e+00 1.620501279831e-07
     9.470501079127e-01 1.947187500000e+02 9.830417123417e-01-8.295345534438e-09
    -4.421612749348e-10 1.000000000000e+00 2.434000000000e+03 0.000000000000e+00
     2.000000000000e+00 0.000000000000e+00 5.587935447693e-09 1.260000000000e+02
     4.104180000000e+05 4.000000000000e+00                                      
G25 2026 09 03 19 59 44 3.919629380107e-04-3.524291969370e-12 0.000000000000e+00
     5.600000000000e+01 2.328125000000e+01 4.993422281795e-09 2.832448266725e-01
     1.356005668640e-06 1.167710812297e-02 9.186565876007e-06 5.153276813507e+03
     4.175840000000e+05-1.378357410431e-07-2.316739352602e+00 1.620501279831e-07
     9.470500918206e-01 1.947187500000e+02 9.830413510010e-01-8.295345534438e-09
    -4.421612749348e-10 1.000000000000e+00 2.434000000000e+03 0.000000000000e+00
     2.000000000000e+00 0.000000000000e+00 5.587935447693e-09 5.600000000000e+01
     4.153980000000e+05 4.000000000000e+00                                      
G25 2026 09 03 21 59 44 3.919377923012e-04-3.524291969370e-12 0.000000000000e+00
     5.700000000000e+01 2.250000000000e+01 4.988779231251e-09 1.333629111326e+00
     1.192092895508e-06 1.167775434442e-02 9.657815098763e-06 5.153278335571e+03
     4.247840000000e+05-2.775341272354e-07-2.316799112805e+00 6.519258022308e-08
     9.470468324391e-01 1.886875000000e+02 9.830834888933e-01-8.241414716575e-09
    -4.296607542379e-10 1.000000000000e+00 2.434000000000e+03 0.000000000000e+00
     2.000000000000e+00 0.000000000000e+00 5.587935447693e-09 5.700000000000e+01
     4.176180000000e+05 4.000000000000e+00                                      
G26 2026 09 03 00 00 00-3.915303386748e-04-1.364242052659e-12 0.000000000000e+00
     3.400000000000e+01 2.393750000000e+01 5.382009896601e-09 1.303029158772e+00
     1.525506377220e-06 1.136324752588e-02 1.078285276890e-05 5.153604661942e+03
     3.456000000000e+05-1.657754182816e-07-2.394142914325e+00 1.415610313416e-07
     9.278990444111e-01 1.568437500000e+02 7.284478904814e-01-8.450351991079e-09
    -4.075169747177e-10 1.000000000000e+00 2.434000000000e+03 0.000000000000e+00
     2.000000000000e+00 0.000000000000e+00 6.519258022308e-09 3.400000000000e+01
     3.384180000000e+05 4.000000000000e+00                                      
G26 2026 09 03 02 00 00-3.915401175618e-04-1.364242052659e-12 0.000000000000e+00
     4.800000000000e+01 3.103125000000e+01 5.293791936254e-09 2.353357088895e+00
     1.549720764160e-06 1.136370445602e-02 1.091882586479e-05 5.153602422714e+03
     3.528000000000e+05-1.545995473862e-07-2.394203872659e+00-2.719461917877e-07
     9.278980979031e-01 1.513125000000e+02 7.283503050680e-01-8.095337203288e-09
    -2.410814705824e-10 1.000000000000e+00 2.434000000000e+03 0.000000000000e+00
     2.000000000000e+00 0.000000000000e+00 6.519258022308e-09 4.800000000000e+01
     3.456180000000e+05 4.000000000000e+00                                      
G26 2026 09 03 04 00 00-3.915503621101e-04-1.364242052659e-12 0.000000000000e+00
     4.900000000000e+01 3.771875000000e+01 5.171286833425e-09-2.879631473878e+00
     1.665204763412e-06 1.136256835889e-02 1.067481935024e-05 5.153604608536e+03
     3.600000000000e+05 2.607703208923e-08-2.394261767642e+00-2.663582563400e-07
     9.278966335221e-01 1.573125000000e+02 7.283823824727e-01-8.038906281285e-09
    -2.182233755938e-10 1.000000000000e+00 2.434000000000e+03 0.000000000000e+00
     2.000000000000e+00 0.000000000000e+00 6.519258022308e-09 4.900000000000e+01
     3.528180000000e+05 4.000000000000e+00                                      
G26 2026 09 03 06 00 00-3.915601409972e-04-1.364242052659e-12 0.000000000000e+00
     8.200000000000e+01 3.459375000000e+01 5.188787562401e-09-1.829575162292e+00
     1.480802893639e-06 1.136460376438e-02 9.283423423767e-06 5.153599328995e+03
     3.672000000000e+05 1.620501279831e-07-2.394320626688e+00-1.098960638046e-07
     9.278956445895e-01 1.775000000000e+02 7.285561434934e-01-8.079265105250e-09
    -7.428880871279e-11 1.000000000000e+00 2.434000000000e+03 0.000000000000e+00
     2.000000000000e+00 0.000000000000e+00 6.519258022308e-09 8.200000000000e+01
     3.600180000000e+05 4.000000000000e+00                                      
G26 2026 09 03 08 00 00-3.915703855455e-04-1.364242052659e-12 0.000000000000e+00
     1.020000000000e+02 2.537500000000e+01 5.186287458261e-09-7.792193986900e-01
     1.512467861176e-06 1.136513170786e-02 9.145587682724e-06 5.153602182388e+03
     3.744000000000e+05 1.583248376846e-07-2.394378657722e+00 2.253800630569e-07
     9.278935409133e-01 1.837500000000e+02 7.284301584514e-01-8.371062974088e-09
    -2.078658013021e-10 1.000000000000e+00 2.434000000000e+03 0.000000000000e+00
     2.800000000000e+00 0.000000000000e+00 6.519258022308e-09 1.020000000000e+02
     3.672180000000e+05 4.000000000000e+00                                      
G26 2026 09 03 07 59 44-3.915699198842e-04-1.364242052659e-12 0.000000000000e+00
     5.000000000000e+01 2.537500000000e+01 5.186287458261e-09-7.815535590942e-01
     1.512467861176e-06 1.136512914672e-02 9.145587682724e-06 5.153602190018e+03
     3.743840000000e+05 1.583248376846e-07-2.394378512893e+00 2.253800630569e-07
     9.278935423762e-01 1.837500000000e+02 7.284304115362e-01-8.371062974088e-09
    -2.078658013021e-10 1.000000000000e+00 2.434000000000e+03 0.000000000000e+00
     2.000000000000e+00 0.000000000000e+00 6.519258022308e-09 5.000000000000e+01
     3.733080000000e+05 4.000000000000e+00                                      
G26 2026 09 03 09 59 44-3.915796987712e-04-1.364242052659e-12 0.000000000000e+00
     5.100000000000e+01 1.965625000000e+01 5.203431029503e-09 2.686689209675e-01
     1.182779669762e-06 1.136432355270e-02 9.363517165184e-06 5.153600662231e+03
     3.815840000000e+05-4.284083843231e-08-2.394439003093e+00 2.551823854446e-07
     9.278918219846e-01 1.818750000000e+02 7.284377246637e-01-8.403207170165e-09
    -2.485817830005e-10 1.000000000000e+00 2.434000000000e+03 0.000000000000e+00
     2.000000000000e+00 0.000000000000e+00 6.519258022308e-09 5.100000000000e+01
     3.744180000000e+05 4.000000000000e+00                                      
G26 2026 09 03 12 00 00-3.915899433196e-04-1.364242052659e-12 0.000000000000e+00
     5.300000000000e+01 1.881250000000e+01 5.184144511856e-09 1.321150458145e+00
     1.119449734688e-06 1.136508747004e-02 9.974464774132e-06 5.153602952957e+03
     3.888000000000e+05-1.769512891769e-07-2.394498438528e+00 2.793967723846e-08
     9.278892413971e-01 1.732500000000e+02 7.285192165153e-01-8.360348242062e-09
    -4.414469594664e-10 1.000000000000e+00 2.434000000000e+03 0.000000000000e+00
     2.000000000000e+00 0.000000000000e+00 6.519258022308e-09 5.300000000000e+01
     3.816180000000e+05 4.000000000000e+00                                      
G26 2026 09 03 14 00 00-3.915997222066e-04-1.364242052659e-12 0.000000000000e+00
     5.400000000000e+01 2.490625000000e+01 5.150214527108e-09 2.371463314360e+00
     1.128762960434e-06 1.136544812471e-02 1.003965735435e-05 5.153601060867e+03
     3.960000000000e+05-8.940696716309e-08-2.394558680032e+00-2.477318048477e-07
     9.278873322890e-01 1.689375000000e+02 7.284362134693e-01-8.116409509606e-09
    -3.496574217780e-10 1.000000000000e+00 2.434000000000e+03 0.000000000000e+00
     2.000000000000e+00 0.000000000000e+00 6.519258022308e-09 5.400000000000e+01
     3.888180000000e+05 4.000000000000e+00                                      
G26 2026 09 03 16 00 00-3.916099667549e-04-1.364242052659e-12 0.000000000000e+00
     5.700000000000e+01 2.884375000000e+01 5.101998232991e-09-2.861513351963e+00
     1.396983861923e-06 1.136476080865e-02 9.763985872269e-06 5.153602388382e+03
     4.032000000000e+05 5.215406417847e-08-2.394616509184e+00-1.862645149231e-07
     9.278851291344e-01 1.727500000000e+02 7.284566138619e-01-8.029977337931e-09
    -3.514432104489e-10 1.000000000000e+00 2.434000000000e+03 0.000000000000e+00
     2.000000000000e+00 0.000000000000e+00 6.519258022308e-09 5.700000000000e+01
     3.960180000000e+05 4.000000000000e+00                                      
G26 2026 09 03 18 00 00-3.916197456419e-04-1.364242052659e-12 0.000000000000e+00
     6.000000000000e+01 2.696875000000e+01 5.191287666540e-09-1.811426513665e+00
     1.322478055954e-06 1.136637816671e-02 8.933246135712e-06 5.153598108292e+03
     4.104000000000e+05 1.564621925354e-07-2.394674800617e+00-1.154839992523e-07
     9.278829113505e-01 1.892500000000e+02 7.286003572666e-01-8.059978587603e-09
    -2.871548182937e-10 1.000000000000e+00 2.434000000000e+03 0.000000000000e+00
     2.000000000000e+00 0.000000000000e+00 6.519258022308e-09 6.000000000000e+01
     4.032180000000e+05 4.000000000000e+00                                      
G26 2026 09 03 20 00 00-3.916299901903e-04-1.364242052659e-12 0.000000000000e+00
     6.200000000000e+01 2.059375000000e+01 5.346651280915e-09-7.611045332302e-01
     1.067295670509e-06 1.136680250056e-02 8.666887879372e-06 5.153600181580e+03
     4.176000000000e+05 1.285225152969e-07-2.394732714618e+00 2.663582563400e-07
     9.278790170626e-01 1.945000000000e+02 7.285095890514e-01-8.401421381494e-09
    -4.364467511876e-10 1.000000000000e+00 2.434000000000e+03 0.000000000000e+00
     2.000000000000e+00 0.000000000000e+00 6.519258022308e-09 6.200000000000e+01
     4.104180000000e+05 4.000000000000e+00                                      
G26 2026 09 03 22 00 00-3.916397690773e-04-1.364242052659e-12 0.000000000000e+00
     6.300000000000e+01 1.475000000000e+01 5.519158466532e-09 2.891211272155e-01
     1.007691025734e-06 1.136595907155e-02 8.650124073029e-06 5.153598564148e+03
     4.248000000000e+05-3.911554813385e-08-2.394794179121e+00 1.564621925354e-07
     9.278754197471e-01 1.926875000000e+02 7.285169372889e-01-8.542855844236e-09
    -4.171602335410e-10 1.000000000000e+00 2.434000000000e+03 0.000000000000e+00
     2.000000000000e+00 0.000000000000e+00 6.519258022308e-09 6.300000000000e+01
     4.176180000000e+05 4.000000000000e+00                                      
G27 2026 09 03 00 00 00 4.465691745281e-07-1.136868377216e-13 0.000000000000e+00
     8.000000000000e+01 8.693750000000e+01 5.021280585063e-09-3.980533516284e-01
     4.682689905167e-06 1.438719395082e-02 5.770474672318e-06 5.153675102234e+03
     3.456000000000e+05-5.029141902924e-08-1.262163346832e+00 1.788139343262e-07
     9.499563526723e-01 2.603750000000e+02 9.036847029409e-01-8.609644340531e-09
    -7.500312418118e-11 1.000000000000e+00 2.434000000000e+03 0.000000000000e+00
     2.000000000000e+00 0.000000000000e+00 2.328306436539e-09 8.000000000000e+01
     3.384180000000e+05 4.000000000000e+00                                      
G27 2026 09 03 02 00 00 4.461035132408e-07-1.136868377216e-13 0.000000000000e+00
     9.400000000000e+01 1.061562500000e+02 4.939491463932e-09 6.520910817538e-01
     5.740672349930e-06 1.439039735124e-02 6.427988409996e-06 5.153681356430e+03
     3.528000000000e+05-1.024454832077e-07-1.262225218027e+00 1.173466444016e-07
     9.499557587275e-01 2.480000000000e+02 9.037218347276e-01-8.604644132252e-09
    -1.110760553350e-10 1.000000000000e+00 2.434000000000e+03 0.000000000000e+00
     2.000000000000e+00 0.000000000000e+00 2.328306436539e-09 9.400000000000e+01
     3.456180000000e+05 4.000000000000e+00                                      
G27 2026 09 03 04 00 00 4.451721906662e-07-1.136868377216e-13 0.000000000000e+00
     9.700000000000e+01 1.198750000000e+02 4.988064915783e-09 1.702404493878e+00
     6.044283509254e-06 1.438979990780e-02 6.323680281639e-06 5.153677576065e+03
     3.600000000000e+05-3.799796104431e-07-1.262287934788e+00-8.754432201385e-08
     9.499560454595e-01 2.530312500000e+02 9.035896235062e-01-8.406064432039e-09
     7.750322832055e-11 1.000000000000e+00 2.434000000000e+03 0.000000000000e+00
     2.000000000000e+00 0.000000000000e+00 2.328306436539e-09 9.700000000000e+01
     3.528180000000e+05 4.000000000000e+00                                      
G27 2026 09 03 06 00 00 4.447065293789e-07-1.136868377216e-13 0.000000000000e+00
     9.800000000000e+01 1.183437500000e+02 4.726625454351e-09 2.752507715395e+00
     5.889683961868e-06 1.438909012359e-02 5.763024091721e-06 5.153679973602e+03
     3.672000000000e+05 3.911554813385e-08-1.262346973773e+00-2.048909664154e-07
     9.499585850853e-01 2.629687500000e+02 9.036665027771e-01-8.002476192397e-09
     1.075044779930e-10 1.000000000000e+00 2.434000000000e+03 0.000000000000e+00
     2.000000000000e+00 0.000000000000e+00 2.328306436539e-09 9.800000000000e+01
     3.600180000000e+05 4.000000000000e+00                                      
G27 2026 09 03 08 00 00 4.442408680916e-07-1.136868377216e-13 0.000000000000e+00
     9.900000000000e+01 9.968750000000e+01 4.824129515787e-09-2.480509843877e+00
     4.922971129417e-06 1.439178851433e-02 5.379319190979e-06 5.153675001144e+03
     3.744000000000e+05 1.788139343262e-07-1.262405205227e+00-1.266598701477e-07
     9.499594847799e-01 2.701562500000e+02 9.036796895206e-01-8.044977962767e-09
     2.039370662260e-10 1.000000000000e+00 2.434000000000e+03 0.000000000000e+00
     2.000000000000e+00 0.000000000000e+00 2.328306436539e-09 9.900000000000e+01
     3.672180000000e+05 4.000000000000e+00                                      
G27 2026 09 03 10 00 00 4.437752068043e-07-1.136868377216e-13 0.000000000000e+00
     1.210000000000e+02 8.659375000000e+01 4.710910514046e-09-1.430191128675e+00
     4.678964614868e-06 1.439094136003e-02 5.630776286125e-06 5.153679029465e+03
     3.816000000000e+05 3.352761268616e-07-1.262462765202e+00 2.607703208923e-08
     9.499605483213e-01 2.614687500000e+02 9.035412521199e-01-8.153196756228e-09
     1.239337337660e-10 1.000000000000e+00 2.434000000000e+03 0.000000000000e+00
     2.800000000000e+00 0.000000000000e+00 2.328306436539e-09 1.210000000000e+02
     3.744180000000e+05 4.000000000000e+00                                      
G27 2026 09 03 12 00 00 4.433095455170e-07-1.136868377216e-13 0.000000000000e+00
     1.220000000000e+02 8.662500000000e+01 4.869845705764e-09-3.801094647192e-01
     4.760921001434e-06 1.438980002422e-02 6.655231118202e-06 5.153675540924e+03
     3.888000000000e+05 1.862645149231e-08-1.262522636587e+00 1.899898052216e-07
     9.499597700489e-01 2.485625000000e+02 9.036401088091e-01-8.493925234651e-09
     8.678932940965e-11 1.000000000000e+00 2.434000000000e+03 0.000000000000e+00
     2.800000000000e+00 0.000000000000e+00 2.328306436539e-09 1.220000000000e+02
     3.816180000000e+05 4.000000000000e+00                                      
G27 2026 09 03 11 59 44 4.479661583900e-07-1.136868377216e-13 0.000000000000e+00
     3.000000000000e+00 8.662500000000e+01 4.869845705764e-09-3.824443097692e-01
     4.760921001434e-06 1.438979723025e-02 6.655231118202e-06 5.153675546646e+03
     3.887840000000e+05 1.862645149231e-08-1.262522515165e+00 1.899898052216e-07
     9.499597802893e-01 2.485625000000e+02 9.036411562584e-01-8.493925234651e-09
     8.678932940965e-11 1.000000000000e+00 2.434000000000e+03 0.000000000000e+00
     2.000000000000e+00 0.000000000000e+00 2.328306436539e-09 3.000000000000e+00
     3.820380000000e+05 4.000000000000e+00                                      
G27 2026 09 03 13 59 44 4.475004971027e-07-1.136868377216e-13 0.000000000000e+00
     1.100000000000e+01 1.068125000000e+02 4.639121809473e-09 6.676842670440e-01
     5.546957254410e-06 1.439334638417e-02 7.294118404388e-06 5.153682537079e+03
     3.959840000000e+05-1.993030309677e-07-1.262582519676e+00 1.043081283569e-07
     9.499601694255e-01 2.330937500000e+02 9.036917059297e-01-8.406421589773e-09
    -7.643175511796e-11 1.000000000000e+00 2.434000000000e+03 0.000000000000e+00
     2.000000000000e+00 0.000000000000e+00 2.328306436539e-09 1.100000000000e+01
     3.888180000000e+05 4.000000000000e+00                                      
G27 2026 09 03 16 00 00 4.470348358154e-07-1.136868377216e-13 0.000000000000e+00
     1.200000000000e+01 1.213125000000e+02 4.675909056095e-09 1.720331327551e+00
     6.077811121941e-06 1.439286849927e-02 7.132068276405e-06 5.153678762436e+03
     4.032000000000e+05-3.073364496231e-07-1.262643513119e+00-1.136213541031e-07
     9.499600026529e-01 2.364687500000e+02 9.035560846463e-01-8.286416591083e-09
    -9.643258823294e-12 1.000000000000e+00 2.434000000000e+03 0.000000000000e+00
     2.000000000000e+00 0.000000000000e+00 2.328306436539e-09 1.200000000000e+01
     3.960180000000e+05 4.000000000000e+00                                      
G27 2026 09 03 18 00 00 4.465691745281e-07-1.136868377216e-13 0.000000000000e+00
     1.500000000000e+01 1.204062500000e+02 4.429113061766e-09 2.770426915561e+00
     6.020069122314e-06 1.439204905182e-02 6.487593054771e-06 5.153681379318e+03
     4.104000000000e+05 9.499490261078e-08-1.262701696297e+00-1.564621925354e-07
     9.499617874129e-01 2.473125000000e+02 9.036375633316e-01-7.897114660810e-09
     2.500104139373e-12 1.000000000000e+00 2.434000000000e+03 0.000000000000e+00
     2.000000000000e+00 0.000000000000e+00 2.328306436539e-09 1.500000000000e+01
     4.032180000000e+05 4.000000000000e+00                                      
G27 2026 09 03 20 00 00 4.461035132408e-07-1.136868377216e-13 0.000000000000e+00
     2.300000000000e+01 9.925000000000e+01 4.572690470912e-09-2.462601265959e+00
     5.168840289116e-06 1.439517724793e-02 6.124377250671e-06 5.153675601959e+03
     4.176000000000e+05 9.499490261078e-08-1.262758378521e+00-9.872019290924e-08
     9.499618064309e-01 2.568437500000e+02 9.036584508760e-01-7.878185300897e-09
     2.500104139373e-12 1.000000000000e+00 2.434000000000e+03 0.000000000000e+00
     2.000000000000e+00 0.000000000000e+00 2.328306436539e-09 2.300000000000e+01
     4.104180000000e+05 4.000000000000e+00                                      
G27 2026 09 03 22 00 00 4.456378519535e-07-1.136868377216e-13 0.000000000000e+00
     2.400000000000e+01 8.512500000000e+01 4.591976988559e-09-1.412276532312e+00
     4.529953002930e-06 1.439434348140e-02 6.519258022308e-06 5.153679822922e+03
     4.248000000000e+05 3.725290298462e-07-1.262814368784e+00 5.401670932770e-08
     9.499608306645e-01 2.486562500000e+02 9.035118445407e-01-8.057478483464e-09
    -1.750072897561e-10 1.000000000000e+00 2.434000000000e+03 0.000000000000e+00
     2.000000000000e+00 0.000000000000e+00 2.328306436539e-09 2.400000000000e+01
     4.176180000000e+05 4.000000000000e+00                                      
G28 2026 09 03 00 00 00-4.249461926520e-04 1.068656274583e-11 0.000000000000e+00
     1.850000000000e+02-2.759375000000e+01 4.844487506636e-09-2.746503555812e+00
    -1.346692442894e-06 5.086219171062e-04 7.320195436478e-06 5.153643117905e+03
     3.456000000000e+05-1.490116119385e-08 2.920659366900e+00-1.490116119385e-08
     9.624971491496e-01 2.412812500000e+02-1.683035916401e-01-8.017119659499e-09
    -4.178745490094e-11 1.000000000000e+00 2.434000000000e+03 0.000000000000e+00
     2.000000000000e+00 0.000000000000e+00-9.313225746155e-09 9.530000000000e+02
     3.384180000000e+05 4.000000000000e+00                                      
G28 2026 09 03 02 00 00-4.248688928783e-04 1.068656274583e-11 0.000000000000e+00
     1.860000000000e+02-2.925000000000e+01 4.767341436049e-09-1.696619476497e+00
    -1.749023795128e-06 5.087936297059e-04 7.338821887970e-06 5.153642681122e+03
     3.528000000000e+05-9.313225746155e-09 2.920601722076e+00-7.450580596924e-09
     9.624968668064e-01 2.406250000000e+02-1.679858355929e-01-8.008905031613e-09
    -4.607334771129e-11 1.000000000000e+00 2.434000000000e+03 0.000000000000e+00
     2.000000000000e+00 0.000000000000e+00-9.313225746155e-09 9.540000000000e+02
     3.456180000000e+05 4.000000000000e+00                                      
G28 2026 09 03 04 00 00-4.247920587659e-04 1.068656274583e-11 0.000000000000e+00
     1.870000000000e+02-2.912500000000e+01 4.664837166335e-09-6.465726460831e-01
    -1.559033989906e-06 5.087710451335e-04 6.932765245438e-06 5.153642526627e+03
     3.600000000000e+05-5.587935447693e-09 2.920544090418e+00-1.490116119385e-08
     9.624965025398e-01 2.411875000000e+02-1.678313529067e-01-8.010333662550e-09
    -5.321650239522e-11 1.000000000000e+00 2.434000000000e+03 0.000000000000e+00
     2.000000000000e+00 0.000000000000e+00-9.313225746155e-09 9.550000000000e+02
     3.528180000000e+05 4.000000000000e+00                                      
G28 2026 09 03 06 00 00-4.247147589922e-04 1.068656274583e-11 0.000000000000e+00
     1.880000000000e+02-2.934375000000e+01 4.597334354572e-09 4.035899435754e-01
    -1.408159732819e-06 5.089850164950e-04 7.029622793198e-06 5.153642927170e+03
     3.672000000000e+05 7.450580596924e-09 2.920486419262e+00-1.117587089539e-08
     9.624961192553e-01 2.428125000000e+02-1.677932658345e-01-8.007476400676e-09
    -5.571660653459e-11 1.000000000000e+00 2.434000000000e+03 0.000000000000e+00
     2.000000000000e+00 0.000000000000e+00-9.313225746155e-09 9.560000000000e+02
     3.600180000000e+05 4.000000000000e+00                                      
G28 2026 09 03 08 00 00-4.246379248798e-04 1.068656274583e-11 0.000000000000e+00
     1.890000000000e+02-2.431250000000e+01 4.579119310128e-09 1.452690570279e+00
    -1.125037670135e-06 5.094273947179e-04 7.048249244690e-06 5.153644275665e+03
     3.744000000000e+05-3.725290298462e-09 2.920428808085e+00-7.450580596924e-09
     9.624957154899e-01 2.433125000000e+02-1.666941652411e-01-8.002476192397e-09
    -6.107397254753e-11 1.000000000000e+00 2.434000000000e+03 0.000000000000e+00
     2.800000000000e+00 0.000000000000e+00-9.313225746155e-09 9.570000000000e+02
     3.672180000000e+05 4.000000000000e+00                                      
G28 2026 09 03 08 29 36-4.246183671057e-04 1.068656274583e-11 0.000000000000e+00
     1.900000000000e+02-2.421875000000e+01 4.591262673091e-09 1.711639685052e+00
    -1.098960638046e-06 5.094228545204e-04 7.130205631256e-06 5.153644378662e+03
     3.761760000000e+05-3.725290298462e-09 2.920414606076e+00-7.450580596924e-09
     9.624956072340e-01 2.429375000000e+02-1.665942259925e-01-8.002476192397e-09
    -6.214544575012e-11 1.000000000000e+00 2.434000000000e+03 0.000000000000e+00
     2.000000000000e+00 0.000000000000e+00-9.313225746155e-09 9.580000000000e+02
     3.690180000000e+05 4.000000000000e+00                                      
G28 2026 09 03 10 00 00-4.245601594448e-04 1.068656274583e-11 0.000000000000e+00
     1.910000000000e+02-2.284375000000e+01 4.650908014701e-09 2.503158664046e+00
    -1.171603798866e-06 5.095562664792e-04 7.236376404762e-06 5.153643953323e+03
     3.816000000000e+05 1.490116119385e-08 2.920371256888e+00-1.490116119385e-08
     9.624952210236e-01 2.440312500000e+02-1.669628330722e-01-8.009262189347e-09
    -7.536028191537e-11 1.000000000000e+00 2.434000000000e+03 0.000000000000e+00
     2.000000000000e+00 0.000000000000e+00-9.313225746155e-09 9.590000000000e+02
     3.744180000000e+05 4.000000000000e+00                                      
G28 2026 09 03 12 00 00-4.244828596711e-04 1.068656274583e-11 0.000000000000e+00
     1.920000000000e+02-2.140625000000e+01 4.684480841716e-09-2.729688548656e+00
    -1.173466444016e-06 5.098028341308e-04 7.215887308121e-06 5.153643468857e+03
     3.888000000000e+05 2.607703208923e-08 2.920313593046e+00 3.725290298462e-09
     9.624946709664e-01 2.428750000000e+02-1.671005448656e-01-8.007833558410e-09
    -8.000333245992e-11 1.000000000000e+00 2.434000000000e+03 0.000000000000e+00
     2.000000000000e+00 0.000000000000e+00-9.313225746155e-09 9.600000000000e+02
     3.816180000000e+05 4.000000000000e+00                                      
G28 2026 09 03 14 00 00-4.244060255587e-04 1.068656274583e-11 0.000000000000e+00
     1.930000000000e+02-2.584375000000e+01 4.708767567641e-09-1.680388448684e+00
    -1.305714249611e-06 5.102225113660e-04 7.247552275658e-06 5.153642303467e+03
     3.960000000000e+05-3.725290298462e-09 2.920256224713e+00 2.793967723846e-08
     9.624941238350e-01 2.417812500000e+02-1.661996228585e-01-7.976760835535e-09
    -1.067901625246e-10 1.000000000000e+00 2.434000000000e+03 0.000000000000e+00
     2.000000000000e+00 0.000000000000e+00-9.313225746155e-09 9.610000000000e+02
     3.888180000000e+05 4.000000000000e+00                                      
G28 2026 09 03 16 00 00-4.243287257850e-04 1.068656274583e-11 0.000000000000e+00
     1.940000000000e+02-2.506250000000e+01 4.721982403806e-09-6.305715860662e-01
    -1.290813088417e-06 5.101332208142e-04 7.195398211479e-06 5.153641895294e+03
     4.032000000000e+05-1.862645149231e-09 2.920198876862e+00 1.862645149231e-09
     9.624932621763e-01 2.430937500000e+02-1.658149149025e-01-7.977475151004e-09
    -1.250052069686e-10 1.000000000000e+00 2.434000000000e+03 0.000000000000e+00
     2.000000000000e+00 0.000000000000e+00-9.313225746155e-09 9.620000000000e+02
     3.960180000000e+05 4.000000000000e+00                                      
G28 2026 09 03 18 00 00-4.242518916726e-04 1.068656274583e-11 0.000000000000e+00
     1.950000000000e+02-2.465625000000e+01 4.783413534088e-09 4.195640478638e-01
    -1.339241862297e-06 5.101481219754e-04 7.012858986855e-06 5.153641918182e+03
     4.104000000000e+05-3.166496753693e-08 2.920141385644e+00 7.450580596924e-09
     9.624922132640e-01 2.434375000000e+02-1.657485335317e-01-8.007833558410e-09
    -1.278624688422e-10 1.000000000000e+00 2.434000000000e+03 0.000000000000e+00
     2.000000000000e+00 0.000000000000e+00-9.313225746155e-09 9.630000000000e+02
     4.032180000000e+05 4.000000000000e+00                                      
G28 2026 09 03 20 00 00-4.241745918989e-04 1.068656274583e-11 0.000000000000e+00
     1.960000000000e+02-1.912500000000e+01 4.877703175916e-09 1.468457927670e+00
    -8.158385753632e-07 5.105542950332e-04 7.040798664093e-06 5.153643394470e+03
     4.176000000000e+05 9.126961231232e-08 2.920082789923e+00-7.264316082001e-08
     9.624912287202e-01 2.425625000000e+02-1.644398684606e-01-8.108909197188e-09
    -3.535861568541e-11 1.000000000000e+00 2.434000000000e+03 0.000000000000e+00
     2.000000000000e+00 0.000000000000e+00-9.313225746155e-09 9.640000000000e+02
     4.104180000000e+05 4.000000000000e+00                                      
G28 2026 09 03 22 00 00-4.240977577865e-04 1.068656274583e-11 0.000000000000e+00
     1.970000000000e+02-2.053125000000e+01 4.864488339751e-09 2.517389970620e+00
    -9.536743164062e-07 5.103446310386e-04 7.426366209984e-06 5.153644676208e+03
     4.248000000000e+05-5.960464477539e-08 2.920023613424e+00 8.568167686462e-08
     9.624917802403e-01 2.378437500000e+02-1.631698551480e-01-8.052835432919e-09
     1.425059359442e-10 1.000000000000e+00 2.434000000000e+03 0.000000000000e+00
     2.000000000000e+00 0.000000000000e+00-9.313225746155e-09 9.650000000000e+02
     4.176180000000e+05 4.000000000000e+00                                      
G29 2026 09 03 00 00 00-2.504228614271e-04 7.162270776462e-12 0.000000000000e+00
     2.000000000000e+00 1.070937500000e+02 4.644836333220e-09-7.302103907766e-01
     5.431473255157e-06 3.664272604510e-03 5.068257451057e-06 5.153669290543e+03
     3.456000000000e+05 1.862645149231e-08-1.171021353191e+00-8.381903171539e-08
     9.591499560113e-01 2.804687500000e+02 2.903116281509e+00-8.281773540539e-09
     1.892935991239e-11 1.000000000000e+00 2.434000000000e+03 0.000000000000e+00
     2.800000000000e+00 0.000000000000e+00-9.778887033463e-09 2.580000000000e+02
     3.384180000000e+05 4.000000000000e+00                                      
G29 2026 09 03 02 00 00-2.503711730242e-04 7.162270776462e-12 0.000000000000e+00
     3.000000000000e+00 1.040625000000e+02 4.652336645638e-09 3.199673649536e-01
     5.220994353294e-06 3.665180178359e-03 4.669651389122e-06 5.153670951843e+03
     3.528000000000e+05 5.401670932770e-08-1.171080994898e+00-4.470348358154e-08
     9.591499267530e-01 2.869375000000e+02 2.903122771013e+00-8.302131531388e-09
    -3.571577341961e-13 1.000000000000e+00 2.434000000000e+03 0.000000000000e+00
     2.800000000000e+00 0.000000000000e+00-9.778887033463e-09 2.590000000000e+02
     3.456180000000e+05 4.000000000000e+00                                      
G29 2026 09 03 01 59 44-2.503735013306e-04 7.162270776462e-12 0.000000000000e+00
     8.000000000000e+00 1.040625000000e+02 4.652336645638e-09 3.176329690195e-01
     5.220994353294e-06 3.665182157420e-03 4.669651389122e-06 5.153670951843e+03
     3.527840000000e+05 5.401670932770e-08-1.171080850069e+00-4.470348358154e-08
     9.591499179754e-01 2.869375000000e+02 2.903123407383e+00-8.302131531388e-09
    -7.143154683922e-13 1.000000000000e+00 2.434000000000e+03 0.000000000000e+00
     2.000000000000e+00 0.000000000000e+00-9.778887033463e-09 8.000000000000e+00
     3.527460000000e+05 4.000000000000e+00                                      
G29 2026 09 03 03 59 44-2.503218129277e-04 7.162270776462e-12 0.000000000000e+00
     9.000000000000e+00 9.318750000000e+01 4.732697135832e-09 1.368149912547e+00
     4.930421710014e-06 3.664250951260e-03 4.719942808151e-06 5.153668064117e+03
     3.599840000000e+05 5.215406417847e-08-1.171140197730e+00 2.235174179077e-08
     9.591500247685e-01 2.846875000000e+02 2.902790881715e+00-8.247129240322e-09
    -2.714398779890e-11 1.000000000000e+00 2.434000000000e+03 0.000000000000e+00
     2.000000000000e+00 0.000000000000e+00-9.778887033463e-09 9.000000000000e+00
     3.528180000000e+05 4.000000000000e+00                                      
G29 2026 09 03 06 00 00-2.502701245248e-04 7.162270776462e-12 0.000000000000e+00
     1.800000000000e+01 8.812500000000e+01 4.729125558490e-09 2.420251886851e+00
     4.678964614868e-06 3.663524752483e-03 5.548819899559e-06 5.153671226501e+03
     3.672000000000e+05-3.352761268616e-08-1.171200164205e+00 1.229345798492e-07
     9.591501578940e-01 2.733750000000e+02 2.903208171782e+00-8.220699567991e-09
     7.071723137082e-11 1.000000000000e+00 2.434000000000e+03 0.000000000000e+00
     2.000000000000e+00 0.000000000000e+00-9.778887033463e-09 1.800000000000e+01
     3.600180000000e+05 4.000000000000e+00                                      
G29 2026 09 03 08 00 00-2.502189017832e-04 7.162270776462e-12 0.000000000000e+00
     1.900000000000e+01 9.253125000000e+01 4.691623996400e-09-2.812764785892e+00
     4.960224032402e-06 3.664962365292e-03 6.163492798805e-06 5.153668600082e+03
     3.744000000000e+05-5.774199962616e-08-1.171259293891e+00 1.862645149231e-09
     9.591512565455e-01 2.630312500000e+02 2.903223889374e+00-8.127124241632e-09
     1.200049986899e-10 1.000000000000e+00 2.434000000000e+03 0.000000000000e+00
     2.000000000000e+00 0.000000000000e+00-9.778887033463e-09 1.900000000000e+01
     3.672180000000e+05 4.000000000000e+00                                      
G29 2026 09 03 10 00 00-2.501676790416e-04 7.162270776462e-12 0.000000000000e+00
     2.000000000000e+01 1.039375000000e+02 4.599120143243e-09-1.762223644237e+00
     5.178153514862e-06 3.664453630336e-03 6.407499313354e-06 5.153671073914e+03
     3.816000000000e+05-1.676380634308e-08-1.171318306543e+00-7.078051567078e-08
     9.591520143371e-01 2.595625000000e+02 2.902867740505e+00-8.190341160585e-09
     1.621496113250e-10 1.000000000000e+00 2.434000000000e+03 0.000000000000e+00
     2.000000000000e+00 0.000000000000e+00-9.778887033463e-09 2.000000000000e+01
     3.744180000000e+05 4.000000000000e+00                                      
G29 2026 09 03 12 00 00-2.501159906387e-04 7.162270776462e-12 0.000000000000e+00
     2.100000000000e+01 1.125000000000e+02 4.525545649999e-09-7.122002190493e-01
     5.643814802170e-06 3.663713228889e-03 5.763024091721e-06 5.153669582367e+03
     3.888000000000e+05 3.725290298462e-08-1.171377259216e+00-7.450580596924e-08
     9.591531875974e-01 2.638437500000e+02 2.903026857715e+00-8.206056100889e-09
     1.507205638307e-10 1.000000000000e+00 2.434000000000e+03 0.000000000000e+00
     2.000000000000e+00 0.000000000000e+00-9.778887033463e-09 2.100000000000e+01
     3.816180000000e+05 4.000000000000e+00                                      
G29 2026 09 03 14 00 00-2.500647678971e-04 7.162270776462e-12 0.000000000000e+00
     2.200000000000e+01 1.110000000000e+02 4.439827793792e-09 3.379394510717e-01
     5.776062607765e-06 3.664598450996e-03 5.524605512619e-06 5.153671161652e+03
     3.960000000000e+05 9.872019290924e-08-1.171436346477e+00-4.284083843231e-08
     9.591541779929e-01 2.715000000000e+02 2.903070256643e+00-8.209270520497e-09
     1.321483616526e-10 1.000000000000e+00 2.434000000000e+03 0.000000000000e+00
     2.000000000000e+00 0.000000000000e+00-9.778887033463e-09 2.200000000000e+01
     3.888180000000e+05 4.000000000000e+00                                      
G29 2026 09 03 16 00 00-2.500130794942e-04 7.162270776462e-12 0.000000000000e+00
     2.300000000000e+01 9.712500000000e+01 4.411255175056e-09 1.388551362852e+00
     5.159527063370e-06 3.663509734906e-03 5.623325705528e-06 5.153667568207e+03
     4.032000000000e+05-1.303851604462e-08-1.171493995690e+00 1.657754182816e-07
     9.591554273249e-01 2.699375000000e+02 2.902640486421e+00-8.026048602854e-09
     1.178620522847e-11 1.000000000000e+00 2.434000000000e+03 0.000000000000e+00
     2.000000000000e+00 0.000000000000e+00-9.778887033463e-09 2.300000000000e+01
     3.960180000000e+05 4.000000000000e+00                                      
G29 2026 09 03 18 00 00-2.499618567526e-04 7.162270776462e-12 0.000000000000e+00
     2.400000000000e+01 8.996875000000e+01 4.388039922333e-09 2.438248724081e+00
     4.757195711136e-06 3.662570845336e-03 6.439164280891e-06 5.153671316147e+03
     4.104000000000e+05-3.352761268616e-08-1.171551150436e+00 1.117587089539e-08
     9.591549796720e-01 2.568750000000e+02 2.903125775847e+00-8.021405552310e-09
    -1.060758470562e-10 1.000000000000e+00 2.434000000000e+03 0.000000000000e+00
     2.000000000000e+00 0.000000000000e+00-9.778887033463e-09 2.400000000000e+01
     4.032180000000e+05 4.000000000000e+00                                      
G29 2026 09 03 20 00 00-2.499106340110e-04 7.162270776462e-12 0.000000000000e+00
     2.500000000000e+01 9.265625000000e+01 4.482329564161e-09-2.794798378822e+00
     4.744157195091e-06 3.663841984235e-03 6.835907697678e-06 5.153669029236e+03
     4.176000000000e+05-4.097819328308e-08-1.171608918146e+00 2.421438694000e-08
     9.591541136245e-01 2.466562500000e+02 2.903169517098e+00-8.039977754488e-09
    -1.117903708034e-10 1.000000000000e+00 2.434000000000e+03 0.000000000000e+00
     2.000000000000e+00 0.000000000000e+00-9.778887033463e-09 2.500000000000e+01
     4.104180000000e+05 4.000000000000e+00                                      
G29 2026 09 03 22 00 00-2.498589456081e-04 7.162270776462e-12 0.000000000000e+00
     2.600000000000e+01 1.040000000000e+02 4.472686305338e-09-1.744251012450e+00
     5.310401320457e-06 3.663373412564e-03 7.022172212601e-06 5.153671516418e+03
     4.248000000000e+05-2.793967723846e-08-1.171667218357e+00-3.725290298462e-08
     9.591532124670e-01 2.424062500000e+02 2.902805652798e+00-8.091408468212e-09
    -8.250343659930e-11 1.000000000000e+00 2.434000000000e+03 0.000000000000e+00
     2.000000000000e+00 0.000000000000e+00-9.778887033463e-09 2.600000000000e+01
     4.176180000000e+05 4.000000000000e+00                                      
G30 2026 09 03 00 00 00 3.510168753564e-04 1.239186531166e-11 0.000000000000e+00
     2.500000000000e+01-3.334375000000e+01 5.360223274815e-09 2.705639325287e+00
    -1.721084117889e-06 8.201976539567e-03 7.053837180138e-06 5.153652624130e+03
     3.456000000000e+05-1.862645149231e-08 2.932619231294e+00-9.126961231232e-08
     9.369236763233e-01 2.334687500000e+02-2.257776565228e+00-8.193912737927e-09
    -1.178620522847e-10 1.000000000000e+00 2.434000000000e+03 0.000000000000e+00
     2.000000000000e+00 0.000000000000e+00 3.725290298462e-09 2.500000000000e+01
     3.384180000000e+05 4.000000000000e+00                                      
G30 2026 09 03 02 00 00 3.511058166623e-04 1.239186531166e-11 0.000000000000e+00
     2.600000000000e+01-2.928125000000e+01 5.318792977648e-09-2.527342158425e+00
    -1.797452569008e-06 8.201395743527e-03 6.962567567825e-06 5.153653705597e+03
     3.528000000000e+05 1.695007085800e-07 2.932559174118e+00-9.685754776001e-08
     9.369229448642e-01 2.321250000000e+02-2.257780573623e+00-8.285345117881e-09
     5.357366012941e-12 1.000000000000e+00 2.434000000000e+03 0.000000000000e+00
     2.000000000000e+00 0.000000000000e+00 3.725290298462e-09 2.600000000000e+01
     3.456180000000e+05 4.000000000000e+00                                      
G30 2026 09 03 04 00 00 3.511947579682e-04 1.239186531166e-11 0.000000000000e+00
     2.700000000000e+01-2.346875000000e+01 5.262719213379e-09-1.477245471763e+00
    -1.214444637299e-06 8.201675838791e-03 6.560236215591e-06 5.153652046204e+03
     3.600000000000e+05 1.769512891769e-07 2.932499427080e+00 4.842877388000e-08
     9.369232228187e-01 2.348125000000e+02-2.257678211782e+00-8.309631843806e-09
     4.035882396416e-11 1.000000000000e+00 2.434000000000e+03 0.000000000000e+00
     2.000000000000e+00 0.000000000000e+00 3.725290298462e-09 2.700000000000e+01
     3.528180000000e+05 4.000000000000e+00                                      
G30 2026 09 03 06 00 00 3.512836992741e-04 1.239186531166e-11 0.000000000000e+00
     2.800000000000e+01-2.256250000000e+01 5.268790894861e-09-4.270721121020e-01
    -1.072883605957e-06 8.201580611058e-03 6.986781954765e-06 5.153651590347e+03
     3.672000000000e+05 4.097819328308e-08 2.932439134375e+00 1.024454832077e-07
     9.369227737028e-01 2.334687500000e+02-2.257651931922e+00-8.462495354042e-09
     2.642967233051e-11 1.000000000000e+00 2.434000000000e+03 0.000000000000e+00
     2.000000000000e+00 0.000000000000e+00 3.725290298462e-09 2.800000000000e+01
     3.600180000000e+05 4.000000000000e+00                                      
G30 2026 09 03 08 00 00 3.513726405799e-04 1.239186531166e-11 0.000000000000e+00
     2.900000000000e+01-2.656250000000e+01 5.223789020352e-09 6.231213070922e-01
    -1.257285475731e-06 8.201058488339e-03 7.012858986855e-06 5.153650609970e+03
     3.744000000000e+05-1.862645149231e-07 2.932379517537e+00 1.043081283569e-07
     9.369227985724e-01 2.334375000000e+02-2.257645805221e+00-8.348562036833e-09
    -1.289339420448e-10 1.000000000000e+00 2.434000000000e+03 0.000000000000e+00
     2.000000000000e+00 0.000000000000e+00 3.725290298462e-09 2.900000000000e+01
     3.672180000000e+05 4.000000000000e+00                                      
G30 2026 09 03 10 00 00 3.514611162245e-04 1.239186531166e-11 0.000000000000e+00
     4.100000000000e+01-2.790625000000e+01 5.250218692682e-09 1.673295899994e+00
    -1.514330506325e-06 8.201142074540e-03 7.160007953644e-06 5.153651035309e+03
     3.816000000000e+05-1.769512891769e-07 2.932319474990e+00-7.078051567078e-08
     9.369216223863e-01 2.325625000000e+02-2.257620318262e+00-8.315703525287e-09
    -1.660783464012e-10 1.000000000000e+00 2.434000000000e+03 0.000000000000e+00
     2.000000000000e+00 0.000000000000e+00 3.725290298462e-09 4.100000000000e+01
     3.744180000000e+05 4.000000000000e+00                                      
G30 2026 09 03 12 00 00 3.515500575304e-04 1.239186531166e-11 0.000000000000e+00
     4.200000000000e+01-2.725000000000e+01 5.227360597694e-09 2.723483660621e+00
    -1.540407538414e-06 8.201005752198e-03 6.783753633499e-06 5.153651342392e+03
     3.888000000000e+05-1.117587089539e-08 2.932260140496e+00-6.891787052155e-08
     9.369211805850e-01 2.337187500000e+02-2.257608110211e+00-8.151410967557e-09
    -1.657211886670e-10 1.000000000000e+00 2.434000000000e+03 0.000000000000e+00
     2.000000000000e+00 0.000000000000e+00 3.725290298462e-09 4.200000000000e+01
     3.816180000000e+05 4.000000000000e+00                                      
G30 2026 09 03 14 00 00 3.516389988363e-04 1.239186531166e-11 0.000000000000e+00
     4.500000000000e+01-2.140625000000e+01 5.261647740177e-09-2.509493555759e+00
    -1.184642314911e-06 8.200136129744e-03 6.908550858498e-06 5.153652975082e+03
     3.960000000000e+05 1.341104507446e-07 2.932200571935e+00-8.009374141693e-08
     9.369200863223e-01 2.315312500000e+02-2.257616560026e+00-8.226414091738e-09
    -6.785996949726e-11 1.000000000000e+00 2.434000000000e+03 0.000000000000e+00
     2.000000000000e+00 0.000000000000e+00 3.725290298462e-09 4.500000000000e+01
     3.888180000000e+05 4.000000000000e+00                                      
G30 2026 09 03 16 00 00 3.517279401422e-04 1.239186531166e-11 0.000000000000e+00
     9.800000000000e+01-1.900000000000e+01 5.293434778520e-09-1.459329403704e+00
    -1.067295670509e-06 8.200159412809e-03 6.904825568199e-06 5.153652463913e+03
     4.032000000000e+05 1.620501279831e-07 2.932141367640e+00 5.029141902924e-08
     9.369196796311e-01 2.315625000000e+02-2.257581745501e+00-8.264629969297e-09
    -6.000249934494e-11 1.000000000000e+00 2.434000000000e+03 0.000000000000e+00
     2.000000000000e+00 0.000000000000e+00 3.725290298462e-09 9.800000000000e+01
     3.960180000000e+05 4.000000000000e+00                                      
G30 2026 09 03 18 00 00 3.518168814480e-04 1.239186531166e-11 0.000000000000e+00
     1.030000000000e+02-1.865625000000e+01 5.417011354552e-09-4.091436765335e-01
    -1.022592186928e-06 8.200090262108e-03 6.981194019318e-06 5.153652193069e+03
     4.104000000000e+05-4.842877388000e-08 2.932081164172e+00 5.960464477539e-08
     9.369182488972e-01 2.308125000000e+02-2.257567542030e+00-8.484639133562e-09
    -6.250260348431e-11 1.000000000000e+00 2.434000000000e+03 0.000000000000e+00
     2.800000000000e+00 0.000000000000e+00 3.725290298462e-09 1.030000000000e+02
     4.032180000000e+05 4.000000000000e+00                                      
G30 2026 09 03 17 59 44 3.518164157867e-04 1.227817847393e-11 0.000000000000e+00
     8.000000000000e+00-1.865625000000e+01 5.417011354552e-09-4.114769196882e-01
    -1.022592186928e-06 8.200097479858e-03 6.981194019318e-06 5.153652200699e+03
     4.103840000000e+05-4.842877388000e-08 2.932081289983e+00 5.960464477539e-08
     9.369182474343e-01 2.308125000000e+02-2.257568144752e+00-8.484639133562e-09
    -6.250260348431e-11 1.000000000000e+00 2.434000000000e+03 0.000000000000e+00
     2.000000000000e+00 0.000000000000e+00 3.725290298462e-09 8.000000000000e+00
     4.075380000000e+05 4.000000000000e+00                                      
G30 2026 09 03 19 59 44 3.519053570926e-04 1.227817847393e-11 0.000000000000e+00
     9.000000000000e+00-2.315625000000e+01 5.506657945835e-09 6.387297125820e-01
    -1.033768057823e-06 8.199417381547e-03 7.025897502899e-06 5.153650890350e+03
     4.175840000000e+05-3.166496753693e-08 2.932020041992e+00 5.960464477539e-08
     9.369178070959e-01 2.322812500000e+02-2.257573444904e+00-8.497853969727e-09
    -4.535903224290e-11 1.000000000000e+00 2.434000000000e+03 0.000000000000e+00
     2.000000000000e+00 0.000000000000e+00 3.725290298462e-09 9.000000000000e+00
     4.104180000000e+05 4.000000000000e+00                                      
G30 2026 09 03 22 00 00 3.519942983985e-04 1.227817847393e-11 0.000000000000e+00
     3.000000000000e+01-2.306250000000e+01 5.480942588973e-09 1.691274311769e+00
    -1.156702637672e-06 8.199323550798e-03 7.111579179764e-06 5.153650691986e+03
     4.248000000000e+05-2.328306436539e-07 2.931958163483e+00-4.470348358154e-08
     9.369182093984e-01 2.334375000000e+02-2.257581616765e+00-8.369991500885e-09
     8.821796034643e-11 1.000000000000e+00 2.434000000000e+03 0.000000000000e+00
     2.000000000000e+00 0.000000000000e+00 3.725290298462e-09 3.000000000000e+01
     4.176180000000e+05 4.000000000000e+00                                      
G31 2026 09 03 02 00 00-1.234430819750e-04 2.842170943040e-12 0.000000000000e+00
     1.700000000000e+01-3.271875000000e+01 4.890203696613e-09 2.947365787856e+00
    -1.806765794754e-06 1.104408991523e-02 7.404014468193e-06 5.153647827148e+03
     3.528000000000e+05 3.166496753693e-08 2.969266901816e+00-1.508742570877e-07
     9.553161919311e-01 2.348750000000e+02 1.001250609787e+00-7.885685613315e-09
    -7.928901699153e-11 1.000000000000e+00 2.434000000000e+03 0.000000000000e+00
     2.000000000000e+00 0.000000000000e+00-1.350417733192e-08 1.700000000000e+01
     3.456180000000e+05 4.000000000000e+00                                      
G31 2026 09 03 04 00 00-1.234221272171e-04 2.842170943040e-12 0.000000000000e+00
     2.100000000000e+01-3.128125000000e+01 4.808414575482e-09-2.285637085182e+00
    -1.890584826469e-06 1.104419259354e-02 6.908550858498e-06 5.153647518158e+03
     3.600000000000e+05 1.322478055954e-07 2.969209374026e+00-4.284083843231e-08
     9.553159315317e-01 2.367187500000e+02 1.001267592803e+00-7.919615598064e-09
     3.214419607765e-11 1.000000000000e+00 2.434000000000e+03 0.000000000000e+00
     2.000000000000e+00 0.000000000000e+00-1.350417733192e-08 2.100000000000e+01
     3.528180000000e+05 4.000000000000e+00                                      
G31 2026 09 03 06 00 00-1.234016381204e-04 2.842170943040e-12 0.000000000000e+00
     2.400000000000e+01-2.381250000000e+01 4.789128057835e-09-1.235529185253e+00
    -9.238719940186e-07 1.104448654223e-02 6.867572665215e-06 5.153645534515e+03
     3.672000000000e+05 1.974403858185e-07 2.969152643526e+00 1.769512891769e-07
     9.553153097915e-01 2.377812500000e+02 1.001358833540e+00-8.083550998060e-09
    -6.393123442110e-11 1.000000000000e+00 2.434000000000e+03 0.000000000000e+00
     2.000000000000e+00 0.000000000000e+00-1.350417733192e-08 2.400000000000e+01
     3.600180000000e+05 4.000000000000e+00                                      
G31 2026 09 03 08 00 00-1.233806833625e-04 2.842170943040e-12 0.000000000000e+00
     3.500000000000e+01-2.206250000000e+01 4.792699635177e-09-1.853128494469e-01
    -9.741634130478e-07 1.104475511238e-02 7.156282663345e-06 5.153646144867e+03
     3.744000000000e+05-3.725290298462e-08 2.969093389492e+00 1.545995473862e-07
     9.553140429044e-01 2.394375000000e+02 1.001342592224e+00-8.276059016792e-09
    -5.678807973718e-11 1.000000000000e+00 2.434000000000e+03 0.000000000000e+00
     2.000000000000e+00 0.000000000000e+00-1.350417733192e-08 3.500000000000e+01
     3.672180000000e+05 4.000000000000e+00                                      
G31 2026 09 03 10 00 00-1.233601942658e-04 2.842170943040e-12 0.000000000000e+00
     3.700000000000e+01-2.181250000000e+01 4.823772358052e-09 8.648761400313e-01
    -9.294599294662e-07 1.104497746564e-02 7.517635822296e-06 5.153646625519e+03
     3.816000000000e+05-1.601874828339e-07 2.969034752809e+00 9.313225746155e-09
     9.553132002636e-01 2.376875000000e+02 1.001352807781e+00-8.232128615486e-09
    -2.046513816944e-10 1.000000000000e+00 2.434000000000e+03 0.000000000000e+00
     2.000000000000e+00 0.000000000000e+00-1.350417733192e-08 3.700000000000e+01
     3.744180000000e+05 4.000000000000e+00                                      
G31 2026 09 03 12 00 00-1.233392395079e-04 2.842170943040e-12 0.000000000000e+00
     3.900000000000e+01-2.531250000000e+01 4.837344351952e-09 1.915030787508e+00
    -1.609325408936e-06 1.104509388097e-02 7.471069693565e-06 5.153647592545e+03
     3.888000000000e+05-1.434236764908e-07 2.968975248616e+00-2.235174179077e-07
     9.553125273213e-01 2.375625000000e+02 1.001398003172e+00-8.066764584553e-09
    -1.289339420448e-10 1.000000000000e+00 2.434000000000e+03 0.000000000000e+00
     2.000000000000e+00 0.000000000000e+00-1.350417733192e-08 3.900000000000e+01
     3.816180000000e+05 4.000000000000e+00                                      
G31 2026 09 03 14 00 00-1.233187504113e-04 2.842170943040e-12 0.000000000000e+00
     4.100000000000e+01-2.784375000000e+01 4.846273295307e-09 2.965238041518e+00
    -1.503154635429e-06 1.104537548963e-02 7.146969437599e-06 5.153647089005e+03
     3.960000000000e+05 6.146728992462e-08 2.968918212366e+00-1.378357410431e-07
     9.553123151982e-01 2.368750000000e+02 1.001389736222e+00-7.886399928784e-09
    -1.478633019572e-10 1.000000000000e+00 2.434000000000e+03 0.000000000000e+00
     2.000000000000e+00 0.000000000000e+00-1.350417733192e-08 4.100000000000e+01
     3.888180000000e+05 4.000000000000e+00                                      
G31 2026 09 03 16 00 00-1.232982613146e-04 2.842170943040e-12 0.000000000000e+00
     4.200000000000e+01-2.700000000000e+01 4.871988652169e-09-2.267767532066e+00
    -1.421198248863e-06 1.104560424574e-02 6.984919309616e-06 5.153646543503e+03
     4.032000000000e+05 1.545995473862e-07 2.968860669946e+00-1.862645149231e-08
     9.553115749616e-01 2.395312500000e+02 1.001410031285e+00-7.917829809393e-09
    -3.214419607765e-11 1.000000000000e+00 2.434000000000e+03 0.000000000000e+00
     2.000000000000e+00 0.000000000000e+00-1.350417733192e-08 4.200000000000e+01
     3.960180000000e+05 4.000000000000e+00                                      
G31 2026 09 03 18 00 00-1.232773065567e-04 2.842170943040e-12 0.000000000000e+00
     4.300000000000e+01-1.937500000000e+01 4.950920511426e-09-1.217659481456e+00
    -8.419156074524e-07 1.104589249007e-02 6.960704922676e-06 5.153644540787e+03
     4.104000000000e+05 1.825392246246e-07 2.968803926280e+00 2.086162567139e-07
     9.553105348269e-01 2.405937500000e+02 1.001502566705e+00-8.081408051655e-09
    -1.164334213479e-10 1.000000000000e+00 2.434000000000e+03 0.000000000000e+00
     2.000000000000e+00 0.000000000000e+00-1.350417733192e-08 4.300000000000e+01
     4.032180000000e+05 4.000000000000e+00                                      
G31 2026 09 03 20 00 00-1.232568174601e-04 2.842170943040e-12 0.000000000000e+00
     5.000000000000e+01-1.806250000000e+01 5.077354349332e-09-1.674522537785e-01
    -7.860362529755e-07 1.104603358544e-02 7.040798664093e-06 5.153644804001e+03
     4.176000000000e+05-6.332993507385e-08 2.968744237759e+00 7.636845111847e-08
     9.553086813097e-01 2.410625000000e+02 1.001497880978e+00-8.349990667770e-09
    -7.500312418118e-11 1.000000000000e+00 2.434000000000e+03 0.000000000000e+00
     2.000000000000e+00 0.000000000000e+00-1.350417733192e-08 5.000000000000e+01
     4.104180000000e+05 4.000000000000e+00                                      
G31 2026 09 03 22 00 00-1.232358627021e-04 2.842170943040e-12 0.000000000000e+00
     5.100000000000e+01-1.662500000000e+01 5.088069081357e-09 8.827049859886e-01
    -6.631016731262e-07 1.104700984433e-02 7.612630724907e-06 5.153646898270e+03
     4.248000000000e+05-8.195638656616e-08 2.968683912870e+00 1.303851604462e-07
     9.553082190276e-01 2.334375000000e+02 1.001542886190e+00-8.347133405897e-09
    -3.357282701443e-11 1.000000000000e+00 2.434000000000e+03 0.000000000000e+00
     2.000000000000e+00 0.000000000000e+00-1.350417733192e-08 5.100000000000e+01
     4.176180000000e+05 4.000000000000e+00                                      
G31 2026 09 03 21 59 44-1.232358627021e-04 2.842170943040e-12 0.000000000000e+00
     1.800000000000e+01-1.662500000000e+01 5.088069081357e-09 8.803711225567e-01
    -6.631016731262e-07 1.104700856376e-02 7.612630724907e-06 5.153646896362e+03
     4.247840000000e+05-8.195638656616e-08 2.968684032829e+00 1.303851604462e-07
     9.553082175646e-01 2.334375000000e+02 1.001542997372e+00-8.347133405897e-09
    -3.357282701443e-11 1.000000000000e+00 2.434000000000e+03 0.000000000000e+00
     2.000000000000e+00 0.000000000000e+00-1.350417733192e-08 1.800000000000e+01
     4.182960000000e+05 4.000000000000e+00                                      
G31 2026 09 03 23 59 44-1.232153736055e-04 2.842170943040e-12 0.000000000000e+00
     2.200000000000e+01-2.312500000000e+01 4.956277877439e-09 1.930492073178e+00
    -1.303851604462e-06 1.104728132486e-02 7.614493370056e-06 5.153648630142e+03
     4.319840000000e+05-2.160668373108e-07 2.968623492890e+00-2.477318048477e-07
     9.553098311633e-01 2.323750000000e+02 1.001623153579e+00-8.031048811133e-09
     1.653640309328e-10 1.000000000000e+00 2.434000000000e+03 0.000000000000e+00
     2.000000000000e+00 0.000000000000e+00-1.350417733192e-08 2.200000000000e+01
     4.248180000000e+05 4.000000000000e+00                                      
G32 2026 09 03 00 00 00 2.487846650183e-04 1.887201506179e-11 0.000000000000e+00
     6.700000000000e+01-2.471875000000e+01 4.459471469172e-09 1.389552401121e-01
    -1.389533281326e-06 9.511708864011e-03 7.532536983490e-06 5.153589612961e+03
     3.456000000000e+05-9.499490261078e-08 1.889369188496e+00 9.872019290924e-08
     9.697233251660e-01 2.422500000000e+02-1.974563008429e+00-8.083550998060e-09
     4.496615873529e-10 1.000000000000e+00 2.434000000000e+03 0.000000000000e+00
     2.000000000000e+00 0.000000000000e+00 9.313225746155e-10 6.700000000000e+01
     3.384180000000e+05 4.000000000000e+00                                      
G32 2026 09 03 02 00 00 2.489201724529e-04 1.887201506179e-11 0.000000000000e+00
     9.000000000000e+01-2.853125000000e+01 4.340895101419e-09 1.189114457744e+00
    -1.469627022743e-06 9.512608987279e-03 7.651746273041e-06 5.153591764450e+03
     3.528000000000e+05-1.825392246246e-07 1.889310932172e+00 3.911554813385e-08
     9.697265523633e-01 2.351875000000e+02-1.974491386886e+00-8.048549540109e-09
     4.639478967207e-10 1.000000000000e+00 2.434000000000e+03 0.000000000000e+00
     2.000000000000e+00 0.000000000000e+00 9.313225746155e-10 9.000000000000e+01
     3.456180000000e+05 4.000000000000e+00                                      
G32 2026 09 03 01 59 44 2.489201724529e-04 1.887201506179e-11 0.000000000000e+00
     1.000000000000e+00-2.853125000000e+01 4.340895101419e-09 1.186780725975e+00
    -1.469627022743e-06 9.512615622953e-03 7.651746273041e-06 5.153591772079e+03
     3.527840000000e+05-1.825392246246e-07 1.889311049206e+00 3.911554813385e-08
     9.697265465116e-01 2.351875000000e+02-1.974491559510e+00-8.048549540109e-09
     4.639478967207e-10 1.000000000000e+00 2.434000000000e+03 0.000000000000e+00
     2.000000000000e+00 0.000000000000e+00 9.313225746155e-10 1.000000000000e+00
     3.513480000000e+05 4.000000000000e+00                                      
G32 2026 09 03 03 59 44 2.490556798875e-04 1.887201506179e-11 0.000000000000e+00
     8.000000000000e+00-2.365625000000e+01 4.219818629527e-09 2.237156489130e+00
    -1.208856701851e-06 9.512830758467e-03 8.059665560722e-06 5.153589134216e+03
     3.599840000000e+05 5.401670932770e-08 1.889253676485e+00-1.601874828339e-07
     9.697314721568e-01 2.263437500000e+02-1.974636999900e+00-7.748894201118e-09
     5.253790270024e-10 1.000000000000e+00 2.434000000000e+03 0.000000000000e+00
     2.000000000000e+00 0.000000000000e+00 9.313225746155e-10 8.000000000000e+00
     3.528180000000e+05 4.000000000000e+00                                      
G32 2026 09 03 06 00 00 2.491916529834e-04 1.887201506179e-11 0.000000000000e+00
     9.000000000000e+00-1.981250000000e+01 4.162316234321e-09-2.993489538032e+00
    -9.424984455109e-07 9.512368938886e-03 8.059665560722e-06 5.153590080261e+03
     3.672000000000e+05-1.862645149231e-09 1.889198743911e+00-2.793967723846e-08
     9.697353679076e-01 2.270000000000e+02-1.974612911491e+00-7.642818354062e-09
     4.564475843026e-10 1.000000000000e+00 2.434000000000e+03 0.000000000000e+00
     2.000000000000e+00 0.000000000000e+00 9.313225746155e-10 9.000000000000e+00
     3.600180000000e+05 4.000000000000e+00                                      
G32 2026 09 03 08 00 00 2.493271604180e-04 1.887201506179e-11 0.000000000000e+00
     1.100000000000e+01-2.165625000000e+01 4.270535027783e-09-1.943255360477e+00
    -1.134350895882e-06 9.512638091110e-03 8.126720786095e-06 5.153589750290e+03
     3.744000000000e+05 2.086162567139e-07 1.889144431614e+00-1.043081283569e-07
     9.697380026231e-01 2.298437500000e+02-1.974617446537e+00-7.723178844256e-09
     2.964409193827e-10 1.000000000000e+00 2.434000000000e+03 0.000000000000e+00
     2.000000000000e+00 0.000000000000e+00 9.313225746155e-10 1.100000000000e+01
     3.672180000000e+05 4.000000000000e+00                                      
G32 2026 09 03 10 00 00 2.494626678526e-04 1.887201506179e-11 0.000000000000e+00
     3.500000000000e+01-3.003125000000e+01 4.408755070916e-09-8.928506110632e-01
    -1.564621925354e-06 9.512677905150e-03 7.675960659981e-06 5.153592872620e+03
     3.816000000000e+05-7.450580596924e-09 1.889088240931e+00 1.676380634308e-07
     9.697383654268e-01 2.385937500000e+02-1.974792824082e+00-8.053906906122e-09
     2.160804291886e-10 1.000000000000e+00 2.434000000000e+03 0.000000000000e+00
     2.000000000000e+00 0.000000000000e+00 9.313225746155e-10 3.500000000000e+01
     3.744180000000e+05 4.000000000000e+00                                      
G32 2026 09 03 12 00 00 2.495981752872e-04 1.887201506179e-11 0.000000000000e+00
     3.700000000000e+01-3.853125000000e+01 4.491615665250e-09 1.573282023568e-01
    -1.920387148857e-06 9.511582436971e-03 7.728114724159e-06 5.153590579987e+03
     3.888000000000e+05-3.725290298462e-08 1.889029813446e+00 8.195638656616e-08
     9.697398458999e-01 2.378125000000e+02-1.974740897805e+00-8.103908988909e-09
     2.307238962907e-10 1.000000000000e+00 2.434000000000e+03 0.000000000000e+00
     2.000000000000e+00 0.000000000000e+00 9.313225746155e-10 3.700000000000e+01
     3.816180000000e+05 4.000000000000e+00                                      
G32 2026 09 03 14 00 00 2.497336827219e-04 1.887201506179e-11 0.000000000000e+00
     6.200000000000e+01-4.584375000000e+01 4.423398538018e-09 1.207438270331e+00
    -2.352520823479e-06 9.512899094261e-03 8.324161171913e-06 5.153593904495e+03
     3.960000000000e+05-2.216547727585e-07 1.888970988047e+00 8.195638656616e-08
     9.697419437244e-01 2.278437500000e+02-1.974620227544e+00-8.028548706994e-09
     3.428714248282e-10 1.000000000000e+00 2.434000000000e+03 0.000000000000e+00
     2.000000000000e+00 0.000000000000e+00 9.313225746155e-10 6.200000000000e+01
     3.888180000000e+05 4.000000000000e+00                                      
G32 2026 09 03 16 00 00 2.498691901565e-04 1.887201506179e-11 0.000000000000e+00
     6.400000000000e+01-4.265625000000e+01 4.363396038674e-09 2.257819670109e+00
    -2.292916178703e-06 9.513272321783e-03 8.575618267059e-06 5.153591114044e+03
     4.032000000000e+05 5.587935447693e-09 1.888913825986e+00-1.545995473862e-07
     9.697460984118e-01 2.174375000000e+02-1.974771907279e+00-7.716392847306e-09
     4.143029716675e-10 1.000000000000e+00 2.434000000000e+03 0.000000000000e+00
     2.000000000000e+00 0.000000000000e+00 9.313225746155e-10 6.400000000000e+01
     3.960180000000e+05 4.000000000000e+00                                      
G32 2026 09 03 18 00 00 2.500046975911e-04 1.887201506179e-11 0.000000000000e+00
     6.800000000000e+01-3.678125000000e+01 4.363396038674e-09-2.975161995005e+00
    -1.907348632812e-06 9.512509219348e-03 8.570030331612e-06 5.153592599869e+03
     4.104000000000e+05 9.685754776001e-08 1.888858198526e+00-1.061707735062e-07
     9.697491251893e-01 2.166250000000e+02-1.974745620104e+00-7.720321582383e-09
     4.496615873529e-10 1.000000000000e+00 2.434000000000e+03 0.000000000000e+00
     2.000000000000e+00 0.000000000000e+00 9.313225746155e-10 6.800000000000e+01
     4.032180000000e+05 4.000000000000e+00                                      
G32 2026 09 03 20 00 00 2.501402050257e-04 1.887201506179e-11 0.000000000000e+00
     6.900000000000e+01-3.650000000000e+01 4.373396455231e-09-1.924953583826e+00
    -1.834705471992e-06 9.512955672108e-03 8.318573236465e-06 5.153591724396e+03
     4.176000000000e+05 1.545995473862e-07 1.888802535956e+00-1.676380634308e-08
     9.697525147704e-01 2.206250000000e+02-1.974724195669e+00-7.745679781510e-09
     4.664480008601e-10 1.000000000000e+00 2.434000000000e+03 0.000000000000e+00
     2.000000000000e+00 0.000000000000e+00 9.313225746155e-10 6.900000000000e+01
     4.104180000000e+05 4.000000000000e+00                                      
G32 2026 09 03 22 00 00 2.502757124603e-04 1.875832822407e-11 0.000000000000e+00
     7.100000000000e+01-4.393750000000e+01 4.368039089218e-09-8.745336507854e-01
    -2.076849341393e-06 9.513152646832e-03 8.089467883110e-06 5.153595174789e+03
     4.248000000000e+05-2.421438694000e-08 1.888746313088e+00 1.657754182816e-07
     9.697546067433e-01 2.314375000000e+02-1.974915565835e+00-7.986761252093e-09
     4.150172871358e-10 1.000000000000e+00 2.434000000000e+03 0.000000000000e+00
     2.000000000000e+00 0.000000000000e+00 9.313225746155e-10 7.100000000000e+01
     4.176180000000e+05 4.000000000000e+00                                      
