#dP2026  9  5  0  0  0.00000000     289 d+D   IGc20 FIT AIUB
## 2434 518400.00000000   300.00000000 61288 0.0000000000000
%c M  cc GPS ccc cccc cccc cccc cccc ccccc ccccc ccccc ccccc
%c cc cc ccc ccc cccc cccc cccc cccc ccccc ccccc ccccc ccccc
/* Center for Orbit Determination in Europe (CODE)                              
/* Final GNSS orbits and clocks for year-day 2026-2480                          
/* Middle day of a 3-day long-arc GRE solution                                  
/* Product reference - DOI 10.48620/97773                                       
/* PCV:IGS20_2425 OL/AL:FES2014b NONE     YN ORB:CoN CLK:CoN                    
*  2026  9  5  0  0  0.00000000
PG04   -692.120399 -24406.953960  10252.002723     64.724986
PG05  -3754.483096  15353.634215  21168.046950   -236.533991
PG06 -25955.847355   4873.559326  -3467.282806   -532.221978
PG07 -15853.065194  -9773.127119  19707.241666   -221.762200
PG09  -9130.163879 -17257.090712  17858.740305    685.920463
PG11 -22234.066695  11858.764740   8315.660110   -220.097471
PG13   5312.997871  19991.205702 -16718.299367    438.043085
PG14 -22151.674706 -11028.753005  -9962.104899    749.979474
PG15   -964.562778  26535.925591   -422.288820    442.118169
PG17 -14610.590009  -3968.247507 -21460.175913   -197.223724
PG18  17343.189968   8221.266927  18550.052416   -263.876576
PG19 -16706.069727   7825.087837 -18926.057243    704.952935
PG20 -10772.211685  22718.502562   8637.277940    278.128053
PG21 -14601.390933   6393.123913  21255.138966    369.598949
PG22 -20045.838792  -5278.500830 -16109.182196     73.920804
PG24  -5305.121372  17895.414473 -19342.864933    193.045920
PG25  16461.279692  20254.761178  -6047.781677    391.613257
PG26  19285.941718  -2420.639704  18018.540873   -391.766253
PG28  25492.008840  -3892.437805  -6411.131675   -423.093200
PG29   6631.471160  19189.331674  17004.753157   -249.188309
PG30 -24474.725149   -424.605919  10821.758304    353.150195
PG31  24736.584000  -9435.770615   3273.332237   -122.964326
*  2026  9  5  0  5  0.00000000
PG04   -531.603802 -24752.158030   9390.266700     64.725083
PG05  -4397.878109  14842.503527  21405.965551   -236.534281
PG06 -25826.073990   4776.967432  -4417.498657   -532.218726
PG07 -15181.880215 -10021.707174  20109.028560   -221.763188
PG09  -8957.166150 -17913.084358  17292.427858    685.917751
PG11 -22542.410684  11861.476564   7424.824428   -220.093870
PG13   4784.494807  19618.390162 -17312.311641    438.044558
PG14 -22362.165607 -11340.329098  -9125.555735    749.979402
PG15  -1063.988029  26510.423689    519.931259    442.119069
PG17 -14382.751053  -4780.864160 -21440.292116   -197.225142
PG18  16674.507548   8457.040346  19043.480047   -263.873899
PG19 -16529.805581   7110.912368 -19374.981569    704.953230
PG20 -10781.229612  22367.494961   9504.132275    278.130787
PG21 -15173.854612   5827.704324  21016.499192    369.596544
PG22 -20417.505040  -5783.010773 -15459.372984     73.923549
PG24  -5963.826221  18135.643880 -18898.868373    193.051134
PG25  16229.276746  20166.314707  -6942.034315    391.612194
PG26  19809.355425  -1965.725141  17518.383073   -391.766620
PG28  25271.132410  -3732.211215  -7315.846637   -423.090011
PG29   6395.844467  19787.308165  16394.826387   -249.186247
PG30 -24106.424204   -637.394532  11616.557149    353.153893
PG31  24872.341645  -9389.799702   2337.924914   -122.963709
*  2026  9  5  0 10  0.00000000
PG04   -384.780173 -25068.099990   8510.384184     64.725160
PG05  -5057.041206  14338.099064  21602.237375   -236.534062
PG06 -25664.126899   4667.206610  -5359.324655   -532.215456
PG07 -14501.883324 -10286.617514  20474.638790   -221.764241
PG09  -8799.404529 -18550.202786  16692.632042    685.915112
PG11 -22818.220101  11859.863260   6519.727659   -220.090276
PG13   4232.751205  19241.202348 -17873.322911    438.046060
PG14 -22554.216888 -11627.107684  -8271.771822    749.979314
PG15  -1163.735864  26451.069110   1461.152778    442.120003
PG17 -14168.910954  -5595.959697 -21377.925710   -197.226611
PG18  15993.040273   8710.442224  19500.968950   -263.871227
PG19 -16361.026872   6378.793754 -19786.315918    704.953184
PG20 -10790.877161  21984.901589  10352.843817    278.133543
PG21 -15748.936914   5279.036925  20737.666417    369.594151
PG22 -20780.007385  -6262.762249 -14778.920756     73.926163
PG24  -6603.759466  18379.408529 -18419.901753    193.056304
PG25  15970.545658  20060.670616  -7823.348467    391.611132
PG26  20323.612978  -1530.673257  16984.523270   -391.767001
PG28  25021.380002  -3556.336912  -8206.572204   -423.086802
PG29   6176.678991  20366.480538  15753.228537   -249.183784
PG30 -23714.220495   -865.935399  12389.625157    353.157583
PG31  24975.244862  -9335.821747   1398.104371   -122.962915
*  2026  9  5  0 15  0.00000000
PG04   -250.559256 -25353.729660   7614.050239     64.725262
PG05  -5730.679547  13841.819947  21756.476714   -236.534050
PG06 -25470.822543   4543.039645  -6290.968569   -532.212190
PG07 -13814.689087 -10567.860009  20803.417396   -221.765250
PG09  -8656.249915 -19166.867368  16060.516967    685.912487
PG11 -23061.303549  11852.491844   5602.104210   -220.086672
PG13   3658.399284  18861.192693 -18400.271935    438.047555
PG14 -22726.514214 -11889.536444  -7402.377300    749.979251
PG15  -1265.138540  26357.876285   2399.562341    442.121000
PG17 -13969.439539  -6411.680813 -21273.170922   -197.228073
PG18  15300.505581   8981.628072  19921.634646   -263.868542
PG19 -16200.780623   5630.170656 -20159.318658    704.953194
PG20 -10802.513539  21571.335665  11181.796462    278.136269
PG21 -16325.063935   4747.989507  20419.177520    369.591777
PG22 -21131.722929  -6717.473982 -14069.182608     73.928783
PG24  -7223.891948  18625.463806 -17906.784945    193.061491
PG25  15684.749053  19939.186240  -8690.094787    391.610104
PG26  20827.155257  -1115.682353  16418.036651   -391.767375
PG28  24743.814812  -3363.826527  -9081.604705   -423.083582
PG29   5973.432836  20925.287545  15081.190454   -249.181984
PG30 -23299.378797  -1110.929176  13139.523523    353.161286
PG31  25045.588328  -9272.504028    455.647826   -122.961981
*  2026  9  5  0 20  0.00000000
PG04   -127.788744 -25608.090573   6702.993111     64.725385
PG05  -6417.419443  13354.996031  21868.380871   -236.534086
PG06 -25247.074370   4403.287681  -7210.656106   -532.208912
PG07 -13121.916581 -10865.342130  21094.771520   -221.766066
PG09  -8526.984467 -19761.559759  15397.309782    685.909872
PG11 -23271.579500  11837.931840   4673.713773   -220.083064
PG13   3062.170215  18479.885141 -18892.162553    438.049038
PG14 -22877.791986 -12128.153959  -6519.022957    749.979182
PG15  -1369.522064  26230.967497   3333.343842    442.121945
PG17 -13784.606006  -7226.157901 -21126.209109   -197.229447
PG18  14598.641793   9270.651694  20304.660216   -263.865885
PG19 -16050.036693   4866.545919 -20493.325364    704.953265
PG20 -10817.465923  21127.512928  11989.412358    278.138998
PG21 -16900.624491   4235.334692  20061.644997    369.589399
PG22 -21471.038322  -7146.974569 -13331.574771     73.931422
PG24  -7823.271877  18872.514537 -17360.402503    193.066669
PG25  15371.644617  19803.251142  -9540.673148    391.609054
PG26  21318.435075   -720.851426  15820.058034   -391.767757
PG28  24439.581530  -3153.763857  -9939.270361   -423.080388
PG29   5785.474293  21462.223323  14380.003039   -249.179601
PG30 -22863.221909  -1372.997200  13864.856595    353.164988
PG31  25083.769168  -9198.541268   -487.667090   -122.961154
*  2026  9  5  0 25  0.00000000
PG04    -15.260107 -25830.324072   5778.970817     64.725483
PG05  -7115.811645  12878.882443  21937.730795   -236.534441
PG06 -24993.888938   4246.836100  -8116.634240   -532.205644
PG07 -12425.183546 -11178.876827  21348.171283   -221.766737
PG09  -8410.805408 -20332.827974  14704.298197    685.907231
PG11 -23449.076251  11814.762177   3736.337930   -220.079443
PG13   2444.891777  18098.770697 -19348.065492    438.050513
PG14 -23006.838862 -12343.586539  -5623.383169    749.979103
PG15  -1478.199537  26070.572955   4260.682057    442.122864
PG17 -13614.577877  -8037.512640 -20937.308570   -197.230899
PG18  13889.201359   9577.464251  20649.297938   -263.863240
PG19 -15909.683647   4089.480671 -20787.749697    704.953207
PG20 -10837.023129  20654.249038  12774.154856    278.141780
PG21 -17473.976634   3741.747356  19665.755762    369.587015
PG22 -21796.357074  -7551.202279 -12567.569446     73.933914
PG24  -8401.028284  19119.220233 -16781.702687    193.071862
PG25  15031.086619  19654.280901 -10373.515271    391.607997
PG26  21795.923533   -346.180848  15191.779323   -391.768161
PG28  24109.901436  -2925.309641 -10777.928479   -423.077174
PG29   5612.085272  21975.843543  13651.014745   -249.177265
PG30 -22407.125319  -1652.678164  14564.274253    353.168676
PG31  25090.284726  -9112.661802  -1430.065524   -122.960251
*  2026  9  5  0 30  0.00000000
PG04     88.285317 -26019.672995   4843.767680     64.725556
PG05  -7824.336971  12414.654464  21964.391536   -236.534608
PG06 -24712.361668   4072.640144  -9007.174515   -532.202360
PG07 -11726.100549 -11508.182770  21563.150597   -221.767947
PG09  -8306.829217 -20879.292172  13982.827879    685.904588
PG11 -23593.931421  11781.578063   2791.776711   -220.075830
PG13   1807.485601  17719.301136 -19767.120047    438.051991
PG14 -23112.503072 -12536.544683  -4717.152829    749.979034
PG15  -1592.464503  25877.030393   5179.766288    442.123598
PG17 -13459.420442  -8843.865648 -20706.824153   -197.232075
PG18  13173.944045   9901.913780  20954.870825   -263.860530
PG19 -15780.525027   3300.588199 -21042.084094    704.953122
PG20 -10862.429455  20152.456557  13534.531377    278.144511
PG21 -18043.454316   3267.802475  19232.269823    369.584631
PG22 -22106.106806  -7930.204342 -11778.691497     73.936815
PG24  -8956.374172  19364.200574 -16171.696372    193.077036
PG25  14663.027052  19493.710845 -11187.087270    391.606940
PG26  22258.116279      8.426525  14534.446884   -391.768539
PG28  23756.067193  -2677.706007 -11595.974587   -423.073978
PG29   5452.465142  22464.771328  12895.628950   -249.175257
PG30 -21932.511676  -1950.425141  15236.474203    353.172358
PG31  25065.729926  -9013.633591  -2369.778563   -122.959381
*  2026  9  5  0 35  0.00000000
PG04    184.150006 -26175.484940   3899.190786     64.725625
PG05  -8541.412256  11963.402795  21948.312521   -236.534464
PG06 -24403.672219   3879.730237  -9880.576307   -532.199119
PG07 -11026.265178 -11852.884952  21739.307909   -221.768928
PG09  -8214.096187 -21399.650142  13234.299733    685.901942
PG11 -23706.390979  11736.997807   1841.845103   -220.072232
PG13   1150.964018  17342.882902 -20148.535638    438.053455
PG14 -23193.697473 -12707.819223  -3802.044254    749.978961
PG15  -1713.584335  25650.784224   6088.794069    442.124700
PG17 -13319.096699  -9643.344161 -20435.196634   -197.233681
PG18  12454.630086  10243.745144  21220.774039   -263.857888
PG19 -15663.276035   2501.527625 -21255.900298    704.953285
PG20 -10894.878736  19623.141543  14269.096196    278.147215
PG21 -18607.374170   2813.973418  18762.018809    369.582215
PG22 -22398.746383  -8284.135738 -10966.515041     73.939483
PG24  -9488.609350  19606.041114 -15531.455842    193.082223
PG25  14267.516381  19322.989724 -11979.892147    391.605862
PG26  22703.539655    343.163831  13849.358839   -391.768941
PG28  23379.437350  -2410.280567 -12391.843492   -423.070773
PG29   5305.734932  22927.702884  12115.301215   -249.173036
PG30 -21440.845081  -2266.602963  15880.204198    353.176021
PG31  25010.794282  -8900.270055  -3305.046338   -122.958415
*  2026  9  5  0 40  0.00000000
PG04    273.673737 -26297.215083   2947.066396     64.725722
PG05  -9265.396599  11526.129208  21889.527646   -236.534545
PG06 -24069.079527   3667.217010 -10735.170046   -532.195854
PG07 -10327.256297 -12212.515657  21876.306896   -221.770005
PG09  -8131.575326 -21892.682460  12460.167066    685.899309
PG11 -23786.807824  11679.669553    888.369519   -220.068629
PG13    476.426517  16970.871229 -20491.593221    438.054935
PG14 -23249.404354 -12858.277138  -2879.784074    749.978901
PG15  -1842.793690  25392.384229   6985.974911    442.125651
PG17 -13193.467794 -10434.089702 -20122.951891   -197.235366
PG18  11733.013334  10602.600441  21446.476195   -263.855221
PG19 -15558.560634   1693.997420 -21428.849708    704.953425
PG20 -10935.508626  19067.399750  14976.453129    278.149935
PG21 -19164.042380   2380.630673  18255.904372    369.579837
PG22 -22672.772921  -8613.257491 -10132.659919     73.942096
PG24  -9997.122934  19843.299177 -14862.113458    193.087407
PG25  13844.703910  19143.573369 -12750.472202    391.604783
PG26  23130.756695    658.318263  13137.862297   -391.769339
PG28  22981.430582  -2122.450143 -13164.012275   -423.067575
PG29   5170.941900  23363.412830  11311.536425   -249.171230
PG30 -20933.625243  -2601.485959  16494.264179    353.179727
PG31  24926.258544  -8771.435697  -4234.121101   -122.957625
*  2026  9  5  0 45  0.00000000
PG04    358.226891 -26384.428547   1989.236309     64.725805
PG05  -9994.597878  11103.742617  21788.155185   -236.534809
PG06 -23709.916514   3434.295976 -11569.320397   -532.192591
PG07  -9630.628359 -12586.515785  21973.877086   -221.770930
PG09  -8058.169580 -22357.257280  11661.932652    685.896685
PG11 -23835.639906  11608.277905    -66.815759   -220.065009
PG13   -214.944166  16604.564489 -20795.646588    438.056412
PG14 -23278.679951 -12988.857073  -1952.110120    749.978830
PG15  -1981.288064  25102.483781   7869.534092    442.126514
PG17 -13082.293950 -11214.265696 -19770.699854   -197.236471
PG18  11010.834435  10978.019844  21631.520538   -263.852577
PG19 -15466.909085    879.728785 -21560.663576    704.953379
PG20 -10985.395136  18486.412471  15655.258132    278.152649
PG21 -19711.761608   1968.041030  17714.896453    369.577363
PG22 -22926.728616  -8917.934469  -9278.788077     73.944504
PG24 -10481.395507  20074.509940 -14164.860202    193.092591
PG25  13394.837749  18956.918345 -13497.411378    391.603707
PG26  23538.372958    954.268743  12401.350524   -391.769740
PG28  22563.519685  -1813.724114 -13911.003195   -423.064368
PG29   5047.064430  23770.759213  10485.885825   -249.168748
PG30 -20412.381500  -2955.256082  17077.508327    353.183406
PG31  24812.990982  -8626.051501  -5155.270244   -122.956613
*  2026  9  5  0 50  0.00000000
PG04    439.203628 -26436.802301   1027.554182     64.725911
PG05 -10727.279497  10697.055571  21644.397520   -236.535068
PG06 -23327.584489   3180.251863 -12381.429382   -532.189337
PG07  -8937.905821 -12974.236532  22031.814418   -221.771794
PG09  -7992.721360 -22792.334772  10841.145693    685.894019
PG11 -23853.447909  11521.550402  -1021.872164   -220.061392
PG13   -921.886307  16245.198816 -21060.123512    438.057888
PG14 -23280.658669 -13100.564581  -1020.768306    749.978721
PG15  -2130.217480  24781.837612   8737.716465    442.127421
PG17 -12985.235894 -11982.065007 -19379.133253   -197.237848
PG18  10289.814045  11369.442895  21775.525998   -263.849918
PG19 -15388.755917     60.478912 -21651.153030    704.953348
PG20 -11045.547456  17881.442021  16304.221792    278.155388
PG21 -20248.837959   1576.367215  17140.031416    369.574993
PG22 -23159.207369  -9198.632724  -8406.599861     73.947210
PG24 -10941.000918  20298.192669 -13440.944088    193.097775
PG25  12918.264402  18764.475634 -14219.337540    391.602644
PG26  23925.042166   1231.483207  11641.260052   -391.770127
PG28  22127.225363  -1483.707355 -14631.386519   -423.061143
PG29   4933.017256  24148.688157   9639.943952   -249.166596
PG30 -19878.666736  -3328.001406  17628.847033    353.187085
PG31  24671.943357  -8463.100087  -6066.779262   -122.955949
*  2026  9  5  0 55  0.00000000
PG04    518.014940 -26454.126584     63.881829     64.726023
PG05 -11461.667347  10306.781209  21458.540689   -236.534938
PG06 -22923.547277   2904.462567 -13169.939448   -532.186083
PG07  -8250.577664 -13374.941428  22049.981742   -221.773000
PG09  -7934.018337 -23196.971143   9999.398693    685.891404
PG11 -23840.892494  11418.263824  -1974.960439   -220.057819
PG13  -1643.063798  15893.943006 -21284.526767    438.059344
PG14 -23254.556988 -13194.467102    -87.509512    749.978637
PG15  -2290.680336  24431.299131   9588.790291    442.128514
PG17 -12901.856766 -12735.717343 -18949.026146   -197.239081
PG18   9571.646138  11776.210238  21878.188117   -263.847234
PG19 -15324.438347   -761.975814 -21700.208948    704.953578
PG20 -11116.903068  17253.826904  16922.111715    278.158108
PG21 -20773.587937   1205.667976  16532.410071    369.572609
PG22 -23368.861175  -9455.916360  -7517.830239     73.950119
PG24 -11375.607710  20512.857087 -12691.668453    193.102963
PG25  12415.427959  18567.684367 -14914.924668    391.601588
PG26  24289.471633   1490.515528  10859.067753   -391.770533
PG28  21674.109814  -1132.102768 -15323.783247   -423.057937
PG29   4827.656963  24496.238164   8775.345477   -249.164457
PG30 -19334.051228  -3719.715015  18147.248787    353.190787
PG31  24504.146580  -8281.630591  -6966.954673   -122.954980
*  2026  9  5  1  0  0.00000000
PG04    596.081632 -26436.305850   -899.914514     64.726111
PG05 -12195.956935   9933.530655  21230.953753   -236.534836
PG06 -22499.325082   2606.402707 -13933.336465   -532.182831
PG07  -7570.092038 -13787.808713  22028.309247   -221.773718
PG09  -7880.799480 -23570.322267   9138.324241    685.888764
PG11 -23798.731125  11297.250299  -2924.244253   -220.054195
PG13  -2377.071064  15551.893731 -21468.435011    438.060839
PG14 -23199.677036 -13271.688701    845.913531    749.978572
PG15  -2463.717445  24051.817287  10421.051072    442.129180
PG17 -12831.624509 -13473.496509 -18481.232247   -197.240531
PG18   8857.991412  12197.565786  21939.279848   -263.844560
PG19 -15274.195138  -1585.846672 -21707.801670    704.953452
PG20 -11200.323189  16604.976652  17507.754808    278.160851
PG21 -21284.345382    855.898620  15893.195561    369.570178
PG22 -23554.406246  -9690.443976  -6614.244959     73.952801
PG24 -11784.980181  20717.009852 -11918.390103    193.108124
PG25  11886.868920  18367.965631 -15582.894981    391.600530
PG26  24630.427456   1732.002087  10056.287857   -391.770919
PG28  21205.770169   -758.713391 -15986.867758   -423.054725
PG29   4729.787767  24812.544007   7893.761957   -249.162477
PG30 -18780.116429  -4130.294293  18631.741963    353.194479
PG31  24310.706072  -8080.763271  -7854.126870   -122.954111
*  2026  9  5  1  5  0.00000000
PG04    674.827255 -26383.359222  -1861.967925     64.726209
PG05 -12928.320662   9577.810903  20962.087988   -236.535131
PG06 -22056.488119   2285.646784 -14670.152662   -532.179602
PG07  -6897.851064 -14211.934061  21966.794824   -221.774802
PG09  -7831.761324 -23911.646880   8259.591727    685.886123
PG11 -23727.814482  11157.403170  -3867.893802   -220.050571
PG13  -3122.438274  15220.071069 -21611.503525    438.062311
PG14 -23115.409822 -13333.404599   1777.749341    749.978458
PG15  -2650.306311  23644.432996  11232.825384    442.130082
PG17 -12773.914712 -14193.727461 -17976.683055   -197.241706
PG18   8150.470836  12632.659317  21958.652208   -263.841900
PG19 -15238.165910  -2409.339480 -21673.980571    704.953645
PG20 -11296.588550  15936.366398  18060.039449    278.163562
PG21 -21779.468339    526.912002  15223.611143    369.567784
PG22 -23714.628840  -9902.964669  -5697.636659     73.955635
PG24 -12168.979037  20909.161119 -11122.517338    193.113317
PG25  11333.222627  18166.716369 -16222.020990    391.599461
PG26  24946.739450   1956.658005   9234.468955   -391.771325
PG28  20723.831790   -363.444069 -16619.370338   -423.051533
PG29   4638.167529  25096.840228   6996.898508   -249.159886
PG30 -18218.448724  -4559.540598  19081.416527    353.198146
PG31  24092.796863  -7859.693804  -8726.652916   -122.953012
*  2026  9  5  1 10  0.00000000
PG04    755.671023 -26295.420463  -2820.414550     64.726256
PG05 -13656.915208   9240.023172  20652.475903   -236.535110
PG06 -21596.650048   1941.871905 -15378.969481   -532.176351
PG07  -6235.205789 -14646.333631  21865.504360   -221.775900
PG09  -7785.564415 -24220.309334   7364.903980    685.883484
PG11 -23629.082480  10997.682620  -4804.089413   -220.046976
PG13  -3877.636828  14899.414393 -21713.464815    438.063803
PG14 -23001.238113 -13380.835500   2706.250776    749.978394
PG15  -2851.355647  23210.275147  12022.474694    442.130825
PG17 -12728.013921 -14894.793128 -17436.385785   -197.243515
PG18   7450.659350  13080.549494  21936.234814   -263.839246
PG19 -15216.390895  -3230.661450 -21598.873472    704.953546
PG20 -11406.395537  15249.531167  18577.917534    278.166280
PG21 -22257.345843    218.459960  14524.937851    369.565412
PG22 -23848.390771 -10094.313661  -4769.820941     73.958152
PG24 -12527.561670  21087.831159 -10305.507833    193.118502
PG25  10755.217335  17965.303401 -16831.127463    391.598390
PG26  25237.305817   2165.273065   8395.190957   -391.771721
PG28  20229.941463     53.697314 -17220.079615   -423.048308
PG29   4551.513986  25348.464213   6086.490402   -249.158233
PG30 -17650.633182  -5007.159341  19495.425642    353.201861
PG31  23851.658437  -7617.697274  -9582.919275   -122.952193
*  2026  9  5  1 15  0.00000000
PG04    840.020746 -26172.737453  -3773.397338     64.726348
PG05 -14379.888994   8920.461748  20302.730079   -236.535044
PG06 -21121.461218   1574.860073 -16058.420349   -532.173072
PG07  -5583.451334 -15089.947450  21724.571955   -221.776893
PG09  -7740.839925 -24495.781905   6455.993851    685.880840
PG11 -23503.559919  10817.121009  -5731.025133   -220.043411
PG13  -4641.085098  14590.778605 -21774.129077    438.065262
PG14 -22856.738945 -13415.241757   3629.678105    749.978300
PG15  -3067.700183  22750.556190  12788.399146    442.132070
PG17 -12693.123366 -15575.140977 -16861.421108   -197.244646
PG18   6760.079764  13540.207291  21872.036259   -263.836588
PG19 -15208.811136  -4048.028016 -21482.685930    704.953924
PG20 -11530.352700  14546.059933  19060.406416    278.168997
PG21 -22716.404595    -69.804817  13798.512055    369.562970
PG22 -23954.634565 -10265.407526  -3832.632413     73.961058
PG24 -12860.782017  21251.557008  -9468.866385    193.123708
PG25  10153.671920  17765.057590 -17409.093319    391.597303
PG26  25501.097518   2358.707344   7540.062036   -391.772122
PG28  19725.760522    492.599049 -17787.844877   -423.045118
PG29   4468.511162  25566.858823   5164.299602   -249.155922
PG30 -17078.247320  -5472.760468  19872.987181    353.205520
PG31  23588.589352  -7354.131824 -10421.344482   -122.951354
*  2026  9  5  1 20  0.00000000
PG04    929.265819 -26015.671183  -4719.069780     64.726442
PG05 -15095.389688   8619.313321  19913.541846   -236.534854
PG06 -20632.601775   1184.500034 -16707.193366   -532.169778
PG07  -4943.822241 -15541.643104  21544.200075   -221.777760
PG09  -7696.196392 -24737.646637   5534.620735    685.878208
PG11 -23352.351768  10614.827901  -6646.912294   -220.039817
PG13  -5411.154395  14294.930759 -21793.384514    438.066772
PG14 -22681.585752 -13437.917383   4546.302060    749.978247
PG15  -3300.095794  22266.567330  13529.041311    442.132800
PG17 -12668.363115 -16233.289278 -16252.940715   -197.246297
PG18   6080.196868  14010.519814  21766.144359   -263.833895
PG19 -15215.269120  -4859.669583 -21325.700374    704.953727
PG20 -11668.977658  13827.589466  19506.590710    278.171756
PG21 -23155.115479   -338.326485  13045.722910    369.560610
PG22 -24032.388260 -10417.239087  -2887.920720     73.963265
PG24 -13168.790023  21398.899124  -8614.142526    193.128895
PG25   9529.493229  17567.268167 -17954.853442    391.596267
PG26  25737.162342   2537.886559   6670.715560   -391.772458
PG28  19212.957921    953.045268 -18321.578278   -423.041920
PG29   4387.815941  25751.574589   4232.111240   -249.153865
PG30 -16502.854916  -5955.859327  20213.385140    353.209230
PG31  23304.941641  -7068.441963 -11240.381740   -122.950452
*  2026  9  5  1 25  0.00000000
PG04   1024.770286 -25824.694257  -5655.599614     64.726530
PG05 -15801.571717   8336.656811  19485.679793   -236.535027
PG06 -20131.774636    770.788656 -17324.033896   -532.166531
PG07  -4317.488035 -16000.219736  21324.659621   -221.778984
PG09  -7650.226564 -24945.596723   4602.567057    685.875548
PG11 -23176.638113  10389.994775  -7549.983048   -220.036219
PG13  -6186.175140  14012.547072 -21771.197521    438.068257
PG14 -22475.550126 -13450.183951   5454.406858    749.978149
PG15  -3549.214957  21759.673345  14242.889879    442.133757
PG17 -12652.776619 -16867.833043 -15612.164702   -197.247862
PG18   5412.411774  14490.294514  21618.726252   -263.831222
PG19 -15235.509851  -5663.838185 -21128.275126    704.953926
PG20 -11822.694408  13095.797977  19915.623985    278.174504
PG21 -23571.999917   -587.643328  12268.009718    369.558221
PG22 -24080.769805 -10550.871975  -1937.546568     73.965806
PG24 -13451.830691  21528.448006  -7742.927998    193.134085
PG25   8883.673092  17373.177245 -18467.400409    391.595132
PG26  25944.628653   2703.797169   5788.807005   -391.772832
PG28  18693.203294   1434.716061 -18820.256924   -423.038695
PG29   4308.064762  25902.271439   3291.730044   -249.151668
PG30 -15925.999881  -6455.877944  20515.970956    353.212920
PG31  23002.115034  -6760.161523 -12038.521448   -122.949673
*  2026  9  5  1 30  0.00000000
PG04   1127.866022 -25600.388935  -6581.172509     64.726599
PG05 -16496.603758   8072.463693  19019.988111   -236.534985
PG06 -19620.698383    333.831858 -17907.747065   -532.163265
PG07  -3705.549026 -16464.412342  21066.289916   -221.779838
PG09  -7601.514306 -25119.437406   3661.634713    685.872900
PG11 -22977.668801  10141.899371  -8438.493863   -220.032615
PG13  -6964.443208  13744.210332 -21707.612724    438.069730
PG14 -22238.503169 -13453.384382   6352.293201    749.978056
PG15  -3815.642582  21231.307050  14928.483294    442.134491
PG17 -12645.335620 -17477.449615 -14940.378793   -197.249401
PG18   4758.056538  14978.263761  21430.028347   -263.828581
PG19 -15269.182340  -6458.814029 -20890.843284    704.953884
PG20 -11991.831035  12352.398611  20286.730317    278.177226
PG21 -23965.636021   -818.384627  11466.859180    369.555813
PG22 -24098.991058 -10667.434899   -983.377757     73.968484
PG24 -13710.242721  21638.830776  -6856.854094    193.139289
PG25   8217.284994  17183.974535 -18945.786142    391.594079
PG26  26122.708810   2857.481245   4896.010871   -391.773230
PG28  18168.160028   1937.188046 -19282.924833   -423.035489
PG29   4227.880412  26018.719963   2344.976720   -249.149446
PG30 -15349.200230  -6972.146674  20780.164715    353.216602
PG31  22681.551029  -6428.916243 -12814.293663   -122.949037
*  2026  9  5  1 35  0.00000000
PG04   1239.846059 -25343.444689  -7493.995703     64.726679
PG05 -17178.676169   7826.598803  18517.384791   -236.535324
PG06 -19101.100085   -126.154947 -18457.200147   -532.160021
PG07  -3109.032364 -16932.896344  20769.498622   -221.780915
PG09  -7548.641553 -25259.086413   2713.641478    685.870236
PG11 -22756.757777   9869.909681  -9310.728979   -220.028979
PG13  -7744.226431  13490.407727 -21602.752874    438.071223
PG14 -21970.416463 -13448.876679   7238.281235    749.977976
PG15  -4099.872236  20682.963423  15584.413300    442.135480
PG17 -12644.945417 -18060.903870 -14238.931402   -197.250459
PG18   4118.389060  15473.089767  21200.376129   -263.825890
PG19 -15315.841507  -7242.911875 -20613.911488    704.953832
PG20 -12176.617863  11599.132799  20619.205718    278.179958
PG21 -24334.664519  -1031.267139  10643.802576    369.553427
PG22 -24086.361357 -10768.115648    -27.285232     73.971110
PG24 -13944.456738  21728.717656  -5957.588861    193.144492
PG25   7531.480436  17000.792292 -19389.123473    391.593049
PG26  26270.702236   3000.031129   3994.017592   -391.773622
PG28  17639.478378   2459.935394 -19708.694778   -423.032278
PG29   4145.878881  26100.802208   1393.684310   -249.147433
PG30 -14773.942161  -7503.906255  21005.456266    353.220305
PG31  22344.726814  -6074.425990 -13566.270487   -122.948135
*  2026  9  5  1 40  0.00000000
PG04   1361.958087 -25054.655318  -8392.301605     64.726761
PG05 -17846.008328   7598.821638  17978.859657   -236.535362
PG06 -18574.708104   -608.846875 -18971.324850   -532.156761
PG07  -2528.888356 -17404.292431  20434.761558   -221.781781
PG09  -7490.195259 -25364.573906   1760.417407    685.867591
PG11 -22515.277170   9573.487539 -10165.003806   -220.025374
PG13  -8523.771222  13251.529090 -21456.818613    438.072713
PG14 -21671.362637 -13438.027600   8110.713479    749.977943
PG15  -4402.302779  20116.193431  16209.328404    442.136276
PG17 -12650.450439 -18617.053023 -13509.230554   -197.251853
PG18   3494.588298  15973.369846  20930.173808   -263.823215
PG19 -15374.950495  -8014.487263 -20298.058578    704.953814
PG20 -12377.186023  10837.763502  20912.419434    278.182687
PG21 -24677.794430  -1227.091203   9800.412845    369.551030
PG22 -24042.290653 -10854.154857    928.860838     73.973892
PG24 -14154.993116  21796.828351  -5046.834180    193.149763
PG25   6827.484982  16824.700500 -19796.587630    391.592010
PG26  26387.998133   3132.583911   3084.530455   -391.774010
PG28  17108.788655   3002.331291 -20096.749986   -423.029034
PG29   4060.676251  26148.511998    439.694518   -249.145237
PG30 -14201.674271  -8050.310224  21191.406219    353.224013
PG31  21993.149077  -5696.506587 -14293.068377   -122.947409
*  2026  9  5  1 45  0.00000000
PG04   1495.398157 -24734.915615  -9274.351334     64.726846
PG05 -18496.855847   7388.788130  17405.472266   -236.535443
PG06 -18043.244883  -1113.810068 -19449.119478   -532.153494
PG07  -1965.987076 -17877.171658  20062.622436   -221.782631
PG09  -7424.774331 -25436.041959    803.801204    685.864956
PG11 -22254.651127   9252.191811 -10999.668266   -220.021763
PG13  -9301.309292  13027.865581 -21270.088085    438.074194
PG14 -21341.515532 -13422.206314   8967.957712    749.977856
PG15  -4723.235431  19532.597576  16801.937232    442.137624
PG17 -12660.640113 -19144.850995 -12752.740664   -197.253302
PG18   2887.749816  16477.641980  20619.903824   -263.820629
PG19 -15445.883364  -8771.942532 -19943.934128    704.954211
PG20 -12593.566466  10070.068377  21165.815100    278.185431
PG21 -24993.808462  -1406.736470   8938.301606    369.548633
PG22 -23966.292193 -10926.839569   1883.194943     73.976344
PG24 -14342.459393  21841.938272  -4126.322704    193.154970
PG25   6106.594020  16656.702326 -20167.417627    391.590954
PG26  26474.077843   3256.315749   2169.262526   -391.774415
PG28  16577.694518   3563.649851 -20446.345716   -423.025819
PG29   3970.895589  26161.954772   -515.145982   -249.143113
PG30 -13633.801934  -8610.427711  21337.646845    353.227708
PG31  21628.347732  -5295.071261 -14993.350380   -122.946572
*  2026  9  5  1 50  0.00000000
PG04   1641.304625 -24385.217600 -10138.438198     64.726940
PG05 -19129.517632   7196.052885  16798.349653   -236.535494
PG06 -17508.419782  -1640.502670 -19889.650980   -532.150222
PG07  -1421.115262 -18350.060773  19653.692508   -221.783791
PG09  -7350.996500 -25473.743572   -154.363405    685.862319
PG11 -21976.349446   8905.681172 -11813.110062   -220.018131
PG13 -10075.064445  12819.608793 -21042.916418    438.075687
PG14 -20981.149968 -13402.778064   9808.409816    749.977772
PG15  -5062.871303  18933.819185  17361.011763    442.138233
PG17 -12674.254993 -19643.352342 -11970.979193   -197.254465
PG18   2298.881688  16984.390672  20270.126189   -263.817941
PG19 -15527.928165  -9513.732623 -19552.256888    704.954049
PG20 -12825.689415   9297.832890  21378.911770    278.188125
PG21 -25281.568118  -1571.157310   8059.116084    369.546265
PG22 -23857.984744 -10987.496620   2833.860066     73.978959
PG24 -14507.547294  21862.884591  -3197.814682    193.160167
PG25   5370.168238  16497.729844 -20500.917580    391.589909
PG26  26528.516822   3372.436041   1249.933593   -391.774824
PG28  16047.766393   4143.068453 -20756.810692   -423.022568
PG29   3875.173811  26141.346960  -1468.989238   -249.140906
PG30 -13071.681869  -9183.246594  21443.882855    353.231407
PG31  21251.869569  -4870.131692 -15665.828297   -122.945753
*  2026  9  5  1 55  0.00000000
PG04   1800.752350 -24006.646351 -10982.891105     64.727014
PG05 -19742.342752   7020.071889  16158.683955   -236.535316
PG06 -16971.921969  -2188.276279 -20292.056874   -532.146967
PG07   -894.973540 -18821.447776  19208.650108   -221.784761
PG09  -7267.505111 -25478.041203  -1112.231296    685.859680
PG11 -21681.881015   8533.716436 -12603.757880   -220.014539
PG13 -10843.259405  12626.850303 -20775.735066    438.077170
PG14 -20590.641108 -13381.097857  10630.496569    749.977677
PG15  -5421.309389  18321.537489  17885.390447    442.139200
PG17 -12689.993113 -20111.715713 -11165.513188   -197.255726
PG18   1728.900767  17492.053072  19881.477685   -263.815276
PG19 -15620.290371 -10238.370647 -19123.813116    704.954295
PG20 -13073.384260   8522.843406  21551.304801    278.190830
PG21 -25540.018471  -1721.377881   7164.535992    369.543882
PG22 -23717.094348 -11037.485890   3779.011464     73.981719
PG24 -14651.029362  21858.572094  -2263.094652    193.165365
PG25   4619.628848  16348.640069 -20796.457924    391.588838
PG26  26550.986260   3482.181502    328.267125   -391.775245
PG28  15520.535057   4739.670512 -21027.548403   -423.019344
PG29   3772.168478  26087.014873  -2419.989717   -249.138893
PG30 -12516.616897  -9767.676996  21509.892080    353.235104
PG31  20865.271874  -4421.798676 -16309.264758   -122.944986
*  2026  9  5  2  0  0.00000000
PG04   1974.747184 -23600.375439 -11806.077890     64.727097
PG05 -20333.737096   6860.205647  15487.729895   -236.535583
PG06 -16435.413398  -2756.377856 -20655.547040   -532.143722
PG07   -388.173955 -19289.787676  18728.240106   -221.785855
PG09  -7172.975791 -25449.404858  -2067.959566    685.857025
PG11 -21372.787098   8136.162456 -13370.084503   -220.010959
PG13 -11604.122663  12449.581664 -20469.051006    438.078666
PG14 -20170.463428 -13358.504208  11432.678398    749.977572
PG15  -5798.545050  17697.460512  18373.981158    442.140016
PG17 -12706.516541 -20549.206832 -10337.955716   -197.257468
PG18   1178.629356  17999.025330  19454.670897   -263.812624
PG19 -15722.096653 -10944.433189 -18659.454819    704.954187
PG20 -13336.379897   7746.880288  21682.666599    278.193547
PG21 -25768.192612  -1858.486905   6256.270332    369.541460
PG22 -23543.455611 -11078.193438   4716.820372     73.984294
PG24 -14773.755210  21827.978790  -1323.968026    193.170566
PG25   3856.452565  16210.211290 -21053.476548    391.587771
PG26  26541.254303   3586.810135   -594.012752   -391.775664
PG28  14997.485399   5352.448651 -21258.038256   -423.016154
PG29   3660.564513  25999.393136  -3366.307997   -249.136548
PG30 -11969.850938 -10362.555128  21535.526025    353.238789
PG31  20470.116020  -3950.282378 -16922.475227   -122.944091
*  2026  9  5  2  5  0.00000000
PG04   2164.220771 -23167.661993 -12606.408564     64.727167
PG05 -20902.169773   6715.722756  14786.802155   -236.535685
PG06 -15900.521924  -3343.952107 -20979.405381   -532.140449
PG07     98.762140 -19753.508434  18213.273249   -221.786646
PG09  -7066.122974 -25388.409724  -3019.711135    685.854380
PG11 -21050.634506   7712.989561 -14110.609838   -220.007350
PG13 -12355.895307  12287.694830 -20123.445812    438.080139
PG14 -19721.189289 -13336.312961  12213.452065    749.977466
PG15  -6194.468990  17063.317813  18825.764018    442.140987
PG17 -12722.458092 -20955.200988  -9489.962214   -197.259149
PG18    648.792269  18503.669173  18990.493103   -263.809981
PG19 -15832.398980 -11630.565333 -18160.097905    704.954395
PG20 -13614.305516   6971.711025  21772.747229    278.196262
PG21 -25965.215727  -1983.632165   5336.054158    369.539072
PG22 -23337.012510 -11111.024572   5645.477644     73.986985
PG24 -14876.647410  21770.161269   -382.257552    193.175763
PG25   3082.166355  16083.139737 -21271.479831    391.586728
PG26  26499.186904   3687.595154  -1515.184242   -391.776086
PG28  14480.050399   5980.308282 -21447.836587   -423.012936
PG29   3539.080781  25879.022658  -4306.114430   -249.134658
PG30 -11432.564247 -10966.647443  21520.710316    353.242471
PG31  20067.961078  -3455.892197 -17504.329919   -122.943162
*  2026  9  5  2 10  0.00000000
PG04   2370.025688 -22709.841413 -13382.338464     64.727242
PG05 -21446.179247   6585.803887  14057.272625   -236.535837
PG06 -15368.834559  -3950.044313 -21262.991344   -532.137179
PG07    565.405859 -20211.017068  17664.625400   -221.787951
PG09  -6945.706254 -25295.733367  -3965.658320    685.851747
PG11 -20717.008653   7264.274542 -14823.903851   -220.003746
PG13 -13096.837805  12140.983027 -19739.574581    438.081624
PG14 -19243.487124 -13315.811223  12971.353304    749.977380
PG15  -6608.866740  16420.853108  19239.794032    442.142096
PG17 -12736.428174 -21329.185021  -8623.226745   -197.260346
PG18    140.014331  19004.318664  18489.805000   -263.807314
PG19 -15950.179026 -12295.485394 -17626.720246    704.954228
PG20 -13906.691820   6199.083429  21821.374874    278.198971
PG21 -26130.308805  -2098.014745   4405.645273    369.536645
PG22 -23097.818736 -11137.396862   6563.197308     73.989590
PG24 -14960.697030  21684.259756    560.200316    193.180953
PG25   2298.341986  15968.036587 -21450.043592    391.585680
PG26  26424.748288   3785.818861  -2433.530848   -391.776483
PG28  13969.605350   6622.071561 -21596.577531   -423.009714
PG29   3406.476535  25726.548156  -5237.592793   -249.132472
PG30 -10905.868920 -11578.655108  21465.445024    353.246157
PG31  19660.357447  -2939.036228 -18053.755638   -122.942340
*  2026  9  5  2 15  0.00000000
PG04   2592.930935 -22228.321764 -14132.371308     64.727333
PG05 -21964.379167   6469.546155  13300.567549   -236.535909
PG06 -14841.890914  -4573.603599 -21505.741304   -532.133918
PG07   1011.422190 -20660.705913  17083.236667   -221.789040
PG09  -6810.536529 -25172.152505  -4903.986379    685.849104
PG11 -20373.506568   6790.201169 -15508.589401   -220.000181
PG13 -13825.236721  12009.142048 -19318.164734    438.083097
PG14 -18738.119244 -13298.251418  13704.959399    749.977307
PG15  -7041.418651  15771.816813  19615.203562    442.142956
PG17 -12747.021726 -21670.758801  -7739.478198   -197.261849
PG18   -347.181705  19499.287119  17953.539276   -263.804636
PG19 -16074.352861 -12937.989332 -17060.359662    704.954421
PG20 -14212.972684   5430.718919  21828.456166    278.201694
PG21 -26262.791945  -2202.883046   3466.820900    369.534268
PG22 -22826.037554 -11158.733159   7468.220028     73.992156
PG24 -15026.958828  21569.502849   1501.559154    193.186161
PG25   1506.590388  15865.425315 -21588.813943    391.584623
PG26  26318.001031   3882.766509  -3347.344302   -391.776903
PG28  13467.462336   7276.481721 -21703.973733   -423.006482
PG29   3261.557659  25542.715235  -6158.943898   -249.130312
PG30 -10390.804680 -12197.218759  21369.804873    353.249843
PG31  19248.840548  -2400.220332 -18569.737533   -122.941304
*  2026  9  5  2 20  0.00000000
PG04   2833.617814 -21724.577865 -14855.062138     64.727424
PG05 -22455.463869   6365.967864  12518.164568   -236.536125
PG06 -14321.176860  -5213.486638 -21707.169798   -532.130651
PG07   1436.571038 -21100.958988  16470.110413   -221.789899
PG09  -6659.481919 -25018.539377  -5832.897016    685.846474
PG11 -20021.729864   6291.060239 -16163.344956   -219.996566
PG13 -14539.411330  11891.771990 -18860.014685    438.084591
PG14 -18205.939266 -13284.845494  14412.891692    749.977245
PG15  -7491.700410  15117.958550  19951.204602    442.143857
PG17 -12752.825221 -21979.636195  -6840.476426   -197.262576
PG18   -812.376787  19986.874151  17382.699038   -263.801972
PG19 -16203.775913 -13556.954842 -16462.111831    704.954471
PG20 -14532.487241   4668.305929  21793.976358    278.204422
PG21 -26362.087271  -2299.526589   2521.374303    369.531875
PG22 -22521.941208 -11176.454622   8358.816473     73.994671
PG24 -15076.546141  21425.211910   2439.966393    193.191367
PG25    708.555846  15775.739417 -21687.508044    391.583580
PG26  26179.105760   3979.720179  -4254.927466   -391.777296
PG28  12974.864997   7942.207748 -21769.816919   -423.003270
PG29   3103.182727  25328.367052  -7068.389159   -249.128167
PG30  -9888.334968 -12820.923537  21233.939325    353.253445
PG31  18834.924596  -1840.046816 -19051.320764   -122.940507
*  2026  9  5  2 25  0.00000000
PG04   3092.676193 -21200.145112 -15549.020157     64.727530
PG05 -22918.213532   6274.013595  11711.589670   -236.536039
PG06 -13808.118419  -5868.461768 -21866.870613   -532.127399
PG07   1840.707884 -21530.158479  15826.312155   -221.790953
PG09  -6491.473434 -24835.857720  -6750.611837    685.843828
PG11 -19663.277705   5767.249162 -16786.907211   -219.992968
PG13 -15237.720106  11788.379396 -18365.992379    438.086061
PG14 -17647.889187 -13276.759311  15093.818029    749.977176
PG15  -7959.184059  14461.019643  20247.090865    442.144476
PG17 -12752.423693 -22255.645521  -5928.008338   -197.264310
PG18  -1255.256747  20465.372815  16778.356076   -263.799317
PG19 -16337.248166 -14151.345104 -15833.128119    704.954481
PG20 -14864.482387   3913.493458  21717.999366    278.207147
PG21 -26427.721409  -2389.269658   1571.111385    369.529458
PG22 -22185.909856 -11191.973807   9233.290586     73.997441
PG24 -15110.625472  21250.805084   3373.567218    193.196561
PG25    -94.089947  15699.320502 -21745.914759    391.582533
PG26  26008.320479   4077.952688  -5154.597187   -391.777721
PG28  12492.983609   8617.849388 -21793.978316   -422.999939
PG29   2930.268802  25084.440563  -7964.174118   -249.126057
PG30  -9399.343355 -13448.304367  21058.072538    353.257136
PG31  18420.096472  -1259.212719 -19497.612085   -122.939805
*  2026  9  5  2 30  0.00000000
PG04   3370.601194 -20656.613049 -16212.911444     64.727627
PG05 -23351.498957   6192.559618  10882.414057   -236.535972
PG06 -13304.075925  -6537.213505 -21984.517721   -532.124125
PG07   2223.784061 -21946.691289  15152.968330   -221.792006
PG09  -6305.510351 -24625.158372  -7655.375761    685.841193
PG11 -19299.739803   5219.271074 -17378.073580   -219.989365
PG13 -15918.567056  11698.379823 -17837.033702    438.087556
PG14 -17064.996093 -13275.107225  15746.455135    749.977073
PG15  -8443.239540  13802.725653  20502.239648    442.145744
PG17 -12744.407755 -22498.729487  -5003.883961   -197.265853
PG18  -1675.613016  20933.076816  16141.648985   -263.796661
PG19 -16473.519585 -14720.212171 -15174.613355    704.954622
PG20 -15208.115700   3167.884796  21600.667662    278.209841
PG21 -26459.327549  -2473.464773    617.847260    369.527050
PG22 -21818.430055 -11206.687836  10089.982741     74.000090
PG24 -15130.410802  21045.800913   4300.508549    193.201750
PG25   -899.653964  15636.416761 -21763.895216    391.581479
PG26  25805.999512   4178.721556  -6044.687121   -391.778148
PG28  12022.910492   9301.942463 -21776.408916   -422.996712
PG29   2741.796988  24811.962389  -8844.571902   -249.123709
PG30  -8924.630281 -14077.851484  20842.503210    353.260843
PG31  18005.809722   -658.507726 -19907.781342   -122.938810
*  2026  9  5  2 35  0.00000000
PG04   3667.790302 -20095.618734 -16845.461548     64.727711
PG05 -23754.285965   6120.419605  10032.250928   -236.536220
PG06 -12810.338480  -7218.347437 -22059.866055   -532.120882
PG07   2585.846636 -22348.955647  14451.264949   -221.793059
PG09  -6100.665301 -24387.574523  -8545.460359    685.838578
PG11 -18932.689484   4647.733493 -17935.704557   -219.985741
PG13 -16580.407874  11621.100806 -17274.140771    438.089027
PG14 -16458.368542 -13280.946887  16369.570914    749.976999
PG15  -8943.136740  13144.778980  20716.113502    442.146386
PG17 -12727.380579 -22708.944622  -4069.932482   -197.266991
PG18  -2073.342885  21388.287757  15473.781135   -263.793970
PG19 -16611.295744 -15262.700003 -14487.823533    704.954722
PG20 -15562.458746   2433.031449  21442.202020    278.212557
PG21 -26456.647062  -2553.486063   -336.597196    369.524683
PG22 -21420.092805 -11221.971679  10927.272787     74.002890
PG24 -15137.157654  20809.821537   5218.943070    193.206954
PG25  -1706.428014  15587.181835 -21741.383263    391.580471
PG26  25572.592082   4283.263056  -6923.550501   -391.778581
PG28  11565.655764   9992.964476 -21717.139590   -422.993486
PG29   2536.817691  24512.044297  -9707.886628   -249.121883
PG30  -8464.910157 -14708.016165  20587.604285    353.264449
PG31  17593.478706    -38.811707 -20281.062879   -122.938071
*  2026  9  5  2 40  0.00000000
PG04   3984.540914 -19518.839907 -17445.457946     64.727817
PG05 -24125.639372   6056.350606   9162.752197   -236.536203
PG06 -12328.118730  -7910.395483 -22092.752135   -532.117623
PG07   2927.037896 -22735.367738  13722.446111   -221.793838
PG09  -5876.089026 -24124.316641  -9419.167141    685.835970
PG11 -18563.676829   4053.346516 -18458.725961   -219.982127
PG13 -17221.755893  11555.785209 -16678.380096    438.090503
PG14 -15829.192607 -13295.274289  16961.986675    749.976915
PG15  -9458.048038  12488.851585  20888.261660    442.147465
PG17 -12699.964797 -22886.460206  -3127.998274   -197.268730
PG18  -2448.449286  21829.322390  14776.018496   -263.791277
PG19 -16749.243619 -15778.047117 -13774.063459    704.954599
PG20 -15926.500777   1710.427288  21242.901131    278.215259
PG21 -26419.530671  -2630.722533  -1290.398801    369.522292
PG22 -20991.591163 -11239.171588  11743.582981     74.005625
PG24 -15132.156937  20542.595453   6127.033318    193.212159
PG25  -2512.694992  15551.674066 -21678.385817    391.579441
PG26  25308.640534   4392.786364  -7789.562877   -391.778994
PG28  11122.143468  10689.340476 -21616.281053   -422.990268
PG29   2314.455564  24185.878343 -10552.456728   -249.119573
PG30  -8020.808813 -15337.216656  20293.822537    353.268142
PG31  17184.472917    598.908110 -20616.756853   -122.937089
*  2026  9  5  2 45  0.00000000
PG04   4321.048344 -18927.988012 -18011.752375     64.727893
PG05 -24464.726553   5999.059274   8275.605146   -236.536377
PG06 -11858.547969  -8611.821482 -22083.094526   -532.114392
PG07   3247.594440 -23104.368342  12967.812389   -221.794965
PG09  -5631.014790 -23836.667086 -10274.830763    685.833305
PG11 -18194.221956   3436.920564 -18946.131038   -219.978548
PG13 -17841.187796  11501.594955 -16050.880631    438.091963
PG14 -15178.727618 -13319.019073  17522.579278    749.976846
PG15  -9987.051342  11836.577849  21018.321247    442.148544
PG17 -12660.809302 -23031.556704  -2179.936934   -197.270266
PG18  -2801.040118  22254.519834  14049.687324   -263.788624
PG19 -16885.997544 -16265.588864 -13034.684338    704.954713
PG20 -16299.152796   1001.502952  21003.141061    278.217952
PG21 -26347.939172  -2706.571275  -2241.735526    369.519882
PG22 -20533.717441 -11259.598686  12537.380791     74.008002
PG24 -15116.728591  20243.959803   7022.955806    193.217348
PG25  -3316.735184  15529.856156 -21574.983111    391.578380
PG26  25014.778193   4508.467840  -8641.124787   -391.779425
PG28  10693.208081  11389.449160 -21474.023672   -422.987037
PG29   2073.914128  23834.731676 -11376.658195   -249.117390
PG30  -7592.861330 -15963.844265  19961.678026    353.271822
PG31  16780.111491   1253.600318 -20914.230463   -122.936165
*  2026  9  5  2 50  0.00000000
PG04   4677.404282 -18324.801096 -18543.263025     64.727988
PG05 -24770.820556   5947.208307   7372.529022   -236.536752
PG06 -11402.671626  -9321.027103 -22030.894139   -532.111213
PG07   3547.845856 -23454.429442  12188.719083   -221.796016
PG09  -5364.762433 -23525.974440 -11110.822156    685.830681
PG11 -17825.808435   2799.363689 -19396.982425   -219.974927
PG13 -18437.349087  11457.615114 -15392.831700    438.093445
PG14 -14508.301605 -13353.040116  18050.283195    749.976778
PG15 -10529.133599  11189.547629  21106.018252    442.149257
PG17 -12608.595898 -23144.623719  -1227.611324   -197.271644
PG18  -3131.327093  22662.248740  13296.171700   -263.785936
PG19 -17020.165293 -16724.759312 -12271.081320    704.954736
PG20 -16679.251971    307.620512  20723.374578    278.220680
PG21 -26241.943705  -2782.430643  -3188.789962    369.517532
PG22 -20047.360002 -11284.522772  13307.181583     74.011055
PG24 -15092.215069  19913.862199   7904.905165    193.222540
PG25  -4116.832602  15521.595226 -21431.328829    391.577355
PG26  24691.726889   4631.445454  -9476.664398   -391.779843
PG28  10279.591424  12091.629191 -21290.637121   -422.983801
PG29   1814.480036  23459.941040 -12178.907750   -249.115171
PG30  -7181.510256 -16586.269599  19591.763419    353.275498
PG31  16381.657934   1924.132853 -21172.919080   -122.935457
*  2026  9  5  2 55  0.00000000
PG04   5053.595720 -17711.036608 -19038.976580     64.728167
PG05 -25043.302772   5899.423066   6455.271588   -236.536881
PG06 -10961.445117 -10036.358039 -21936.234364   -532.107958
PG07   3828.213012 -23784.060786  11386.574333   -221.797040
PG09  -5076.742042 -23193.647590 -11925.551578    685.828053
PG11 -17459.876902   2141.678456 -19810.413977   -219.971297
PG13 -19008.959273  11422.858331 -14705.480819    438.094926
PG14 -13819.306458 -13398.121416  18544.092483    749.976722
PG15 -11083.194762  10549.299523  21151.168258    442.150304
PG17 -12542.045794 -23226.157477   -272.887643   -197.272653
PG18  -3439.624128  23050.914354  12516.910939   -263.783274
PG19 -17150.334258 -17155.092735 -11484.690984    704.954840
PG20 -17065.566380   -369.931555  20404.130334    278.223406
PG21 -26101.725562  -2859.693425  -4129.752768    369.515171
PG22 -19533.499676 -11315.166333  14051.551172     74.013449
PG24 -15059.974679  19552.362044   8771.098311    193.227756
PG25  -4911.281320  15526.663281 -21247.650132    391.576324
PG26  24340.294139   4762.813383 -10294.640079   -391.780246
PG28   9881.939986  12794.185699 -21066.469891   -422.980548
PG29   1535.526962  23062.906999 -12957.665911   -249.113033
PG30  -6787.104213 -17202.848931  19184.743183    353.279176
PG31  15990.315076   2609.296844 -21392.327285   -122.934646
*  2026  9  5  3  0  0.00000000
PG04   5449.504351 -17088.464149 -19497.950128     64.728241
PG05 -25281.665136   5854.298355   5525.605637   -236.536769
PG06 -10535.730114 -10756.110476 -21799.281043   -532.104687
PG07   4089.205932 -24091.816364  10562.837094   -221.797951
PG09  -4766.457228 -22841.149564 -12717.471569    685.825419
PG11 -17097.818862   1464.958408 -20185.632445   -219.967688
PG13 -19554.816753  11396.269582 -13990.131401    438.096389
PG14 -13113.192836 -13454.968297  19003.062678    749.976651
PG15 -11648.052195   9917.314408  21153.676938    442.151236
PG17 -12459.925887 -23276.757858    682.368473   -197.274161
PG18  -3726.345272  23418.965463  11713.396870   -263.780637
PG19 -17275.077720 -17556.224708 -10676.988790    704.954607
PG20 -17456.800079  -1029.943088  20046.011909    278.226110
PG21 -25927.575548  -2939.740043  -5062.826108    369.512801
PG22 -18993.205808 -11352.698819  14769.108251     74.015950
PG24 -15021.374829  19159.631351   9619.778600    193.232992
PG25  -5698.391801  15544.738076 -21024.247572    391.575299
PG26  23961.370016   4903.616797 -11093.542934   -391.780629
PG28   9500.802665  13495.396938 -20801.948643   -422.977314
PG29   1236.519109  22645.087904 -13711.439964   -249.110796
PG30  -6409.896903 -17811.930646  18741.352647    353.282857
PG31  15607.220286   3307.810784 -21572.029814   -122.933617
*  2026  9  5  3  5  0.00000000
PG04   5864.906435 -16458.858186 -19919.312907     64.728354
PG05 -25485.511873   5810.405319   4585.325470   -236.537079
PG06 -10126.291223 -11478.537783 -21620.282269   -532.101434
PG07   4331.421287 -24376.300778   9719.014966   -221.799125
PG09  -4433.507996 -22469.991179 -13485.079823    685.822804
PG11 -16740.970750    770.384129 -20521.919003   -219.964075
PG13 -20073.803384  11376.731233 -13248.140360    438.097854
PG14 -12391.464831 -13524.203945  19426.312581    749.976585
PG15 -12222.445495   9295.009248  21113.540296    442.152098
PG17 -12361.054827 -23297.124990   1636.295801   -197.275446
PG18  -3992.002189  23764.901181  10887.170987   -263.777995
PG19 -17392.961166 -17927.892802  -9849.486482    704.954892
PG20 -17851.598450  -1671.286628  19649.696713    278.228840
PG21 -25719.892885  -3023.931803  -5986.227072    369.510447
PG22 -18427.631968 -11398.231171  15458.526685     74.018745
PG24 -14977.785201  18735.955049  10449.219971    193.238186
PG25  -6476.497176  15575.404391 -20761.494891    391.574253
PG26  23555.923699   5054.846852 -11871.899264   -391.781061
PG28   9136.628955  14193.521081 -20497.577410   -422.974107
PG29    917.014306  22207.993632 -14438.786838   -249.108438
PG30  -6050.046529 -18411.861773  18262.396926    353.286573
PG31  15233.440954   4018.324996 -21711.672401   -122.932724
*  2026  9  5  3 10  0.00000000
PG04   6299.473140 -15823.990771 -20302.267910     64.728462
PG05 -25654.560750   5766.298445   3636.243352   -236.536690
PG06  -9733.793106 -12201.857422 -21399.568028   -532.098166
PG07   4555.539483 -24636.175482   8856.661891   -221.800219
PG09  -4077.593196 -22081.724501 -14226.921955    685.820156
PG11 -16390.608232     59.218935 -20818.630623   -219.960489
PG13 -20564.888708  11363.068376 -12480.915611    438.099309
PG14 -11655.674409 -13606.366290  19813.025961    749.976511
PG15 -12805.041706   8683.731246  21030.844669    442.153009
PG17 -12244.308823 -23288.055429   2587.041336   -197.277158
PG18  -4237.201198  24087.277545  10039.821475   -263.775348
PG19 -17502.548638 -18269.936876  -9003.729458    704.954779
PG20 -18248.553827  -2292.921441  19215.934759    278.231513
PG21 -25479.183673  -3113.604239  -6898.191063    369.508086
PG22 -17838.011328 -11452.810659  16118.537670     74.021525
PG24 -14930.570885  18281.730765  11257.731061    193.243399
PG25  -7243.959457  15618.155709 -20459.838700    391.573195
PG26  23124.999736   5217.435915 -12628.272984   -391.781502
PG28   8789.767563  14886.803102 -20153.936657   -422.970902
PG29    576.666695  21753.179130 -15138.315856   -249.106497
PG30  -5707.615619 -19000.994545  17748.749714    353.290260
PG31  14869.970261   4739.426390 -21810.972522   -122.931969
*  2026  9  5  3 15  0.00000000
PG04   6752.771350 -15185.624307 -20646.093328     64.728560
PG05 -25788.643870   5720.522609   2680.185953   -236.537171
PG06  -9358.798044 -12924.258029 -21137.549662   -532.094900
PG07   4762.321372 -24870.164851   7977.375693   -221.801178
PG09  -3698.512545 -21677.936167 -14941.594165    685.817492
PG11 -16047.940813   -667.195811 -21075.201303   -219.956913
PG13 -21027.133826  11354.054432 -11689.913476    438.100784
PG14 -10907.415661 -13701.905258  20162.453154    749.976400
PG15 -13394.440890   8084.752328  20905.766482    442.153947
PG17 -12108.627172 -23250.437946   3532.764026   -197.278158
PG18  -4462.639880  24384.713894   9172.980131   -263.772682
PG19 -17602.409090 -18582.298972  -8141.294099    704.954908
PG20 -18646.211365  -2893.897181  18745.547293    278.234216
PG21 -25206.058903  -3210.060556  -7796.975154    369.505707
PG22 -17225.651746 -11517.416014  16747.931760     74.024283
PG24 -14881.085517  17797.468084  12043.659273    193.248581
PG25  -7999.175663  15672.396282 -20119.798043    391.572157
PG26  22669.714019   5392.253031 -13361.267975   -391.781926
PG28   8460.465479  15573.481743 -19771.682186   -422.967689
PG29    215.228987  21282.237788 -15808.691389   -249.104201
PG30  -5382.571270 -19577.692986  17201.351950    353.293939
PG31  14517.723262   5469.643487 -21869.720041   -122.931122
*  2026  9  5  3 20  0.00000000
PG04   7224.264940 -14545.504364 -20950.143841     64.728652
PG05 -25887.707970   5671.620169   1718.990779   -236.537280
PG06  -9001.763967 -13643.906644 -20834.719177   -532.091631
PG07   4952.604578 -25077.062058   7082.795487   -221.802162
PG09  -3296.168210 -21260.240583 -15627.745798    685.814847
PG11 -15714.106742  -1407.445711 -21291.143125   -219.953329
PG13 -21459.694891  11348.416990 -10876.635989    438.102234
PG14 -10148.318866 -13811.180383  20473.912555    749.976313
PG15 -13989.182049   7499.264019  20738.571757    442.154833
PG17 -11953.017489 -23185.248938   4471.638445   -197.280090
PG18  -4669.103283  24655.899001   8288.319165   -263.770015
PG19 -17691.122728 -18865.022811  -7263.785075    704.954903
PG20 -19043.075136  -3473.357159  18239.425295    278.236906
PG21 -24901.232049  -3314.565233  -8680.861401    369.503348
PG22 -16591.930566 -11592.952901  17345.560761     74.026854
PG24 -14830.664451  17283.787274  12805.394788    193.253801
PG25  -8740.583818  15737.443602 -19741.963836    391.571121
PG26  22191.249497   5580.099655 -14069.530376   -391.782313
PG28   8148.867498  16251.796511 -19351.543902   -422.964472
PG29   -167.445723  20796.794670 -16448.635372   -249.102190
PG30  -5074.785804 -20140.339483  16621.210335    353.297630
PG31  14177.533286   6207.451691 -21887.777751   -122.930162
*  2026  9  5  3 25  0.00000000
PG04   7713.316511 -13905.352612 -21213.851750     64.728708
PG05 -25951.814249   5618.138045    754.502603   -236.537491
PG06  -8663.042947 -14358.956059 -20491.648378   -532.088356
PG07   5127.299464 -25255.734729   6174.598935   -221.803260
PG09  -2870.565954 -20830.273032 -16284.081797    685.812219
PG11 -15390.168255  -2160.048680 -21466.047164   -219.949753
PG13 -21861.826222  11344.843850 -10042.628117    438.103700
PG14  -9380.044411 -13934.458820  20746.792018    749.976247
PG15 -14587.749332   6928.372726  20529.615382    442.155820
PG17 -11776.560606 -23093.547497   5401.858377   -197.281587
PG18  -4857.459713  24899.596926   7387.547910   -263.767342
PG19 -17767.287304 -19118.252894  -6372.832613    704.955185
PG20 -19437.614411  -4030.541223  17698.527851    278.239598
PG21 -24565.516226  -3428.337777  -9548.160116    369.500953
PG22 -15938.289169 -11680.249735  17910.339485     74.029302
PG24 -14780.617995  16741.417494  13541.374497    193.258988
PG25  -9466.668828  15812.531245 -19326.998185    391.570095
PG26  21690.851635   5781.705662 -14751.750809   -391.782721
PG28   7855.016190  16919.994700 -18894.324433   -422.961244
PG29   -571.402579  20298.499639 -17056.929713   -249.099923
PG30  -4784.037837 -20687.341314  16009.395731    353.301330
PG31  13850.148674   6951.278793 -21865.081812   -122.929310
*  2026  9  5  3 30  0.00000000
PG04   8219.189568 -13266.859874 -21436.727943     64.728780
PG05 -25981.137723   5558.634778   -211.430103   -236.537461
PG06  -8342.880173 -15067.552244 -20108.987835   -532.085114
PG07   5287.384737 -25405.130352   5254.499372   -221.804404
PG09  -2421.815829 -20389.682732 -16909.365030    685.809589
PG11 -15077.107172  -2923.460572 -21599.584237   -219.946138
PG13 -22232.883003  11341.989264  -9189.474899    438.105148
PG14  -8604.276579 -14071.913738  20980.550132    749.976166
PG15 -15188.578533   6373.095438  20279.340141    442.156686
PG17 -11578.415138 -22976.470155   6321.640326   -197.282685
PG18  -5028.656161  25114.652561   6472.409424   -263.764696
PG19 -17829.524348 -19342.233215  -5470.089749    704.954930
PG20 -19828.270125  -4564.788210  17123.880396    278.242292
PG21 -24199.820946  -3552.546692 -10397.213084    369.498555
PG22 -15266.227284 -11780.053849  18441.247376     74.031677
PG24 -14732.224762  16171.194476  14250.085855    193.264178
PG25 -10175.968177  15896.812103 -18875.633580    391.569052
PG26  21169.823649   5997.725652 -15406.666546   -391.783157
PG28   7578.852333  17576.338378 -18400.897609   -422.958020
PG29   -996.584042  19789.020396 -17632.418562   -249.097948
PG30  -4510.013771 -21217.137119  15367.041421    353.305044
PG31  13536.229871   7699.510694 -21801.642076   -122.928523
*  2026  9  5  3 35  0.00000000
PG04   8741.051150 -12631.679341 -21618.362713     64.728878
PG05 -25975.966095   5491.687511  -1176.958717   -236.537462
PG06  -8041.413407 -15767.841828 -19687.465698   -532.081855
PG07   5433.902719 -25524.281404   4324.242779   -221.805526
PG09  -1950.132425 -19940.125850 -17502.418516    685.806954
PG11 -14775.820867  -3696.081100 -21691.505481   -219.942500
PG13 -22572.323581  11338.480324  -8318.798494    438.106608
PG14  -7822.717223 -14223.623129  21174.717393    749.976103
PG15 -15790.063812   5834.355893  19988.275507    442.157723
PG17 -11357.821681 -22835.225330   7229.226930   -197.284072
PG18  -5183.713360  25299.996852   5544.677017   -263.762010
PG19 -17876.485305 -19537.305589  -4557.229543    704.955146
PG20 -20213.461475  -5075.537991  16516.572826    278.244985
PG21 -23805.148469  -3688.303653 -11226.396715    369.496144
PG22 -14577.297109 -11893.028047  18937.329994     74.034271
PG24 -14686.725154  15574.057695  14930.070617    193.269258
PG25 -10867.077440  15989.361970 -18388.671957    391.568013
PG26  20629.521520   6228.735562 -16033.063605   -391.783580
PG28   7320.215783  18219.111343 -17872.206805   -422.954837
PG29  -1442.829420  19270.035477 -18174.010452   -249.096046
PG30  -4252.309679 -21728.203271  14695.341232    353.308762
PG31  13236.346880   8450.497305 -21697.542317   -122.927639
*  2026  9  5  3 40  0.00000000
PG04   9277.974874 -12001.419978 -21758.426401     64.728961
PG05 -25936.698175   5415.898896  -2140.237999   -236.537581
PG06  -7758.672918 -16457.979597 -19227.886335   -532.078596
PG07   5567.954290 -25612.310171   3385.604627   -221.806299
PG09  -1455.834670 -19483.258531 -18062.127516    685.804310
PG11 -14487.118620  -4476.259977 -21741.642780   -219.938870
PG13 -22879.711331  11332.923495  -7432.255170    438.108045
PG14  -7037.079371 -14389.569016  21328.897265    749.976034
PG15 -16390.564630   5312.981197  19657.036212    442.158280
PG17 -11114.106634 -22671.087518   8122.890270   -197.285612
PG18  -5323.720508  25454.651655   4606.150687   -263.759329
PG19 -17906.857567 -19703.907603  -3635.942287    704.955078
PG20 -20591.592640  -5562.333078  15877.757502    278.247688
PG21 -23382.589783  -3836.657946 -12034.125149    369.493798
PG22 -13873.097237 -12019.747537  19397.700369     74.037335
PG24 -14645.315026  14951.047041  15579.928465    193.274445
PG25 -11538.655593  16089.183490 -17866.983636    391.566997
PG26  20071.348810   6475.229600 -16629.778777   -391.783925
PG28   7078.846807  18846.625990 -17309.263149   -422.951608
PG29  -1909.874849  18743.227227 -18680.680305   -249.093357
PG30  -4010.433604 -22219.060123  13995.547536    353.312445
PG31  12950.977088   9202.558631 -21552.940330   -122.926482
*  2026  9  5  3 45  0.00000000
PG04   9828.944402 -11377.640145 -21856.669889     64.729077
PG05 -25863.841839   5329.903861  -3099.429599   -236.537764
PG06  -7494.581916 -17136.135980 -18731.128817   -532.075322
PG07   5690.693528 -25668.433239   2440.386588   -221.807489
PG09   -939.345181 -19020.729944 -18587.441510    685.801676
PG11 -14211.718389  -5262.303299 -21749.909025   -219.935273
PG13 -23154.716094  11323.911242  -6531.532206    438.109509
PG14  -6249.080769 -14569.637082  21442.767115    749.975970
PG15 -16988.412843   4809.698936  19286.320593    442.159423
PG17 -10846.685634 -22485.391230   9000.935086   -197.287035
PG18  -5449.829677  25577.734217   3658.653489   -263.756662
PG19 -17919.370358 -19842.570200  -2707.932687    704.955159
PG20 -20961.059580  -6024.819791  15208.647115    278.250416
PG21 -22933.320212  -3998.591165 -12818.853271    369.491440
PG22 -13155.266441 -12160.697252  19821.540227     74.040003
PG24 -14609.139556  14303.298993  16198.320503    193.279625
PG25 -12189.430075  16195.210445 -17311.506129    391.565986
PG26  19496.751314   6737.617512 -17195.701589   -391.784314
PG28   6854.387846  19457.230073 -16713.143595   -422.948341
PG29  -2397.353737  18210.274783 -19151.471299   -249.091534
PG30  -3783.808244 -22688.278118  13268.969117    353.316138
PG31  12680.503486   9953.990986 -21368.067941   -122.925696
*  2026  9  5  3 50  0.00000000
PG04  10392.857303 -10761.841464 -21912.924929     64.729135
PG05 -25758.011538   5232.376235  -4052.705526   -236.537704
PG06  -7248.957454 -17800.504477 -18198.145248   -532.072097
PG07   5803.322066 -25691.965625   1490.413110   -221.808398
PG09   -401.189170 -18554.175395 -19077.376043    685.799039
PG11 -13950.243983  -6052.480102 -21716.298207   -219.931651
PG13 -23397.115173  11310.028741  -5618.344744    438.110963
PG14  -5460.437399 -14763.616714  21516.079029    749.975891
PG15 -17581.919935   4325.134785  18876.908719    442.160420
PG17 -10555.066585 -22279.524733   9861.701880   -197.288472
PG18  -5563.249932  25668.461258   2704.027843   -263.754014
PG19 -17912.800473 -19953.914902  -1774.917029    704.954857
PG20 -21320.256901  -6462.748987  14510.512454    278.253109
PG21 -22458.594681  -4175.012217 -13579.079661    369.489025
PG22 -12425.477322 -12316.269585  20208.101075     74.042739
PG24 -14579.287367  13632.042336  16783.972596    193.284810
PG25 -12818.201604  16306.312364 -16723.242814    391.565010
PG26  18907.211539   7016.222192 -17729.776185   -391.784726
PG28   6646.385717  20049.313331 -16084.988873   -422.945136
PG29  -2904.797647  17672.847114 -19585.496597   -249.089180
PG30  -3571.774034 -23134.483707  12516.968911    353.319836
PG31  12425.213271  10703.073349 -21143.230882   -122.924714
*  2026  9  5  3 55  0.00000000
PG04  10968.529291 -10155.462955 -21927.104304     64.729223
PG05 -25619.925385   5122.035194  -4998.251586   -236.537926
PG06  -7021.511824 -18449.309018 -17629.958937   -532.068834
PG07   5907.083179 -25682.324528    537.527872   -221.809378
PG09    158.007078 -18085.209523 -19531.014445    685.796398
PG11 -13703.222682  -6845.029094 -21640.885359   -219.928019
PG13 -23606.793885  11289.860632  -4694.432573    438.112433
PG14  -4672.856985 -14971.201469  21548.660513    749.975810
PG15 -18169.384335   3859.810616  18429.660318    442.161111
PG17 -10238.852276 -22054.923606  10703.569902   -197.289923
PG18  -5665.241190  25726.152626   1744.131778   -263.751356
PG19 -17885.977830 -20038.650688   -838.620339    704.955095
PG20 -21667.584747  -6875.976340  13784.680051    278.255807
PG21 -21959.742654  -4366.752639 -14313.349463    369.486666
PG22 -11685.429863 -12486.762523  20556.705164     74.045351
PG24 -14556.784913  12938.593412  17335.678560    193.290007
PG25 -13423.848712  16421.299449 -16103.261479    391.563975
PG26  18304.243063   7311.277647 -18231.003144   -391.785144
PG28   6454.294235  20621.313953 -15426.001312   -422.941906
PG29  -3431.637639  17132.596115 -19981.940920   -249.086935
PG30  -3373.592588 -23556.365080  11740.961623    353.323516
PG31  12185.296862  11448.073802 -20878.808562   -122.923915
*  2026  9  5  4  0  0.00000000
PG04  11554.698829  -9559.875464 -21899.201844     64.729322
PG05 -25450.401811   4997.651493  -5934.270766   -236.537940
PG06  -6811.854419 -19080.811200 -17027.662419   -532.065570
PG07   6003.255638 -25639.032665   -416.409876   -221.810299
PG09    737.518173 -17615.419616 -19947.509422    685.793764
PG11 -13471.083283  -7638.165505 -21523.826325   -219.924405
PG13 -23783.745668  11261.997796  -3761.556862    438.113899
PG14  -3888.032536 -15191.989959  21540.415052    749.975753
PG15 -18749.098794   3414.143121  17945.512506    442.162299
PG17  -9897.742579 -21813.064145  11524.960024   -197.291100
PG18  -5757.107839  25750.234513    780.835142   -263.748684
PG19 -17837.790824 -20097.570540     99.226482    704.955102
PG20 -22001.455684  -7264.462175  13032.529719    278.258478
PG21 -21438.162770  -4574.562249 -15020.257165    369.484276
PG22 -10936.844907 -12672.378195  20866.746318     74.047720
PG24 -14542.591182  12224.350954  17852.303168    193.295198
PG25 -14005.331980  16538.927786 -15452.692728    391.562960
PG26  17689.384766   7622.927321 -18698.441213   -391.785580
PG28   6277.477256  21171.724845 -14737.442541   -422.938703
PG29  -3977.206039  16591.149815 -20340.061993   -249.084889
PG30  -3188.450510 -23952.677658  10942.411216    353.327237
PG31  11960.847312  12187.256057 -20575.253713   -122.923116
*  2026  9  5  4  5  0.00000000
PG04  12150.032068  -8976.376414 -21829.292268     64.729374
PG05 -25250.355831   4858.053471  -6858.986576   -236.538047
PG06  -6619.494065 -19693.317380 -16392.415329   -532.062332
PG07   6093.147348 -25561.721192  -1369.529092   -221.811506
PG09   1336.521997 -17146.359063 -20326.084515    685.791128
PG11 -13254.154604  -8430.088060 -21365.357376   -219.920800
PG13 -23928.071743  11225.044114  -2821.496848    438.115339
PG14  -3107.635922 -15425.487154  21491.322556    749.975680
PG15 -19319.357779   2988.442956  17425.477325    442.163272
PG17  -9531.536222 -21555.456651  12324.337492   -197.292373
PG18  -5840.192162  25740.242226   -183.984237   -263.746000
PG19 -17767.191457 -20131.547656   1036.889514    704.955048
PG20 -22320.301568  -7628.270850  12255.491990    278.261185
PG21 -20895.317198  -4799.105166 -15698.449281    369.481868
PG22 -10181.457581 -12873.221842  21137.690642     74.050375
PG24 -14537.592728  11490.790506  18332.784984    193.300385
PG25 -14561.697958  16657.904830 -14772.728265    391.561924
PG26  17064.194980   7951.222794 -19131.208973   -391.786007
PG28   6115.212109  21699.099679 -14020.631079   -422.935500
PG29  -4540.738651  16050.105716 -20659.191828   -249.082923
PG30  -3015.463554 -24322.249336  10122.828290    353.330929
PG31  11751.860143  12918.886022 -20233.091919   -122.922307
*  2026  9  5  4 10  0.00000000
PG04  12753.128107  -8406.184892 -21717.530886     64.729450
PG05 -25020.794916   4702.132797  -7770.646328   -236.538210
PG06  -6443.841814 -20285.185590 -15725.442136   -532.059086
PG07   6178.088805 -25450.132161  -2319.950819   -221.812366
PG09   1954.102498 -16679.540988 -20666.035422    685.788481
PG11 -13052.664438  -9218.986004 -21165.794664   -219.917202
PG13 -24039.980324  11177.623198  -1876.046477    438.116813
PG14  -2333.311541 -15671.106101  21401.439659    749.975634
PG15 -19878.464848   2582.914394  16870.639114    442.164193
PG17  -9140.132125 -21283.638632  13100.214555   -197.293868
PG18  -5915.867575  25695.822470  -1148.444406   -263.743318
PG19 -17673.200234 -20141.531368   1972.634693    704.955015
PG20 -22622.580339  -7967.569703  11455.045448    278.263902
PG21 -20332.725730  -5040.956192 -16346.626945    369.479483
PG22  -9421.010707 -13089.301200  21369.077099     74.052914
PG24 -14542.599069  10739.458478  18776.138986    193.305563
PG25 -15092.082745  16776.895144 -14064.619028    391.560890
PG26  16430.245556   8296.122849 -19528.486411   -391.786391
PG28   5966.693417  22202.058696 -13276.939811   -422.932285
PG29  -5121.377384  15511.024287 -20938.737863   -249.080627
PG30  -2853.681104 -24663.985449   9283.767336    353.334611
PG31  11558.233589  13641.238405 -19852.921022   -122.921378
*  2026  9  5  4 15  0.00000000
PG04  13362.524547  -7850.437092 -21564.153130     64.729506
PG05 -24762.814503   4528.849935  -8667.524354   -236.538448
PG06  -6284.214168 -20854.832242 -15028.029736   -532.055945
PG07   6259.426384 -25304.120515  -3265.792157   -221.813337
PG09   2589.252882 -16216.432070 -20966.731193    685.785848
PG11 -12866.738963 -10003.046185 -20925.533520   -219.913594
PG13 -24119.785384  11118.385035   -927.011017    438.118275
PG14  -1566.670076 -15928.170055  21270.899896    749.975590
PG15 -20424.739964   2197.655497  16282.151703    442.164783
PG17  -8723.530317 -20999.167936  13851.152969   -197.295294
PG18  -5985.531734  25616.735173  -2110.663171   -263.740676
PG19 -17554.910796 -20128.542760   2904.730685    704.955346
PG20 -22906.782739  -8282.627549  10632.713969    278.266613
PG21 -19751.959647  -5300.597596 -16963.548402    369.477082
PG22  -8657.248208 -13320.526294  21560.517970     74.055845
PG24 -14558.338474   9971.965845  19181.458991    193.310753
PG25 -15595.715217  16894.526363 -13329.673205    391.559851
PG26  15789.115892   8657.492927 -19889.516424   -391.786804
PG28   5831.037290  22679.294242 -12507.793353   -422.929179
PG29  -5718.173286  14975.422649 -21178.183958   -249.078495
PG30  -2702.090976 -24976.873440   8426.823884    353.338312
PG31  11379.769255  14352.603300 -19435.410404   -122.920266
*  2026  9  5  4 20  0.00000000
PG04  13976.703310  -7310.182142 -21369.473943     64.729575
PG05 -24477.593158   4337.239303  -9547.925157   -236.538437
PG06  -6139.836749 -21400.738594 -14301.524913   -532.052672
PG07   6338.515517 -25123.655606  -4205.170323   -221.814601
PG09   3240.879189 -15758.446592 -21227.615281    685.783207
PG11 -12696.402613 -10780.460143 -20645.047599   -219.909975
PG13 -24167.904994  11046.012556     23.796369    438.119736
PG14   -809.282387 -16195.915008  21099.913737    749.975627
PG15 -20956.526724   1832.658800  15661.235461    442.165664
PG17  -8281.832402 -20703.615865  14575.766371   -197.296484
PG18  -6050.599519  25502.854799  -3068.761978   -263.738018
PG19 -17411.494272 -20093.670012   3831.451761    704.954968
PG20 -23171.438907  -8573.812747   9790.063873    278.269309
PG21 -19154.635376  -5578.416291 -17548.031381    369.474694
PG22  -7891.908548 -13566.709661  21711.699191     74.058318
PG24 -14585.454157   9189.981542  19547.919866    193.315946
PG25 -16071.919880  17009.395367 -12569.254105    391.558807
PG26  15142.386925   9035.104954 -20213.606228   -391.787227
PG28   5707.285855  23129.576004 -11714.665325   -422.925971
PG29  -6330.089976  14444.768473 -21377.091226   -249.076338
PG30  -2559.624505 -25259.987191   7553.631542    353.342015
PG31  11216.173200  15051.292763 -18981.300138   -122.919412
*  2026  9  5  4 25  0.00000000
PG04  14594.096712  -6786.378318 -21133.887015     64.729670
PG05 -24166.387417   4126.414107 -10410.186496   -236.538431
PG06  -6009.848371 -21921.456951 -13547.331672   -532.049408
PG07   6416.713771 -24908.822205  -5136.206783   -221.815809
PG09   3907.804240 -15306.940728 -21448.206460    685.780557
PG11 -12541.578410 -11549.431176 -20324.887865   -219.906361
PG13 -24184.859210  10959.228054    974.558062    438.121215
PG14    -62.673552 -16473.492625  20888.768478    749.975575
PG15 -21472.199455   1487.812491  15009.174207    442.166776
PG17  -7815.241617 -20398.560285  15272.722528   -197.297940
PG18  -6112.495953  25354.171184  -4020.869800   -263.735359
PG19 -17242.203344 -20038.063485   4751.080669    704.955200
PG20 -23415.124826  -8841.590841   8928.700982    278.271998
PG21 -18542.407967  -5874.701441 -18098.955372    369.472297
PG22  -7126.718227 -13827.566970  21822.380571     74.060882
PG24 -14624.500912   8395.225569  19874.779504    193.321112
PG25 -16520.119344  17120.074632 -11784.777904    391.557751
PG26  14491.635127   9428.637565 -20500.128690   -391.787646
PG28   5594.412128  23551.755934 -10899.075520   -422.922772
PG29  -6956.007457  13920.474115 -21535.098728   -249.074221
PG30  -2425.161911 -25512.491030   6665.858930    353.345684
PG31  11067.057430  15735.647321 -18491.400023   -122.918652
*  2026  9  5  4 30  0.00000000
PG04  15213.093741  -6279.889673 -20857.863869     64.729779
PG05 -23830.526325   3895.570837 -11252.682384   -236.538163
PG06  -5893.305510 -22415.616565 -12766.908452   -532.046123
PG07   6495.373858 -24659.821005  -6057.031445   -221.816655
PG09   4588.771937 -14863.207113 -21628.099611    685.777921
PG11 -12402.088747 -12308.181364 -19965.681436   -219.902762
PG13 -24171.267553  10856.799469   1923.455450    438.122674
PG14    671.682906 -16759.973549  20637.828003    749.975515
PG15 -21970.170146   1162.902088  14327.311979    442.167704
PG17  -7324.062439 -20085.578761  15940.745457   -197.299716
PG18  -6172.649060  25170.789855  -4965.127011   -263.732704
PG19 -17046.375999 -19962.930566   5661.911508    704.955095
PG20 -23636.468604  -9086.521785   8050.267609    278.274672
PG21 -17916.964419  -6189.642486 -18615.263776    369.469905
PG22  -6363.385352 -14102.718059  21892.395894     74.063701
PG24 -14675.942185   7589.461863  20161.380579    193.326282
PG25 -16939.836390  17225.118743 -10977.711258    391.556700
PG26  13838.426513   9837.676711 -20748.523564   -391.788044
PG28   5491.325188  23944.772828 -10062.586985   -422.919558
PG29  -7594.726288  13403.891020 -21651.924007   -249.071905
PG30  -2297.537902 -25733.643356   5765.206518    353.349378
PG31  10931.941799  16404.042410 -17966.588479   -122.917677
*  2026  9  5  4 35  0.00000000
PG04  15832.046538  -5791.483083 -20541.952806     64.729868
PG05 -23471.405696   3643.993393 -12073.826015   -236.538289
PG06  -5789.187149 -22881.929215 -11961.765218   -532.042851
PG07   6575.836630 -24376.968598  -6965.786908   -221.817826
PG09   5282.451891 -14428.469690 -21766.966364    685.775276
PG11 -12277.656627 -13054.958508 -19568.130275   -219.899179
PG13 -24127.846066  10737.546476   2868.672400    438.124125
PG14   1392.370594 -17054.351097  20347.532390    749.975432
PG15 -22448.895192    857.612594  13617.049699    442.168411
PG17  -6808.699789 -19766.241758  16578.617406   -197.300742
PG18  -6232.482729  24952.931858  -5899.689234   -263.730052
PG19 -16823.438954 -19869.530293   6562.252589    704.955228
PG20 -23834.156549  -9309.256764   7156.439460    278.277367
PG21 -17280.016883  -6523.327613 -19095.965940    369.467496
PG22  -5603.593311 -14391.688366  21921.652907     74.066291
PG24 -14740.147630   6774.490957  20407.152053    193.331457
PG25 -17330.695628  17323.071021 -10149.568787    391.555656
PG26  13184.310693  10261.716643 -20958.298639   -391.788448
PG28   5396.875634  24307.656555  -9206.803016   -422.916344
PG29  -8244.972099  12896.304403 -21727.363473   -249.069861
PG30  -2175.547515 -25922.799893   4853.403375    353.353091
PG31  10810.256326  17054.894703 -17407.811316   -122.916822
*  2026  9  5  4 40  0.00000000
PG04  16449.277029  -5321.825730 -20186.777707     64.729948
PG05 -23090.482121   3371.056836 -12872.072597   -236.538497
PG06  -5696.399976 -23319.194438 -11133.460451   -532.039579
PG07   6659.424070 -24060.696928  -7860.632746   -221.818773
PG09   5987.444378 -14003.878875 -21864.555602    685.772635
PG11 -12167.907348 -13788.042965 -19133.009739   -219.895554
PG13 -24055.403974  10600.346370   3808.398728    438.125579
PG14   2098.035596 -17355.545302  20018.397381    749.975347
PG15 -22906.881908    571.531111  12879.841729    442.169425
PG17  -6269.657810 -19442.105919  17185.180720   -197.302034
PG18  -6293.409583  24700.933074  -6822.731167   -263.727399
PG19 -16572.910744 -19759.167778   7450.429289    704.955477
PG20 -24006.939017  -9510.534617   6248.922474    278.280076
PG21 -16633.295773  -6875.742666 -19540.139066    369.465117
PG22  -4848.994578 -14693.910758  21910.133200     74.068939
PG24 -14817.391125   5952.142476  20611.610450    193.336642
PG25 -17692.424734  17412.470268  -9301.910432    391.554614
PG26  12530.814991  10700.161294 -21129.030791   -391.788844
PG28   5309.861308  24639.531902  -8333.364076   -422.913118
PG29  -8905.400433  12398.928250 -21761.292643   -249.067743
PG30  -2057.952147 -26079.416537   3932.203827    353.356776
PG31  10701.343907  17686.668304 -16816.080376   -122.915895
*  2026  9  5  4 45  0.00000000
PG04  17063.083697  -4871.483021 -19793.036696     64.730024
PG05 -22689.266758   3076.230749 -13645.922105   -236.538416
PG06  -5613.783911 -23726.304396 -10283.598028   -532.036324
PG07   6747.432341 -23711.552208  -8739.749810   -221.819652
PG09   6702.285574 -13590.507056 -21920.693833    685.769987
PG11 -12072.370622 -14505.754337 -18661.166989   -219.891962
PG13 -23954.839952  10444.139718   4740.833676    438.127037
PG14   2787.391563 -17662.407309  19651.013702    749.975270
PG15 -23342.694784    304.149911  12117.192339    442.170339
PG17  -5707.538238 -19114.707461  17759.339559   -197.303474
PG18  -6356.823920  24415.243042  -7732.450359   -263.724766
PG19 -16294.404459 -19633.188449   8324.786894    704.955272
PG20 -24153.636011  -9691.177897   5329.449597    278.282755
PG21 -15978.542802  -7246.770503 -19946.929995    369.462697
PG22  -4101.204667 -15008.727737  21857.891967     74.071419
PG24 -14907.849291   5124.267500  20774.360872    193.341812
PG25 -18024.855255  17491.857572  -8436.338686    391.553591
PG26  11879.438645  11152.326030 -21260.366941   -391.789237
PG28   5229.033253  24939.622032  -7443.944634   -422.909927
PG29  -9574.601892  11912.900640 -21753.666220   -249.065379
PG30  -1943.485762 -26203.051795   3003.384038    353.360450
PG31  10604.463417  18297.880785 -16192.472040   -122.915177
*  2026  9  5  4 50  0.00000000
PG04  17671.748459  -4440.916962 -19361.500668     64.730089
PG05 -22269.318907   2759.082186 -14393.921935   -236.538513
PG06  -5540.117936 -24102.248336  -9413.824012   -532.033071
PG07   6841.124906 -23330.193314  -9601.344552   -221.820722
PG09   7425.453075 -13189.344435 -21935.285417    685.767326
PG11 -11990.483124 -15206.458001 -18153.519265   -219.888326
PG13 -23827.138025  10267.935743   5664.189369    438.128467
PG14   3459.224530 -17973.724094  19246.046237    749.975208
PG15 -23754.961465     54.869916  11330.652097    442.171136
PG17  -5123.038386 -18785.555705  18300.061505   -197.304941
PG18  -6424.094726  24096.423279  -8627.070941   -263.722087
PG19 -15987.630115 -19492.972136   9183.693429    704.955279
PG20 -24273.142498  -9852.088560   4399.777498    278.285436
PG21 -15317.503997  -7636.190816 -20315.556856    369.460307
PG22  -3361.796249 -15335.394029  21765.057670     74.074072
PG24 -15011.600496   4292.730844  20895.097774    193.346975
PG25 -18327.922976  17559.783153  -7554.495713    391.552542
PG26  11231.647124  11617.439781 -21352.024914   -391.789646
PG28   5153.101874  25207.251528  -6540.249946   -422.906723
PG29 -10251.107556  11439.279413 -21704.518038   -249.063377
PG30  -1830.861245 -26293.368793   2068.738521    353.364096
PG31  10518.793196  18887.109043 -15538.125598   -122.914234
*  2026  9  5  4 55  0.00000000
PG04  18273.543614  -4030.484987 -18893.011690     64.730177
PG05 -21832.239426   2419.278205 -15114.669462   -236.538950
PG06  -5474.126202 -24446.116652  -8525.823349   -532.029820
PG07   6941.725766 -22917.389636 -10443.653334   -221.821614
PG09   8155.371659 -12801.295242 -21908.312667    685.764659
PG11 -11921.591458 -15888.571438 -17611.052020   -219.884723
PG13 -23673.363110  10070.817431   6576.694261    438.129915
PG14   4112.397443 -18288.223496  18804.233060    749.975123
PG15 -24142.378412   -176.995399  10521.814191    442.172371
PG17  -4516.948727 -18456.126770  18806.379022   -197.306689
PG18  -6496.558825  23745.145124  -9504.847295   -263.719433
PG19 -15652.396652 -19339.927017  10025.542463    704.955364
PG20 -24364.433431  -9994.243317   3461.683227    278.288109
PG21 -14651.922695  -8043.680397 -20645.310586    369.457950
PG22  -2632.293477 -15673.079523  21631.831595     74.076667
PG24 -15128.624372   3459.403285  20973.605482    193.352157
PG25 -18601.667842  17614.813233  -6658.060334    391.551503
PG26  10588.866566  12094.647542 -21403.794194   -391.790057
PG28   5080.743298  25441.849021  -5624.012765   -422.903509
PG29 -10933.394667  10979.038211 -21613.960844   -249.061307
PG30  -1718.776872 -26350.136844   1130.076578    353.367784
PG31  10443.434909  19452.994937 -14854.241496   -122.913481
*  2026  9  5  5  0  0.00000000
PG04  18866.738837  -3640.439239 -18388.481269     64.730280
PG05 -21379.663996   2056.587981 -15806.814505   -236.538524
PG06  -5414.484386 -24757.104507  -7621.316491   -532.026560
PG07   7050.412859 -22474.018399 -11264.946714   -221.822940
PG09   8890.419273 -12427.174323 -21839.835797    685.761997
PG11 -11864.955519 -16550.570344 -17034.816939   -219.881095
PG13 -23494.656224   9851.946330   7476.596558    438.131367
PG14   4745.854358 -18604.579539  18326.384303    749.975043
PG15 -24503.716242   -392.215732   9692.310704    442.173089
PG17  -3890.150115 -18127.857456  19277.390799   -197.307968
PG18  -6575.514171  23362.187096 -10364.067654   -263.716784
PG19 -15288.613548 -19175.483452  10848.755900    704.955425
PG20 -24426.568440 -10118.688670   2516.960841    278.290785
PG21 -13983.532573  -8468.813857 -20935.556307    369.455560
PG22  -1914.166511 -16020.872570  21458.487295     74.079049
PG24 -15258.801815   2626.153787  21009.758462    193.357369
PG25 -18846.233434  17655.536869  -5748.744919    391.550467
PG26   9952.478385  12583.013236 -21415.536578   -391.790407
PG28   5010.605870  25642.949382  -4696.990004   -422.900296
PG29 -11619.892540  10533.062892 -21482.185949   -249.059242
PG30  -1605.922867 -26373.232574    189.218688    353.371496
PG31  10377.417754  19994.250696 -14142.079443   -122.912574
*  2026  9  5  5  5  0.00000000
PG04  19449.608194  -3270.926318 -17848.888503     64.730394
PG05 -20913.256271   1670.884475 -16469.061682   -236.538797
PG06  -5359.826272 -25034.515009  -6702.055935   -532.023300
PG07   7168.311633 -22001.061475 -12063.533707   -221.823695
PG09   9628.933230 -12067.704125 -21729.992750    685.759278
PG11 -11819.752242 -17190.994494 -16425.929827   -219.877472
PG13 -23292.229375   9610.567015   8362.167607    438.132836
PG14   5358.624314 -18921.418023  17813.380896    749.974995
PG15 -24837.824696   -591.639326   8843.808847    442.174032
PG17  -3243.610645 -17802.139337  19712.262969   -197.308903
PG18  -6662.213328  22948.431788 -11203.057627   -263.714147
PG19 -14896.292041 -19001.087729  11651.786746    704.955733
PG20 -24458.696192 -10226.535639   1567.417973    278.293474
PG21 -13314.050721  -8911.064804 -21185.734568    369.453196
PG22  -1208.826285 -16377.783608  21245.369949     74.082398
PG24 -15401.915501   1794.841757  21003.521342    193.362547
PG25 -19061.866003  17680.572754  -4828.292158    391.549446
PG26   9323.814040  13081.522927 -21387.186714   -391.790844
PG28   4941.316788  25810.195476  -3760.959348   -422.897097
PG29 -12308.988683  10102.148338 -21309.462719   -249.056766
PG30  -1490.988021 -26362.640581   -752.007159    353.375179
PG31  10319.703018  20509.664069 -13402.956389   -122.911414
*  2026  9  5  5 10  0.00000000
PG04  20020.437135  -2921.987478 -17275.278112     64.730490
PG05 -20434.700937   1262.145669 -17100.172663   -236.538965
PG06  -5308.750513 -25277.761934  -5769.822707   -532.020042
PG07   7296.488866 -21499.601678 -12837.765981   -221.824569
PG09  10369.216567 -11723.512090 -21578.998881    685.756640
PG11 -11785.079728 -17808.453333 -15785.568376   -219.873847
PG13 -23067.360157   9346.011211   9231.705250    438.134328
PG14   5949.824844 -19237.322358  17266.173143    749.974936
PG15 -25143.637252   -776.187999   7978.007164    442.174912
PG17  -2578.382164 -17480.313084  20110.230189   -197.310493
PG18  -6757.857172  22504.862317 -12020.183631   -263.711507
PG19 -14475.545958 -18818.195739  12433.121843    704.955328
PG20 -24460.058376 -10318.954220    614.872383    278.296157
PG21 -12645.170810  -9369.807458 -21395.362441    369.450788
PG22   -517.619524 -16742.749115  20992.895608     74.084430
PG24 -15557.650888    967.309373  20954.948678    193.367729
PG25 -19248.913046  17688.575924  -3898.471732    391.548414
PG26   8704.150010  13589.088381 -21318.752543   -391.791242
PG28   4871.488832  25943.339456  -2817.715825   -422.893877
PG29 -12999.035100   9686.995677 -21096.137939   -249.055021
PG30  -1372.666335 -26318.453647  -1691.769162    353.378840
PG31  10269.188960  20998.103188 -12638.244371   -122.910643
*  2026  9  5  5 15  0.00000000
PG04  20577.529454  -2593.559297 -16668.758350     64.730561
PG05 -19945.696718    830.455352 -17698.968319   -236.538951
PG06  -5259.827565 -25486.371960  -4826.422784   -532.016786
PG07   7435.946724 -20970.818576 -13586.041987   -221.825471
PG09  11109.544566 -11395.128457 -21387.146507    685.753973
PG11 -11759.961702 -18401.631269 -15114.969825   -219.870230
PG13 -22821.386079   9057.701542  10083.537135    438.135777
PG14   6518.665119 -19550.839625  16685.779157    749.974860
PG15 -25420.175330   -946.851889   7096.631720    442.175744
PG17  -1895.596458 -17163.663041  20470.596611   -197.311840
PG18  -6863.588829  22032.558331 -12813.856233   -263.708866
PG19 -14026.592130 -18628.266613  13191.284576    704.955339
PG20 -24429.993313 -10397.167589   -338.851526    278.298831
PG21 -11978.556363  -9844.318716 -21564.034473    369.448355
PG22    158.175973 -17114.635861  20701.550346     74.086918
PG24 -15725.597703    145.374025  20864.184485    193.372888
PG25 -19407.821449  17678.244356  -2961.076892    391.547359
PG26   8094.702981  14104.550955 -21210.315613   -391.791648
PG28   4799.727159  26042.243620  -1869.068347   -422.890678
PG29 -13688.354741   9288.209910 -20842.635026   -249.052750
PG30  -1249.663661 -26240.872469  -2628.235454    353.382509
PG31  10224.715991  21458.521127 -11849.368229   -122.909822
*  2026  9  5  5 20  0.00000000
PG04  21119.214162  -2285.474779 -16030.498816     64.730684
PG05 -19447.949347    376.003463 -18264.330752   -236.539170
PG06  -5211.606737 -25659.986440  -3873.683468   -532.013519
PG07   7587.617130 -20415.983815 -14306.811008   -221.826735
PG09  11848.171389 -11082.984498 -21154.804325    685.751294
PG11 -11743.352324 -18969.292655 -14415.428506   -219.866600
PG13 -22555.698642   8745.154901  10916.023978    438.137262
PG14   7064.448704 -19860.486833  16073.283148    749.974767
PG15 -25666.552098  -1104.683907   6201.432292    442.176932
PG17  -1196.461128 -16853.412073  20792.736723   -197.313712
PG18  -6980.487891  21532.691613 -13582.533390   -263.706200
PG19 -13549.750412 -18432.756339  13924.837544    704.955506
PG20 -24367.939167 -10462.446070  -1291.926209    278.301516
PG21 -11315.834169 -10333.780636 -21691.423493    369.445956
PG22    817.355763 -17492.245448  20371.889326     74.089839
PG24 -15905.251913   -669.179093  20731.461520    193.378048
PG25 -19539.135182  17648.325429  -2017.920947    391.546317
PG26   7496.625278  14626.685804 -21062.031290   -391.792047
PG28   4724.636140  26106.880788   -916.836214   -422.887479
PG29 -14375.248089   8906.297977 -20549.453107   -249.050589
PG30  -1120.704314 -26130.204938  -3559.577854    353.386212
PG31  10185.072148  21889.960130 -11037.803194   -122.908739
*  2026  9  5  5 25  0.00000000
PG04  21643.852277  -1997.464919 -15361.728151     64.730739
PG05 -18943.164531   -100.914020 -18795.205223   -236.539243
PG06  -5162.623344 -25798.362663  -2913.449718   -532.010277
PG07   7752.356451 -19836.455989 -14998.577100   -221.827797
PG09  12583.336812 -10787.411171 -20882.416701    685.748638
PG11 -11734.141285 -19510.286428 -13688.293290   -219.862992
PG13 -22271.737195   8407.985412  11727.562760    438.138727
PG14   7586.575910 -20164.757346  15429.833563    749.974707
PG15 -25881.975857  -1250.793961   5294.178553    442.177757
PG17   -482.255172 -16550.716708  21076.096071   -197.314786
PG18  -7109.564929  21006.521278 -14324.723569   -263.703515
PG19 -13045.443285 -18233.111390  14632.385196    704.955309
PG20 -24273.436747 -10516.100914  -2242.524496    278.304215
PG21 -10658.587871 -10837.283361 -21777.281267    369.443740
PG22   1458.792877 -17874.319122  20004.535753     74.092632
PG24 -16096.018149  -1474.604204  20557.100338    193.383230
PG25 -19643.492573  17597.622197  -1070.833662    391.545290
PG26   6911.000549  15154.206393 -20874.128836   -391.792444
PG28   4644.826197  26137.334235     37.154391   -422.884235
PG29 -15057.999836   8541.667245 -20217.165966   -249.048329
PG30   -984.537611 -25986.864947  -4483.975650    353.389929
PG31  10148.998835  22291.555499 -10205.072348   -122.908096
*  2026  9  5  5 30  0.00000000
PG04  22149.843470  -1729.160693 -14663.731646     64.730823
PG05 -18433.040956   -599.895628 -19290.601958   -236.539197
PG06  -5111.405923 -25901.374638  -1947.580453   -532.007019
PG07   7930.940543 -19233.675082 -15659.902917   -221.828933
PG09  13313.273026 -10508.638226 -20570.502822    685.745997
PG11 -11731.159205 -20023.550395 -12934.964930   -219.859374
PG13 -21970.982602   8045.906985  12516.589869    438.140189
PG14   8084.545735 -20462.127453  14756.641082    749.974610
PG15 -26065.752998  -1386.342957   4376.656289    442.178536
PG17    245.675704 -16256.662578  21320.191864   -197.316044
PG18  -7251.756333  20455.388611 -15038.988761   -263.700851
PG19 -12514.195048 -18030.762375  15312.576416    704.955574
PG20 -24146.131883 -10559.477891  -3188.823108    278.306921
PG21 -10008.351743 -11353.828432 -21821.439007    369.441327
PG22   2081.441638 -18259.542835  19600.179757     74.095059
PG24 -16297.212591  -2269.201947  20341.508109    193.388413
PG25 -19721.623145  17524.999466   -121.657592    391.544253
PG26   6338.839726  15685.769300 -20646.911382   -391.792819
PG28   4558.920629  26133.797156    991.073927   -422.881037
PG29 -15734.885636   8194.624438 -19846.420851   -249.046304
PG30   -839.944320 -25811.370751  -5399.619373    353.393645
PG31  10115.196797  22662.539104  -9352.743956   -122.906960
*  2026  9  5  5 35  0.00000000
PG04  22635.632560  -1480.095491 -13937.848740     64.730918
PG05 -17919.263329  -1120.435401 -19749.597842   -236.539149
PG06  -5056.483474 -25969.013365   -977.944828   -532.003743
PG07   8124.060182 -18609.156494 -16289.413401   -221.829680
PG09  14036.211477 -10246.793735 -20219.655722    685.743325
PG11 -11733.183283 -20508.115138 -12156.893318   -219.855743
PG13 -21654.950730   7658.735440  13281.584167    438.141653
PG14   8557.957387 -20751.063055  14054.976478    749.974536
PG15 -26217.290511  -1512.536617   3450.663627    442.179672
PG17    985.924033 -15972.260192  21524.613463   -197.317541
PG18  -7407.919502  19880.711546 -15723.947359   -263.698202
PG19 -11956.630604 -17827.117762  15964.107073    704.955571
PG20 -23985.777363 -10593.950746  -4129.006178    278.309687
PG21  -9366.604697 -11882.332516 -21823.807727    369.438964
PG22   2684.341135 -18646.552535  19159.577168     74.097818
PG24 -16508.066273  -3051.326120  20085.177232    193.393588
PG25 -19774.344057  17429.389637    827.755662    391.543201
PG26   5781.077284  16219.979284 -20380.755763   -391.793228
PG28   4465.562374  26096.571676   1943.093029   -422.877804
PG29 -16404.178902   7865.375009 -19437.937158   -249.044048
PG30   -685.742982 -25604.342853  -6304.714579    353.397371
PG31  10082.332320  23002.242514  -8482.428687   -122.906233
*  2026  9  5  5 40  0.00000000
PG04  23099.715828  -1249.707947 -13185.470443     64.731000
PG05 -17403.495522  -1661.924324 -20171.337991   -236.539330
PG06  -4996.392702 -26001.386622     -6.418493   -532.000504
PG07   8332.316913 -17964.484697 -16885.799318   -221.830703
PG09  14750.389723 -10001.904070 -19830.541180    685.740678
PG11 -11738.943187 -20963.107539 -11355.574652   -219.852152
PG13 -21325.185811   7246.390195  14021.069983    438.143114
PG14   9006.511366 -21030.026440  13326.168330    749.974468
PG15 -26336.098066  -1630.619149   2518.007312    442.180349
PG17   1737.025768 -15698.441035  21689.022757   -197.318862
PG18  -7578.828401  19283.978839 -16378.276911   -263.695497
PG19 -11373.473834 -17623.557674  16585.722511    704.955605
PG20 -23792.234429 -10620.914526  -5061.268763    278.312361
PG21  -8734.764528 -12421.631498 -21784.378445    369.436580
PG22   3266.618365 -19033.939669  18683.548207     74.099960
PG24 -16727.728799  -3819.390130  19788.683720    193.398765
PG25 -19802.556138  17309.798274   1775.549246    391.542142
PG26   5238.567808  16755.394611 -20076.112230   -391.793602
PG28   4363.420700  26026.067403   2891.386031   -422.874601
PG29 -17064.157609   7554.022948 -18992.504983   -249.041986
PG30   -520.796072 -25366.501453  -7197.485604    353.401114
PG31  10049.043620  23310.099721  -7595.776706   -122.905225
*  2026  9  5  5 45  0.00000000
PG04  23540.647113  -1037.345194 -12408.036660     64.731105
PG05 -16887.373815  -2223.652197 -20555.037212   -236.539444
PG06  -4929.685226 -25998.718242    965.120146   -531.997258
PG07   8556.219335 -17301.306538 -17447.820639   -221.831562
PG09  15454.058271  -9773.894323 -19403.896498    685.738027
PG11 -11747.127154 -21387.753888 -10532.548522   -219.848530
PG13 -20983.253682   6808.895507  14733.620019    438.144571
PG14   9430.010111 -21297.483110  12571.600604    749.974405
PG15 -26421.789628  -1741.866794   1580.499021    442.181059
PG17   2497.465664 -15436.054028  21813.154419   -197.320124
PG18  -7765.169507  18666.743927 -17000.716731   -263.692833
PG19 -10765.545563 -17421.427793  17176.219986    704.955729
PG20 -23565.473823 -10641.778828  -5983.820341    278.315052
PG21  -8114.182449 -12970.484952 -21703.222235    369.434165
PG22   3827.491013 -19420.256880  18172.976099     74.102795
PG24 -16955.272454  -4571.873136  19452.685391    193.403944
PG25 -19807.239544  17165.309388   2719.864903    391.541114
PG26   4712.082890  17290.532608 -19733.504036   -391.794001
PG28   4251.197772  25922.799539   3834.134494   -422.871367
PG29 -17713.111095   7260.571043 -18510.983554   -249.039686
PG30   -344.015982 -25098.663459  -8076.179304    353.404858
PG31  10013.947397  23585.649449  -6694.474657   -122.904362
*  2026  9  5  5 50  0.00000000
PG04  23957.043685   -842.266489 -11607.033448     64.731187
PG05 -16372.500278  -2804.809926 -20899.981329   -236.539739
PG06  -4854.934714 -25961.346906   1934.793675   -531.994003
PG07   8796.179844 -16621.324232 -17974.309730   -221.832723
PG09  16145.487370  -9562.589154 -18940.529144    685.735376
PG11 -11756.388270 -21781.382587  -9689.394921   -219.844932
PG13 -20630.734950   6346.381267  15417.858169    438.146038
PG14   9828.358207 -21551.908638  11792.710101    749.974330
PG15 -26474.084636  -1847.581274    639.951733    442.181978
PG17   3265.682869 -15185.862336  21896.816068   -197.321558
PG18  -7967.538173  18030.618542 -17590.070369   -263.690170
PG19 -10133.761138 -17222.033404  17734.451046    704.955896
PG20 -23305.576368 -10657.960978  -6894.888284    278.317723
PG21  -7506.137902 -13527.580944 -21580.490126    369.431822
PG22   4366.269875 -19804.023866  17628.805584     74.105717
PG24 -17189.696671  -5307.325831  19077.919866    193.409129
PG25 -19789.449048  16995.090398   3658.846860    391.540082
PG26   4202.308363  17823.875441 -19353.526886   -391.794374
PG28   4127.635093  25787.386551   4769.530708   -422.868133
PG29 -18349.346809   6984.921566 -17994.299541   -249.037559
PG30   -154.370781 -24801.739076  -8939.068755    353.408606
PG31   9975.645527  23828.537032  -5780.242535   -122.903418
*  2026  9  5  5 55  0.00000000
PG04  24347.591847   -663.647221 -10783.990186     64.731255
PG05 -15860.436324  -3404.492233 -21205.528402   -236.539574
PG06  -4770.743924 -25889.724445   2900.729404   -531.990748
PG07   9052.511861 -15926.288077 -18464.174353   -221.833532
PG09  16822.973739  -9367.714086 -18441.315280    685.732720
PG11 -11765.350909 -22143.426416  -8827.731186   -219.841348
PG13 -20269.218102   5859.083330  16072.462241    438.147476
PG14  10201.562137 -21791.795519  10990.983776    749.974245
PG15 -26492.808725  -1949.083191   -301.823844    442.182831
PG17   4040.076668 -14948.540559  21939.888304   -197.323275
PG18  -8186.435404  17377.266076 -18145.207934   -263.687519
PG19  -9479.127594 -17026.633591  18259.323841    704.955768
PG20 -23012.733100 -10670.879189  -7792.721300    278.320426
PG21  -6911.833706 -14091.541163 -21416.412846    369.429406
PG22   4882.360911 -20183.733392  17052.041354     74.108436
PG24 -17429.932840  -6024.375864  18665.202384    193.414303
PG25 -19750.308990  16798.396747   4590.645745    391.539041
PG26   3709.841900  18353.876070 -18936.848254   -391.794759
PG28   3991.519765  25620.547411   5695.781184   -422.864925
PG29 -18971.196997   6726.877409 -17443.445251   -249.035541
PG30     49.110267 -24476.727980  -9784.456916    353.412274
PG31   9932.731864  24038.515844  -4854.830453   -122.902496
*  2026  9  5  6  0  0.00000000
PG04  24711.052267   -500.583271  -9940.476683     64.731340
PG05 -15352.696445  -4021.700768 -21471.109814   -236.539535
PG06  -4675.751606 -25784.413663   3861.063081   -531.987493
PG07   9325.427557 -15217.988930 -18916.400466   -221.834430
PG09  17484.847189  -9188.897221 -17907.198176    685.730054
PG11 -11772.617300 -22473.424372  -7949.208882   -219.837759
PG13 -19900.292597   5347.343394  16696.166583    438.148952
PG14  10549.729596 -22015.659991  10167.955933    749.974165
PG15 -26477.894005  -2047.705391  -1243.022771    442.183657
PG17   4819.012380 -14724.672293  21942.324654   -197.324444
PG18  -8422.265080  16708.394748 -18665.068259   -263.684852
PG19  -8802.740456 -16836.435620  18749.805372    704.955707
PG20 -22687.244922 -10681.945714  -8675.592851    278.323137
PG21  -6332.391532 -14660.926362 -21211.300411    369.427050
PG22   5375.266907 -20557.857419  16443.746404     74.111087
PG24 -17674.849428  -6721.732866  18215.423444    193.419484
PG25 -19691.007904  16574.576140   5513.422520    391.537999
PG26   3235.190971  18878.964380 -18484.206561   -391.795174
PG28   3841.690557  25423.098423   6611.110105   -422.861725
PG29 -19577.025286   6486.143637 -16859.476710   -249.033276
PG30    267.331451 -24124.715110 -10610.680229    353.416012
PG31   9883.799114  24215.448282  -3920.015310   -122.901616
*  2026  9  5  6  5  0.00000000
PG04  25046.264998   -352.095706  -9078.100217     64.731447
PG05 -14850.742168  -4655.347612 -21696.231230   -236.539461
PG06  -4568.639247 -25646.085696   4813.942583   -531.984250
PG07   9615.036091 -14498.250487 -19330.054795   -221.835353
PG09  18129.477128  -9025.671378 -17339.186496    685.727395
PG11 -11776.774189 -22771.023056  -7055.510621   -219.834162
PG13 -19525.541964   4811.608416  17287.764594    438.150417
PG14  10873.068354 -22222.048780   9325.205301    749.974087
PG15 -26429.378896  -2144.786324  -2181.849312    442.184841
PG17   5600.827382 -14514.748079  21904.151401   -197.325736
PG18  -8675.331625  16025.750596 -19148.660914   -263.682202
PG19  -8105.780147 -16652.589524  19204.923654    704.955859
PG20 -22329.521816 -10692.560029  -9541.804510    278.325828
PG21  -5768.847745 -15234.242070 -20965.541571    369.424683
PG22   5844.588768 -20924.853342  15805.040301     74.113736
PG24 -17923.257382  -7398.193055  17729.546289    193.424680
PG25 -19612.792842  16323.072402   6425.352436    391.536945
PG26   2778.771188  19397.553455 -17996.410220   -391.795541
PG28   3677.043756  25195.949643   7513.762750   -422.858528
PG29 -20165.233144   6262.329474 -16243.511631   -249.031108
PG30    501.125665 -23746.866063 -11416.112162    353.419737
PG31   9827.445762  24359.306287  -2977.597365   -122.900854
*  2026  9  5  6 10  0.00000000
PG04  25352.154182   -217.135787  -8198.502519     64.731525
PG05 -14355.976251  -5304.259158 -21880.473443   -236.539831
PG06  -4448.137620 -25475.516914   5757.531570   -531.981000
PG07   9921.342367 -13768.921398 -19704.287185   -221.836298
PG09  18755.278904  -8877.476646 -16738.352473    685.724754
PG11 -11776.399575 -23035.977618  -6148.346838   -219.830588
PG13 -19146.536938   4252.429569  17846.111129    438.151883
PG14  11171.884672 -22409.545757   8464.351993    749.973951
PG15 -26347.407526  -2241.663441  -3116.520283    442.185422
PG17   6383.837223 -14319.163751  21825.467320   -197.326803
PG18  -8945.838141  15331.110324 -19595.068056   -263.679515
PG19  -7389.508046 -16476.182926  19623.769806    704.955900
PG20 -21940.081579 -10704.102083 -10389.689279    278.328532
PG21  -5222.149615 -15809.944559 -20679.603092    369.422308
PG22   6290.026411 -21283.170299  15137.097369     74.116422
PG24 -18173.915779  -8052.643418  17208.604238    193.429844
PG25 -19516.963434  16043.428904   7324.628966    391.535895
PG26   2340.905034  19908.045970 -17474.336537   -391.795928
PG28   3496.538756  24940.100920   8402.008876   -422.855295
PG29 -20734.266190   6054.950692 -15596.727286   -249.028710
PG30    751.249772 -23344.422154 -12199.166676    353.423462
PG31   9762.283019  24470.171390  -2029.396722   -122.899806
*  2026  9  5  6 15  0.00000000
PG04  25627.732402    -94.590269  -7303.356698     64.731606
PG05 -13869.737136  -5967.180349 -22023.493082   -236.539800
PG06  -4313.033114 -25273.585383   6690.013093   -531.977772
PG07  10244.246325 -13031.867267 -20038.332713   -221.837161
PG09  19360.719981  -8743.663338 -16105.829980    685.722086
PG11 -11770.069483 -23268.152253  -5229.452515   -219.826980
PG13 -18764.828669   3670.460752  18370.124784    438.153339
PG14  11446.581293 -22576.778463   7587.054360    749.973834
PG15 -26232.228706  -2339.666639  -4045.268318    442.186476
PG17   7166.341827 -14138.219172  21706.443309   -197.328300
PG18  -9233.884998  14626.274049 -20003.446115   -263.676854
PG19  -6655.262184 -16308.236105  20005.500056    704.956112
PG20 -21519.548118 -10717.925632 -11217.614851    278.331223
PG21  -4693.151927 -16386.447050 -20354.028896    369.419895
PG22   6711.379264 -21631.255539  14441.144795     74.118996
PG24 -18425.537711  -8684.065435  16653.697890    193.435020
PG25 -19404.865691  15735.291574   8209.467746    391.534827
PG26   1921.820993  20408.840681 -16918.930469   -391.796302
PG28   3299.203393  24656.637559   9274.146044   -422.852069
PG29 -21282.620331   5863.432408 -14920.358264   -249.026743
PG30   1018.380317 -22918.695144 -12958.301607    353.427179
PG31   9686.941739  24548.234304  -1077.249738   -122.898784
*  2026  9  5  6 20  0.00000000
PG04  25872.104687     16.713023  -6394.364121     64.731672
PG05 -13393.293692  -6642.779269 -22125.023197   -236.539810
PG06  -4162.173806 -25041.266900   7609.593160   -531.974504
PG07  10583.542767 -12288.962589 -20331.513544   -221.838083
PG09  19944.325903  -8623.495333 -15442.812480    685.719427
PG11 -11756.364755 -23467.520240  -4300.583874   -219.823396
PG13 -18381.942025   3066.456640  18858.790055    438.154810
PG14  11697.654988 -22722.424478   6695.005746    749.973758
PG15 -26084.194480  -2440.111801  -4966.345045    442.187241
PG17   7946.631740 -13972.117374  21547.321924   -197.329883
PG18  -9539.468911  13913.057968 -20373.027316   -263.674195
PG19  -5904.452614 -16149.697350  20349.337652    704.956045
PG20 -21068.649291 -10735.351695 -12023.986801    278.334020
PG21  -4182.613995 -16962.126115 -19989.439049    369.417513
PG22   7108.546376 -21967.560818  13718.460661     74.121362
PG24 -18676.796347  -9291.538353  16065.992198    193.440213
PG25 -19277.885601  15398.411438   9078.110477    391.533794
PG26   1521.653080  20898.338972 -16331.203247   -391.796685
PG28   3084.138963  24346.725639  10128.502900   -422.848861
PG29 -21808.847684   5687.112271 -14215.694144   -249.024852
PG30   1303.109604 -22471.061655 -13692.021961    353.430882
PG31   9600.079307  24593.794027   -123.005355   -122.898156
*  2026  9  5  6 25  0.00000000
PG04  26084.472131    117.999382  -5473.251250     64.731775
PG05 -12927.840261  -7329.652048 -22184.873721   -236.540295
PG06  -3994.475265 -24779.630633   8514.504240   -531.971277
PG07  10938.921719 -11542.082638 -20583.240550   -221.839191
PG09  20504.686035  -8516.153799 -14750.550880    685.716771
PG11 -11733.877814 -23634.163529  -3363.515038   -219.819797
PG13 -17999.369027   2441.270305  19311.159378    438.156274
PG14  11925.693696 -22845.217600   5789.931137    749.973651
PG15 -25903.758273  -2544.294441  -5878.024176    442.188195
PG17   8722.994419 -13820.964097  21348.416814   -197.331286
PG18  -9862.482481  13193.286981 -20703.121029   -263.671551
PG19  -5138.556447 -16001.438601  20654.574679    704.955854
PG20 -20588.214313 -10757.662162 -12807.251714    278.336704
PG21  -3691.197099 -17535.328259 -19586.528599    369.415114
PG22   7481.526125 -22290.548799  12970.371893     74.124451
PG24 -18926.331165  -9874.241986  15446.713429    193.445397
PG25 -19137.442531  15032.646709   9928.828795    391.532748
PG26   1140.440785  21374.951454 -15712.230843   -391.797077
PG28   2850.524937  24011.607000  10963.442383   -422.845669
PG29 -22311.562290   5525.244019 -13484.077067   -249.022596
PG30   1605.942158 -22002.957301 -14398.883103    353.434608
PG31   9500.386431  24607.256485    831.478627   -122.897075
*  2026  9  5  6 30  0.00000000
PG04  26264.135125    210.541178  -4541.766436     64.731863
PG05 -12474.492032  -8026.328080 -22202.931798   -236.540114
PG06  -3808.926047 -24489.834360   9403.008698   -531.968023
PG07  11309.969331 -10793.095386 -20793.014653   -221.840153
PG09  21040.459051  -8420.741268 -14030.351271    685.714117
PG11 -11701.219390 -23768.271888  -2420.034659   -219.816200
PG13 -17618.562442   1795.850396  19726.355028    438.157741
PG14  12131.373243 -22943.953803   4873.583735    749.973560
PG15 -25691.472645  -2653.483485  -6778.604490    442.188914
PG17   9493.720516 -13684.767736  21110.112068   -197.332780
PG18 -10202.714213  12468.787311 -20993.114957   -263.668877
PG19  -4359.112601 -15864.251416  20920.573773    704.956160
PG20 -20079.170732 -10786.093575 -13565.900230    278.339401
PG21  -3219.462351 -18104.376647 -19146.066276    369.412731
PG22   7830.415532 -22598.699439  12198.252134     74.126592
PG24 -19172.754310 -10431.459030  14797.146031    193.450581
PG25 -18984.982473  14637.964389  10759.928097    391.531697
PG26    778.129426  21837.104566 -15063.152309   -391.797455
PG28   2597.623327  23652.593918  11777.364875   -422.842448
PG29 -22789.445564   5377.001401 -12726.899222   -249.020273
PG30   1927.291582 -21515.870576 -15077.493839    353.438282
PG31   9386.593831  24589.132700   1784.339344   -122.896287
*  2026  9  5  6 35  0.00000000
PG04  26410.496187    295.651626  -3601.676688     64.731942
PG05 -12034.280752  -8731.275529 -22179.161987   -236.540064
PG06  -3604.592868 -24173.119366  10273.402169   -531.964780
PG07  11696.169295 -10043.853467 -20960.427911   -221.841289
PG09  21550.378150  -8336.286064 -13283.572582    685.711453
PG11 -11657.025164 -23870.141598  -1471.942535   -219.812599
PG13 -17240.929554   1131.237906  20103.570889    438.159236
PG14  12315.453675 -23017.496960   3947.741441    749.973477
PG15 -25447.986662  -2768.915218  -7666.412729    442.189872
PG17  10257.110153 -13563.439677  20832.861459   -197.334303
PG18 -10559.849015  11741.379140 -21242.476139   -263.666226
PG19  -3567.716248 -15738.843268  21146.769728    704.956005
PG20 -19542.540996 -10821.831118 -14298.470009    278.342119
PG21  -2767.869000 -18667.577955 -18668.893039    369.410355
PG22   8155.409179 -22890.516332  11403.519542     74.129324
PG24 -19414.657046 -10962.576910  14118.629412    193.455780
PG25 -18821.971167  14214.441386  11569.751308    391.530641
PG26    434.570916  22283.247170 -14385.167958   -391.797822
PG28   2324.782700  23271.063500  12568.711271   -422.839228
PG29 -23241.251478   5241.482437 -11945.600246   -249.018342
PG30   2267.477845 -21011.336499 -15726.519374    353.441984
PG31   9257.478779  24540.036499   2733.712696   -122.895314
*  2026  9  5  6 40  0.00000000
PG04  26523.062378    374.678383  -2654.764409     64.732004
PG05 -11608.150806  -9442.907088 -22113.606334   -236.540260
PG06  -3380.625419 -23830.804978  11124.016840   -531.961531
PG07  12096.904804  -9296.186248 -21085.164342   -221.842193
PG09  22033.255974  -8261.747049 -12511.624123    685.708790
PG11 -11599.962315 -23940.173714   -521.046210   -219.809018
PG13 -16867.826158    448.562530  20442.074074    438.160692
PG14  12478.775210 -23064.784280   3014.203270    749.973413
PG15 -25174.042903  -2891.787414  -8539.806382    442.190832
PG17  11011.479161 -13456.795044  20517.187600   -197.335685
PG18 -10933.469159  11012.869311 -21450.751803   -263.663543
PG19  -2766.013014 -15625.834204  21332.670988    704.956114
PG20 -18979.438612 -10866.002838 -15003.548608    278.344806
PG21  -2336.773186 -19223.229309 -18155.920490    369.407964
PG22   8456.797744 -23164.532980  10587.634519     74.131870
PG24 -19650.616273 -11467.089132  13412.554639    193.460962
PG25 -18649.887133  13762.265129  12356.682568    391.529593
PG26    109.524948  22711.857089 -13679.537412   -391.798194
PG28   2031.441810  22868.451817  13335.965969   -422.836032
PG29 -23665.811456   5117.714006 -11141.664543   -249.015861
PG30   2626.724984 -20490.930082 -16344.684151    353.445685
PG31   9111.871464  24460.681766   3677.737227   -122.894278
*  2026  9  5  6 45  0.00000000
PG04  26601.447291    448.997006  -1702.824114     64.732087
PG05 -11196.955666 -10159.585990 -22006.384317   -236.540540
PG06  -3136.260826 -23464.282809  11953.224660   -531.958176
PG07  12511.460997  -8551.892039 -21167.000467   -221.842980
PG09  22487.989211  -8196.018683 -11715.963049    685.706150
PG11 -11528.735926 -23978.871893    430.842430   -219.805413
PG13 -16500.550789   -250.961371  20741.206415    438.162147
PG14  12622.253823 -23084.831453   2074.785704    749.973331
PG15 -24870.474125  -3023.253676  -9397.176380    442.191914
PG17  11755.165252 -13364.553830  20163.681017   -197.336845
PG18 -11323.055710  10285.044113 -21617.570022   -263.660853
PG19  -1955.692923 -15525.753874  21477.861027    704.956273
PG20 -18391.063924 -10919.674122 -15679.776255    278.347494
PG21  -1926.427150 -19769.625284 -17608.129143    369.405551
PG22   8734.966138 -23419.318982   9752.097359     74.134725
PG24 -19879.201082 -11944.596155  12680.361077    193.466155
PG25 -18470.214641  13281.733686  13119.150850    391.528582
PG26   -197.339414  23121.447584 -12947.577501   -391.798581
PG28   1717.132843  22446.247797  14077.659777   -422.832822
PG29 -24062.038950   5004.656739 -10316.618533   -249.013911
PG30   3005.159266 -19956.259611 -16930.774546    353.449386
PG31   8948.661150  24351.879246   4614.558019   -122.893398
*  2026  9  5  6 50  0.00000000
PG04  26645.372611    520.004294   -747.659127     64.732168
PG05 -10801.454738 -10879.632227 -21857.692666   -236.540441
PG06  -2870.827706 -23075.010691  12759.440449   -531.955052
PG07  12939.027920  -7812.730481 -21205.805596   -221.844116
PG09  22913.562861  -8137.936358 -10898.091720    685.703492
PG11 -11442.095237 -23986.839811   1381.910566   -219.801813
PG13 -16140.339213   -966.039177  21000.385793    438.163612
PG14  12746.876496 -23076.737469   1131.318982    749.973254
PG15 -24538.199584  -3164.417995 -10236.949671    442.192546
PG17  12486.534109 -13286.342424  19772.999115   -197.338073
PG18 -11727.990414   9559.662186 -21742.640225   -263.658202
PG19  -1138.484130 -15439.038952  21581.999590    704.956123
PG20 -17778.699528 -10983.842459 -16325.848534    278.350178
PG21  -1536.978893 -20305.064932 -17026.566570    369.403142
PG22   8990.391269 -23653.486106   8898.445830     74.137504
PG24 -20098.979305 -12394.805782  11923.532980    193.471341
PG25 -18284.436664  12773.255372  13855.633478    391.527533
PG26   -486.441729  23510.573721 -12190.660025   -391.798948
PG28   1381.484250  22005.986917  14792.372725   -422.829619
PG29 -24428.933688   4901.210192  -9472.027825   -249.011854
PG30   3402.807788 -19408.959815 -17483.641434    353.453077
PG31   8766.802092  24214.532921   5542.330615   -122.892831
*  2026  9  5  6 55  0.00000000
PG04  26654.669238    589.111543    208.921726     64.732270
PG05 -10422.310606 -11601.328966 -21667.805048   -236.540720
PG06  -2583.749822 -22664.506366  13541.124913   -531.951805
PG07  13378.703949  -7080.415167 -21201.541837   -221.845185
PG09  23309.054153  -8086.282009 -10059.554990    685.700817
PG11 -11338.839716 -23964.778166   2330.347844   -219.798231
PG13 -15788.359213  -1695.300771  21219.107321    438.165071
PG14  12853.696145 -23039.689087    185.643349    749.973176
PG15 -24178.221061  -3316.329565 -11057.591705    442.193369
PG17  13203.985369 -13221.695521  19345.865074   -197.339756
PG18 -12147.558024   8838.447580 -21825.753516   -263.655547
PG19   -316.146456 -15366.030957  21644.823820    704.956155
PG20 -17143.705337 -11059.432506 -16940.518947    278.352877
PG21  -1168.472300 -20827.858815 -16412.345399    369.400813
PG22   9223.639437 -23865.694218   8028.252684     74.140185
PG24 -20308.524041 -12817.533078  11143.596033    193.476513
PG25 -18094.027836  12237.347857  14564.659539    391.526491
PG26   -758.287779  23877.838606 -11410.209374   -391.799324
PG28   1024.223170  21549.244707  15478.736786   -422.826406
PG29 -24765.585572   4806.218281  -8609.494320   -249.009801
PG30   3819.597543 -18850.684914 -18002.202593    353.456802
PG31   8565.319187  24049.635960   6459.224950   -122.891761
*  2026  9  5  7  0  0.00000000
PG04  26629.277967    657.737747   1165.107438     64.732355
PG05 -10060.086692 -12322.929128 -21437.071623   -236.540944
PG06  -2274.549324 -22234.340933  14296.787560   -531.948552
PG07  13829.499677  -6356.606516 -21154.263848   -221.846074
PG09  23673.636088  -8039.789953  -9201.937405    685.698150
PG11 -11217.824907 -23913.481288   3274.349767   -219.794631
PG13 -15445.705682  -2437.305641  21396.944379    438.166541
PG14  12943.826246 -22972.964935   -760.394732    749.973109
PG15 -23791.618580  -3479.977863 -11857.608804    442.194415
PG17  13905.958482 -13170.058400  18883.066643   -197.340903
PG18 -12580.949071   8123.082995 -21866.782839   -263.652883
PG19    509.535244 -15306.974490  21666.149239    704.956188
PG20 -16487.513319 -11147.291485 -17522.601377    278.355602
PG21   -820.847713 -21336.336001 -15766.641198    369.398436
PG22   9435.363354 -24054.657055   7143.123102     74.142409
PG24 -20506.420127 -13212.699809  10342.113874    193.481714
PG25 -17900.447460  11674.636762  15244.813186    391.525454
PG26  -1013.466764  24221.899468 -10607.700009   -391.799692
PG28    645.177409  21077.630106  16135.438484   -422.823175
PG29 -25071.178214   4718.474962  -7730.653262   -249.007670
PG30   4255.354948 -18283.101610 -18485.444961    353.460498
PG31   8343.313330  23858.266272   7363.429266   -122.891007
*  2026  9  5  7  5  0.00000000
PG04  26569.249723    727.302764   2119.088136     64.732417
PG05  -9715.245345 -13042.662110 -21165.918482   -236.541268
PG06  -1942.849543 -21786.132099  15024.989502   -531.945318
PG07  14290.342236  -5642.904942 -21064.118319   -221.847127
PG09  24006.580597  -7997.152949  -8326.860327    685.695491
PG11 -11077.968054 -23833.833370   4212.121067   -219.791027
PG13 -15113.396057  -3190.548292  21533.549490    438.168003
PG14  13018.435192 -22875.939218  -1704.946404    749.972996
PG15 -23379.545862  -3656.288003 -12635.550427    442.195197
PG17  14590.938410 -13130.789583  18385.454859   -197.342380
PG18 -13027.263048   7415.203226 -21865.682967   -263.650212
PG19   1336.757859 -15262.015906  21645.870590    704.956215
PG20 -15811.621936 -11248.184922 -18070.972428    278.358330
PG21   -493.942966 -21828.851007 -15090.690229    369.396024
PG22   9626.298824 -24219.147811   6244.692067     74.145239
PG24 -20691.270516 -13580.333434   9520.684591    193.486905
PG25 -17705.132590  11085.853767  15894.736811    391.524401
PG26  -1252.648123  24541.473543  -9784.653819   -391.800111
PG28    244.276997  20592.778686  16761.221410   -422.819961
PG29 -25344.992095   4636.730121  -6837.170229   -249.005380
PG30   4709.805839 -17707.882035 -18932.426731    353.464169
PG31   8099.966437  23641.581671   8253.154036   -122.889945
*  2026  9  5  7 10  0.00000000
PG04  26474.745354    799.220490   3069.058392     64.732507
PG05  -9388.146357 -13758.740619 -20854.846945   -236.541193
PG06  -1588.377344 -21321.537250  15724.346148   -531.942089
PG07  14760.080023  -4940.844364 -20931.343204   -221.847669
PG09  24307.261303  -7957.028449  -7435.978982    685.692834
PG11 -10918.253456 -23726.804340   5141.879052   -219.787409
PG13 -14792.366103  -3953.463947  21628.655030    438.169472
PG14  13078.740396 -22748.085022  -2646.164247    749.972920
PG15 -22943.225523  -3846.116397 -13390.011341    442.196419
PG17  15257.461169 -13103.163835  17853.942670   -197.343377
PG18 -13485.512001   6716.388854 -21822.490331   -263.647560
PG19   2163.706910 -15231.202413  21583.962534    704.956523
PG20 -15117.590300 -11362.792766 -18584.573639    278.361042
PG21   -187.494864 -22303.790641 -14385.787084    369.393659
PG22   9797.261065 -24358.004519   5334.621678     74.148226
PG24 -20861.702547 -13920.565644   8680.937210    193.492073
PG25 -17509.491231  10471.834223  16513.134082    391.523360
PG26  -1476.577971  24835.343751  -8942.637333   -391.800515
PG28   -178.444713  20096.345792  17354.888613   -422.816744
PG29 -25586.407327   4559.695650  -5930.738063   -249.003068
PG30   5182.575926 -17126.696697 -19342.279283    353.467855
PG31   7834.546125  23400.814685   9126.635837   -122.889169
*  2026  9  5  7 15  0.00000000
PG04  26346.034977    874.892051   4013.220529     64.732568
PG05  -9079.045917 -14469.367593 -20504.432734   -236.541304
PG06  -1210.965026 -20842.246387  16393.529775   -531.938859
PG07  15237.487813  -4251.886069 -20756.266701   -221.849112
PG09  24575.155871  -7918.045012  -6530.979450    685.690171
PG11 -10737.737548 -23593.445384   6061.856924   -219.783829
PG13 -14483.466067  -4724.434522  21682.073796    438.170936
PG14  13126.002183 -22588.977181  -3582.206131    749.972825
PG15 -22483.944043  -4050.246725 -14119.633667    442.197196
PG17  15904.119171 -13086.375524  17289.503484   -197.344777
PG18 -13954.624504   6028.160189 -21737.322685   -263.644894
PG19   2988.563531 -15214.481624  21480.480191    704.956000
PG20 -14407.032080 -11491.705878 -19062.413576    278.363752
PG21     98.858893 -22759.580738 -13653.282206    369.391214
PG22   9949.140716 -24470.135198   4414.598395     74.150561
PG24 -21016.374073 -14233.630462   7824.528190    193.497266
PG25 -17314.895690   9833.514291  17098.772840    391.522312
PG26  -1686.075186  25102.364121  -8083.258812   -391.800904
PG28   -622.850390  19589.999604  17915.304882   -422.813532
PG29 -25794.906017   4486.051696  -5013.073770   -249.001421
PG30   5673.191725 -16541.207459 -19714.208939    353.471518
PG31   7546.410019  23137.267018   9982.141210   -122.888470
*  2026  9  5  7 20  0.00000000
PG04  26183.496884    955.699058   4949.787903     64.732653
PG05  -8788.096015 -15172.743178 -20115.325028   -236.541539
PG06   -810.551755 -20349.974946  17031.271988   -531.935611
PG07  15721.272217  -3577.412971 -20539.305989   -221.849839
PG09  24809.847934  -7878.808857  -5613.575574    685.687514
PG11 -10535.553669 -23434.884147   6970.307069   -219.780236
PG13 -14187.457231  -5501.794829  21693.699396    438.172395
PG14  13161.517481 -22398.294716  -4511.239055    749.972735
PG15 -22003.046525  -4269.386219 -14823.108843    442.197895
PG17  16529.566357 -13079.542303  16693.169622   -197.346541
PG18 -14433.450008   5351.971515 -21610.378605   -263.642228
PG19   3809.511499 -15211.701555  21335.559534    704.956175
PG20 -13681.609175 -11635.422934 -19503.569786    278.366463
PG21    365.577353 -23194.692732 -12894.579295    369.388824
PG22  10082.899523 -24554.522754   3486.330230     74.153343
PG24 -21153.979419 -14519.861929   6953.137915    193.502427
PG25 -17122.676098   9171.927605  17650.487838    391.521268
PG26  -1882.027138  25341.464956  -7208.165224   -391.801292
PG28  -1088.698526  19075.414174  18441.398905   -422.810279
PG29 -25970.074217   4414.453045  -4085.915360   -248.999164
PG30   6181.081929 -15953.060576 -20047.498548    353.475200
PG31   7235.009650  22852.303702  10817.970460   -122.887609
*  2026  9  5  7 25  0.00000000
PG04  25987.616012   1042.996947   5876.988171     64.732729
PG05  -8515.344286 -15867.071740 -19688.245379   -236.541698
PG06   -387.184527 -19846.456537  17636.366040   -531.932379
PG07  16210.077471  -2918.724287 -20280.965733   -221.850663
PG09  25011.028594  -7837.910523  -4685.505828    685.684866
PG11 -10310.916515 -23252.319630   7865.504295   -219.776702
PG13 -13905.008864  -6283.839006  21663.506488    438.173867
PG14  13186.613355 -22175.822813  -5431.442983    749.972642
PG15 -21501.931261  -4504.162301 -15499.179466    442.198739
PG17  17132.523103 -13081.709121  16066.030699   -197.347474
PG18 -14920.763536   4689.205633 -21441.936844   -263.639560
PG19   4624.744302 -15222.611083  21149.417608    704.956051
PG20 -12943.025192 -11794.347740 -19907.190623    278.369166
PG21    613.213525 -23607.650061 -12111.132617    369.386383
PG22  10199.565719 -24610.229613   2551.543875     74.155949
PG24 -21273.255159 -14779.691380   6068.467220    193.507593
PG25 -16934.114154   8488.201491  18167.183319    391.520207
PG26  -2065.385106  25551.657686  -6319.039089   -391.801691
PG28  -1575.643686  18554.262447  18932.165305   -422.807058
PG29 -26111.603459   4343.535613  -3151.018668   -248.996732
PG30   6705.579256 -15363.879829 -20341.508894    353.478880
PG31   6899.893942  22547.346958  11632.461400   -122.886811
*  2026  9  5  7 30  0.00000000
PG04  25758.981983   1138.108425   6793.066535     64.732840
PG05  -8260.734300 -16550.568874 -19223.986510   -236.541782
PG06     58.981333 -19333.435644  18207.669030   -531.929127
PG07  16702.491504  -2277.030660 -19981.836361   -221.851765
PG09  25178.497483  -7793.931618  -3748.530117    685.682242
PG11 -10063.126243 -23047.016801   8745.749038   -219.773137
PG13 -13636.695593  -7068.827121  21591.550848    438.175328
PG14  13202.640406 -21921.454341  -6341.014661    749.972593
PG15 -20982.044143  -4755.119548 -16146.641048    442.199583
PG17  17711.780874 -13091.852533  15409.231916   -197.349362
PG18 -15415.270697   4041.168752 -21232.355517   -263.636880
PG19   5432.472187 -15246.860855  20922.352596    704.956130
PG20 -12193.018750 -11968.786967 -20272.496926    278.371867
PG21    842.411193 -23997.034362 -11304.444208    369.384006
PG22  10300.229129 -24636.402054   1611.981775     74.158363
PG24 -21372.985672 -15013.644345   5172.233927    193.512860
PG25 -16750.437109   7783.552756  18647.835423    391.519152
PG26  -2237.159371  25732.039422  -5417.595224   -391.802108
PG28  -2083.237222  18028.209319  19386.666549   -422.803831
PG29 -26219.291855   4271.923027  -2210.154125   -248.994762
PG30   7245.922715 -14775.259787 -20595.679924    353.482556
PG31   6540.712265  22223.869803  12423.993026   -122.886005
*  2026  9  5  7 35  0.00000000
PG04  25498.286723   1242.317065   7696.288945     64.732917
PG05  -8024.106306 -17221.468393 -18723.410989   -236.541633
PG06    527.682155 -18812.660293  18744.103974   -531.925879
PG07  17197.052265  -1653.449738 -19642.592129   -221.852538
PG09  25312.163382  -7745.451613  -2804.426537    685.679595
PG11  -9791.572220 -22820.300951   9609.370499   -219.769578
PG13 -13382.995208  -7854.991942  21477.969285    438.176792
PG14  13210.966069 -21635.190897  -7238.171392    749.972507
PG15 -20444.872924  -5022.717022 -16764.343655    442.200844
PG17  18266.206618 -13108.885306  14723.972272   -197.350192
PG18 -15915.613015   3409.085722 -20982.071152   -263.634213
PG19   6230.929190 -15284.004657  20654.743706    704.956236
PG20 -11433.356643 -12158.948337 -20598.783560    278.374565
PG21   1053.901316 -24361.491430 -10476.060978    369.381588
PG22  10386.036008 -24632.274243    669.399153     74.161563
PG24 -21452.008473 -15222.337067   4266.169425    193.518052
PG25 -16572.812017   7059.283055  19091.494420    391.518095
PG26  -2398.414033  25881.797142  -4505.577378   -391.802512
PG28  -2610.928424  17498.904734  19804.034721   -422.800648
PG29 -26293.044772   4198.233262  -1265.103520   -248.992639
PG30   7801.260326 -14188.759223 -20809.531786    353.486233
PG31   6157.217022  21883.389419  13190.989113   -122.885312
*  2026  9  5  7 40  0.00000000
PG04  25206.321668   1356.861059   8584.945275     64.732983
PG05  -7805.198416 -17878.029259 -18187.449773   -236.541667
PG06   1018.546371 -18285.874751  19244.661727   -531.922634
PG07  17692.254271  -1049.002241 -19263.988987   -221.853564
PG09  25412.044394  -7691.054673  -1854.988086    685.676932
PG11  -9495.736391 -22573.551816  10454.729745   -219.765975
PG13 -13144.286907  -8640.545826  21322.979385    438.178256
PG14  13212.967844 -21317.143377  -8121.154782    749.972437
PG15 -19891.941357  -5307.325952 -17351.193460    442.201523
PG17  18794.746869 -13131.661290  14011.502692   -197.351708
PG18 -16420.373524   2794.095650 -20691.597580   -263.631570
PG19   7018.380091 -15333.501239  20347.050896    704.956281
PG20 -10665.826883 -12364.939243 -20885.420801    278.377291
PG21   1248.498060 -24699.736926  -9627.571736    369.379203
PG22  10458.183630 -24597.171928   -274.439023     74.163956
PG24 -21509.219279 -15406.472689   3352.015284    193.523236
PG25 -16402.340303   6316.773875  19497.286756    391.517050
PG26  -2550.261552  26000.211531  -3584.754766   -391.802912
PG28  -3158.066130  16967.976876  20183.473163   -422.797413
PG29 -26332.875076   4121.085303   -317.656728   -248.990648
PG30   8370.652242 -13605.894723 -20982.665692    353.489904
PG31   5749.265775  21527.460331  13931.921717   -122.884244
*  2026  9  5  7 45  0.00000000
PG04  24883.974566   1482.927167   9457.352457     64.733050
PG05  -7603.648226 -18518.542431 -17617.100640   -236.542116
PG06   1531.095437 -17754.812261  19708.402779   -531.919396
PG07  18186.555336   -464.608518 -18846.862244   -221.854414
PG09  25478.267672  -7629.336467   -902.019341    685.674278
PG11  -9175.196265 -22308.197480  11280.222730   -219.762363
PG13 -12920.849983  -9423.687717  21126.879093    438.179722
PG14  13210.026487 -20967.532063  -8988.234426    749.972354
PG15 -19324.803241  -5609.227792 -17906.154191    442.202324
PG17  19296.431559 -13158.980554  13273.124081   -197.353279
PG18 -16928.082623   2197.247895 -20361.524696   -263.628899
PG19   7793.127272 -15394.716586  19999.814407    704.956183
PG20  -9892.231671 -12586.765827 -21131.855584    278.380001
PG21   1427.094459 -25010.561795  -8760.604126    369.376814
PG22  10517.914650 -24530.515799  -1217.761112     74.166346
PG24 -21543.576818 -15566.837104   2431.519920    193.528403
PG25 -16240.052640   5557.481154  19864.416909    391.516005
PG26  -2693.857052  26086.660422  -2656.918513   -391.803331
PG28  -3723.900763  16437.025472  20524.257982   -422.794246
PG29 -26338.902931   4039.105810    630.391574   -248.988557
PG30   8953.074288 -13028.134508 -21114.764589    353.493587
PG31   5316.822890  21157.667415  14645.314572   -122.883660
*  2026  9  5  7 50  0.00000000
PG04  24532.225901   1621.644889  10311.857566     64.733133
PG05  -7418.994877 -19141.337606 -17013.426490   -236.541993
PG06   2064.745215 -17221.187859  20134.458904   -531.916154
PG07  18678.383451     98.914382 -18392.124065   -221.855524
PG09  25511.068699  -7558.910965     52.666899    685.671626
PG11  -8829.627492 -22025.708105  12084.283263   -219.758758
PG13 -12712.862974 -10202.610195  20890.046138    438.181202
PG14  13203.519196 -20586.686232  -9837.711542    749.972298
PG15 -18745.036391  -5928.612640 -18428.248484    442.203331
PG17  19770.377514 -13189.594749  12510.185290   -197.354791
PG18 -17437.224159   1619.498479 -19992.517071   -263.626224
PG19   8553.517445 -15466.926635  19613.654133    704.956302
PG20  -9114.380300 -12824.332519 -21337.612590    278.382844
PG21   1590.657729 -25292.837382  -7876.821484    369.374411
PG22  10566.511266 -24431.824481  -2158.791920     74.169030
PG24 -21554.107340 -15704.294511   1506.435302    193.533575
PG25 -16086.904194   4782.929550  20192.169052    391.514972
PG26  -2830.392410  26140.621836  -1723.878021   -391.803714
PG28  -4307.586807  15907.615231  20825.739410   -422.790934
PG29 -26311.355176   3950.935759   1577.245199   -248.986493
PG30   9547.421872 -12456.892502 -21205.593645    353.497260
PG31   4859.960683  20775.618773  15329.746382   -122.882718
*  2026  9  5  7 55  0.00000000
PG04  24152.144930   1774.080872  11146.840855     64.733204
PG05  -7250.681541 -19744.789817 -16377.553535   -236.542256
PG06   2618.807814 -16686.691294  20522.034673   -531.912912
PG07  19166.143776    640.855127 -17900.760796   -221.856518
PG09  25510.790119  -7478.417157   1007.253002    685.668992
PG11  -8458.806030 -21727.589493  12865.385895   -219.755175
PG13 -12520.403262 -10975.506582  20612.937291    438.182661
PG14  13194.812824 -20175.043281 -10667.922525    749.972197
PG15 -18154.236552  -6265.578033 -18916.559143    442.204122
PG17  20215.791624 -13222.212701  11724.081010   -197.355687
PG18 -17946.241702   1061.706906 -19585.312439   -263.623542
PG19   9297.948227 -15549.320423  19189.268799    704.956366
PG20  -8334.082054 -13077.442024 -21502.295177    278.385571
PG21   1740.224264 -25545.520213  -6977.919628    369.372025
PG22  10605.289195 -24300.717153  -3095.755854     74.171652
PG24 -21539.908828 -15819.782681    578.513731    193.538748
PG25 -15943.770234   3994.706414  20479.908522    391.513937
PG26  -2961.090147  26161.676601   -787.457252   -391.804125
PG28  -4908.185700  15381.269458  21087.343026   -422.787745
PG29 -26250.564264   3855.237024   2521.109751   -248.984448
PG30  10152.514280 -11893.522675 -21255.000552    353.500939
PG31   4378.860077  20382.938513  15983.853978   -122.881991
*  2026  9  5  8  0  0.00000000
PG04  23744.885379   1941.233584  11960.718737     64.733310
PG05  -7098.058326 -20327.325872 -15710.669366   -236.542296
PG06   3192.493880 -16152.980096  20870.408811   -531.909637
PG07  19648.225709   1160.609996 -17373.830138   -221.857335
PG09  25477.880134  -7386.525689   1959.919900    685.666333
PG11  -8062.609891 -21415.376529  13622.048737   -219.751579
PG13 -12343.447136 -11740.578034  20296.087473    438.184126
PG14  13185.257152 -19733.147382 -11477.242428    749.972128
PG15 -17554.011284  -6620.128126 -19370.230305    442.204976
PG17  20631.973667 -13255.506187  10916.249581   -197.357338
PG18 -18453.545001    524.633419 -19140.720052   -263.620871
PG19  10024.874512 -15641.003665  18727.434962    704.956479
PG20  -7553.139099 -13345.795782 -21625.586164    278.388281
PG21   1876.894327 -25767.656430  -6065.623578    369.369600
PG22  10635.591487 -24136.915777  -4026.880120     74.174154
PG24 -21500.154893 -15914.307976   -350.495339    193.543908
PG25 -15811.442148   3194.455468  20727.083075    391.512852
PG26  -3087.197169  26149.510524    150.509050   -391.804540
PG28  -5524.669133  14859.463863  21308.570830   -422.784513
PG29 -26156.966773   3750.698877   3460.195926   -248.982106
PG30  10767.099303 -11339.313681 -21262.915642    353.504600
PG31   3873.810751  19981.259461  16606.335356   -122.881141
*  2026  9  5  8  5  0.00000000
PG04  23311.680787   2124.028284  12751.946699     64.733368
PG05  -6960.385582 -20887.430596 -15014.020910   -236.542482
PG06   3784.915322 -15621.672797  21178.935425   -531.906397
PG07  20123.009990   1657.684250 -16812.458178   -221.858373
PG09  25412.890460  -7281.945380   2908.850516    685.663683
PG11  -7641.020455 -21090.626507  14352.836191   -219.747962
PG13 -12181.870311 -12496.040620  19940.108694    438.185587
PG14  13176.178253 -19261.647659 -12264.088353    749.972066
PG15 -16945.973842  -6992.173232 -19788.468513    442.205899
PG17  21018.318788 -13288.115895  10088.170729   -197.358631
PG18 -18957.516578      8.936683 -18659.618911   -263.618209
PG19  10732.814628 -15741.002738  18229.005825    704.956677
PG20  -6773.339425 -13628.994875 -21707.248444    278.390993
PG21   2001.826456 -25958.385857  -5141.684225    369.367186
PG22  10658.782217 -23940.246929  -4950.397939     74.177205
PG24 -21434.098340 -15988.940127  -1278.848399    193.549089
PG25 -15690.623863   2383.870239  20933.223949    391.511832
PG26  -3209.978359  26103.916125   1088.179196   -391.804937
PG28  -6155.922743  14343.620592  21489.002175   -422.781294
PG29 -26031.101497   3636.044378   4392.722806   -248.980083
PG30  11389.858192 -10795.483810 -21229.351818    353.508267
PG31   3345.210785  19572.215849  17195.952560   -122.880143
*  2026  9  5  8 10  0.00000000
PG04  22853.839532   2323.312295  13519.022162     64.733413
PG05  -6836.837607 -21423.652855 -14288.912269   -236.542460
PG06   4395.088462 -15094.342360  21447.045070   -531.903160
PG07  20588.875819   2131.692969 -16217.836304   -221.859510
PG09  25316.473859  -7163.429582   3852.233191    685.661046
PG11  -7194.123351 -20754.912390  15056.361601   -219.744422
PG13 -12035.448905 -13240.132339  19545.688847    438.187047
PG14  13168.871978 -18761.295909 -13026.922745    749.971979
PG15 -16331.737067  -7381.529753 -20170.543703    442.206814
PG17  21374.319608 -13318.657539   9241.363224   -197.360204
PG18 -19456.518439   -484.828073 -18142.955876   -263.615580
PG19  11420.356246 -15848.269055  17694.909864    704.956565
PG20  -5996.449855 -13926.541391 -21747.125452    278.393730
PG21   2116.231626 -26116.945675  -4207.874941    369.364794
PG22  10676.240046 -23710.643215  -5864.551804     74.180186
PG24 -21341.074396 -16044.806809  -2204.810920    193.554243
PG25 -15581.928709   1564.687272  21097.946715    391.510786
PG26  -3330.710080  26024.793901   2023.708431   -391.805359
PG28  -6800.750185  13835.102509  21628.294544   -422.777989
PG29 -25873.607126   3510.036631   5316.921143   -248.978095
PG30  12019.410922 -10263.176297 -21154.404304    353.511930
PG31   2793.565800  19157.436006  17751.534420   -122.879046
*  2026  9  5  8 15  0.00000000
PG04  22372.739564   2539.850606  14260.487261     64.733520
PG05  -6726.506728 -21934.611341 -13536.702450   -236.542050
PG06   5021.937601 -14572.509819  21674.245683   -531.899915
PG07  21044.207936   2582.361385 -15591.217997   -221.860412
PG09  25189.381251  -7029.782380   4788.265114    685.658431
PG11  -6722.108898 -20409.816022  15731.289810   -219.740856
PG13 -11903.860862 -13971.120056  19113.590341    438.188519
PG14  13164.597597 -18232.943874 -13764.256575    749.971910
PG15 -15712.907309  -7787.920470 -20515.790100    442.207685
PG17  21699.567968 -13345.728097   8377.382462   -197.361478
PG18 -19948.898871   -956.210470 -17591.743669   -263.612931
PG19  12086.161997 -15961.683824  17126.149280    704.956867
PG20  -5224.209150 -14237.840241 -21745.141459    278.396454
PG21   2221.367174 -26242.673693  -3265.988151    369.362387
PG22  10689.351722 -23448.144263  -6767.596740     74.182546
PG24 -21220.503587 -16083.088026  -3126.660324    193.559411
PG25 -15485.876714    738.679158  21220.951916    391.509761
PG26  -3450.673598  25912.153115   2955.252856   -391.805735
PG28  -7457.877568  13335.207748  21726.184185   -422.774761
PG29 -25685.219516   3371.484875   6231.036629   -248.975983
PG30  12654.321720  -9743.454975 -21038.250216    353.515614
PG31   2219.487596  18738.535100  18271.979133   -122.878389
*  2026  9  5  8 20  0.00000000
PG04  21869.822852   2774.321831  14974.931553     64.733600
PG05  -6628.407752 -22419.000079 -12758.802990   -236.542504
PG06   5664.298971 -14057.638178  21860.123351   -531.896673
PG07  21487.403640   3009.524683 -14933.915533   -221.861494
PG09  25032.458416  -6879.864572   5715.155753    685.655780
PG11  -6225.272106 -20056.921321  16376.339628   -219.737257
PG13 -11786.687831 -14687.306313  18644.648594    438.189984
PG14  13164.571615 -17677.540062 -14474.652421    749.971835
PG15 -15091.078416  -8210.975218 -20823.607025    442.208544
PG17  21993.756281 -13367.912168   7497.817974   -197.362585
PG18 -20432.999296  -1404.865943 -17007.058759   -263.610285
PG19  12728.974789 -16080.063164  16523.798258    704.956547
PG20  -4458.321249 -14562.201410 -21701.301714    278.399193
PG21   2318.530528 -26335.011207  -2317.831857    369.359967
PG22  10699.505504 -23152.897295  -7657.803600     74.185143
PG24 -21071.894268 -16105.010346  -4042.688867    193.564576
PG25 -15402.892372    -92.352593  21302.025503    391.508706
PG26  -3571.148467  25766.112120   3880.973369   -391.806136
PG28  -8125.958223  12845.164560  21782.486590   -422.771583
PG29 -25466.768569   3219.250380   7133.333143   -248.973820
PG30  13293.104846  -9237.300325 -20881.147956    353.519293
PG31   1623.692299  18317.107945  18756.256671   -122.877560
*  2026  9  5  8 25  0.00000000
PG04  21346.589575   3027.314528  15660.994652     64.733687
PG05  -6541.482749 -22875.593657 -11956.675472   -236.543209
PG06   6320.925073 -13551.126575  22004.342954   -531.893426
PG07  21916.879715   3413.127301 -14247.296594   -221.862387
PG09  24846.642313  -6712.599432   6631.130272    685.653139
PG11  -5704.012232 -19697.807480  16990.286198   -219.733653
PG13 -11683.417465 -15387.035997  18139.770372    438.191451
PG14  13169.961815 -17096.126166 -15156.727411    749.971761
PG15 -14467.825790  -8650.231916 -21093.459622    442.209617
PG17  22256.678508 -13383.788400   6604.290858   -197.364020
PG18 -20907.161158  -1830.556236 -16390.039155   -263.607633
PG19  13347.622789 -16202.163548  15889.001045    704.956660
PG20  -3700.448672 -14898.842640 -21615.692423    278.401885
PG21   2409.052757 -26393.505426  -1365.226145    369.357540
PG22  10708.084570 -22825.157255  -8533.462352     74.187822
PG24 -20894.844780 -16111.840990  -4951.206459    193.569736
PG25 -15333.302863   -926.584786  21341.039069    391.507661
PG26  -3693.405901  25586.898188   4799.039629   -391.806555
PG28  -8803.577801  12366.126485  21797.096827   -422.768370
PG29 -25219.174730   3052.252137   8022.095967   -248.971670
PG30  13934.230599  -8745.605911 -20683.436433    353.522965
PG31   1006.998017  17894.721933  19203.411017   -122.876563
*  2026  9  5  8 30  0.00000000
PG04  20804.592084   3299.323898  16317.368768     64.733763
PG05  -6464.606180 -23303.252125 -11131.828937   -236.543519
PG06   6990.489371 -13054.304748  22106.648637   -531.890155
PG07  22331.079221   3793.221739 -13532.780812   -221.863649
PG09  24632.957007  -6526.978213   7534.432929    685.650507
PG11  -5158.831904 -19334.042210  17571.963262   -219.730041
PG13 -11593.446161 -16068.702838  17599.931986    438.192913
PG14  13181.881529 -16489.833055 -15809.156053    749.971691
PG15 -13844.700550  -9105.137964 -21324.879498    442.210477
PG17  22488.230729 -13391.935986   5698.451150   -197.365373
PG18 -21369.732798  -2233.149453 -15741.882086   -263.604950
PG19  13941.024036 -16326.687568  15222.969857    704.956639
PG20  -2952.206100 -15246.892536 -21488.480567    278.404616
PG21   2494.291980 -26417.811453   -409.999655    369.355092
PG22  10716.460414 -22465.286504  -9392.885383     74.190153
PG24 -20689.045254 -16104.881825  -5850.543396    193.574892
PG25 -15277.336759  -1762.179872  21337.949861    391.506634
PG26  -3818.702173  25374.846865   5707.634014   -391.806948
PG28  -9489.259671  11899.167851  21769.989715   -422.765160
PG29 -24943.445119   2869.472308   8895.634981   -248.969579
PG30  14576.131517  -8269.175232 -20445.534114    353.526662
PG31    370.322020  17472.910111  19612.562223   -122.875689
*  2026  9  5  8 35  0.00000000
PG04  20245.428654   3590.748892  16942.801169     64.733866
PG05  -6396.590314 -23700.925571 -10285.817205   -236.543233
PG06   7671.591319 -12568.427819  22166.864151   -531.886928
PG07  22728.478130   4149.966876 -12791.836251   -221.864685
PG09  24392.509240  -6322.065371   8423.330460    685.647842
PG11  -4590.335800 -18967.175044  18120.265323   -219.726430
PG13 -11516.082203 -16730.755691  17026.177353    438.194371
PG14  13201.384178 -15859.876394 -16430.672919    749.971601
PG15 -13223.223808  -9575.051996 -21517.465279    442.211001
PG17  22688.411322 -13390.941188   4781.975110   -197.367002
PG18 -21819.076312  -2612.619652 -15063.841602   -263.602279
PG19  14508.190679 -16452.289982  14526.982593    704.956473
PG20  -2215.154182 -15605.394071 -21319.913556    278.407344
PG21   2575.626655 -26407.693819    546.013958    369.352648
PG22  10725.986273 -22073.754067 -10234.410799     74.193081
PG24 -20454.279038 -16085.463256  -6739.053026    193.580051
PG25 -15235.123194  -2597.293314  21292.800606    391.505601
PG26  -3948.272069  25130.400839   6604.955580   -391.807367
PG28 -10181.470586  11445.279640  21701.219854   -422.761947
PG29 -24640.669311   2669.961407   9752.287807   -248.967372
PG30  15217.208733  -7808.718993 -20167.937908    353.530321
PG31   -285.322540  17053.164434  19982.908280   -122.874801
*  2026  9  5  8 40  0.00000000
PG04  19670.737056   3901.889715  17536.096549     64.733967
PG05  -6336.190940 -24067.658336  -9420.236094   -236.543649
PG06   8362.761711 -12094.671419  22184.893043   -531.883664
PG07  23107.591779   4483.625829 -12025.975849   -221.865449
PG09  24126.483659  -6097.003485   9296.115424    685.645195
PG11  -3999.228905 -18598.730746  18634.149698   -219.722827
PG13 -11450.549308 -17371.704595  16419.615922    438.195830
PG14  13229.458110 -15207.551888 -17020.075190    749.971536
PG15 -12604.881086 -10059.245979 -21670.883086    442.212002
PG17  22857.320734 -13379.403879   3856.562452   -197.368198
PG18 -22253.574342  -2969.045985 -14357.226078   -263.599608
PG19  15048.232800 -16577.584021  13802.380395    704.956631
PG20  -1490.793577 -15973.308485 -21110.318729    278.410076
PG21   2654.448785 -26363.027567   1500.979574    369.350250
PG22  10737.990608 -21651.134446 -11056.405708     74.195480
PG24 -20190.423760 -16054.938072  -7615.114317    193.585218
PG25 -15206.691527  -3430.080970  21205.719120    391.504545
PG26  -4083.322429  24854.108331   7489.223999   -391.807764
PG28 -10878.626613  11005.365722  21590.921498   -422.758750
PG29 -24312.014780   2452.843201  10590.422919   -248.965130
PG30  15855.838481  -7364.852814 -19851.221894    353.534010
PG31   -958.830355  16636.929239  20313.726793   -122.873961
*  2026  9  5  8 45  0.00000000
PG04  19082.187965   4232.945758  18096.119289     64.734063
PG05  -6282.113337 -24402.592855  -8536.720547   -236.543697
PG06   9062.468321 -11634.127177  22160.718693   -531.880404
PG07  23466.981097   4794.563352 -11236.753816   -221.866497
PG09  23836.137714  -5851.017857  10151.109516    685.642558
PG11  -3386.314330 -18230.202831  19112.638455   -219.719256
PG13 -11395.990556 -17990.126576  15781.420468    438.197287
PG14  13267.021746 -14534.230189 -17576.225056    749.971443
PG15 -11991.116888 -10556.907650 -21784.866933    442.213270
PG17  22995.160860 -13355.944051   2923.933503   -197.369801
PG18 -22671.636785  -3302.611402 -13623.395641   -263.596919
PG19  15560.361816 -16701.147925  13050.565021    704.956697
PG20   -780.559268 -16349.519555 -20860.102694    278.412801
PG21   2732.157063 -26283.798865   2453.064166    369.347860
PG22  10753.770665 -21198.105985 -11857.269501     74.198394
PG24 -19897.452018 -16014.675251  -8477.134365    193.590362
PG25 -15191.971470  -4258.706454  21076.917730    391.503534
PG26  -4225.025807  24546.621009   8358.683458   -391.808189
PG28 -11579.099284  10580.239480  21439.308279   -422.755542
PG29 -23958.722029   2217.319313  11408.442701   -248.963289
PG30  16490.378694  -6938.095374 -19496.035888    353.537688
PG31  -1649.008117  16225.594957  20604.376468   -122.873003
*  2026  9  5  8 50  0.00000000
PG04  18481.478251   4584.013963  18621.795634     64.734121
PG05  -6233.018476 -24704.973099  -7636.941678   -236.543581
PG06   9769.121812 -11187.798575  22094.404215   -531.877168
PG07  23805.258607   5083.242812 -10425.762021   -221.867394
PG09  23522.796256  -5583.420753  10986.666837    685.639922
PG11  -2752.490734 -17863.047240  19554.820240   -219.715659
PG13 -11351.472676 -18584.671160  15112.824762    438.198739
PG14  13314.919068 -13841.351480 -18098.051962    749.971369
PG15 -11383.329448 -11067.143287 -21859.219037    442.214037
PG17  23102.234004 -13319.208295   1985.826301   -197.370983
PG18 -23071.707392  -3613.600911 -12863.759518   -263.594251
PG19  16043.893429 -16821.531682  12272.996066    704.957026
PG20    -85.815170 -16732.838222 -20569.750507    278.415498
PG21   2810.149992 -26170.105159   3400.440341    369.345454
PG22  10774.586151 -20715.448797 -12635.437098     74.201074
PG24 -19575.431698 -15966.053746  -9323.550806    193.595536
PG25 -15190.793704  -5081.348433  20906.692499    391.502500
PG26  -4374.514283  24208.691444   9211.606529   -391.808588
PG28 -12281.221948  10170.620843  21246.672781   -422.752340
PG29 -23582.099424   1962.673480  12204.786456   -248.960958
PG30  17119.175689  -6528.867009 -19103.103865    353.541371
PG31  -2354.579085  15820.492106  20854.298391   -122.872007
*  2026  9  5  8 55  0.00000000
PG04  17870.324161   4955.087618  19112.115751     64.734239
PG05  -6187.529443 -24974.147625  -6722.603727   -236.544122
PG06  10481.081889 -10756.597214  21986.092209   -531.873874
PG07  24121.094149   5350.222752  -9594.626361   -221.868379
PG09  23187.845852  -5293.615296  11801.177113    685.637296
PG11  -2098.749324 -17498.676194  19959.851982   -219.712080
PG13 -11315.990694 -19154.065584  14415.121118    438.200185
PG14  13373.915466 -13130.419765 -18584.554692    749.971303
PG15 -10782.865672 -11588.980797 -21893.810054    442.214936
PG17  23178.941447 -13267.876206   1043.993629   -197.372360
PG18 -23452.270213  -3902.399418 -12079.773309   -263.591568
PG19  16498.250117 -16937.263936  11471.188022    704.956950
PG20    592.150956 -17122.007549 -20239.824704    278.418212
PG21   2889.819011 -26022.154867   4341.289887    369.343033
PG22  10801.653050 -20204.042260 -13389.382172     74.203433
PG24 -19224.525935 -15910.456296 -10152.834152    193.600717
PG25 -15202.890954  -5896.207844  20695.422256    391.501490
PG26  -4532.873460  23841.170103  10046.297977   -391.809000
PG28 -12983.296300   9777.133729  21013.385965   -422.749121
PG29 -23183.517755   1688.275489  12977.933343   -248.958712
PG30  17740.570887  -6137.488749 -18673.222231    353.545072
PG31  -3074.188025  15422.885587  21063.017112   -122.871174
*  2026  9  5  9  0  0.00000000
PG04  17250.454426   5346.055607  19566.135684     64.734323
PG05  -6144.238031 -25209.572184  -5795.440942   -236.544060
PG06  11196.663672 -10341.339473  21836.004373   -531.870589
PG07  24413.220331   5596.153066  -8745.003132   -221.869239
PG09  22832.728846  -4981.098956  12593.068857    685.634656
PG11  -1426.170470 -17138.452239  20326.960477   -219.708446
PG13 -11288.472886 -19697.119678  13689.657831    438.201650
PG14  13444.693960 -12402.996893 -19034.803297    749.971228
PG15 -10191.016294 -12121.373120 -21888.579242    442.215930
PG17  23225.781615 -13200.666688    100.199995   -197.373920
PG18 -23811.855896  -4169.489147 -11272.936202   -263.588915
PG19  16922.963153 -17046.859026  10646.707184    704.957115
PG20   1252.132239 -17515.707987 -19870.964170    278.420962
PG21   2972.541652 -25840.266602   5273.807280    369.340659
PG22  10836.137599 -19664.862086 -14117.620336     74.206395
PG24 -18844.992700 -15849.263255 -10963.490052    193.605905
PG25 -15227.899532  -6701.514976  20443.567451    391.500441
PG26  -4701.136666  23445.001906  10861.098499   -391.809408
PG28 -13683.599058   9400.303923  20739.896439   -422.745911
PG29 -22764.404540   1393.584733  13726.405268   -248.956557
PG30  18352.907562  -5764.181819 -18207.257961    353.548753
PG31  -3806.406528  15033.969304  21230.141521   -122.870221
*  2026  9  5  9  5  0.00000000
PG04  16623.603326   5756.702101  19982.979199     64.734413
PG05  -6101.711503 -25410.811908  -4857.214385   -236.543982
PG06  11914.144260  -9942.743600  21644.440968   -531.867305
PG07  24680.437664   5821.770815  -7878.575413   -221.870513
PG09  22458.937180  -4645.466654  13360.812472    685.632019
PG11   -735.919939 -16783.682530  20655.443850   -219.704852
PG13 -11267.786048 -20212.730396  12937.836498    438.203115
PG14  13527.851815 -11660.696344 -19447.940859    749.971161
PG15  -9609.011250 -12663.201918 -21843.534528    442.216880
PG17  23243.347848 -13116.344141   -843.781448   -197.375579
PG18 -24149.047774  -4415.446658 -10444.788118   -263.586275
PG19  17317.674124 -17148.824134   9801.168412    704.957035
PG20   1893.007084 -17912.562942 -19463.882866    278.423628
PG21   3059.674761 -25624.867942   6196.203186    369.338247
PG22  10879.150474 -19098.976968 -14818.712277     74.208848
PG24 -18437.184036 -15783.846491 -11754.061465    193.611053
PG25 -15265.361331  -7495.536401  20151.668825    391.499385
PG26  -4880.279411  23021.222361  11654.388400   -391.809833
PG28 -14380.388754   9040.557386  20426.729593   -422.742713
PG29 -22326.238103   1078.153399  14448.769690   -248.954386
PG30  18954.537559  -5409.067587 -17706.146603    353.552501
PG31  -4549.738652  14654.861152  21355.365523   -122.869227
*  2026  9  5  9 10  0.00000000
PG04  15991.503740   6186.706703  20361.839504     64.734501
PG05  -6058.499475 -25577.543045  -3909.708672   -236.544063
PG06  12631.769454  -9561.427233  21411.780153   -531.864039
PG07  24921.619378   6027.895691  -6997.049463   -221.871267
PG09  22068.006015  -4286.413440  14102.923279    685.629391
PG11    -29.244763 -16435.613356  20944.672885   -219.701171
PG13 -11252.741037 -20699.885979  12161.109242    438.204571
PG14  13623.897566 -10905.176803 -19823.185074    749.971092
PG15  -9038.015304 -13213.281557 -21758.752516    442.217578
PG17  23232.325787 -13013.724498  -1786.172028   -197.376517
PG18 -24462.487751  -4640.939478  -9596.906805   -263.583597
PG19  17682.135969 -17241.666497   8936.231766    704.957213
PG20   2513.743183 -18311.144594 -19019.368405    278.426369
PG21   3152.547818 -25376.493738   7106.707915    369.335861
PG22  10931.741184 -18507.544828 -15491.266848     74.211836
PG24 -18001.544938 -15715.563358 -12523.130757    193.616205
PG25 -15314.726254  -8276.581713  19820.345912    391.498375
PG26  -5071.214097  22570.953281  12424.591161   -391.810228
PG28 -15071.912615   8698.219005  20074.486577   -422.739500
PG29 -21870.541450    741.629258  15143.642357   -248.952452
PG30  19543.827983  -5072.167955 -17170.890153    353.556192
PG31  -5302.626869  14286.598368  21438.468499   -122.868586
*  2026  9  5  9 15  0.00000000
PG04  15355.880209   6635.645050  20701.980863     64.734571
PG05  -6013.140899 -25709.554239  -2954.728644   -236.544342
PG06  13347.760624  -9197.905358  21138.477174   -531.860773
PG07  25135.715901   6215.425187  -6102.151149   -221.872298
PG09  21661.507174  -3903.736750  14817.964472    685.626729
PG11    692.531237 -16095.424942  21194.092236   -219.697575
PG13 -11242.098569 -21157.669729  11360.975835    438.206025
PG14  13733.248463 -10138.135555 -20159.829685    749.971004
PG15  -8479.123932 -13770.363359 -21634.378399    442.218354
PG17  23193.490370 -12891.681090  -2725.190729   -197.377919
PG18 -24750.881936  -4846.722356  -8730.904879   -263.580936
PG19  18016.213498 -17323.900650   8053.598995    704.957150
PG20   3113.401128 -18709.979962 -18538.280482    278.429065
PG21   3252.456377 -25095.783987   8003.574840    369.333447
PG22  10994.892731 -17891.808658 -16133.944090     74.213880
PG24 -17538.611886 -15645.750764 -13269.321719    193.621357
PG25 -15375.355075  -9043.010058  19450.295373    391.497336
PG26  -5274.785037  22095.398124  13170.176927   -391.810680
PG28 -15756.413514   8373.511792  19683.843142   -422.736307
PG29 -21398.875958    383.758056  15809.689969   -248.950316
PG30  20119.167805  -4753.406203 -16602.554817    353.559853
PG31  -6063.458299  13930.133295  21479.315571   -122.867677
*  2026  9  5  9 20  0.00000000
PG04  14718.442030   7102.989858  21002.740071     64.734704
PG05  -5964.171114 -25806.747350  -1994.095987   -236.544485
PG06  14060.321674  -8852.588723  20825.063425   -531.857490
PG07  25321.758973   6385.329458  -5195.622416   -221.873150
PG09  21241.042427  -3497.338215  15504.549989    685.624106
PG11   1428.012266 -15764.226547  21403.221490   -219.693950
PG13 -11234.575241 -21585.263380  10538.980730    438.207507
PG14  13856.228346  -9361.301734 -20457.245720    749.970950
PG15  -7933.359474 -14333.140110 -21470.625808    442.219445
PG17  23127.702464 -12749.150305  -3659.057411   -197.379209
PG18 -25013.006029  -5033.633159  -7848.426823   -263.578277
PG19  18319.883413 -17394.055668   7155.009931    704.957120
PG20   3691.137619 -19107.557175 -18021.549169    278.431804
PG21   3360.655654 -24783.481255   8885.083770    369.331039
PG22  11069.516534 -17253.091997 -16745.458187     74.216691
PG24 -17049.011043 -15575.719370 -13991.301511    193.626525
PG25 -15446.522705  -9793.236406  19042.289174    391.496328
PG26  -5491.763794  21595.836964  13889.665874   -391.811099
PG28 -16432.136933   8066.556540  19255.548342   -422.733066
PG29 -20912.834919      4.385484  16445.632742   -248.948166
PG30  20678.974370  -4452.608263 -16002.268654    353.563532
PG31  -6830.571187  13586.329559  21477.857659   -122.866454
*  2026  9  5  9 25  0.00000000
PG04  14080.876439   7588.112419  21263.527816     64.734781
PG05  -5910.128939 -25869.137801  -1029.645798   -236.544327
PG06  14767.646095  -8525.782699  20472.145370   -531.854204
PG07  25478.865407   6538.645943  -4279.217789   -221.874354
PG09  20808.236658  -3067.225028  16161.347298    685.621479
PG11   2175.735669 -15443.051876  21571.656116   -219.690346
PG13 -11228.849754 -21981.950055   9696.710009    438.208986
PG14  13993.065958  -8576.429445 -20714.882574    749.970892
PG15  -7401.667573 -14900.250801 -21267.776568    442.220584
PG17  23035.905138 -12585.137025  -4585.996070   -197.380859
PG18 -25247.710410  -5202.588440  -6951.145941   -263.575644
PG19  18593.233818 -17450.682372   6242.238754    704.957258
PG20   4246.208255 -19502.331939 -17470.173061    278.434510
PG21   3478.354308 -24440.427683   9749.544272    369.328617
PG22  11156.447661 -16592.794031 -17324.580346     74.219439
PG24 -16533.456124 -15506.747918 -14687.782518    193.631690
PG25 -15527.421845 -10525.737560  18597.172609    391.495305
PG26  -5722.844854  21073.621116  14581.631460   -391.811534
PG28 -17097.337947   7777.371921  18790.423088   -422.729856
PG29 -20414.036953   -396.541283  17050.246895   -248.946058
PG30  21221.699775  -4169.504429 -15371.219115    353.567213
PG31  -7602.261592  13255.958677  21434.131330   -122.865679
*  2026  9  5  9 30  0.00000000
PG04  13444.841873   8090.284544  21483.829902     64.734873
PG05  -5849.563768 -25896.854465    -63.223102   -236.544750
PG06  15467.924056  -8217.686610  20080.403336   -531.850919
PG07  25606.240462   6676.473736  -3354.700936   -221.875357
PG09  20364.730943  -2613.510845  16787.080078    685.618831
PG11   2934.177342 -15132.854829  21699.068263   -219.686724
PG13 -11223.569315 -22347.116791   8835.788252    438.210438
PG14  14143.893712  -7785.290810 -20932.268904    749.970820
PG15  -6884.913924 -15470.285603 -21026.180382    442.221133
PG17  22919.119575 -12398.719817  -5504.238125   -197.381746
PG18 -25453.924934  -5354.578675  -6040.761277   -263.572959
PG19  18836.463212 -17492.360457   5317.090171    704.957393
PG20   4777.969878 -19892.734147 -16885.217305    278.437228
PG21   3606.708416 -24067.561578  10595.298923    369.326218
PG22  11256.440385 -15912.384354 -17870.141587     74.222372
PG24 -15992.745940 -15440.077726 -15357.524144    193.636837
PG25 -15617.167019 -11239.057864  18115.862189    391.494275
PG26  -5968.641685  20530.167456  15244.703547   -391.811932
PG28 -17750.288166   7505.875037  18289.358579   -422.726628
PG29 -19904.119320   -818.972468  17622.367033   -248.943837
PG30  21745.837088  -3903.731478 -14710.650482    353.570905
PG31  -8376.790265  12939.697122  21348.258457   -122.864982
*  2026  9  5  9 35  0.00000000
PG04  12811.961371   8608.680936  21663.208341     64.734949
PG05  -5781.042647 -25890.139063    903.320664   -236.544496
PG06  16159.349526  -7928.393512  19650.590183   -531.847662
PG07  25703.180839   6799.967766  -2423.841282   -221.876413
PG09  19912.175553  -2136.416233  17380.530811    685.616184
PG11   3701.757409 -14834.505600  21785.207426   -219.683105
PG13 -11217.356170 -22680.256624   7957.875336    438.211874
PG14  14308.746896  -6989.668951 -21109.013351    749.970747
PG15  -6383.881317 -16041.791049 -20746.254431    442.222192
PG17  22778.440663 -12189.055840  -6412.025744   -197.383248
PG18 -25630.663404  -5490.663209  -5118.994510   -263.570316
PG19  19049.878992 -17517.705510   4381.395503    704.957418
PG20   5285.882496 -20277.174625 -16267.811482    278.439935
PG21   3746.815691 -23665.913600  11420.726510    369.323812
PG22  11370.164094 -15213.397406 -18381.035435     74.225103
PG24 -15427.761642 -15376.907359 -15999.334523    193.641984
PG25 -15714.798945 -11931.814585  17599.343388    391.493223
PG26  -6229.683159  19966.952440  15877.571383   -391.812368
PG28 -18389.282624   7251.882428  17753.314588   -422.723412
PG29 -19384.731170  -1262.755025  18160.888434   -248.941626
PG30  22249.926388  -3654.835202 -14021.861223    353.574586
PG31  -9152.389676  12638.123842  21220.445670   -122.863993
*  2026  9  5  9 40  0.00000000
PG04  12183.816131   9142.381997  21801.302317     64.735013
PG05  -5703.157294 -25849.345107   1868.131204   -236.544708
PG06  16840.127376  -7657.890436  19183.529840   -531.844390
PG07  25769.077276   6910.332792  -1488.410685   -221.877240
PG09  19452.222942  -1636.268644  17940.543256    685.613541
PG11   4476.846143 -14548.787151  21829.900980   -219.679516
PG13 -11208.814265 -22980.970226   7064.663165    438.213302
PG14  14487.563335  -6191.350954 -21244.805094    749.970637
PG15  -5899.267019 -16613.275398 -20428.482893    442.223162
PG17  22615.032258 -11955.385463  -7307.615181   -197.384751
PG18 -25777.027698  -5611.964927  -4187.586813   -263.567661
PG19  19233.895448 -17525.375884   3437.008702    704.957056
PG20   5769.510735 -20654.051971 -15619.147379    278.442653
PG21   3899.709963 -23236.602579  12224.245145    369.321396
PG22  11498.199558 -14497.426608 -18856.220520     74.227418
PG24 -14839.463655 -15318.387496 -16612.072152    193.647115
PG25 -15819.289244 -12602.702960  17048.668260    391.492192
PG26  -6506.410401  19385.505880  16478.986435   -391.812817
PG28 -19012.646585   7015.111510  17183.317630   -422.720220
PG29 -18857.526737  -1727.632414  18664.769233   -248.939592
PG30  22732.560593  -3422.273335 -13306.201246    353.578268
PG31  -9927.271155  12351.718252  21050.983624   -122.863216
*  2026  9  5  9 45  0.00000000
PG04  11561.939240   9690.377045  21897.828999     64.735102
PG05  -5614.531030 -25774.936366   2829.354940   -236.544759
PG06  17508.480454  -7406.059092  18680.115726   -531.841118
PG07  25803.416751   7008.817252   -550.180185   -221.878279
PG09  18986.520715  -1113.501925  18466.024816    685.610936
PG11   5257.770108 -14276.392068  21833.054559   -219.675897
PG13 -11196.535983 -23248.967091   6157.872348    438.214781
PG14  14680.183509  -5392.120838 -21339.414220    749.970592
PG15  -5431.680480 -17183.214179 -20073.416383    442.223900
PG17  22430.122151 -11697.036555  -8189.280148   -197.386180
PG18 -25892.211551  -5719.664665  -3248.295698   -263.564927
PG19  19389.031270 -17514.079398   2485.802294    704.957269
PG20   6228.524851 -21021.759471 -14940.476634    278.445359
PG21   4066.355930 -22780.830955  13004.315306    369.319014
PG22  11641.035607 -13766.118215 -19294.723049     74.230206
PG24 -14228.888340 -15265.616013 -17194.647465    193.652293
PG25 -15929.545445 -13250.500870  16464.952949    391.491194
PG26  -6799.174040  18787.404477  17047.765073   -391.813225
PG28 -19618.742221   6795.182458  16580.458992   -422.717016
PG29 -18324.158533  -2213.244820  19133.032494   -248.937473
PG30  23192.391061  -3205.418846 -12565.069090    353.581970
PG31 -10699.632121  12080.858704  20840.246068   -122.862207
*  2026  9  5  9 50  0.00000000
PG04  10947.809619  10251.567945  21952.584226     64.735169
PG05  -5513.825603 -25667.484865   3785.142610   -236.544772
PG06  18162.656578  -7172.677024  18141.309050   -531.837828
PG07  25805.784286   7096.706991    389.083188   -221.879224
PG09  18516.704638   -568.655358  18955.948783    685.608295
PG11   6042.818494 -14017.919813  21794.652313   -219.672316
PG13 -11179.108944 -23484.066254   5239.248822    438.216239
PG14  14886.351113  -4593.752567 -21392.691924    749.970522
PG15  -4981.641381 -17750.055885 -19681.671300    442.224730
PG17  22224.996747 -11413.428444  -9055.315175   -197.387448
PG18 -25975.503960  -5814.995398  -2302.891845   -263.562291
PG19  19515.906585 -17482.579814   1529.663279    704.957191
PG20   6662.701271 -21378.692036 -14233.108268    278.448075
PG21   4247.644234 -22299.879887  13759.442794    369.316622
PG22  11799.066200 -13021.164919 -19695.639169     74.232820
PG24 -13597.144376 -15219.633289 -17746.024320    193.657441
PG25 -16044.416266 -13874.073143  15849.375082    391.490162
PG26  -7108.231902  18174.265169  17582.791086   -391.813648
PG28 -20205.975159   6591.620518  15945.892652   -422.713798
PG29 -17786.270544  -2719.129822  19564.768168   -248.935506
PG30  23628.132929  -3003.563607 -11799.909040    353.585659
PG31 -11467.663352  11825.821438  20588.688736   -122.861359
*  2026  9  5  9 55  0.00000000
PG04  10342.846207  10824.773123  21965.443037     64.735293
PG05  -5399.747855 -25527.668434   4733.652871   -236.544553
PG06  18800.935448  -6957.419213  17568.136990   -531.834540
PG07  25775.864344   7175.318896   1327.619517   -221.880474
PG09  18044.391704     -2.372238  19409.356461    685.605702
PG11   6830.249628 -13773.874394  21714.757003   -219.668679
PG13 -11155.122820 -23686.196559   4310.560435    438.217723
PG14  15105.714063  -3798.003127 -21404.570538    749.970449
PG15  -4549.578037 -18312.227804 -19253.929099    442.225654
PG17  22000.995485 -11104.075503  -9904.038999   -197.388814
PG18 -26026.292214  -5899.236218  -1353.155917   -263.559600
PG19  19615.239523 -17429.703079    570.488988    704.957472
PG20   7071.922685 -21723.253165 -13498.406103    278.450843
PG21   4444.386852 -21795.104033  14488.181600    369.314265
PG22  11972.587930 -12264.299228 -20058.137197     74.235633
PG24 -12945.408883 -15181.417762 -18265.221423    193.662616
PG25 -16162.697150 -14472.375450  15203.171054    391.489164
PG26  -7433.747147  17547.738306  18083.018026   -391.814045
PG28 -20772.800848   6403.858732  15280.833070   -422.710558
PG29 -17245.491481  -3244.723504  19959.134933   -248.933487
PG30  24038.570184  -2815.922394 -11012.208171    353.589353
PG31 -12229.556278  11586.780013  20296.848060   -122.860322
*  2026  9  5 10  0  0.00000000
PG04   9748.402394  11408.731962  21936.360067     64.735393
PG05  -5271.056217 -25356.267809   5673.055916   -236.544849
PG06  19421.635419  -6759.860124  16961.690765   -531.831273
PG07  25713.441827   7245.994463   2263.679034   -221.881312
PG09  17571.173285    584.602009  19825.359157    685.603042
PG11   7618.297616 -13544.662447  21593.509967   -219.665105
PG13 -11123.176153 -23855.396456   3373.593485    438.219162
PG14  15337.825941  -3006.605712 -21375.063391    749.970366
PG15  -4135.826158 -18868.141956 -18790.935469    442.226722
PG17  21759.505013 -10768.590360 -10733.797929   -197.389933
PG18 -26044.064521  -5973.706134   -400.875367   -263.556947
PG19  19687.842347 -17354.343283   -389.817087    704.957556
PG20   7456.177670 -22053.861873 -12737.786087    278.453538
PG21   4657.312845 -21267.926034  15189.136672    369.311870
PG22  12161.797968 -11497.286641 -20381.459711     74.238468
PG24 -12274.923302 -15151.881745 -18751.313685    193.667761
PG25 -16283.136026 -15044.457801  14527.633236    391.488126
PG26  -7775.786851  16909.500702  18547.471384   -391.814471
PG28 -21317.730726   6231.241074  14586.552873   -422.707362
PG29 -16703.428090  -3789.362016  20315.361916   -248.931106
PG30  24422.560433  -2641.637209 -10203.493347    353.593051
PG31 -12983.510249  11363.805226  19965.339706   -122.859577
*  2026  9  5 10  5  0.00000000
PG04   9165.760748  12002.109549  21865.369788     64.735496
PG05  -5126.566998 -25154.163286   6601.537078   -236.544780
PG06  20023.120135  -6579.476183  16323.123596   -531.828000
PG07  25618.402673   7310.093324   3195.525069   -221.882337
PG09  17098.608409   1191.422162  20203.140038    685.600429
PG11   8405.179113 -13330.591756  21431.130941   -219.661467
PG13 -11081.883137 -23991.813347   2430.149242    438.220655
PG14  15582.147872  -2221.263030 -21304.264501    749.970295
PG15  -3740.627964 -19416.201133 -18293.499428    442.227480
PG17  21501.953148 -10406.686710 -11542.969219   -197.391858
PG18 -26028.412241  -6039.757716    552.158750   -263.554314
PG19  19734.617148 -17255.468319  -1349.349481    704.957419
PG20   7815.559856 -22368.959567 -11952.713508    278.456281
PG21   4887.064468 -20719.830717  15860.966582    369.309476
PG22  12366.792464 -10721.918662 -20664.925499     74.240739
PG24 -11586.989048 -15131.867508 -19203.433496    193.672935
PG25 -16404.439261 -15589.467609  13824.107084    391.487102
PG26  -8134.321058  16261.248587  18975.250576   -391.814889
PG28 -21839.338169   6073.025973  13864.380421   -422.704146
PG29 -16161.658580  -4352.283563  20632.750283   -248.929080
PG30  24779.039361  -2479.781910  -9375.328163    353.596751
PG31 -13727.739753  11156.865508  19594.856943   -122.858639
*  2026  9  5 10 10  0.00000000
PG04   8596.128045  12603.501768  21752.586606     64.735583
PG05  -4965.160432 -24922.330966   7517.300429   -236.545221
PG06  20603.804973  -6415.648676  15653.648556   -531.824743
PG07  25490.734056   7368.986768   4121.436924   -221.883282
PG09  16628.217190   1817.145987  20541.955851    685.597776
PG11   9189.100172 -13131.870199  21227.917726   -219.657858
PG13 -11029.880328 -24095.702468   1482.040436    438.222127
PG14  15838.050817  -1443.640776 -21192.348097    749.970228
PG15  -3364.131685 -19954.805004 -17762.492324    442.228604
PG17  21229.802640 -10018.181710 -12329.964409   -197.392826
PG18 -25979.031704  -6098.770611   1504.154976   -263.551623
PG19  19756.551143 -17132.125203  -2306.204940    704.957449
PG20   8150.266642 -22667.016846 -11144.700120    278.458986
PG21   5134.193667 -20152.359057  16502.386093    369.307083
PG22  12587.565408  -9940.005674 -20907.931350     74.243437
PG24 -10882.962942 -15122.143656 -19620.771950    193.678109
PG25 -16525.277784 -16106.652324  13093.988180    391.486060
PG26  -8509.222288  15604.690491  19365.530752   -391.815311
PG28 -22336.264177   5928.390220  13115.697277   -422.700927
PG29 -15621.726162  -4932.630832  20910.674703   -248.926846
PG30  25107.024859  -2329.367116  -8529.309840    353.600473
PG31 -14460.481548  10965.827801  19186.168860   -122.857696
*  2026  9  5 10 15  0.00000000
PG04   8040.630629  13211.440709  21598.204803     64.735692
PG05  -4785.786469 -24661.838577   8418.572357   -236.544906
PG06  21162.163288  -6267.667052  14954.536324   -531.821489
PG07  25330.524191   7424.051263   5039.712654   -221.884598
PG09  16161.474430   2460.737448  20841.138494    685.595156
PG11   9968.263154 -12948.605145  20984.245725   -219.654247
PG13 -10965.833272 -24167.425323    531.087735    438.223583
PG14  16104.818270   -675.361291 -21039.567992    749.970166
PG15  -3006.391419 -20482.356273 -17198.846747    442.229449
PG17  20944.544769  -9602.997943 -13093.232654   -197.394475
PG18 -25895.725604  -6152.144955   2453.324625   -263.548983
PG19  19754.711586 -16983.445032  -3258.486598    704.957585
PG20   8460.597467 -22946.540178 -10315.301187    278.461690
PG21   5399.158978 -19567.101904  17112.168605    369.304726
PG22  12824.007967  -9153.369703 -21109.953694     74.246312
PG24 -10164.252452 -15123.401794 -20002.579982    193.683243
PG25 -16644.293350 -16595.361636  12338.719206    391.485034
PG26  -8900.265507  14941.540113  19717.564404   -391.815725
PG28 -22807.222801   5796.433225  12341.935569   -422.697735
PG29 -15085.132757  -5529.453838  21148.584674   -248.924616
PG30  25405.620798  -2189.345371  -7667.066091    353.604183
PG31 -15180.001675  10790.458892  18740.118421   -122.856724
*  2026  9  5 10 20  0.00000000
PG04   7500.310115  13824.400372  21402.498336     64.735808
PG05  -4587.470274 -24373.840913   9303.605117   -236.545025
PG06  21696.732425  -6134.732631  14227.112836   -531.818192
PG07  25137.961757   7476.662031   5948.671768   -221.885595
PG09  15699.803433   3121.070339  21100.096449    685.592536
PG11  10740.873668 -12780.803290  20700.567328   -219.650653
PG13 -10888.442994 -24207.447683   -420.883779    438.225060
PG14  16381.649359     82.002574 -20846.256786    749.970111
PG15  -2667.367377 -20997.266869 -16603.555349    442.230388
PG17  20647.692797  -9161.164940 -13831.264011   -197.395471
PG18 -25778.403978  -6201.294715   3397.884962   -263.546307
PG19  19730.240333 -16808.647571  -4204.308129    704.957669
PG20   8746.951637 -23206.078445  -9466.112442    278.464448
PG21   5682.322838 -18965.693524  17689.148492    369.302377
PG22  13075.908310  -8363.837118 -21270.550063     74.248952
PG24  -9432.310750 -15136.253507 -20348.169454    193.688416
PG25 -16760.104912 -17055.049217  11559.786853    391.483990
PG26  -9307.128568  14273.509183  20030.682795   -391.816113
PG28 -23251.006252   5676.181627  11544.575259   -422.694500
PG29 -14553.332885  -6141.713179  21346.005720   -248.922541
PG30  25674.020453  -2058.616537  -6790.251950    353.607892
PG31 -15884.602328  10630.427217  18257.620385   -122.855748
*  2026  9  5 10 25  0.00000000
PG04   6976.119474  14440.802648  21165.820476     64.735920
PG05  -4369.317402 -24059.574900  10170.680348   -236.545148
PG06  22206.119475  -6015.962678  13472.756843   -531.814917
PG07  24913.334935   7528.186667   6846.657848   -221.886465
PG09  15244.570060   3796.932328  21318.316049    685.589909
PG11  11505.147511 -12628.370936  20377.411154   -219.647027
PG13 -10796.452347 -24216.337136  -1372.048148    438.226540
PG14  16667.662308    826.933341 -20612.824922    749.970082
PG15  -2346.926499 -21497.964135 -15977.669563    442.231178
PG17  20340.775309  -8692.820251 -14542.592684   -197.396826
PG18 -25627.084756  -6247.640977   4336.062363   -263.543668
PG19  19684.348068 -16607.045414  -5141.797870    704.957751
PG20   9009.825728 -23444.229311  -8598.766968    278.467195
PG21   5983.949318 -18349.804962  18232.223316    369.299994
PG22  13342.951907  -7573.231287 -21389.360386     74.251478
PG24  -8688.631601 -15161.227660 -20656.914161    193.693591
PG25 -16871.315078 -17485.274032  10758.718687    391.482947
PG26  -9729.393105  13602.300370  20304.297180   -391.816507
PG28 -23666.489712   5566.594210  10725.141324   -422.691283
PG29 -14027.727760  -6768.283693  21502.540435   -248.920259
PG30  25911.509547  -1936.033404  -5900.546580    353.611603
PG31 -16572.628537  10485.305101  17739.659077   -122.854809
*  2026  9  5 10 30  0.00000000
PG04   6468.919490  15059.023548  20888.603296     64.736004
PG05  -4130.518644 -23720.354299  11018.112543   -236.545164
PG06  22689.006752  -5910.394846  12692.897375   -531.811647
PG07  24657.030076   7579.978862   7732.041075   -221.887370
PG09  14797.077039   4487.029377  21495.362605    685.587272
PG11  12259.317587 -12491.114723  20015.381152   -219.643402
PG13 -10688.652177 -24194.760236  -2320.582054    438.227999
PG14  16961.898278   1557.974539 -20339.759593    749.969994
PG15  -2044.843450 -21982.897008 -15322.298236    442.232148
PG17  20025.329465  -8198.210046 -15225.800227   -197.398182
PG18 -25441.893874  -6292.605218   5266.095444   -263.541033
PG19  19618.308240 -16378.047736  -6069.102884    704.957744
PG20   9249.810569 -23659.645398  -7714.932020    278.469925
PG21   6304.202295 -17721.137271  18740.355919    369.297594
PG22  13624.722321  -6783.365228 -21466.108100     74.254101
PG24  -7934.744111 -15198.768020 -20928.250776    193.698739
PG25 -16976.516615 -17885.701184   9937.079963    391.481886
PG26 -10166.545882  12929.600266  20537.899834   -391.816918
PG28 -24052.635786   5466.567136   9885.200844   -422.688099
PG29 -13509.659632  -7407.958499  21617.869398   -248.918437
PG30  26117.468911  -1820.407472  -4999.650065    353.615314
PG31 -17242.474651  10354.571442  17187.286038   -122.853858
*  2026  9  5 10 35  0.00000000
PG04   5979.475625  15677.399651  20571.357013     64.736070
PG05  -3870.354498 -23357.564094  11844.252475   -236.545279
PG06  23144.156969  -5816.991961  11889.011122   -531.808391
PG07  24369.530008   7633.372225   8603.220670   -221.888391
PG09  14358.558566   5189.990549  21630.881363    685.584631
PG11  13001.640757 -12368.742793  19615.155559   -219.639771
PG13 -10563.887279 -24143.479222  -3264.668334    438.229460
PG14  17263.325531   2273.736039 -20027.623499    749.969944
PG15  -1760.801998 -22450.542156 -14638.606151    442.233229
PG17  19702.894202  -7677.689245 -15879.518678   -197.399567
PG18 -25223.064970  -6337.602584   6186.238188   -263.538357
PG19  19533.450731 -16121.163587  -6984.392975    704.957899
PG20   9467.587833 -23851.040232  -6816.305778    278.472642
PG21   6643.144066 -17081.414624  19212.576385    369.295157
PG22  13920.702487  -5996.034290 -21500.601077     74.256787
PG24  -7172.207339 -15249.231218 -21161.679727    193.703911
PG25 -17074.298987 -18256.102319   9096.470414    391.480831
PG26 -10617.980595  12257.072474  20731.064888   -391.817389
PG28 -24408.498607   5374.939436   9026.360021   -422.684893
PG29 -13000.406374  -8059.453399  21691.751926   -248.916240
PG30  26291.376758  -1710.514904  -4089.280180    353.619000
PG31 -17892.590583  10237.614800  16601.617555   -122.852850
*  2026  9  5 10 40  0.00000000
PG04   5508.455302  16294.234756  20214.669164     64.736165
PG05  -3588.199265 -22972.654563  12647.490558   -236.545425
PG06  23570.418094  -5734.647122  11062.619729   -531.805129
PG07  24051.411989   7689.674233   9458.627260   -221.889502
PG09  13930.175219   5904.373148  21724.598304    685.581981
PG11  13730.404615 -12260.866400  19177.485721   -219.636199
PG13 -10421.062125 -24063.348364  -4202.499468    438.230917
PG14  17570.843931   2972.899097 -19677.053469    749.969829
PG15  -1494.396754 -22899.410054 -13927.812462    442.233733
PG17  19375.003400  -7131.721181 -16502.433630   -197.401067
PG18 -24970.938646  -6384.035198   7094.763022   -263.535710
PG19  19431.155282 -15836.004738  -7885.864625    704.957921
PG20   9663.926228 -24017.193943  -5904.614052    278.475373
PG21   7000.734410 -16432.377347  19647.983870    369.292759
PG22  14230.276471  -5213.008898 -21492.732357     74.259495
PG24  -6402.604806 -15312.885059 -21356.766002    193.709134
PG25 -17163.254875 -18596.355583   8238.521004    391.479775
PG26 -11083.000096  11586.350835  20883.448955   -391.817810
PG28 -24733.227558   5290.498771   8150.261111   -422.681715
PG29 -12501.176373  -8721.411642  21724.026692   -248.914096
PG30  26432.810548  -1605.102599  -3171.169169    353.622678
PG31 -18521.487794  10133.736897  15983.832070   -122.852083
*  2026  9  5 10 45  0.00000000
PG04   5056.425616  16907.806697  19819.203643     64.736246
PG05  -3283.524725 -22567.135069  13426.260140   -236.545288
PG06  23966.727857  -5662.189116  10215.287012   -531.801856
PG07  23703.345324   7750.160341  10296.725139   -221.890592
PG09  13513.009209   6628.668199  21776.320785    685.579327
PG11  14443.934142 -12167.001947  18703.194766   -219.632606
PG13 -10259.146334 -23955.309916  -5132.281040    438.232404
PG14  17883.289735   3654.221049 -19288.758944    749.969746
PG15  -1245.135302 -23328.050976 -13191.189018    442.234751
PG17  19043.179062  -6560.876771 -17093.287224   -197.402512
PG18 -24685.961305  -6433.285536   7989.963878   -263.533077
PG19  19312.844729 -15522.288048  -8771.744851    704.957687
PG20   9839.677327 -24156.958690  -4981.606932    278.478101
PG21   7376.830104 -15775.774905  20045.748303    369.290377
PG22  14552.731710  -4436.027399 -21442.480690     74.262093
PG24  -5627.538904 -15389.907169 -21513.139893    193.714285
PG25 -17241.986679 -18906.445134   7364.890664    391.478732
PG26 -11560.819055  10919.032828  20994.791572   -391.818198
PG28 -25026.070606   5211.987407   7258.579302   -422.678577
PG29 -12013.103712  -9392.409009  21714.612185   -248.911930
PG30  26541.448460  -1502.894379  -2247.060511    353.626376
PG31 -19127.744990  10042.156489  15335.167495   -122.851358
*  2026  9  5 10 50  0.00000000
PG04   4623.851480  17516.374297  19385.699579     64.736319
PG05  -2955.903406 -22142.567602  14179.040728   -236.545312
PG06  24332.117906  -5598.388095   9348.616103   -531.798565
PG07  23326.088647   7816.068259  11116.014469   -221.891609
PG09  13108.059987   7361.306228  21785.938005    685.576710
PG11  15140.598222 -12086.573453  18193.176148   -219.629017
PG13 -10077.179859 -23820.389726  -6052.235168    438.233888
PG14  18199.440667   4316.539685 -18863.520330    749.969637
PG15  -1012.440680 -23735.060873 -12430.058585    442.235809
PG17  18708.924526  -5965.833214 -17650.881056   -197.403872
PG18 -24368.683569  -6486.709884   8870.159207   -263.530409
PG19  19179.978054 -15179.837351  -9640.294969    704.957583
PG20   9995.771051 -24269.263789  -4049.055401    278.480799
PG21   7771.184892 -15113.358855  20405.111938    369.287988
PG22  14887.261720  -3666.789034 -21349.910872     74.264667
PG24  -4848.625235 -15480.384013 -21630.497663    193.719446
PG25 -17309.112945 -19186.460215   6477.263011    391.477695
PG26 -12050.567024  10256.673172  21064.915432   -391.818545
PG28 -25286.377226   5138.108401   6353.019515   -422.675365
PG29 -11537.243691 -10070.959215  21663.507013   -248.909634
PG30  26617.070440  -1402.597251  -1318.705696    353.630072
PG31 -19710.013511   9962.013603  14656.918418   -122.850475
*  2026  9  5 10 55  0.00000000
PG04   4211.094227  18118.184439  18914.970059     64.736394
PG05  -2605.011401 -21700.560094  14904.361125   -236.545363
PG06  24665.717572  -5541.961521   8464.246523   -531.795283
PG07  22920.486891   7888.592417  11915.033376   -221.892488
PG09  12716.240227   8100.663323  21753.421310    685.574090
PG11  15818.815986 -12018.915422  17648.392049   -219.625424
PG13  -9874.277870 -23659.692490  -6960.603890    438.235367
PG14  18518.021245   4958.777239 -18402.187232    749.969549
PG15   -795.654228 -24119.087123 -11645.792974    442.236621
PG17  18373.717741  -5347.372204 -18174.078983   -197.405206
PG18 -24019.758286  -6545.631912   9733.694963   -263.527741
PG19  19034.043319 -14808.584851 -10489.814257    704.957743
PG20  10133.210811 -24353.120522  -3108.747915    278.483512
PG21   8183.449911 -14446.875820  20725.390779    369.285606
PG22  15232.969261  -2906.947083 -21215.173884     74.267353
PG24  -4067.486899 -15584.310258 -21708.602150    193.724607
PG25 -17363.274722 -19436.593806   5577.343070    391.476656
PG26 -12551.291888   9600.777650  21093.726431   -391.818931
PG28 -25513.600903   5067.531956   5435.313157   -422.672066
PG29 -11074.568693 -10755.519596  21570.790063   -248.907567
PG30  26659.558856  -1302.907723   -387.861010    353.633773
PG31 -20267.022394   9892.374113  13950.433235   -122.849458
*  2026  9  5 11  0  0.00000000
PG04   3818.410663  18711.479206  18407.900711     64.736486
PG05  -2230.630733 -21242.759531  15600.802475   -236.545137
PG06  24966.757254  -5491.580332   7563.851186   -531.792006
PG07  22487.467963   7968.878644  12692.359981   -221.893445
PG09  12338.372205   8845.067444  21678.824329    685.571460
PG11  16477.062959 -11963.276130  17069.871647   -219.621834
PG13  -9649.635322 -23474.396709  -7855.652506    438.236873
PG14  18837.708335   5579.944017 -17905.676556    749.969473
PG15   -594.038790 -24478.834128 -10839.811048    442.237528
PG17  18039.004644  -4706.377675 -18661.809832   -197.406671
PG18 -23639.938129  -6611.336395  10578.947535   -263.525070
PG19  18876.550490 -14408.572026 -11318.643498    704.957788
PG20  10253.068357 -24407.626600  -2162.486951    278.486239
PG21   8613.174575 -13778.060493  21005.975854    369.283184
PG22  15588.869953  -2158.102211 -21038.506820     74.270012
PG24  -3285.748738 -15701.588513 -21747.283293    193.729782
PG25 -17403.141788 -19657.140850   4666.853984    391.475611
PG26 -13061.963704   8952.797203  21081.213519   -391.819323
PG28 -25707.301217   4998.901927   4507.214825   -422.668841
PG29 -10625.964419 -11444.497060  21436.620489   -248.905345
PG30  26668.898722  -1202.518147    543.715667    353.637473
PG31 -20797.583077   9832.234625  13217.111194   -122.848831
*  2026  9  5 11  5  0.00000000
PG04   3445.952583  19294.503084  17865.448128     64.736580
PG05  -1832.651257 -20770.844909  16267.001211   -236.545510
PG06  25234.571391  -5445.875315   6649.133350   -531.788727
PG07  22028.039120   8058.019072  13446.614339   -221.894561
PG09  11975.184589   9592.804969  21562.282938    685.568843
PG11  17113.876982 -11918.821286  16458.709260   -219.618225
PG13  -9402.531166 -23265.749332  -8735.672868    438.238366
PG14  19157.136917   6179.141629 -17374.970508    749.969389
PG15   -406.782262 -24813.068726 -10013.576636    442.238465
PG17  17706.192672  -4043.833067 -19113.069985   -197.407703
PG18 -23230.072798  -6685.063083  11404.326634   -263.522399
PG19  18709.024201 -13979.950032 -12125.168408    704.957566
PG20  10356.478328 -24431.970276  -1212.085538    278.488954
PG21   9059.807895 -13108.628713  21246.334344    369.280785
PG22  15953.896319  -1421.796040 -20820.232611     74.272838
PG24  -2505.031577 -15832.029421 -21746.438593    193.734939
PG25 -17427.418752 -19848.496070   3747.533736    391.474581
PG26 -13581.478878   8314.122296  21027.448365   -391.819732
PG28 -25867.145472   4930.842443   3570.498958   -422.665630
PG29 -10192.226510 -12136.254282  21261.237557   -248.903158
PG30  26645.177527  -1100.123060   1474.268037    353.641163
PG31 -21300.593746   9780.527659  12458.399368   -122.847802
*  2026  9  5 11 10  0.00000000
PG04   3093.766752  19865.510168  17288.638157     64.736646
PG05  -1411.072078 -20286.520045  16901.651903   -236.545553
PG06  25468.601006  -5403.443661   5721.823508   -531.785449
PG07  21543.283085   8157.047275  14176.460308   -221.895886
PG09  11627.309663  10342.127427  21404.015055    685.566189
PG11  17727.863887 -11884.638078  15816.062349   -219.614627
PG13  -9132.332214 -23035.060143  -9598.986603    438.239845
PG14  19474.906024   6755.565821 -16811.114480    749.969291
PG15   -233.001461 -25120.625403  -9168.596331    442.239500
PG17  17376.644424  -3360.818136 -19526.925849   -197.409431
PG18 -22791.105837  -6768.000784  12208.278129   -263.519749
PG19  18532.996491 -13522.979608 -12907.822932    704.957714
PG20  10444.632550 -24425.434078   -259.363770    278.491652
PG21   9522.700262 -12440.270636  21446.010568    369.278404
PG22  16326.902241   -699.504990 -20560.759542     74.275567
PG24  -1726.946459 -15975.352128 -21706.033495    193.740088
PG25 -17434.850986 -20011.151401   2821.131881    391.473515
PG26 -14108.664692   7686.077596  20932.584831   -391.820144
PG28 -25992.909895   4861.964622   2626.956455   -422.662429
PG29  -9774.057566 -12829.116107  21044.960320   -248.901325
PG30  26588.584649   -994.425497   2402.044543    353.644885
PG31 -21775.043292   9736.127093  11675.789569   -122.846939
*  2026  9  5 11 15  0.00000000
PG04   2761.795348  20422.771372  16678.564033     64.736731
PG05   -966.002494 -19791.506296  17503.509980   -236.545561
PG06  25668.395836  -5362.855661   4783.676225   -531.782210
PG07  21034.353899   8266.933678  14880.607332   -221.896845
PG09  11295.280976  11091.258404  21204.320265    685.563521
PG11  18317.702900 -11859.739566  15143.149407   -219.611027
PG13  -8838.496610 -22783.695890 -10443.948282    438.241323
PG14  19789.584835   7308.508897 -16215.214835    749.969192
PG15    -71.746335 -25400.411287  -8306.417189    442.240216
PG17  17051.671524  -2658.505311 -19902.516188   -197.410926
PG18 -22324.071080  -6861.281642  12989.286825   -263.517077
PG19  18349.999546 -13038.030493 -13665.092400    704.957877
PG20  10518.774097 -24387.398144    693.854682    278.494338
PG21  10001.105647 -11774.644038  21604.626819    369.276007
PG22  16706.667812      7.365586 -20260.580551     74.278042
PG24   -953.088910 -16131.185111 -21626.101696    193.745254
PG25 -17424.230369 -20145.693029   1889.406296    391.472450
PG26 -14642.284124   7069.916979  20796.858274   -391.820560
PG28 -26084.480373   4790.873341   1678.391267   -422.659242
PG29  -9372.064578 -13521.376141  20788.187142   -248.898962
PG30  26499.410367   -884.143256   3325.301494    353.648562
PG31 -22220.014872   9697.853846  10870.815209   -122.846270
*  2026  9  5 11 20  0.00000000
PG04   2449.876872  20964.581577  16036.384378     64.736796
PG05   -497.662436 -19287.535199  18071.394347   -236.545618
PG06  25833.616006  -5322.661533   3836.466936   -531.778940
PG07  20502.472541   8388.581223  15557.812157   -221.897706
PG09  10979.531454  11838.400587  20963.579275    685.560864
PG11  18882.151739 -11843.069423  14441.247714   -219.607417
PG13  -8520.576927 -22513.074205 -11268.948510    438.242799
PG14  20099.718898   7837.361721 -15588.436590    749.969107
PG15     77.995536 -25651.410884  -7428.624317    442.241212
PG17  16732.528700  -1938.155615 -20239.054314   -197.412188
PG18 -21830.088737  -6965.975665  13745.879185   -263.514444
PG19  18161.558484 -12525.580347 -14395.516542    704.957883
PG20  10580.191141 -24317.343163   1645.746064    278.497022
PG21  10494.184244 -11113.367769  21721.884051    369.273599
PG22  17091.904553    697.486940 -19920.272333     74.280888
PG24   -185.033245 -16299.067377 -21506.745377    193.750392
PG25 -17394.400831 -20252.798069    954.119953    391.471385
PG26 -15181.040967   6466.818891  20620.584661   -391.820950
PG28 -26141.852744   4716.174050    726.616953   -422.656036
PG29  -8986.756793 -14211.303506  20491.395056   -248.896928
PG30  26378.044471   -768.015084   4242.306156    353.652220
PG31 -22634.689064   9664.481772  10045.048104   -122.845361
*  2026  9  5 11 25  0.00000000
PG04   2157.747518  21489.266719  15363.321059     64.736861
PG05     -6.382423 -18776.341078  18604.189863   -236.545588
PG06  25964.033269  -5281.398335   2881.988694   -531.775651
PG07  19948.922320   8522.821333  16206.880465   -221.898860
PG09  10680.391964  12581.742911  20682.253199    685.558241
PG11  19420.051400 -11833.506986  13711.690985   -219.603851
PG13  -8178.222844 -22224.657317 -12072.416945    438.244289
PG14  20403.836445   8341.615297 -14932.001012    749.969011
PG15    217.294137 -25872.690556  -6536.838348    442.242214
PG17  16420.408123  -1201.114160 -20535.830128   -197.413458
PG18 -21310.361131  -7083.085513  14476.625984   -263.511777
PG19  17969.184220 -11986.213195 -15097.692343    704.957868
PG20  10630.210621 -24214.852886   2594.490024    278.499771
PG21  11001.005519 -10458.015391  21797.562412    369.271203
PG22  17481.260985   1369.612124 -19540.494223     74.283708
PG24    575.673053 -16478.450025 -21348.135354    193.755564
PG25 -17344.263657 -20333.230893     17.037715    391.470323
PG26 -15723.585203   5877.882071  20404.159525   -391.821331
PG28 -26165.132631   4636.479570   -226.546772   -422.652811
PG29  -8618.544008 -14897.149716  20155.138972   -248.894687
PG30  26224.974493   -644.806755   5151.339813    353.655914
PG31 -23018.346597   9634.743740   9200.095255   -122.844481
*  2026  9  5 11 30  0.00000000
PG04   1885.042999  21995.190758  14660.656914     64.736982
PG05    507.396985 -18259.653647  19100.849693   -236.545827
PG06  26059.531783  -5237.596952   1922.048892   -531.772367
PG07  19375.044064   8670.410159  16826.668443   -221.899778
PG09  10398.090345  13319.467786  20360.882679    685.555595
PG11  19930.330603 -11829.872613  12955.866889   -219.600242
PG13  -7811.183413 -21919.945612 -12852.825230    438.245767
PG14  20700.454785   8820.861922 -14247.183131    749.968954
PG15    347.271940 -26063.402703  -5632.712822    442.243085
PG17  16116.434013   -448.805242 -20792.212005   -197.414973
PG18 -20766.168114  -7213.541563  15180.144898   -263.509128
PG19  17774.366433 -11420.617396 -15770.276752    704.957864
PG20  10670.191759 -24079.616215   3538.273084    278.502490
PG21  11520.551662  -9810.109028  21831.521631    369.268797
PG22  17873.328510   2022.580802 -19121.986884     74.286360
PG24   1327.514882 -16668.698165 -21150.511147    193.760744
PG25 -17272.782546 -20387.839131   -920.076827    391.469262
PG26 -16268.518607   5304.121668  20148.056749   -391.821720
PG28 -26154.534819   4550.416879  -1179.277509   -422.649596
PG29  -8267.735313 -15577.155660  19780.050718   -248.892534
PG30  26040.783539   -513.317027   6050.700773    353.659630
PG31 -23370.370662   9607.337872   8337.595579   -122.843433
*  2026  9  5 11 35  0.00000000
PG04   1631.300823  22480.762517  13929.733346     64.737050
PG05   1043.126225 -17739.190641  19560.397519   -236.546131
PG06  26120.108443  -5189.789108    958.465947   -531.769080
PG07  18782.231123   8832.025145  17416.084272   -221.900779
PG09  10132.750908  14049.758360  20000.086834    685.552949
PG11  20412.009870 -11830.933303  12175.214470   -219.596630
PG13  -7419.308904 -21600.471039 -13608.689844    438.247230
PG14  20988.086741   9274.795904 -13535.309163    749.968889
PG15    469.098568 -26222.789637  -4717.931452    442.243942
PG17  15821.657566    317.272955 -21007.648508   -197.416119
PG18 -20198.862171  -7358.197281  15855.103023   -263.506474
PG19  17578.566683 -10829.583155 -16411.989220    704.957889
PG20  10701.519451 -23911.428851   4475.292095    278.505209
PG21  12051.721432  -9171.113446  21823.701247    369.266390
PG22  18266.647595   2655.323657 -18665.570786     74.288869
PG24   2069.014955 -16869.093197 -20914.180966    193.765915
PG25 -17178.988403 -20417.549352  -1855.464492    391.468211
PG26 -16814.400568   4746.465750  19852.827188   -391.822122
PG28 -26110.382187   4456.633837  -2129.753648   -422.646388
PG29  -7934.538282 -16249.558648  19366.837925   -248.890271
PG30  25826.147771   -372.383447   6938.707345    353.663308
PG31 -23690.248781   9580.933904   7459.216635   -122.842889
*  2026  9  5 11 40  0.00000000
PG04   1395.963005  22944.442351  13171.947783     64.737148
PG05   1600.148260 -17216.650515  19981.929600   -236.545627
PG06  26145.872744  -5136.514392     -6.934039   -531.765782
PG07  18171.924198   9008.261906  17974.089556   -221.901900
PG09   9884.394410  14770.805802  19600.562050    685.550317
PG11  20864.205236 -11835.408577  11371.221450   -219.593049
PG13  -7002.552211 -21267.790424 -14338.574858    438.248715
PG14  21265.247099   9703.213854 -12797.753872    749.968829
PG15    583.985216 -26350.187128  -3794.205290    442.244986
PG17  15537.052207   1095.554012 -21181.669931   -197.417155
PG18 -19609.863231  -7517.824920  16500.219316   -263.503792
PG19  17383.211699 -10213.999591 -17021.614073    704.958151
PG20  10725.597555 -23710.194504   5403.757659    278.507944
PG21  12593.334366  -8542.430407  21774.120693    369.264026
PG22  18659.714213   3266.866389 -18172.144487     74.291669
PG24   2798.739112 -17078.835443 -20639.521610    193.771101
PG25 -17061.983840 -20423.362457  -2787.373598    391.467162
PG26 -17359.754077   4205.752234  19519.097148   -391.822506
PG28 -26033.104183   4353.805813  -3076.157839   -422.643165
PG29  -7619.058623 -16912.599506  18916.282763   -248.888259
PG30  25581.833508   -220.887977   7813.700753    353.667055
PG31 -23977.574243   9554.179649   6566.651317   -122.841887
*  2026  9  5 11 45  0.00000000
PG04   1178.379215  23384.748613  12388.751029     64.737225
PG05   2177.700598 -16693.705231  20364.616692   -236.545887
PG06  26137.046195  -5076.327260   -972.320639   -531.762479
PG07  17545.606024   9199.631430  18499.700677   -221.902731
PG09   9652.938494  15480.816554  19163.080604    685.547714
PG11  21286.131552 -11841.976581  10545.421439   -219.589441
PG13  -6560.969822 -20923.478682 -15041.094598    438.250194
PG14  21530.459053  10106.014548 -12035.937852    749.968780
PG15    693.178857 -26445.027600  -2863.269790    442.245767
PG17  15263.509201   1884.409272 -21313.889658   -197.418820
PG18 -19000.653208  -7693.111547  17114.266960   -263.501133
PG19  17189.686872  -9574.851373 -17598.002723    704.958048
PG20  10743.842121 -23475.925644   6321.897527    278.510673
PG21  13144.135349  -7925.393289  21682.879222    369.261630
PG22  19050.986514   3856.333255 -17642.682724     74.294178
PG24   3515.301490 -17297.047117 -20326.978274    193.776287
PG25 -16920.947377 -20406.348801  -3714.063011    391.466089
PG26 -17903.071881   3682.726234  19147.566711   -391.822863
PG28 -25923.234873   4240.642218  -4016.680462   -422.639958
PG29  -7321.300283 -17564.529669  18429.240514   -248.886073
PG30  25308.693991    -57.762431   8674.048005    353.670752
PG31 -24232.047099   9525.707533   5661.614547   -122.840884
*  2026  9  5 11 50  0.00000000
PG04    977.810330  23800.263900  11581.644484     64.737297
PG05   2774.917787 -16171.993184  20707.705803   -236.545872
PG06  26093.961273  -5007.803978  -1935.862473   -531.759234
PG07  16904.795917   9406.557624  18991.990085   -221.903758
PG09   9438.198609  16178.019535  18688.489133    685.545067
PG11  21677.105391 -11849.280383   9699.391038   -219.585853
PG13  -6094.722347 -20569.121996 -15714.916204    438.251647
PG14  21782.260609  10483.198359 -11251.324752    749.968686
PG15    797.956247 -26506.842956  -1926.881775    442.246596
PG17  15001.833654   2682.154142 -21404.005342   -197.420162
PG18 -18372.770298  -7884.655443  17696.075645   -263.498502
PG19  16999.329984  -8913.214951 -18140.075690    704.957977
PG20  10757.674575 -23208.743810   7227.959951    278.513359
PG21  13702.799509  -7321.262032  21550.155686    369.259250
PG22  19438.891699   4422.950159 -17078.234308     74.296532
PG24   4217.369525 -17522.775636 -19977.064270    193.781440
PG25 -16755.137326 -20367.643060  -4633.805147    391.465012
PG26 -18442.822742   3178.037840  18739.007921   -391.823245
PG28 -25781.410541   4115.892875  -4949.523069   -422.636754
PG29  -7041.166009 -18203.618256  17906.637995   -248.883867
PG30  25007.665817    118.006313   9518.144708    353.674455
PG31 -24453.474715   9494.141174   4745.839963   -122.840171
*  2026  9  5 11 55  0.00000000
PG04    793.432395  24189.641041  10752.177261     64.737373
PG05   3390.834371 -15653.112285  21010.521793   -236.545924
PG06  26017.059927  -4929.549491  -2895.730590   -531.755972
PG07  16251.044208   9629.375186  19450.087520   -221.905010
PG09   9239.889383  16860.673254  18177.706946    685.542407
PG11  22036.547523 -11855.934448   8834.746860   -219.582277
PG13  -5604.074603 -20206.310956 -16358.762087    438.253112
PG14  22019.210930  10834.866273 -10445.418446    749.968621
PG15    899.617759 -26535.267031   -986.816302    442.247631
PG17  14752.740906   3487.054686 -21451.799878   -197.421655
PG18 -17727.803037  -8092.962864  18244.533759   -263.495847
PG19  16813.425194  -8230.254391 -18646.824467    704.958011
PG20  10768.514899 -22908.879463   8120.216995    278.516075
PG21  14267.937431  -6731.218399  21376.208161    369.256850
PG22  19821.833056   4966.047263 -16479.919841     74.299532
PG24   4903.668773 -17754.997258 -19590.360641    193.786612
PG25 -16563.895340 -20308.438871  -5544.888918    391.463917
PG26 -18977.457802   2692.240341  18294.262845   -391.823622
PG28 -25608.366891   3978.354224  -5872.901824   -422.633546
PG29  -6778.458367 -18828.159093  17349.471836   -248.881675
PG30  24679.765049    307.371330  10344.417820    353.678121
PG31 -24641.771887   9458.101967   3821.076604   -122.839372
*  2026  9  5 12  0  0.00000000
PG04    624.340966  24551.608800   9901.943188     64.737457
PG05   4024.388312 -15138.613233  21272.468802   -236.545971
PG06  25906.891635  -4840.204173  -3850.101858   -531.752699
PG07  15585.926581   9868.327845  19873.181177   -221.905859
PG09   9057.626468  17527.072815  17631.724186    685.539776
PG11  22363.984958 -11860.531256   7953.142454   -219.578661
PG13  -5089.395252 -19836.633720 -16971.412276    438.254595
PG14  22239.896589  11161.218485  -9619.760142    749.968560
PG15    999.481064 -26530.037634    -44.863441    442.248348
PG17  14516.853354   4297.334470 -21457.142191   -197.422784
PG18 -17067.384170  -8318.445197  18758.590500   -263.493168
PG19  16633.197312  -7527.216846 -19117.313196    704.958212
PG20  10777.774828 -22576.671388   8996.967796    278.518802
PG21  14838.100661  -6156.361591  21161.373424    369.254507
PG22  20198.197131   5485.061113 -15848.929249     74.302303
PG24   5572.987526 -17992.621037 -19167.515691    193.791799
PG25 -16346.649625 -20229.983273  -6445.622634    391.462870
PG26 -19505.417007   2225.788880  17814.241502   -391.824000
PG28 -25404.935817   3826.875338  -6785.050898   -422.630324
PG29  -6532.881216 -19436.477645  16758.806602   -248.879647
PG30  24326.083022    511.220932  11151.328343    353.681826
PG31 -24796.960523   9416.215672   2889.085611   -122.838485
*  2026  9  5 12  5  0.00000000
PG04    469.555809  24884.977276   9032.577719     64.737517
PG05   4674.424844 -14629.993018  21493.031522   -236.545941
PG06  25764.111017  -4738.450443  -4797.162342   -531.749426
PG07  14911.038340  10123.566932  20260.518799   -221.906802
PG09   8890.928823  18175.556761  17051.599836    685.537224
PG11  22659.052547 -11861.648028   7056.265156   -219.575052
PG13  -4551.155997 -19461.669193 -17551.706657    438.256059
PG14  22442.937705  11462.552594  -8775.925458    749.968472
PG15   1098.874690 -26490.998191    897.175042    442.249144
PG17  14294.697717   5111.181629 -21419.987806   -197.424696
PG18 -16393.184326  -8561.416511  19237.257879   -263.490509
PG19  16459.806390  -6805.427684 -19550.680170    704.958076
PG20  10786.851104 -22212.565644   9856.541759    278.521502
PG21  15411.787471  -5597.704227  20906.066283    369.252098
PG22  20566.360989   5979.536266 -15186.519158     74.305052
PG24   6224.181208 -18234.493087 -18709.244399    193.796965
PG25 -16102.917793 -20133.570953  -7334.336838    391.461806
PG26 -20025.135570   1779.039565  17299.919678   -391.824349
PG28 -25172.041791   3660.363697  -7684.225840   -422.627095
PG29  -6304.041624 -20026.937840  16135.772780   -248.877808
PG30  23947.781878    730.374218  11937.373948    353.685531
PG31 -24919.168885   9367.118940   1951.636938   -122.837647
*  2026  9  5 12 10  0.00000000
PG04    328.025955  25188.642965   8145.754741     64.737623
PG05   5339.700750 -14128.688674  21671.776280   -236.546203
PG06  25589.475030  -4623.019211  -5735.110687   -531.746167
PG07  14227.988612  10395.150326  20611.408711   -221.907835
PG09   8739.221449  18804.513748  16438.459597    685.534568
PG11  22921.494126 -11857.853550   6145.832862   -219.571464
PG13  -3989.930345 -19082.980285 -18098.547087    438.257520
PG14  22626.993945  11739.261393  -7915.521445    749.968391
PG15   1199.131487 -26418.098952   1837.489075    442.250246
PG17  14086.702748   5926.756127 -21340.379223   -197.425541
PG18 -15706.905551  -8822.091525  19679.612639   -263.487831
PG19  16294.342639  -6066.285285 -19946.139162    704.957969
PG20  10797.118802 -21817.114077  10697.301704    278.524222
PG21  15987.448873  -5056.168710  20610.778754    369.249700
PG22  20924.699544   6449.126412 -14494.010093     74.307520
PG24   6856.176530 -18479.401128 -18216.327740    193.802135
PG25 -15832.309352 -20020.538348  -8209.387089    391.460760
PG26 -20535.050433   1352.249008  16752.336628   -391.824700
PG28 -24910.697864   3477.790727  -8568.706904   -422.623886
PG29  -6091.452219 -20597.948741  15481.564618   -248.875286
PG30  23546.089816    965.576926  12701.091541    353.689234
PG31 -25008.630412   9309.465791   1010.506087   -122.836803
*  2026  9  5 12 15  0.00000000
PG04    198.635065  25461.593467   7243.183295     64.737695
PG05   6018.889052 -13636.071316  21808.351966   -236.546171
PG06  25383.839733  -4492.696123  -6662.161474   -531.742900
PG07  13538.394518  10683.041751  20925.220792   -221.908623
PG09   8601.838542  19412.389006  15793.493612    685.531902
PG11  23151.163212 -11847.715036   5223.590730   -219.567900
PG13  -3406.391928 -18702.107250 -18610.899401    438.258973
PG14  22790.770358  11991.830281  -7040.183582    749.968325
PG15   1301.582013 -26311.397770   2774.263762    442.251240
PG17  13893.197427   6742.197167 -21218.446072   -197.427152
PG18 -15010.274702  -9100.583998  20084.798061   -263.485209
PG19  16137.821703  -5311.255561 -20302.980567    704.958491
PG20  10809.924765 -21390.972393  11517.646932    278.526941
PG21  16563.494846  -4532.583987  20276.079102    369.247305
PG22  21271.592901   6893.594990 -13772.783535     74.309946
PG24   7467.975388 -18726.079329 -17689.611887    193.807404
PG25 -15534.527826 -19892.257598  -9069.156682    391.459686
PG26 -21033.606719    945.574323  16172.592683   -391.825094
PG28 -24622.001308   3278.197058  -9436.802332   -422.620680
PG29  -5894.533977 -21147.971045  14797.437835   -248.873243
PG30  23122.296113   1217.497586  13441.059748    353.692905
PG31 -25065.682131   9241.933985     67.470863   -122.835733
*  2026  9  5 12 20  0.00000000
PG04     80.207100  25702.911821   6326.604222     64.737729
PG05   6710.584074 -13153.440483  21902.490764   -236.546482
PG06  25148.156649  -4346.327592  -7576.548564   -531.739635
PG07  12843.875326  10987.110437  21201.387386   -221.909952
PG09   8478.027062  19997.690563  15117.954067    685.529224
PG11  23348.023226 -11829.805032   4291.307819   -219.564335
PG13  -2801.312404 -18320.561156 -19087.795285    438.260424
PG14  22933.023022  12220.834296  -6151.572736    749.968194
PG15   1407.547895 -26171.060433   3705.682926    442.252115
PG17  13714.409617   7555.630729 -21054.405060   -197.428854
PG18 -14305.036741  -9396.905540  20452.025675   -263.482561
PG19  15991.180307  -4541.866188 -20620.572380    704.958122
PG20  10826.581185 -20934.897800  12316.016220    278.529628
PG21  17138.300754  -4027.682722  19902.610729    369.244901
PG22  21605.433700   7312.815286 -13024.278830     74.312649
PG24   8058.658483 -18973.213399 -17130.007312    193.812575
PG25 -15209.372498 -19750.130399  -9912.059305    391.458581
PG26 -21519.264122    559.073546  15561.846753   -391.825496
PG28 -24307.128919   3060.697485 -10286.851582   -422.617501
PG29  -5712.619422 -21675.523376  14084.707193   -248.871129
PG30  22677.745906   1486.724001  14155.901337    353.696564
PG31 -25090.762650   9163.231278   -875.691835   -122.835092
*  2026  9  5 12 25  0.00000000
PG04    -28.487742  25911.780432   5397.786726     64.737786
PG05   7413.306874 -12682.018818  21954.008716   -236.546372
PG06  24883.468742  -4182.826576  -8476.528419   -531.736369
PG07  12146.046602  11307.131141  21439.404150   -221.910692
PG09   8366.950702  20558.995203  14413.152661    685.526666
PG11  23512.147266 -11802.708304   3350.773680   -219.560711
PG13  -2175.558942 -17939.817489 -19528.334037    438.261905
PG14  23052.564485  12426.934788  -5251.372100    749.968092
PG15   1518.335161 -25997.360544   4629.932723    442.252986
PG17  13550.465228   8365.177190 -20848.559700   -197.429879
PG18 -13592.947958  -9710.964870  20780.576857   -263.479913
PG19  15855.272290  -3759.700616 -20898.360991    704.958091
PG20  10848.359334 -20449.746235  13090.890744    278.532343
PG21  17710.213927  -3542.098892  19491.090925    369.242512
PG22  21924.634399   7706.770031 -12249.989964     74.315348
PG24   8627.388658 -19219.445935 -16538.487760    193.817737
PG25 -14856.739769 -19595.581768 -10736.541626    391.457508
PG26 -21990.503232    192.706498  14921.313753   -391.825874
PG28 -23967.331977   2824.485616 -11117.228494   -422.614311
PG29  -5544.956220 -22179.188345  13344.743945   -248.869001
PG30  22213.834775   1773.760064  14844.285563    353.700234
PG31 -25084.409760   9072.101528  -1817.209197   -122.834334
*  2026  9  5 12 30  0.00000000
PG04   -128.726838  26087.484589   4458.524873     64.737857
PG05   8125.511009 -12222.947110  21962.806106   -236.546449
PG06  24590.906008  -4001.178078  -9360.383384   -531.733108
PG07  11446.514388  11642.784540  21638.830840   -221.911766
PG09   8267.694227  21094.954139  13680.457952    685.523998
PG11  23643.717411 -11765.028698   2403.794886   -219.557143
PG13  -1530.091296 -17561.309949 -19931.684187    438.263360
PG14  23148.268973  12610.875755  -4341.284110    749.968006
PG15   1635.227609 -25790.678946   5545.205313    442.253960
PG17  13401.387853   9168.958987 -20601.299823   -197.431011
PG18 -12875.769137 -10042.567512  21069.804313   -263.477242
PG19  15730.865048  -2966.391853 -21135.871805    704.958312
PG20  10876.483494 -19936.469187  13840.796909    278.535144
PG21  18277.560377  -3076.365817  19042.309484    369.240106
PG22  22227.634486   8075.550483 -11451.462218     74.317993
PG24   9173.413914 -19463.381992 -15916.089119    193.822905
PG25 -14476.624129 -19430.053739 -11541.085823    391.456426
PG26 -22445.831747   -153.663938  14252.261934   -391.826272
PG28 -23603.930923   2568.838168 -11926.344399   -422.611131
PG29  -5390.711175 -22657.618350  12578.973160   -248.866607
PG30  21732.003138   2079.022924  15504.930428    353.703896
PG31 -25047.257657   8967.330642  -2755.315632   -122.833608
*  2026  9  5 12 35  0.00000000
PG04   -221.828740  26229.415548   3510.634035     64.737955
PG05   8845.588610 -11777.279712  21928.867652   -236.546212
PG06  24271.680719  -3800.444352 -10226.424936   -531.729835
PG07  10746.869414  11993.657981  21799.292035   -221.912699
PG09   8179.268176  21604.298358  12921.292594    685.521353
PG11  23743.023561 -11715.395924   1452.191526   -219.553508
PG13   -865.958492 -17186.424427 -20297.085002    438.264842
PG14  23219.077345  12773.479842  -3423.027342    749.967937
PG15   1759.480209 -25551.502684   6449.702583    442.255020
PG17  13267.098921   9965.108300 -20313.100877   -197.432357
PG18 -12155.258707 -10391.415930  21319.133449   -263.474568
PG19  15618.636385  -2163.616075 -21332.709703    704.958370
PG20  10912.125100 -19396.110123  14564.309096    278.537868
PG21  18838.651616  -2630.914631  18557.127178    369.237701
PG22  22512.907566   8419.355011 -10630.288699     74.320760
PG24   9696.070115 -19703.594876 -15263.908159    193.828099
PG25 -14069.118741 -19254.999037 -12324.212035    391.455387
PG26 -22883.790561   -480.270115  13556.010162   -391.826644
PG28 -23218.309752   2293.118923 -12712.651150   -422.607892
PG29  -5248.974578 -23109.541093  11788.870932   -248.864499
PG30  21233.730484   2402.840512  16136.604874    353.707609
PG31 -24980.033787   8847.752319  -3688.255873   -122.832663
*  2026  9  5 12 40  0.00000000
PG04   -309.146581  26337.073170   2555.947278     64.738013
PG05   9571.876748 -11345.980366  21852.262528   -236.546641
PG06  23927.082320  -3579.769792 -11072.996892   -531.726568
PG07  10048.681375  12359.246589  21920.477803   -221.913667
PG09   8100.613901  22085.843638  12137.130454    685.518676
PG11  23810.461835 -11652.472253    497.793667   -219.549925
PG13   -184.295132 -16816.493224 -20623.847843    438.266316
PG14  23264.001780  12915.644035  -2498.333406    749.967841
PG15   1892.312603 -25280.423507   7341.639909    442.255935
PG17  13147.418325  10751.774703 -19984.523010   -197.433638
PG18 -11433.165899 -10757.110117  21528.063624   -263.471900
PG19  15519.171797  -1353.086079 -21488.559325    704.958303
PG20  10956.397129 -18829.800543  15260.052310    278.540580
PG21  19391.791558  -2206.073194  18036.474097    369.235295
PG22  22778.968294   8738.487189  -9788.106781     74.323333
PG24  10194.783353 -19938.632113 -14583.101149    193.833233
PG25 -13634.415638 -19071.874722 -13084.480749    391.454305
PG26 -23302.959700   -787.437528  12833.925112   -391.827052
PG28 -22811.910146   1996.782294 -13474.644079   -422.604712
PG29  -5118.764918 -23533.764778  10975.961478   -248.862438
PG30  20720.529470   2745.449441  16738.130885    353.711287
PG31 -24883.555355   8712.253591  -4614.288023   -122.831716
*  2026  9  5 12 45  0.00000000
PG04   -392.061322  26410.068095   1596.311703     64.738114
PG05  10302.664045 -10929.918450  21733.144195   -236.546578
PG06  23558.472016  -3338.385467 -11898.478565   -531.723291
PG07   9353.493286  12738.954741  22002.144296   -221.914809
PG09   8030.608914  22538.495194  11329.493640    685.516024
PG11  23846.532507 -11574.959085   -457.562222   -219.546358
PG13    513.682669 -16452.789512 -20911.357407    438.267803
PG14  23282.130177  13038.335062  -1568.943828    749.967769
PG15   2034.902702 -24978.135910   8219.249958    442.256746
PG17  13042.065565  11527.132749 -19616.209935   -197.435084
PG18 -10711.223930 -11139.148621  21696.169278   -263.469226
PG19  15432.962186   -536.544610 -21603.185191    704.958637
PG20  11010.348749 -18238.755669  15926.704739    278.543301
PG21  19935.283462  -1802.065462  17481.347869    369.232866
PG22  23024.379127   9033.353407  -8926.594449     74.325985
PG24  10669.071955 -20167.021598 -13874.882350    193.838455
PG25 -13172.805521 -18882.135861 -13820.495111    391.453214
PG26 -23701.964070  -1075.582321  12087.418418   -391.827431
PG28 -22386.225381   1679.376505 -14210.864872   -422.601492
PG29  -4999.033912 -23929.182981  10141.814130   -248.860128
PG30  20193.939896   3106.993277  17308.385511    353.714975
PG31 -24758.725472   8559.780116  -5531.686551   -122.830953
*  2026  9  5 12 50  0.00000000
PG04   -471.974874  26448.123453    633.584764     64.738173
PG05  11036.197512 -10529.865654  21571.750055   -236.546655
PG06  23167.277058  -3075.613305 -12701.287862   -531.720026
PG07   8662.815932  13132.097891  22044.114289   -221.915836
PG09   7968.072526  22961.251947  10499.949418    685.513372
PG11  23851.837509 -11481.603353  -1412.036853   -219.542759
PG13   1226.681682 -16096.522065 -21159.072815    438.269270
PG14  23272.630245  13142.584524   -636.606928    749.967690
PG15   2188.380439 -24645.434719   9080.786500    442.257354
PG17  12950.661366  12289.389458 -19208.887587   -197.436800
PG18  -9991.143262 -11536.930023  21823.100931   -263.466536
PG19  15360.402013    284.242400 -21676.431667    704.958922
PG20  11074.960254 -17624.269794  16563.000200    278.546028
PG21  20467.436899  -1419.011306  16892.811742    369.230463
PG22  23247.756861   9304.460018  -8047.466557     74.328783
PG24  11118.548145 -20387.277889 -13140.522380    193.843637
PG25 -12684.677181 -18687.229224 -14530.903169    391.452130
PG26 -24079.479019  -1345.208419  11317.943765   -391.827813
PG28 -21942.794027   1340.546369 -14919.904357   -422.598269
PG29  -4888.671845 -24294.779158   9288.040230   -248.858051
PG30  19655.522591   3487.521205  17846.302796    353.718655
PG31 -24606.528993   8389.341230  -6438.745243   -122.829947
*  2026  9  5 12 55  0.00000000
PG04   -550.303117  26451.076088   -330.369456     64.738258
PG05  11770.689590 -10146.493122  21368.400926   -236.546762
PG06  22754.984758  -2790.869888 -13479.884331   -531.716746
PG07   7978.122438  13537.904740  22046.277646   -221.916803
PG09   7911.771748  23353.210391   9650.107055    685.510705
PG11  23827.077503 -11371.203758  -2363.791732   -219.539130
PG13   1953.336306 -15748.830293 -21366.528578    438.270776
PG14  23234.753275  13229.483776    296.925290    749.967642
PG15   2353.821690 -24283.212220   9924.528250    442.258536
PG17  12872.729785  13036.791668 -18763.362577   -197.437907
PG18  -9274.604943 -11949.754848  21908.586059   -263.463838
PG19  15301.787904   1107.492668 -21708.222768    704.958595
PG20  11151.138319 -16987.711318  17167.730484    278.548756
PG21  20986.574700  -1056.926785  16271.992551    369.228089
PG22  23447.778908   9552.410026  -7152.471028     74.331428
PG24  11542.919311 -20597.908620 -12381.346442    193.848843
PG25 -12170.516531 -18488.587047 -15214.400038    391.451080
PG26 -24434.235661  -1596.904307  10526.993939   -391.828194
PG28 -21483.193476    980.035644 -15600.405195   -422.595030
PG29  -4786.513188 -24629.630783   8416.289937   -248.855852
PG30  19106.853230   3886.987075  18350.875632    353.722343
PG31 -24428.028054   8200.014712  -7333.780090   -122.828963
*  2026  9  5 13  0  0.00000000
PG04   -628.468860  26418.877306  -1293.683974     64.738364
PG05  12504.325339  -9780.369049  21123.500334   -236.546881
PG06  22323.136265  -2483.669847 -14232.772131   -531.713450
PG07   7300.842977  13955.519763  22008.591728   -221.917673
PG09   7860.427423  23713.568045   8781.614573    685.508048
PG11  23773.048534 -11242.616775  -3310.992759   -219.535533
PG13   2692.213603 -15410.779578 -21533.335417    438.272261
PG14  23167.837574  13300.178573   1229.900251    749.967565
PG15   2532.242408 -23892.454851  10748.782699    442.259315
PG17  12807.700788  13767.633205 -18280.520433   -197.439355
PG18  -8563.254067 -12376.827906  21952.429831   -263.461169
PG19  15257.317692   1931.414417 -21698.561810    704.958475
PG20  11239.711574 -16330.517470  17739.747594    278.551490
PG21  21491.039875   -715.724870  15620.078560    369.225690
PG22  23623.189309   9777.899353  -6243.384994     74.333784
PG24  11941.988909 -20797.421020 -11598.732426    193.853930
PG25 -11630.905256 -18287.620876 -15869.729987    391.450014
PG26 -24765.025973  -1831.339455   9716.097839   -391.828570
PG28 -21009.033309    597.688961 -16251.064479   -422.591835
PG29  -4691.342479 -24932.913081   7528.248938   -248.853893
PG30  18549.516102   4305.248852  18821.157511    353.726020
PG31 -24224.357324   7990.951266  -8215.132119   -122.828252
*  2026  9  5 13  5  0.00000000
PG04   -707.894759  26351.593134  -2254.492656     64.738457
PG05  13235.269769  -9431.956754  20837.533631   -236.546661
PG06  21873.320103  -2153.628848 -14958.502933   -531.710172
PG07   6632.359631  14384.006058  21931.081724   -221.918687
PG09   7812.720572  24041.626467   7896.155427    685.505382
PG11  23690.638283 -11094.762429  -4251.813839   -219.531949
PG13   3441.818635 -15083.356959 -21659.180948    438.273742
PG14  23071.311556  13355.863517   2160.567905    749.967493
PG15   2724.592987 -23474.239456  11551.889940    442.260441
PG17  12754.913285  14480.261850 -17761.323648   -197.440671
PG18  -7858.693384 -12817.261071  21954.515722   -263.458505
PG19  15227.089914   2754.213254 -21647.530918    704.958526
PG20  11341.426526 -15654.188761  18277.965865    278.554211
PG21  21979.202443   -395.216617  14938.317195    369.223282
PG22  23772.804430   9981.712685  -5322.010881     74.336526
PG24  12315.656964 -20984.328496 -10794.108874    193.859133
PG25 -11066.519097 -18085.715519 -16495.688458    391.448958
PG26 -25070.707612  -2049.260420   8886.817456   -391.828959
PG28 -20521.948557    193.453321 -16870.636223   -422.588640
PG29  -4601.900429 -25203.902351   6625.635098   -248.851586
PG30  17985.097863   4742.068458  19256.264188    353.729711
PG31 -23996.718990   7761.378693  -9081.170161   -122.827246
*  2026  9  5 13 10  0.00000000
PG04   -789.996241  26249.404082  -3210.933966     64.738518
PG05  13961.675256  -9101.613244  20511.066938   -236.547018
PG06  21407.165533  -1800.466140 -15655.678747   -531.706901
PG07   5974.001419  14822.348536  21813.840915   -221.919857
PG09   7767.298910  24336.793831   6995.445126    685.502711
PG11  23580.821931 -10926.629800  -5184.440479   -219.528392
PG13   4200.600052 -14767.467157 -21743.830221    438.275194
PG14  22944.696466  13397.776314   3087.183808    749.967405
PG15   2931.752897 -23029.729118  12332.226479    442.261253
PG17  12713.618609  15173.086060 -17206.809533   -197.442097
PG18  -7162.477077 -13270.076462  21914.805972   -263.455848
PG19  15211.103749   3574.099013 -21555.290384    704.958540
PG20  11456.943858 -14960.283178  18781.363964    278.556903
PG21  22449.466184    -95.112779  14228.012663    369.220847
PG22  23895.518335  10164.718929  -4390.172475     74.339288
PG24  12663.920173 -21157.157272  -9968.952805    193.864297
PG25 -10478.125756 -17884.223123 -17091.123999    391.447885
PG26 -25350.208470  -2251.486647   8040.744833   -391.829373
PG28 -20023.592857   -232.620860 -17457.933752   -422.585413
PG29  -4516.890227 -25441.978866   5710.195027   -248.849278
PG30  17415.181289   5197.112013  19655.375253    353.733286
PG31 -23746.377512   7510.605744  -9930.293558   -122.826526
*  2026  9  5 13 15  0.00000000
PG04   -876.174454  26112.604428  -4161.154697     64.738577
PG05  14681.689030  -8789.588253  20144.745918   -236.547368
PG06  20926.335736  -1424.006671 -16322.954658   -531.703631
PG07   5327.039525  15269.457427  21657.030871   -221.920689
PG09   7722.783520  24598.587047   6081.227785    685.500068
PG11  23444.657654 -10737.282241  -6107.073367   -219.524793
PG13   4966.955935 -14463.928971 -21787.126133    438.276658
PG14  22787.608736  13427.191872   4008.012191    749.967303
PG15   3154.525619 -22560.168590  13088.209004    442.262115
PG17  12682.984427  15844.581412 -16618.087889   -197.443481
PG18  -6476.104746 -13734.210038  21833.341918   -263.453180
PG19  15209.259398   4389.292555 -21422.077892    704.958704
PG20  11586.835094 -14250.410152  19248.986777    278.559610
PG21  22900.275244    184.974142  13490.523466    369.218473
PG22  23990.307799  10327.866310  -3449.710959     74.341661
PG24  12986.871611 -21314.453043  -9124.787413    193.869488
PG25  -9866.582454 -17684.457410 -17654.940120    391.446841
PG26 -25602.530917  -2438.905980   7179.498994   -391.829771
PG28 -19515.631552   -680.379148 -18011.831972   -422.582201
PG29  -4434.984022 -25646.629327   4783.700589   -248.847223
PG30  16841.339054   5669.950478  20017.735599    353.737037
PG31 -23474.654153   7238.025630 -10760.934802   -122.825614
*  2026  9  5 13 20  0.00000000
PG04   -967.809279  25941.601008  -5103.313705     64.738652
PG05  15393.460689  -8496.023790  19739.294383   -236.547187
PG06  20432.520862  -1024.182746 -16959.041475   -531.700351
PG07   4692.682732  15724.172102  21460.881559   -221.921719
PG09   7677.775633  24826.633411   5155.272638    685.497401
PG11  23283.281774 -10525.862274  -7017.931926   -219.521191
PG13   5739.239847 -14173.472062 -21788.989678    438.278120
PG14  22599.761966  13445.416267   4921.328994    749.967214
PG15   3393.633900 -22066.879332  13818.298113    442.262957
PG17  12662.099046  16493.296745 -15996.338493   -197.444810
PG18  -5801.015609 -14208.515582  21710.244174   -263.450518
PG19  15221.358898   5198.032481 -21248.207607    704.958624
PG20  11731.579668 -13526.224315  19679.947167    278.562310
PG21  23330.120597    445.527419  12727.259808    369.216057
PG22  24056.236946  10472.177120  -2502.480935     74.344334
PG24  13284.700021 -21454.787621  -8263.179621    193.874690
PG25  -9232.833131 -17487.688079 -18186.097070    391.445800
PG26 -25826.755743  -2612.469900   6304.722874   -391.830171
PG28 -18999.734755  -1149.562945 -18531.269525   -422.578993
PG29  -4354.829552 -25817.448860   3847.945360   -248.845045
PG30  16265.127570   6160.060690  20342.656801    353.740698
PG31 -23182.921293   6943.119185 -11571.562104   -122.824666
*  2026  9  5 13 25  0.00000000
PG04  -1066.252448  25736.911530  -6035.585598     64.738743
PG05  16095.149702  -8220.954167  19295.512729   -236.547384
PG06  19927.430969   -601.035221 -17562.708286   -531.697099
PG07   4072.073077  16185.265188  21225.691391   -221.922514
PG09   7630.863508  25020.671795   4219.370495    685.494743
PG11  23097.903573 -10291.596160  -7915.257832   -219.517583
PG13   6515.767083 -13896.734123 -21749.420079    438.279603
PG14  22380.968511  13453.780593   5825.424880    749.967122
PG15   3649.715358 -21551.254186  14521.001990    442.264158
PG17  12649.976116  17117.859950 -15342.808417   -197.446086
PG18  -5138.582960 -14691.769062  21545.712675   -263.447868
PG19  15247.107373   5998.581748 -21034.069136    704.958881
PG20  11891.562399 -12789.419084  20073.427606    278.565039
PG21  23737.546314    687.123216  11939.680919    369.213649
PG22  24092.461488  10598.742161  -1550.346455     74.347220
PG24  13557.688698 -21576.765540  -7385.737502    193.879876
PG25  -8577.905314 -17295.135406 -18683.613535    391.444754
PG26 -26022.045766  -2773.188535   5418.080230   -391.830551
PG28 -18477.570413  -1639.809787 -19015.250826   -422.575782
PG29  -4275.056879 -25954.142565   2904.741038   -248.842751
PG30  15688.080892   6666.826793  20629.518383    353.744385
PG31 -22872.596595   6625.457673 -12360.681895   -122.823983
*  2026  9  5 13 30  0.00000000
PG04  -1172.820769  25499.162418  -6956.164411     64.738844
PG05  16784.932885  -7964.306523  18814.276224   -236.547435
PG06  19412.788888   -154.714240 -18132.784914   -531.693828
PG07   3466.281751  16651.446980  20951.827177   -221.923834
PG09   7580.629358  25180.553360   3275.330177    685.492121
PG11  22889.799812 -10033.798096  -8797.318501   -219.513959
PG13   7294.821081 -13634.258468 -21668.494764    438.281105
PG14  22131.140685  13453.634721   6718.608225    749.967044
PG15   3923.318472 -21014.751699  15194.879997    442.264921
PG17  12645.559682  17716.983414 -14658.809188   -197.447814
PG18  -4490.108897 -15182.673352  21340.026560   -263.445142
PG19  15286.114690   6789.234145 -20780.126363    704.958565
PG20  12067.071381 -12041.720086  20428.681682    278.567760
PG21  24121.155625    910.427289  11129.292270    369.211281
PG22  24098.232551  10708.714900   -595.177058     74.349949
PG24  13806.213962 -21679.030600  -6494.107564    193.885072
PG25  -7902.906648 -17107.965057 -19146.568248    391.443715
PG26 -26187.649114  -2922.125434   4521.252555   -391.830947
PG28 -17950.797385  -2150.654108 -19462.847978   -422.572558
PG29  -4194.285213 -26056.526582   1955.913811   -248.840646
PG30  15111.704730   7189.542052  20877.768992    353.748103
PG31 -22545.137009   6284.705227 -13126.841258   -122.823200
*  2026  9  5 13 35  0.00000000
PG04  -1288.789529  25229.086185  -7863.267226     64.738904
PG05  17461.011792  -7725.901840  18296.533134   -236.547487
PG06  18890.323029    314.520509 -18668.164259   -531.690576
PG07   2876.305263  17121.370123  20639.724004   -221.924818
PG09   7525.656303  25306.241784   2324.974920    685.489467
PG11  22660.308964  -9751.874046  -9662.410515   -219.510357
PG13   8074.659979 -13386.492028 -21546.369204    438.282572
PG14  21850.291556  13446.341011   7599.208054    749.966932
PG15   4214.898962 -20458.890129  15838.546199    442.265732
PG17  12647.729581  18289.469059 -13945.713787   -197.448800
PG18  -3856.819356 -15679.863296  21093.543917   -263.442474
PG19  15337.897540   7568.320618 -20486.916170    704.958674
PG20  12258.296305 -11284.878468  20745.035472    278.570468
PG21  24479.616747   1116.191311  10297.642714    369.208876
PG22  24072.900066  10803.305372    361.156166     74.352348
PG24  14030.743222 -21760.272314  -5589.971907    193.890264
PG25  -7209.021125 -16927.283131 -19574.101517    391.442657
PG26 -26322.902140  -3060.392151   3615.935990   -391.831350
PG28 -17421.058596  -2681.528436 -19873.202546   -422.569332
PG29  -4111.129783 -26124.528694   1003.300698   -248.838606
PG30  14537.470582   7727.411061  21086.927465    353.751793
PG31 -22202.032644   5920.620903 -13868.630283   -122.822119
*  2026  9  5 13 40  0.00000000
PG04  -1415.386070  24927.518361  -8755.137749     64.738996
PG05  18121.620009  -7505.456437  17743.302696   -236.547716
PG06  18361.760178    806.300010 -19167.804538   -531.687321
PG07   2303.061870  17593.634558  20289.885020   -221.925718
PG09   7464.535325  25397.813029   1370.138755    685.486808
PG11  22410.825187  -9445.325172 -10508.863001   -219.506781
PG13   8853.523282 -13153.783778 -21383.276619    438.284064
PG14  21538.535357  13433.267969   8465.576964    749.966835
PG15   4524.816606 -19885.241149  16450.672777    442.266503
PG17  12655.307137  18834.212970 -13204.953514   -197.450451
PG18  -3239.859455 -16181.911099  20806.701372   -263.439830
PG19  15401.881904   8334.215405 -20155.047037    704.958773
PG20  12465.327206 -10520.664104  21021.888778    278.573184
PG21  24811.668449   1305.248823   9446.321540    369.206463
PG22  24015.915726  10883.773858   1316.784490     74.354892
PG24  14231.832631 -21819.232222  -4675.045239    193.895458
PG25  -6497.505002 -16754.131466 -19965.416676    391.441610
PG26 -26427.232000  -3189.142653   2703.838247   -391.831758
PG28 -16889.974253  -3231.765051 -20245.527220   -422.566122
PG29  -4024.208734 -26158.188450     48.745876   -248.836513
PG30  13966.810017   8279.552315  21256.583782    353.755457
PG31 -21844.800543   5533.060355 -14584.684344   -122.821603
*  2026  9  5 13 45  0.00000000
PG04  -1553.783588  24595.393984  -9630.049825     64.739068
PG05  18765.030311  -7302.583939  17155.672958   -236.547362
PG06  17828.818306   1320.146613 -19630.731399   -531.684036
PG07   1747.388302  18066.792719  19902.881139   -221.926821
PG09   7395.872171  25455.454621    412.662885    685.484155
PG11  22142.792081  -9113.750854 -11335.040941   -219.503147
PG13   9629.638615 -12936.383593 -21179.527528    438.285550
PG14  21196.087480  13415.783910   9316.093984    749.966757
PG15   4853.332483 -19295.423289  17029.993342    442.267421
PG17  12667.061141  19350.209591 -12438.014719   -197.452014
PG18  -2640.289186 -16687.332011  20480.013528   -263.437143
PG19  15477.405911   9085.341975 -19785.197546    704.958774
PG20  12688.153662  -9750.858733  21258.716238    278.575904
PG21  25116.125326   1478.510825   8576.955455    369.204117
PG22  23926.835479  10951.424374   2269.845406     74.357347
PG24  14410.124343 -21854.710056  -3751.071772    193.900664
PG25  -5769.682441 -16589.483201 -20319.781435    391.440556
PG26 -26500.158848  -3309.567577   1786.675543   -391.832128
PG28 -16359.135194  -3800.598065 -20579.107320   -422.562870
PG29  -3932.150011 -26157.656818   -905.903024   -248.834430
PG30  13401.109125   8845.001150  21386.399922    353.759142
PG31 -21474.978370   5121.977121 -15273.686309   -122.820728
*  2026  9  5 13 50  0.00000000
PG04  -1705.095176  24233.743668 -10486.310894     64.739156
PG05  19389.561641  -7116.797715  16534.798469   -236.547631
PG06  17293.199416   1855.475196 -20056.039926   -531.680772
PG07   1210.036790  18539.354951  19479.350639   -221.927783
PG09   7318.294199  25479.464471   -545.607944    685.481498
PG11  21857.696230  -8756.851286 -12139.348423   -219.499581
PG13  10401.228532 -12734.441545 -20935.509179    438.287042
PG14  20823.264083  13395.250622  10149.167406    749.966690
PG15   5200.606695 -18691.095139  17575.306123    442.268467
PG17  12681.714070  19836.555459 -11646.435401   -197.453264
PG18  -2059.079473 -17194.590296  20114.072245   -263.434519
PG19  15563.723056   9820.178734 -19378.114770    704.958905
PG20  12926.664423  -8977.249060  21455.068288    278.578692
PG21  25391.882777   1636.961045   7691.205488    369.201704
PG22  23805.321563  11007.597995   3218.486441     74.360555
PG24  14566.343375 -21865.569711  -2819.821993    193.905856
PG25  -5026.940871 -16434.238636 -20636.529157    391.439505
PG26 -26541.297667  -3422.888358    866.169544   -391.832552
PG28 -15830.096365  -4387.165944 -20873.302187   -422.559665
PG29  -3833.598195 -26123.195351  -1858.798602   -248.832401
PG30  12841.703156   9422.713045  21476.110600    353.762819
PG31 -21094.118049   4687.423515 -15934.368662   -122.819815
*  2026  9  5 13 55  0.00000000
PG04  -1870.368140  23843.689263 -11322.265365     64.739229
PG05  19993.585898  -6947.513758  15881.897845   -236.548056
PG06  16756.582469   2411.594806 -20442.896505   -531.677524
PG07    691.672413  19009.795158  19019.998677   -221.928782
PG09   7230.457122  25470.249224  -1502.829070    685.478821
PG11  21557.060582  -8374.429630 -12920.231795   -219.495978
PG13  11166.517359 -12548.007630 -20651.684824    438.288523
PG14  20420.481288  13373.017079  10963.237554    749.966591
PG15   5566.696552 -18073.948346  18085.477017    442.269232
PG17  12697.948532  20292.452476 -10831.801714   -197.454251
PG18  -1497.108595 -17702.105453  19709.545772   -263.431828
PG19  15660.005784  10537.264485 -18934.612568    704.958975
PG20  13180.647493  -8201.619848  21610.571994    278.581389
PG21  25637.921645   1781.650881   6790.763842    369.199325
PG22  23651.144070  11053.666057   4160.868909     74.362663
PG24  14701.294082 -21850.745009  -1883.089308    193.911037
PG25  -4270.726106 -16289.221392 -20915.060036    391.438449
PG26 -26550.359723  -3530.351259    -55.955665   -391.832973
PG28 -15304.370477  -4990.514439 -21127.546410   -422.556389
PG29  -3727.221275 -26055.174902  -2808.097395   -248.830067
PG30  12289.871382  10011.567257  21525.523892    353.766537
PG31 -20703.779369   4229.551113 -16565.515554   -122.818941
*  2026  9  5 14  0  0.00000000
PG04  -2050.578611  23426.439143 -12136.297915     64.739321
PG05  20575.534488  -6794.054013  15198.251208   -236.548073
PG06  16220.616415   2987.710761 -20790.540568   -531.674250
PG07    192.870774  19476.556629  18525.596692   -221.929949
PG09   7131.051620  25428.322159  -2457.159521    685.476201
PG11  21242.437680  -7966.393733 -13676.182755   -219.492336
PG13  11923.738036 -12377.031945 -20328.592870    438.290007
PG14  19988.253988  13350.413214  11756.779514    749.966525
PG15   5951.555254 -17445.700439  18559.442499    442.270096
PG17  12714.413881  20717.210686  -9995.744360   -197.455947
PG18   -955.159026 -18208.258669  19267.177723   -263.429170
PG19  15765.349395  11235.203619 -18455.569789    704.958936
PG20  13449.790651  -7425.747023  21724.931740    278.584105
PG21  25853.312516   1913.694063   5877.350678    369.196924
PG22  23464.182043  11091.023260   5095.171591     74.365719
PG24  14815.856260 -21809.245206   -942.686583    193.916230
PG25  -3502.537222 -16155.174886 -21154.842190    391.437392
PG26 -26527.153636  -3633.221322   -977.976589   -391.833382
PG28 -14783.421854  -5609.599935 -21341.350933   -422.553195
PG29  -3611.717311 -25954.073856  -3751.963549   -248.827860
PG30  11746.832181  10610.370800  21534.521751    353.770207
PG31 -20305.523577   3748.610859 -17165.964769   -122.818337
*  2026  9  5 14  5  0.00000000
PG04  -2246.626484  22983.283118 -12926.836696     64.739455
PG05  21133.904624  -6655.650119  14485.197501   -236.548167
PG06  15686.913361   3582.927211 -21098.286195   -531.670954
PG07   -285.883982  19938.058057  17996.981708   -221.930693
PG09   7018.809799  25354.300646  -3406.765610    685.473565
PG11  20915.402783  -7532.757375 -14405.741336   -219.488681
PG13  12671.138928 -12221.365297 -19966.845884    438.291502
PG14  19527.194261  13328.743783  12528.305802    749.966462
PG15   6355.031070 -16808.087519  18996.212363    442.271191
PG17  12729.732997  21110.250566  -9139.934898   -197.457194
PG18   -433.914667 -18711.399471  18787.785893   -263.426494
PG19  15878.776277  11912.671022 -17941.928385    704.959177
PG20  13733.682417  -6651.390827  21797.929777    278.586832
PG21  26037.219641   2034.261036   4952.710844    369.194509
PG22  23244.424090  11121.080710   6019.594338     74.368338
PG24  14910.980892 -21740.160229     -0.442565    193.921448
PG25  -2723.921218 -16032.759142 -21355.412661    391.436340
PG26 -26471.586067  -3732.776269  -1898.173303   -391.833764
PG28 -14268.660508  -6243.293181 -21514.303997   -422.549961
PG29  -3485.820962 -25820.475923  -4688.572483   -248.825853
PG30  11213.738386  11217.862727  21503.060397    353.773921
PG31 -19900.906993   3244.952756 -17734.609608   -122.817439
*  2026  9  5 14 10  0.00000000
PG04  -2459.330693  22515.587022 -13692.356448     64.739560
PG05  21667.265330  -6531.447553  13744.131694   -236.548121
PG06  15157.041895   4196.250150 -21365.523586   -531.667691
PG07   -744.200789  20392.699703  17435.055529   -221.931885
PG09   6892.511461  25248.903167  -4349.824498    685.470891
PG11  20577.546902  -7073.641064 -15107.498802   -219.485070
PG13  13406.990589 -12080.760252 -19567.129474    438.292991
PG14  19038.009398  13309.282345  13276.368971    749.966399
PG15   6776.867030 -16162.856845  19394.872303    442.272105
PG17  12742.509165  21471.104803  -8266.081982   -197.458792
PG18     66.041480 -19209.852553  18272.260928   -263.423817
PG19  15999.240432  12568.416675 -17394.691442    704.959310
PG20  14031.813454  -5880.289050  21829.426627    278.589577
PG21  26188.904488   2144.573112   4018.610572    369.192121
PG22  22991.968534  11145.258935   6932.361593     74.370787
PG24  14987.685541 -21642.665607    941.801795    193.926633
PG25  -1936.467479 -15922.547946 -21516.378317    391.435303
PG26 -26383.662028  -3830.300364  -2814.832407   -391.834206
PG28 -13761.436459  -6890.383404 -21646.071954   -422.546734
PG29  -3348.309852 -25655.067477  -5616.114527   -248.823747
PG30  10691.672902  11832.718724  21431.170600    353.777592
PG31 -19491.474671   2719.025166 -18270.400695   -122.816533
*  2026  9  5 14 15  0.00000000
PG04  -2689.424864  22024.786968 -14431.381509     64.739636
PG05  22174.263140  -6420.510162  12976.501892   -236.548390
PG06  14632.520620   4826.590860 -21591.720379   -531.664427
PG07  -1181.782926  20838.869705  16840.783820   -221.933058
PG09   6750.990160  25112.945922  -5284.527724    685.468235
PG11  20230.469789  -6589.272364 -15780.100432   -219.481492
PG13  14129.592434 -11954.872612 -19130.201026    438.294467
PG14  18521.499554  13293.265376  13999.564166    749.966331
PG15   7216.701125 -15511.759357  19754.586303    442.272976
PG17  12751.333051  21799.419566  -7375.927528   -197.460346
PG18    544.229209 -19701.924751  17721.564834   -263.421171
PG19  16125.632282  13201.269937 -16814.921132    704.959213
PG20  14343.578404  -5114.150359  21819.361350    278.592273
PG21  26307.728883   2245.896387   3076.834115    369.189758
PG22  22707.023084  11164.980900   7831.725815     74.373489
PG24  15047.049419 -21516.027072   1882.197110    193.931832
PG25  -1141.802065 -15825.026356 -21637.416667    391.434261
PG26 -26263.484799  -3927.078288  -3726.249942   -391.834612
PG28 -13263.034335  -7549.582787 -21736.399915   -422.543517
PG29  -3198.010741 -25458.634460  -6532.798506   -248.821596
PG30  10181.644615  12453.555979  21318.957832    353.781275
PG31 -19078.754113   2171.373726 -18772.347693   -122.815674
*  2026  9  5 14 20  0.00000000
PG04  -2937.553344  21512.383335 -15142.488720     64.739737
PG05  22653.627462  -6321.825052  12183.806329   -236.548573
PG06  14114.811896   5472.769783 -21776.422832   -531.661158
PG07  -1598.428900  21274.950497  16215.195074   -221.934034
PG09   6593.139023  24947.339038  -6209.084686    685.465598
PG11  19875.772900  -6079.985752 -16422.248199   -219.477919
PG13  14837.279309 -11843.263325 -18656.888325    438.295950
PG14  17978.555030  13281.886549  14696.531604    749.966239
PG15   7674.067028 -14856.542175  20074.598838    442.273886
PG17  12754.789711  22094.955267  -6471.242838   -197.461092
PG18   1000.272557 -20185.912130  17136.729335   -263.418503
PG19  16256.783729  13810.143496 -16203.736587    704.958988
PG20  14668.278147  -4354.647762  21767.751664    278.594977
PG21  26393.157748   2339.535481   2129.180367    369.187356
PG22  22389.904048  11181.665056   8715.970807     74.375967
PG24  15090.208153 -21359.604803   2818.889413    193.937023
PG25   -341.581840 -15740.588583 -21718.276570    391.433199
PG26 -26111.255478  -4024.389019  -4630.734273   -391.835017
PG28 -12774.668261  -8219.531282 -21785.112260   -422.540296
PG29  -3033.805482 -25232.058882  -7436.855302   -248.819353
PG30   9684.584615  13078.938321  21166.602303    353.784943
PG31 -18664.249085   1602.639858 -19239.520939   -122.814662
*  2026  9  5 14 25  0.00000000
PG04  -3204.267643  20979.934479 -15824.310203     64.739860
PG05  23104.175578  -6234.307810  11367.590291   -236.548371
PG06  13605.315847   6133.520801 -21919.256843   -531.657958
PG07  -1994.032958  21699.325316  15559.379457   -221.934785
PG09   6417.916297  24753.082388  -7121.726086    685.462959
PG11  19515.052375  -5546.222011 -17032.703337   -219.474285
PG13  15528.427916 -11745.400803 -18148.088033    438.297411
PG14  17410.153194  13276.291199  15365.958991    749.966181
PG15   8148.395325 -14198.941103  20354.236874    442.274616
PG17  12751.465626  22357.586800  -5553.824671   -197.462793
PG18   1433.900796 -20660.107164  16518.854082   -263.415841
PG19  16391.473455  14394.036966 -15562.311712    704.959226
PG20  15005.122476  -3603.412224  21674.693921    278.597698
PG21  26444.761408   2426.827104   1177.459445    369.185004
PG22  22041.035086  11196.718457   9583.414940     74.379071
PG24  15118.348251 -21172.857278   3750.024095    193.942219
PG25    462.511532 -15669.536244 -21758.778849    391.432153
PG26 -25927.272142  -4123.499766  -5526.608931   -391.835434
PG28 -12297.477070  -8898.801744 -21792.112994   -422.537064
PG29  -2854.636721 -24976.314902  -8326.541346   -248.817056
PG30   9201.342736  13707.381607  20974.358875    353.788622
PG31 -18249.433534   1013.558905 -19671.052991   -122.813994
*  2026  9  5 14 30  0.00000000
PG04  -3490.023284  20429.050216 -16475.536040     64.739933
PG05  23524.817265  -6156.808048  10529.442939   -236.548656
PG06  13105.364630   6807.495909 -22019.928827   -531.654706
PG07  -2368.585196  22110.384785  14874.487530   -221.935789
PG09   6224.350615  24531.261048  -8020.707307    685.460257
PG11  19149.892055  -4988.527158 -17610.288779   -219.470657
PG13  16201.463074 -11660.663658 -17604.764054    438.298872
PG14  16817.355054  13277.570993  16006.583868    749.966096
PG15   8639.015261 -13540.673191  20592.911662    442.275613
PG17  12739.955702  22587.303279  -4625.491305   -197.464321
PG18   1844.948961 -21122.805956  15869.104710   -263.413195
PG19  16528.432425  14952.040138 -14891.872919    704.959205
PG20  15353.233178  -2862.026479  21540.362942    278.600399
PG21  26462.217471   2509.133488    223.489254    369.182630
PG22  21660.945514  11211.529976  10432.414266     74.381392
PG24  15132.701318 -20955.344730   4673.749902    193.947414
PG25   1268.777707 -15612.077002 -21758.816806    391.431118
PG26 -25711.928641  -4225.659965  -6412.215415   -391.835856
PG28 -11832.519850  -9585.905374 -21757.385951   -422.533849
PG29  -2659.513333 -24692.464537  -9200.142056   -248.815066
PG30   8732.684447  14337.359333  20742.556840    353.792298
PG31 -17835.745653    404.957892 -20066.140086   -122.813210
*  2026  9  5 14 35  0.00000000
PG04  -3795.177096  19861.385105 -17094.916798     64.740038
PG05  23914.559023  -6088.115227   9670.994069   -236.548910
PG06  12616.217019   7493.270253 -22078.226430   -531.651445
PG07  -2722.171289  22506.533529  14161.728845   -221.937101
PG09   6011.545949  24283.040415  -8904.311736    685.457610
PG11  18781.856580  -4407.550906 -18153.891471   -219.467059
PG13  16854.863795 -11588.343826 -17027.945764    438.300357
PG14  16201.301502  13286.758828  16617.195881    749.966031
PG15   9145.156994 -12883.429377  20790.120300    442.276566
PG17  12718.870229  22784.207259  -3688.078564   -197.465580
PG18   2233.357913 -21572.315499  15188.710750   -263.410519
PG19  16666.349596  15483.335848 -14193.696815    704.959162
PG20  15711.647505  -2132.019036  21365.011709    278.603111
PG21  26445.312261   2587.835706   -730.907966    369.180184
PG22  21250.268168  11227.463640  11261.365518     74.384109
PG24  15134.538023 -20706.732168   5588.222996    193.952623
PG25   2075.503869 -15568.323599 -21718.356631    391.430092
PG26 -25465.713034  -4332.095369  -7285.915947   -391.836235
PG28 -11380.771853 -10279.297424 -21680.994846   -422.530617
PG29  -2447.515554 -24381.653002 -10055.975213   -248.813039
PG30   8279.288091  14967.308447  20471.599587    353.795983
PG31 -17424.582088   -222.247091 -20424.043509   -122.812239
*  2026  9  5 14 40  0.00000000
PG04  -4119.984950  19278.631553 -17681.265952     64.740127
PG05  24272.507880  -6026.964742   8793.910800   -236.548704
PG06  12139.053315   8189.347525 -22094.019089   -531.648181
PG07  -3054.971813  22886.196813  13422.370411   -221.938064
PG09   5778.686227  24009.661000  -9770.854015    685.454974
PG11  18412.484577  -3804.044680 -18662.464561   -219.463476
PG13  17487.169136 -11527.650081 -16418.726131    438.301827
PG14  15563.209232  13304.823984  17196.638972    749.965937
PG15   9665.954334 -12228.867263  20945.447084    442.277451
PG17  12686.841736  22948.513466  -2743.435848   -197.466468
PG18   2599.173934 -22006.960913  14478.963392   -263.407844
PG19  16803.877773  15987.202477 -13469.107817    704.959179
PG20  16079.322024  -1414.858437  21148.970914    278.605815
PG21  26393.941804   2664.326921  -1683.909100    369.177790
PG22  20809.736852  11245.852127  12068.708989     74.386927
PG24  15125.161858 -20426.791947   6491.611049    193.957814
PG25   2880.971005 -15538.293286 -21637.437703    391.429022
PG26 -25189.205649  -4444.002251  -8146.096181   -391.836647
PG28 -10943.120773 -10977.383174 -21563.083172   -422.527401
PG29  -2217.799800 -24045.103713 -10892.394248   -248.810963
PG30   7841.742490  15595.635349  20161.964126    353.799677
PG31 -17017.292341   -867.053859 -20744.090876   -122.811444
*  2026  9  5 14 45  0.00000000
PG04  -4464.599942  18682.512781 -18233.462148     64.740230
PG05  24597.874770  -5972.044236   7899.894202   -236.548998
PG06  11674.970599   8894.165690 -22067.258426   -531.644909
PG07  -3367.261171  23247.827176  12657.735025   -221.939025
PG09   5525.039602  23712.432925 -10618.683220    685.452313
PG11  18043.281998  -3178.859179 -19135.029441   -219.459892
PG13  18096.983817 -11477.711912 -15778.259709    438.303297
PG14  14904.366351  13332.667541  17743.813492    749.965859
PG15  10200.447980 -11578.604044  21058.564622    442.278360
PG17  12642.531742  23080.547034  -1793.422177   -197.468167
PG18   2942.547852 -22425.092647  13741.213112   -263.405207
PG19  16939.639622  16463.016066 -12719.475727    704.959144
PG20  16455.136823   -711.947756  20892.648363    278.608522
PG21  26308.112366   2740.005573  -2633.693617    369.175410
PG22  20340.183365  11267.990441  12852.931287     74.389341
PG24  15105.902715 -20115.405871   7382.097385    193.962999
PG25   3683.460225 -15521.907649 -21516.172793    391.427968
PG26 -24883.076811  -4562.541739  -8991.167870   -391.837074
PG28 -10520.363422 -11678.524115 -21403.873951   -422.524183
PG29  -1969.603142 -23684.112963 -11707.791464   -248.808378
PG30   7420.544937  16220.722046  19814.200491    353.803359
PG31 -16615.173362  -1528.377454 -21025.677317   -122.810575
*  2026  9  5 14 50  0.00000000
PG04  -4829.071049  18074.775680 -18750.451338     64.740302
PG05  24889.977462  -5922.000123   6990.675874   -236.548945
PG06  11224.978361   9606.103009 -21997.978482   -531.641629
PG07  -3659.406114  23589.911017  11869.199472   -221.940116
PG09   5249.962353  23392.730149 -11446.185958    685.449669
PG11  17675.715615  -2532.941511 -19570.677661   -219.456253
PG13  18682.983569 -11437.583756 -15107.760521    438.304769
PG14  14226.127713  13371.118090  18257.678225    749.965786
PG15  10747.589209 -10934.209651  21129.234706    442.279083
PG17  12584.637342  23180.741267   -839.902234   -197.470222
PG18   3263.733706 -22825.093604  12976.867160   -263.402558
PG19  17072.233795  16910.252034 -11946.213246    704.959298
PG20  16837.900073    -24.619398  20596.528245    278.611237
PG21  26187.940531   2816.268551  -3578.447034    369.173029
PG22  19842.534146  11295.129793  13612.567972     74.392026
PG24  15078.110307 -19772.566814   8257.885132    193.968187
PG25   4481.259104 -15518.992845 -21354.748146    391.426920
PG26 -24548.084220  -4688.834313  -9819.571469   -391.837508
PG28 -10113.202804 -12381.044353 -21203.669326   -422.520982
PG29  -1702.247415 -23300.044306 -12500.601161   -248.806387
PG30   7016.099565  16840.932449  19428.931010    353.807032
PG31 -16219.464366  -2205.053803 -21268.266572   -122.809443
*  2026  9  5 14 55  0.00000000
PG04  -5213.342243  17457.183582 -19231.248773     64.740378
PG05  25148.243042  -5875.444274   6068.014478   -236.549126
PG06  10789.994527  10323.484351 -21886.295788   -531.638379
PG07  -3931.863862  23910.975129  11058.192575   -221.941007
PG09   4952.902392  23051.984443 -12251.789381    685.447032
PG11  17311.206700  -1867.331898 -19968.572690   -219.452667
PG13  19243.920201 -11406.249570 -14408.499834    438.306207
PG14  13529.909968  13420.927745  18737.252332    749.965699
PG15  11306.244028 -10297.200116  21157.308953    442.280129
PG17  12511.897621  23249.634932    115.257543   -197.471763
PG18   3563.086937 -23205.386163  12187.386909   -263.399923
PG19  17200.241150  17328.486507 -11150.773450    704.959379
PG20  17226.352898    645.869814  20261.170251    278.613946
PG21  26033.652824   2894.504372  -4516.364356    369.170606
PG22  19317.806534  11328.471724  14346.206053     74.394620
PG24  15043.147467 -19398.379839   9117.201382    193.973388
PG25   5272.668016 -15529.280241 -21153.423463    391.425868
PG26 -24185.070003  -4823.954479 -10629.778697   -391.837934
PG28  -9722.245610 -13083.237174 -20962.850007   -422.517750
PG29  -1415.142962 -22894.322676 -13269.302661   -248.804213
PG30   6628.716123  17454.618770  19006.849440    353.810737
PG31 -15831.341899  -2895.843701 -21471.391989   -122.808561
*  2026  9  5 15  0  0.00000000
PG04  -5617.252086  16831.508996 -19674.940840     64.740478
PG05  25372.209921  -5830.960853   5133.692236   -236.549092
PG06  10370.841881  11044.587750 -21732.409264   -531.635100
PG07  -4185.179825  24209.593139  10226.193122   -221.942036
PG09   4633.402382  22691.679150 -13033.964109    685.444397
PG11  16951.124937  -1183.159979 -20327.951537   -219.449032
PG13  19778.626354 -11382.627706 -13681.803816    438.307683
PG14  12817.186367  13482.768482  19181.617195    749.965633
PG15  11875.197750  -9669.031217  21142.729195    442.281208
PG17  12423.099850  23287.869117   1070.192851   -197.472842
PG18   3841.062140 -23564.439060  11374.285086   -263.397262
PG19  17322.231042  17717.397245 -10334.647214    704.959277
PG20  17619.174570   1298.343218  19887.208566    278.616668
PG21  25845.584887   2976.086401  -5445.653510    369.168202
PG22  18767.104678  11369.162475  15052.486366     74.397022
PG24  15002.383358 -18993.062812   9958.301345    193.978584
PG25   6056.006443 -15552.407456 -20912.531759    391.424848
PG26 -23794.957449  -4968.925633 -11420.295039   -391.838337
PG28  -9348.000146 -13783.371759 -20681.874560   -422.514512
PG29  -1107.791965 -22468.428257 -14012.423249   -248.802315
PG30   6258.609150  18060.128008  18548.719976    353.814419
PG31 -15451.915152  -3599.437107 -21634.657427   -122.807774
*  2026  9  5 15  5  0.00000000
PG04  -6040.533786  16199.526316 -20080.686753     64.740551
PG05  25561.529378  -5787.113257   4189.511398   -236.549408
PG06   9968.244929  11767.651192 -21536.599960   -531.631845
PG07  -4419.984932  24484.391824   9374.727636   -221.942975
PG09   4291.102434  22313.342754 -13791.227056    685.441740
PG11  16596.782578   -481.640716 -20648.126213   -219.445434
PG13  20286.019931 -11365.576095 -12929.051102    438.309118
PG14  12089.481337  13557.228820  19589.918175    749.965545
PG15  12453.159972  -9051.092424  21085.527629    442.282300
PG17  12317.085449  23296.183650   2023.045350   -197.474155
PG18   4098.210356 -23900.774102  10539.122868   -263.394613
PG19  17436.767656  18076.764173  -9499.360609    704.959340
PG20  18014.987966   1931.708552  19475.350715    278.619356
PG21  25624.180195   3062.366131  -6364.538753    369.165822
PG22  18191.615105  11418.287642  15730.105809     74.399931
PG24  14957.186630 -18556.946493  10779.472485    193.983768
PG25   6829.619227 -15587.919810 -20632.479110    391.423808
PG26 -23378.747439  -5124.715156 -12189.662193   -391.838756
PG28  -8990.874688 -14479.700023 -20361.278555   -422.511307
PG29   -779.791383 -22023.890137 -14728.540988   -248.800222
PG30   5905.897558  18655.808502  18055.376120    353.818115
PG31 -15082.221562  -4314.457728 -21757.738057   -122.807017
*  2026  9  5 15 10  0.00000000
PG04  -6482.815731  15563.004557 -20447.720094     64.740645
PG05  25715.966622  -5742.451144   3237.290693   -236.549386
PG06   9582.827193  12490.879594 -21299.230622   -531.628588
PG07  -4636.992563  24734.057289   8505.368009   -221.944131
PG09   3925.742384  21918.542274 -14522.144159    685.439105
PG11  16249.428861    235.930070 -20928.485049   -219.441853
PG13  20765.108177 -11353.897695 -12151.670248    438.310569
PG14  11348.364837  13644.810846  19961.366270    749.965413
PG15  13038.769944  -8444.701174  20985.826715    442.282907
PG17  12192.755683  23275.413117   2971.966439   -197.475465
PG18   4335.175937 -24212.972675   9683.506864   -263.391955
PG19  17542.416366  18406.469504  -8646.472250    704.959242
PG20  18412.365304   2544.961839  19026.376273    278.622027
PG21  25369.988337   3154.666570  -7271.264042    369.163412
PG22  17592.601983  11476.867131  16377.819453     74.402607
PG24  14908.918546 -18090.474108  11579.038616    193.988940
PG25   7591.882755 -15635.272171 -20313.744287    391.422746
PG26 -22937.514586  -5292.229731 -12936.460453   -391.839302
PG28  -8651.176288 -15170.463530 -20001.673559   -422.508092
PG29   -430.835461 -21562.279780 -15416.287442   -248.797849
PG30   5570.604632  19240.016496  17527.719421    353.821797
PG31 -14723.222713  -5039.467891 -21840.381070   -122.806097
*  2026  9  5 15 15  0.00000000
PG04  -6943.622488  14923.700137 -20775.350192     64.740755
PG05  25835.401379  -5695.517501   2278.861763   -236.549654
PG06   9215.108964  13212.451953 -21020.745097   -531.625333
PG07  -4836.995104  24957.340959   7619.728992   -221.945314
PG09   3537.163637  21508.876537 -15225.332997    685.436443
PG11  15910.244744    968.180519 -21168.493850   -219.438273
PG13  21214.991396 -11346.346193 -11351.137096    438.312019
PG14  10595.446529  13745.927620  20295.239671    749.965325
PG15  13630.602281  -7851.097519  20843.838836    442.283762
PG17  12049.077072  23226.482495   3915.120973   -197.476603
PG18   4552.692984 -24499.682027   8809.085987   -263.389314
PG19  17637.750083  18706.497474  -7777.570613    704.959302
PG20  18809.834102   3137.190880  18541.135448    278.624711
PG21  25083.662852   3254.275744  -8164.096380    369.161005
PG22  16971.402077  11545.850424  16994.442511     74.405200
PG24  14858.926135 -17594.200390  12355.363949    193.994131
PG25   8341.211025 -15693.831197 -19956.878257    391.421717
PG26 -22472.403103  -5472.310918 -13659.311041   -391.839708
PG28  -8329.110031 -15853.900481 -19603.745986   -422.504885
PG29    -60.717806 -21085.204337 -16074.350262   -248.795594
PG30   5252.658443  19811.122733  16966.718080    353.825495
PG31 -14375.800542  -5772.973669 -21882.406277   -122.805369
*  2026  9  5 15 20  0.00000000
PG04  -7422.376271  14283.349738 -21062.963348     64.740848
PG05  25919.827998  -5644.855737   1316.065592   -236.549734
PG06   8865.505514  13930.528623 -20701.667567   -531.622049
PG07  -5020.860125  25153.065373   6719.465541   -221.946008
PG09   3125.310571  21085.969333 -15899.465315    685.433795
PG11  15580.337940   1713.667888 -21367.696901   -219.434665
PG13  21634.866290 -11341.631936 -10528.972046    438.313488
PG14   9832.369784  13860.900949  20590.885213    749.965232
PG15  14227.173003  -7271.439156  20659.865712    442.284628
PG17  11885.086491  23150.402420   4850.690893   -197.477757
PG18   4751.581376 -24759.621286   7917.548216   -263.386636
PG19  17721.355581  18976.933670  -6894.271332    704.959347
PG20  19205.883359   3707.578368  18020.547523    278.627412
PG21  24765.958637   3362.440355  -9041.329110    369.158608
PG22  16329.419451  11626.112195  17578.852177     74.408308
PG24  14808.535382 -17068.790099  13106.857074    193.999331
PG25   9076.061603 -15762.877966 -19562.503574    391.420668
PG26 -21984.622407  -5665.731003 -14356.878370   -391.840122
PG28  -8024.778737 -16528.252723 -19168.255799   -422.501657
PG29    330.666976 -20594.299832 -16701.475668   -248.793651
PG30   4951.892672  20367.519003  16373.405420    353.829196
PG31 -14040.753878  -6513.430250 -21883.706606   -122.804429
*  2026  9  5 15 25  0.00000000
PG04  -7918.398852  13643.663281 -21310.023902     64.740953
PG05  25969.355077  -5589.016754    350.748938   -236.549731
PG06   8534.325790  14643.258704 -20342.601620   -531.618772
PG07  -5189.526203  25320.129742   5806.270024   -221.946864
PG09   2690.231502  20651.462501 -16543.269416    685.431142
PG11  15260.738305   2470.884010 -21525.717801   -219.431058
PG13  22024.028900 -11338.428056  -9686.737238    438.314963
PG14   9060.805543  13989.959551  20847.719730    749.965129
PG15  14826.945867  -6706.796878  20434.297566    442.285652
PG17  11699.895931  23048.264120   5776.878791   -197.479716
PG18   4932.742417 -24991.587194   7010.617257   -263.383980
PG19  17791.839768  19217.963974  -5998.214453    704.959477
PG20  19598.969913   4255.404594  17465.599178    278.630020
PG21  24417.728947   3480.359630  -9901.285164    369.156267
PG22  15668.119918  11718.448262  18129.989329     74.410284
PG24  14759.044507 -16515.016007  13831.974865    194.004525
PG25   9794.941417 -15841.610992 -19131.313640    391.419650
PG26 -21475.442485  -5873.189126 -15027.872248   -391.840514
PG28  -7738.183125 -17191.772755 -18696.035075   -422.498439
PG29    743.322089 -20091.224243 -17296.470798   -248.791405
PG30   4668.047855  20907.624660  15748.878224    353.832885
PG31 -13718.795324  -7259.247535 -21844.248496   -122.803269
*  2026  9  5 15 30  0.00000000
PG04  -8430.913932  13006.317044 -21516.075137     64.741101
PG05  25984.204619  -5526.565983   -615.239226   -236.549716
PG06   8221.771574  15348.787486 -19944.229154   -531.615503
PG07  -5343.998384  25457.515244   4881.869276   -221.948270
PG09   2232.079191  20207.008961 -17155.532456    685.428513
PG11  14952.393585   3238.261048 -21642.260148   -219.427448
PG13  22381.877140 -11335.376776  -8826.033655    438.316423
PG14   8282.446049  14133.237625  21065.231286    749.965032
PG15  15428.338955  -6158.150459  20167.612066    442.286616
PG17  11492.696922  22921.234037   6691.911372   -197.480845
PG18   5097.154099 -25194.459517   6090.049120   -263.381329
PG19  17847.835881  19429.873108  -5091.061672    704.959569
PG20  19987.524964   4780.049735  16877.342675    278.632724
PG21  24039.921974   3609.179360 -10742.320258    369.153870
PG22  14989.025267  11823.571915  18646.860093     74.412938
PG24  14711.717367 -15933.756381  14529.226284    194.009710
PG25  10496.412386 -15929.149610 -18664.071840    391.418625
PG26 -20946.189030  -6095.307712 -15671.050009   -391.840900
PG28  -7469.222421 -17842.730716 -18187.986431   -422.495206
PG29   1177.147808 -19577.650527 -17858.205922   -248.789265
PG30   4400.773035  21429.893049  15094.294940    353.836603
PG31 -13410.548495  -8008.795935 -21764.072185   -122.802360
*  2026  9  5 15 35  0.00000000
PG04  -8959.049936  12372.946953 -21680.740026     64.741166
PG05  25964.710717  -5456.090332  -1580.051259   -236.549449
PG06   7927.937138  16045.263953 -19507.309116   -531.612224
PG07  -5485.343326  25564.290034   3948.021530   -221.949053
PG09   1751.110913  19754.265737 -17735.102612    685.425844
PG11  14656.165539   4014.177507 -21717.108054   -219.423834
PG13  22707.912917 -11331.095864  -7948.498141    438.317863
PG14   7498.998501  14290.773816  21242.980298    749.964963
PG15  16029.731493  -5626.385005  19860.373024    442.287252
PG17  11262.764577  22770.548165   7594.042832   -197.482255
PG18   5245.866027 -25367.206122   5157.628599   -263.378663
PG19  17888.009582  19613.042814  -4174.493551    704.959476
PG20  20369.960725   5280.995711  16256.893931    278.635418
PG21  23633.577048   3749.986189 -11562.826020    369.151507
PG22  14293.707306  11942.110618  19128.537280     74.415750
PG24  14667.777005 -15325.991939  15197.176078    194.014891
PG25  11179.096841 -16024.537721 -18161.610553    391.417594
PG26 -20398.238379  -6332.629214 -16285.218587   -391.841324
PG28  -7217.695423 -18479.421299 -17645.081303   -422.491968
PG29   1631.941195 -19055.259596 -18385.616534   -248.786831
PG30   4149.627820  21932.817833  14410.873757    353.840297
PG31 -13116.545628  -8760.412348 -21643.291882   -122.801644
*  2026  9  5 15 40  0.00000000
PG04  -9501.843236  11745.142067 -21803.721814     64.741258
PG05  25911.317774  -5376.205045  -2541.844369   -236.549665
PG06   7652.809381  16730.848268 -19032.676089   -531.608958
PG07  -5614.684110  25639.613933   3006.513201   -221.950152
PG09   1247.688069  19294.886983 -18280.891124    685.423187
PG11  14372.826464   4796.964475 -21750.126505   -219.420215
PG13  23001.743815 -11324.185206  -7055.800360    438.319330
PG14   6712.178623  14462.510603  21380.600553    749.964893
PG15  16629.470845  -5112.287764  19513.228877    442.288350
PG17  11009.461260  22597.506135   8481.558129   -197.483756
PG18   5379.994000 -25508.887681   4215.165685   -263.376006
PG19  17911.064931  19767.949647  -3250.206710    704.959424
PG20  20744.677179   5757.827623  15605.430455    278.638137
PG21  23199.820462   3903.802154 -12361.233063    369.149156
PG22  13583.781723  12074.603103  19574.161685     74.418163
PG24  14628.399399 -14692.802327  15834.448355    194.019974
PG25  11841.682736 -16126.747883 -17624.830027    391.416572
PG26 -19833.012252  -6585.613184 -16869.236512   -391.841714
PG28  -6983.302008 -19100.170583 -17068.358107   -422.488755
PG29   2107.396272 -18525.733300 -18877.705296   -248.784853
PG30   3914.084841  22414.939187  13699.890545    353.843978
PG31 -12837.225561  -9512.406303 -21482.095831   -122.800677
*  2026  9  5 15 45  0.00000000
PG04 -10058.241781  11124.438301 -21884.804442     64.741345
PG05  25824.578281  -5285.560406  -3498.784113   -236.549670
PG06   7396.268447  17403.719246 -18521.238704   -531.605685
PG07  -5733.194769  25682.742777   2059.155544   -221.951106
PG09    722.275361  18830.517056 -18791.874224    685.420541
PG11  14103.056126   5584.912086 -21741.261549   -219.416629
PG13  23263.084355 -11313.233470  -6149.639671    438.320797
PG14   5923.704195  14648.294091  21477.800086    749.964826
PG15  17225.879679  -4616.545442  19126.910940    442.289425
PG17  10732.239853  22403.465071   9352.776155   -197.484833
PG18   5500.714308 -25618.661990   3264.491906   -263.373348
PG19  17915.750217  19895.162410  -2319.911003    704.959780
PG20  21110.068909   6210.234730  14924.189185    278.640820
PG21  22739.860933   4071.579506 -13136.013971    369.146773
PG22  12860.901815  12221.496858  19982.943254     74.420777
PG24  14594.707427 -14035.362099  16439.730015    194.025152
PG25  12482.928604 -16234.685750 -17054.697134    391.415537
PG26 -19251.972333  -6854.633682 -17422.015840   -391.842120
PG28  -6765.645078 -19703.342742 -16458.920257   -422.485542
PG29   2603.104640 -17990.747424 -19333.543851   -248.782752
PG30   3693.532602  22874.849832  12962.676673    353.847665
PG31 -12572.932115 -10263.066230 -21280.746268   -122.799870
*  2026  9  5 15 50  0.00000000
PG04 -10627.109113  10512.312398 -21923.852806     64.741442
PG05  25705.150145  -5182.848301  -4449.047847   -236.549787
PG06   7158.088830  18062.081760 -17973.977911   -531.602404
PG07  -5842.094529  25693.032396   1107.781180   -221.952217
PG09    175.439516  18362.783658 -19267.094929    685.417877
PG11  13847.439116   6376.276144 -21690.540334   -219.413007
PG13  23491.756803 -11296.824844  -5231.741951    438.322224
PG14   5135.288562  14847.874234  21534.361956    749.964675
PG15  17817.263228  -4139.742011  18702.231461    442.290254
PG17  10430.646626  22189.833247  10206.052788   -197.486460
PG18   5609.257733 -25695.787878   2307.456611   -263.370678
PG19  17900.863616  19995.339231  -1385.326684    704.959320
PG20  21464.531977   6638.011004  14214.464192    278.643512
PG21  22254.984733   4254.195839 -13885.686219    369.144370
PG22  12126.752095  12383.146020  20354.162122     74.423402
PG24  14567.765091 -13354.936244  17011.774035    194.030329
PG25  13101.668257 -16347.194809 -16452.243979    391.414498
PG26 -18656.614698  -7139.977030 -17942.524013   -391.842528
PG28  -6564.232934 -20287.346608 -15817.934060   -422.482345
PG29   3118.556555 -17451.964746 -19752.274487   -248.780815
PG30   3487.278708  23311.200876  12200.616697    353.851353
PG31 -12323.912863 -11010.665858 -21039.579251   -122.799212
*  2026  9  5 15 55  0.00000000
PG04 -11207.228762   9910.176181 -21920.812864     64.741570
PG05  25553.793597  -5066.808571  -5390.828144   -236.550059
PG06   6937.940961  18704.174049 -17391.945089   -531.599118
PG07  -5942.641799  25669.942202    154.240502   -221.953135
PG09   -392.152416  17893.291079 -19705.664707    685.415240
PG11  13606.462643   7169.284914 -21598.070971   -219.409370
PG13  23687.691539 -11273.545794  -4303.856359    438.323702
PG14   4348.634158  15060.905468  21550.144885    749.964629
PG15  18401.916642  -3682.357021  18240.081456    442.290977
PG17  10104.323678  21958.063582  11039.783838   -197.487905
PG18   5706.903306 -25739.628682   1345.923190   -263.368011
PG19  17865.258668  20069.224305   -448.181551    704.959407
PG20  21806.470814   7041.055215  13477.604289    278.646215
PG21  21746.550502   4452.449546 -14608.815001    369.141962
PG22  11383.041809  12559.809682  20687.169521     74.426427
PG24  14548.572031 -12652.875264  17549.402580    194.035506
PG25  13696.815191 -16463.061439 -15818.566391    391.413450
PG26 -18048.464116  -7441.839926 -18429.785634   -391.842944
PG28  -6378.482075 -20850.642058 -15146.626496   -422.479118
PG29   3653.142442 -16911.028179 -20133.111663   -248.778721
PG30   3294.553466  23722.707458  11415.145923    353.855051
PG31 -12090.318310 -11753.470687 -20759.004381   -122.798028
*  2026  9  5 16  0  0.00000000
PG04 -11797.308983   9319.371113 -21875.711575     64.741668
PG05  25371.367685  -4936.235160  -6322.336164   -236.550240
PG06   6735.393257  19328.274907 -16776.260008   -531.595846
PG07  -6036.127939  25613.038359   -799.602032   -221.954236
PG09   -979.735199  17423.613561 -20106.765018    685.412561
PG11  13380.514767   7962.146025 -21464.042248   -219.405753
PG13  23850.926976 -11241.991844  -3367.752049    438.325157
PG14   3565.426052  15286.947773  21525.083771    749.964533
PG15  18978.132378  -3244.764437  17741.428372    442.291805
PG17   9753.010963  21709.646994  11852.407870   -197.489258
PG18   5794.971848 -25749.655281    381.765274   -263.365351
PG19  17807.849540  20117.644299    489.791906    704.959442
PG20  22134.305106   7419.370588  12715.010524    278.648914
PG21  21215.983758   4667.055617 -15304.015975    369.139559
PG22  10631.498391  12751.650611  20981.388559     74.429054
PG24  14538.058354 -11930.609839  18051.509949    194.040603
PG25  14267.366692 -16581.020239 -15154.822267    391.412340
PG26 -17429.068245  -7760.327922 -18882.884177   -391.843360
PG28  -6207.720398 -21391.746195 -14446.282868   -422.475917
PG29   4206.154852 -16369.554026 -20475.343380   -248.776397
PG30   3114.513838  24108.154133  10607.747852    353.858755
PG31 -11872.201474 -12489.744540 -20439.504401   -122.796996
*  2026  9  5 16  5  0.00000000
PG04 -12395.987834   8741.163178 -21788.656688     64.741760
PG05  25158.826369  -4789.982008  -7241.804965   -236.550284
PG06   6549.914645  19932.710702 -16128.108646   -531.592562
PG07  -6123.870816  25521.996517  -1751.871718   -221.955179
PG09  -1586.447959  16955.288829 -20469.648713    685.409915
PG11  13169.883086   8753.053462 -21288.723174   -219.402159
PG13  23981.609035 -11200.774325  -2425.214838    438.326616
PG14   2787.325563  15525.468143  21459.190076    749.964471
PG15  19544.207586  -2827.231987  17207.313546    442.292942
PG17   9376.547891  21446.105648  12642.408908   -197.490559
PG18   5874.819308 -25725.448671   -583.137122   -263.362673
PG19  17727.616061  20141.504443   1426.859382    704.959456
PG20  22446.476630   7773.064003  11928.133575    278.651585
PG21  20664.771151   4898.641807 -15969.957908    369.137166
PG22   9873.860877  12958.734384  21236.314873     74.431465
PG24  14537.079818 -11189.645091  18517.065317    194.045758
PG25  14812.407609 -16699.759626 -14462.229797    391.411305
PG26 -16799.991746  -8095.454276 -19300.963612   -391.843767
PG28  -6051.190796 -21909.239301 -13718.244343   -422.472697
PG29   4776.790839 -15829.125379 -20778.332412   -248.774278
PG30   2946.247734  24466.400010   9779.951505    353.862449
PG31 -11669.517891 -13217.756142 -20081.634674   -122.796313
*  2026  9  5 16 10  0.00000000
PG04 -13001.838560   8176.738113 -21659.836366     64.741865
PG05  24917.214249  -4626.968691  -8147.492762   -236.550372
PG06   6380.877527  20515.862215 -15448.740865   -531.589294
PG07  -6207.208188  25396.604089  -2700.687524   -221.956249
PG09  -2211.337144  16489.811787 -20793.641307    685.407269
PG11  12974.753876   9540.194628 -21072.462373   -219.398550
PG13  24079.990173 -11148.527070  -1478.043831    438.328086
PG14   2015.963958  15775.842479  21352.552072    749.964394
PG15  20098.451467  -2429.921024  16638.849510    442.293622
PG17   8974.874488  21168.986125  13408.319009   -197.491770
PG18   5947.829943 -25666.702056  -1546.901462   -263.360004
PG19  17623.608509  20141.784316   2361.287620    704.959536
PG20  22741.456024   8102.344751  11118.471044    278.654280
PG21  20094.454453   5147.745182 -16605.365228    369.134773
PG22   9111.873314  13181.028940  21451.517164     74.434334
PG24  14546.413378 -10431.554494  18945.115287    194.050930
PG25  15331.113781 -16817.927674 -13742.065540    391.410202
PG26 -16162.810331  -8447.139176 -19683.229951   -391.844174
PG28  -5908.055131 -22401.770532 -12963.905388   -422.469491
PG29   5364.154756 -15291.285690 -21041.517383   -248.772188
PG30   2788.778629  24796.383594   8933.328636    353.866131
PG31 -11482.126029 -13935.785722 -19686.022534   -122.795188
*  2026  9  5 16 15  0.00000000
PG04 -13613.375255   7627.197011 -21489.518668     64.741960
PG05  24647.661922  -4446.185754  -9037.686114   -236.550462
PG06   6227.561188  21076.171250 -14739.467951   -531.586013
PG07  -6287.490951  25236.762048  -3644.166097   -221.957538
PG09  -2853.359876  16028.628437 -21078.142113    685.404617
PG11  12795.211690  10321.757424 -20815.687316   -219.394956
PG13  24146.427966 -11083.913034   -528.048021    438.329516
PG14   1252.936264  16037.357880  21205.334961    749.964335
PG15  20639.192559  -2052.886906  16037.217125    442.294688
PG17   8548.032132  20879.852545  14148.720722   -197.493648
PG18   6015.409374 -25573.222465  -2507.646571   -263.357369
PG19  17494.952131  20119.533358   3291.347293    704.959618
PG20  23017.749452   8407.522863  10287.564661    278.656971
PG21  19506.624335   5414.809060 -17209.020464    369.132338
PG22   8347.278171  13418.404551  21626.637598     74.436830
PG24  14566.753139  -9657.973442  19334.786225    194.056112
PG25  15822.755115 -16934.138174 -12995.662377    391.409156
PG26 -15519.104770  -8815.209351 -20028.952713   -391.844572
PG28  -5777.398568 -22868.063331 -12184.711091   -422.466296
PG29   5967.261458 -14757.532538 -21264.413698   -248.770163
PG30   2641.070482  25097.127321   8069.490831    353.869820
PG31 -11309.788120 -14642.131598 -19253.366525   -122.794356
*  2026  9  5 16 20  0.00000000
PG04 -14229.058789   7093.552295 -21278.050867     64.742064
PG05  24351.381010  -4246.699744  -9910.703052   -236.550389
PG06   6089.155630  21612.146997 -14001.660022   -531.582745
PG07  -6366.076264  25042.486247  -4580.425854   -221.958346
PG09  -3511.387675  15573.130019 -21322.625243    685.401963
PG11  12631.239417  11095.937338 -20518.903403   -219.391338
PG13  24181.383258 -11005.630802    422.957146    438.330972
PG14    499.795217  16309.215344  21017.780851    749.964261
PG15  21164.785913  -1696.079878  15403.662571    442.295854
PG17   8096.163851  20580.279677  14862.249405   -197.494683
PG18   6078.977538 -25444.931871  -3463.496528   -263.354697
PG19  17340.851381  20075.866097   4215.315876    704.959786
PG20  23273.905150   8689.006993   9436.997396    278.659662
PG21  18902.913951   5700.180370 -17779.766586    369.129956
PG22   7581.809806  13670.634203  21761.392102     74.439658
PG24  14598.706728  -8870.592523  19685.286377    194.061289
PG25  16286.698266 -17046.976883 -12224.407328    391.408117
PG26 -14870.454888  -9199.398063 -20337.466299   -391.844974
PG28  -5658.234247 -23306.920546 -11382.154396   -422.463060
PG29   6585.039889 -14229.311623 -21446.614316   -248.767903
PG30   2502.032945  25367.741760   7190.086502    353.873526
PG31 -11152.171412 -15335.116727 -18784.435494   -122.793355
*  2026  9  5 16 25  0.00000000
PG04 -14847.302970   6576.724109 -21025.858631     64.742143
PG05  24029.658875  -4027.657905 -10764.896122   -236.550422
PG06   5964.765808  22122.372115 -13236.743314   -531.579472
PG07  -6444.320602  24813.908224  -5507.591140   -221.959532
PG09  -4184.210560  15124.647411 -21526.640470    685.399307
PG11  12482.718797  11860.944495 -20182.692890   -219.387726
PG13  24185.417885 -10912.420954   1373.153220    438.332417
PG14   -241.954621  16590.532854  20790.208593    749.964213
PG15  21673.620130  -1359.346461  14739.494196    442.296613
PG17   7619.514197  20271.846053  15547.595427   -197.496139
PG18   6139.961572 -25281.867810  -4412.584541   -263.352041
PG19  17160.593855  20011.957135   5131.480517    704.959761
PG20  23508.519803   8947.301888   8568.390486    278.662349
PG21  18284.992345   6004.107423 -18316.509226    369.127529
PG22   6817.187980  13937.394390  21855.570531     74.442106
PG24  14642.792099  -8071.150524  19995.907760    194.066456
PG25  16722.408946 -17155.007949 -11429.739239    391.407087
PG26 -14218.433560  -9599.345489 -20608.171284   -391.845375
PG28  -5549.508285 -23717.229207 -10557.773230   -422.459844
PG29   7216.337041 -13708.011007 -21587.790380   -248.765676
PG30   2370.526823  25607.429460   6296.797788    353.877222
PG31 -11008.849828 -16013.095192 -18280.067574   -122.792558
*  2026  9  5 16 30  0.00000000
PG04 -15466.480907   6077.537109 -20733.445043     64.742218
PG05  23683.853035  -3788.292517 -11598.655361   -236.550415
PG06   5853.416253  22605.508505 -12446.197341   -531.576201
PG07  -6523.572750  24551.275494  -6423.796446   -221.960211
PG09  -4870.541478  14684.445806 -21689.813952    685.396633
PG11  12349.431396  12615.010654 -19807.713669   -219.384125
PG13  24159.191968 -10803.072275   2320.722214    438.333873
PG14   -970.862561  16880.348848  20523.013481    749.964125
PG15  22164.124220  -1042.431316  14046.079248    442.297486
PG17   7118.428688  19956.127129  16203.506226   -197.497736
PG18   6199.788680 -25084.183501  -5353.056814   -263.349384
PG19  16953.553907  19929.035904   6038.140909    704.959974
PG20  23720.244742   9183.005448   7683.400393    278.665012
PG21  17654.557727   6326.738125 -18818.218780    369.125098
PG22   6055.111476  14218.266311  21909.036725     74.444869
PG24  14699.434808  -7261.427215  20266.027813    194.071606
PG25  17129.453809 -17256.780477 -10613.146333    391.406045
PG26 -13564.600733 -10014.599481 -20840.535621   -391.845793
PG28  -5450.105065 -24097.964972  -9713.147552   -422.456647
PG29   7859.922273 -13194.955630 -21687.691688   -248.763795
PG30   2245.369783  25815.488430   5391.337346    353.880905
PG31 -10879.306044 -16674.458591 -17741.169029   -122.791462
*  2026  9  5 16 35  0.00000000
PG04 -16084.931558   5596.717690 -20401.389496     64.742282
PG05  23315.385324  -3527.924875 -12410.411178   -236.550470
PG06   5754.056063  23060.302753 -11631.551948   -531.572969
PG07  -6605.166798  24254.951313  -7327.190671   -221.961155
PG09  -5569.021077  14253.719694 -21811.848822    685.393964
PG11  12231.060024  13356.396101 -19394.697902   -219.380515
PG13  24103.460810 -10676.427758   3263.850078    438.335330
PG14  -1685.537270  17177.626056  20216.666798    749.964044
PG15  22634.774257   -744.979591  13324.840494    442.298373
PG17   6593.352840  19634.688513  16828.788250   -197.499076
PG18   6259.878985 -24852.147463  -6283.076392   -263.346735
PG19  16719.195941  19828.381198   6933.612147    704.959834
PG20  23907.791935   9396.805378   6783.715673    278.667689
PG21  17013.330629   6668.118623 -19283.932396    369.122715
PG22   5297.251817  14512.737465  21921.728448     74.447324
PG24  14768.965746  -6443.235932  20495.110815    194.076796
PG25  17507.501935 -17350.835215  -9776.163644    391.405027
PG26 -12910.497506 -10444.616719 -21034.095742   -391.846183
PG28  -5358.852806 -24448.196194  -8849.896315   -422.453439
PG29   8514.491962 -12691.402119 -21746.147022   -248.761520
PG30   2125.342275  25991.315223   4475.445069    353.884598
PG31 -10762.933961 -17317.642320 -17168.712967   -122.790890
*  2026  9  5 16 40  0.00000000
PG04 -16700.966421   5134.891646 -20030.346429     64.742346
PG05  22925.735798  -3245.968877 -13198.637161   -236.550707
PG06   5665.564237  23485.591217 -10794.384257   -531.569692
PG07  -6690.415148  23925.413916  -8215.941417   -221.962330
PG09  -6278.222771  13833.588155 -21892.525634    685.391312
PG11  12127.190601  14083.396435 -18944.450514   -219.376930
PG13  24019.071388 -10531.390394   4200.730171    438.336773
PG14  -2384.652011  17481.255691  19871.715228    749.963964
PG15  23084.099794   -466.539718  12577.252734    442.299349
PG17   6044.830773  19309.079286  17422.308757   -197.500661
PG18   6321.638429 -24586.142623  -7200.826957   -263.344064
PG19  16457.077352  19711.315523   7816.227577    704.959745
PG20  24069.939730   9589.475464   5871.053796    278.670392
PG21  16363.046987   7028.192403 -19712.755829    369.120294
PG22   4545.247132  14820.203631  21893.657229     74.450384
PG24  14851.619366  -5618.416012  20682.709053    194.081966
PG25  17856.325875 -17435.711317  -8920.370314    391.403984
PG26 -12257.640280 -10888.764247 -21188.457582   -391.846559
PG28  -5274.529386 -24767.087613  -7969.674350   -422.450239
PG29   9178.674469 -12198.533918 -21763.064320   -248.759265
PG30   2009.193637  26134.407625   3550.884708    353.888279
PG31 -10659.041585 -17941.131702 -16563.737931   -122.789795
*  2026  9  5 16 45  0.00000000
PG04 -17312.876351   4692.582277 -19621.043938     64.742418
PG05  22516.436437  -2941.934216 -13961.852783   -236.550529
PG06   5586.755327  23880.304730  -9936.315504   -531.566408
PG07  -6780.601585  23563.255225  -9088.239301   -221.963166
PG09  -6996.658099  13425.090497 -21931.702683    685.388658
PG11  12037.314452  14794.349191 -18457.847543   -219.373336
PG13  23906.958466 -10366.928719   5129.566730    438.338207
PG14  -3066.949626  17790.061977  19488.780117    749.963900
PG15  23510.690009   -206.566655  11804.839240    442.299714
PG17   5473.503429  18980.825453  17982.997494   -197.501822
PG18   6386.451740 -24286.664936  -8104.516598   -263.341429
PG19  16166.851113  19579.199270   8684.341635    704.959829
PG20  24205.538345   9761.871473   4947.157886    278.673100
PG21  15705.451165   7406.799835 -20103.865171    369.117894
PG22   3800.696172  15139.971238  21824.908073     74.452940
PG24  14947.532392  -4788.825126  20828.463738    194.087138
PG25  18175.802274 -17509.953184  -8047.386771    391.402941
PG26 -11607.515001 -11346.321377 -21303.297485   -391.846965
PG28  -5195.868389 -25053.903646  -7074.169181   -422.447044
PG29   9851.035400 -11717.456750 -21738.430701   -248.756922
PG30   1895.648367  26244.366908   2619.440424    353.891978
PG31 -10566.854284 -18543.467956 -15927.346344   -122.789004
*  2026  9  5 16 50  0.00000000
PG04 -17918.938475   4270.208941 -19174.282253     64.742536
PG05  22089.064651  -2615.429157 -14698.626022   -236.550394
PG06   5516.385385  24243.472907  -9059.007797   -531.563144
PG07  -6876.974443  23169.179017  -9942.302276   -221.964314
PG09  -7722.782342  13029.182250 -21929.316169    685.386021
PG11  11960.831027  15487.640294 -17935.834363   -219.369743
PG13  23768.140348 -10182.082085   6048.578325    438.339664
PG14  -3731.247240  18102.807003  19068.556584    749.963834
PG15  23913.199560     35.574461  11009.168118    442.300866
PG17   4880.106384  18651.423531  18509.848238   -197.503107
PG18   6455.675492 -23954.321506  -8992.381510   -263.338734
PG19  15848.267992  19433.424742   9536.332666    704.959806
PG20  24313.515063   9914.926707   4013.793422    278.675761
PG21  15042.288951   7803.678178 -20456.508447    369.115499
PG22   3065.152511  15471.260089  21715.639088     74.455558
PG24  15056.743035  -3956.331522  20932.105681    194.092296
PG25  18465.912040 -17572.117311  -7158.871797    391.401918
PG26 -10961.571525 -11816.481978 -21378.363028   -391.847356
PG28  -5121.565348 -25308.011260  -6165.097776   -422.443840
PG29  10530.083139 -11249.194436 -21672.312340   -248.754979
PG30   1783.412530  26320.899667   1682.913267    353.895668
PG31 -10485.518429 -19123.253960 -15260.702837   -122.788108
*  2026  9  5 16 55  0.00000000
PG04 -18517.423157   3868.086075 -18690.932082     64.742622
PG05  21645.236628  -2266.162900 -15407.575874   -236.550668
PG06   5453.158173  24574.228023  -8164.160779   -531.559853
PG07  -6980.739906  22743.998568 -10776.379929   -221.965664
PG09  -8455.000388  12646.731526 -21885.380247    685.383358
PG11  11897.051034  16161.710299 -17379.423765   -219.366141
PG13  23603.714270  -9975.965640   6956.001295    438.341107
PG14  -4376.440649  18418.195874  18611.812491    749.963750
PG15  24290.354119    260.604263  10191.848605    442.302144
PG17   4265.467288  18322.334326  19001.920212   -197.504410
PG18   6530.631315 -23589.828225  -9862.689637   -263.336060
PG19  15501.178395  19275.410052  10370.605724    704.959813
PG20  24392.879125  10049.647217   3072.744877    278.678446
PG21  14375.300573   8218.462031 -20770.007074    369.113116
PG22   2340.118951  15813.206457  21566.080989     74.458221
PG24  15179.190707  -3122.806251  20993.455707    194.097473
PG25  18726.740080 -17620.779152  -6256.519465    391.400872
PG26 -10321.218127 -12298.357129 -21413.473729   -391.847742
PG28  -5050.284164 -25528.882425  -5244.203236   -422.440634
PG29  11214.274624 -10794.685086 -21564.854200   -248.752746
PG30   1671.180264  26363.819203    743.117598    353.899366
PG31 -10414.105402 -19679.159807 -14565.032433   -122.787090
*  2026  9  5 17  0  0.00000000
PG04 -19106.601007   3486.422665 -18171.932830     64.742706
PG05  21186.600550  -1893.947504 -16087.374780   -236.550830
PG06   5395.731613  24871.808467  -7253.508216   -531.556561
PG07  -7093.055467  22288.633758 -11588.757763   -221.966469
PG09  -9191.672801  12278.515777 -21799.986917    685.380657
PG11  11845.199959  16815.060408 -16789.693925   -219.362517
PG13  23414.851483  -9747.774990   7850.093155    438.342551
PG14  -5001.508392  18734.882145  18119.387255    749.963689
PG15  24640.955564    469.324728   9354.527332    442.302908
PG17   3630.502937  17994.976889  19458.339377   -197.505758
PG18   6612.599259 -23194.006945 -10713.744247   -263.333402
PG19  15125.533816  19106.592913  11185.595355    704.959741
PG20  24442.726283  10167.106713   2125.812319    278.681147
PG21  13706.213735   8650.684241 -21043.757188    369.110728
PG22   1627.042139  16164.866512  21376.536514     74.460807
PG24  15314.716228  -2290.115401  21012.424828    194.102645
PG25  18958.474579 -17654.539943  -5342.055977    391.399831
PG26  -9687.816168 -12790.978122 -21408.521657   -391.848132
PG28  -4980.663663 -25716.096128  -4313.251441   -422.437406
PG29  11902.021350 -10354.777673 -21416.279615   -248.750571
PG30   1557.640369  26373.046459   -198.122551    353.903053
PG31 -10351.615943 -20209.928103 -13841.618600   -122.786313
*  2026  9  5 17  5  0.00000000
PG04 -19684.749891   3125.322176 -17618.290702     64.742787
PG05  20714.829699  -1498.699382 -16736.750931   -236.551066
PG06   5342.724449  25135.561726  -6328.814515   -531.553287
PG07  -7215.023600  21804.107681 -12377.761430   -221.967478
PG09  -9931.122089  11925.218935 -21673.305796    685.378015
PG11  11804.421971  17446.258224 -16167.786241   -219.358899
PG13  23202.792012  -9496.790527   8729.135976    438.344012
PG14  -5605.515475  19051.473516  17592.190521    749.963595
PG15  24963.886810    662.614412   8498.884538    442.303877
PG17   2976.215982  17670.722707  19878.299594   -197.507382
PG18   6702.811362 -22767.782177 -11543.887410   -263.330744
PG19  14721.387898  18928.424357  11979.768345    704.959808
PG20  24462.243008  10268.441176   1174.807976    278.683824
PG21  13036.736733   9099.777265 -21277.230822    369.108343
PG22    927.307435  16525.220088  21147.379728     74.463634
PG24  15463.062542  -1460.112370  20989.014153    194.107808
PG25  19161.405840 -17672.033461  -4417.236393    391.398789
PG26  -9062.674948 -13293.299828 -21363.471930   -391.848512
PG28  -4911.324277 -25869.339934  -3374.027635   -422.434197
PG29  12591.695564  -9930.229010 -21226.889729   -248.748494
PG30   1441.482940  26348.610496  -1138.977154    353.906704
PG31 -10296.984849 -20714.379003 -13091.801183   -122.785282
*  2026  9  5 17 10  0.00000000
PG04 -20250.161911   2784.782945 -17031.076682     64.742870
PG05  20231.615495  -1080.440347 -17354.490485   -236.551093
PG06   5292.723078  25364.946919  -5391.871178   -531.550003
PG07  -7347.685673  21291.542741 -13141.760906   -221.968494
PG09 -10671.639134  11587.428979 -21505.583748    685.375347
PG11  11773.784188  18053.943219 -15514.903054   -219.355312
PG13  22968.839141  -9222.381394   9591.439719    438.345463
PG14  -6187.616734  19366.537761  17031.200681    749.963535
PG15  25258.116253    841.423357   7626.630273    442.304604
PG17   2303.691312  17350.890121  20261.063661   -197.508366
PG18   6802.445444 -22312.177367 -12351.503405   -263.328098
PG19  14288.897092  18742.362391  12751.626452    704.959738
PG20  24450.710327  10354.843209    221.552768    278.686511
PG21  12368.551654   9565.074968 -21469.976944    369.105917
PG22    242.234040  16893.174750  20879.055236     74.466216
PG24  15623.875918   -634.630241  20923.314568    194.112962
PG25  19335.924672 -17671.932693  -3483.841260    391.397763
PG26  -8447.046768 -13804.204391 -21278.363101   -391.848913
PG28  -4840.874798 -25988.411111  -2428.332995   -422.430958
PG29  13281.636632  -9521.701136 -20997.062800   -248.746410
PG30   1321.406011  26290.648507  -2077.613916    353.910403
PG31 -10249.085973 -21191.414954 -12316.974187   -122.784547
*  2026  9  5 17 15  0.00000000
PG04 -20801.150336   2464.699026 -16411.424406     64.742977
PG05  19738.660480   -639.298215 -17939.439661   -236.551165
PG06   5244.288536  25559.536845  -4444.493206   -531.546713
PG07  -7492.016125  20752.156260 -13879.174588   -221.969414
PG09 -11411.489759  11265.635909 -21297.144376    685.372707
PG11  11752.281280  18636.831911 -14832.305265   -219.351695
PG13  22714.353629  -8924.009083  10435.345525    438.346919
PG14  -6747.059821  19678.608876  16437.463247    749.963439
PG15  25522.701824   1006.767721   6739.500578    442.305501
PG17   1614.092112  17036.739018  20605.964227   -197.509920
PG18   6912.619158 -21828.310727 -13135.022012   -263.325421
PG19  13828.320906  18549.865620  13499.709089    704.959894
PG20  24407.507267  10427.556140   -732.127183    278.689206
PG21  11703.307709  10045.814863 -21621.622349    369.103518
PG22   -426.929614  17267.570176  20572.077300     74.468679
PG24  15796.707635    184.525722  20815.506157    194.118142
PG25  19482.520338 -17652.956375  -2543.673148    391.396747
PG26  -7842.122216 -14322.505249 -21153.307433   -391.849310
PG28  -4767.919198 -26073.217279  -1477.981144   -422.427718
PG29  13970.157549  -9129.759123 -20727.253354   -248.743863
PG30   1196.122188  26199.405365  -3012.202016    353.914104
PG31 -10206.737536 -21640.025120 -11518.583447   -122.783505
*  2026  9  5 17 20  0.00000000
PG04 -21336.056446   2164.861486 -15760.527927     64.743046
PG05  19237.671281   -175.506962 -18490.506732   -236.550556
PG06   5195.963596  25719.019544  -3488.515457   -531.543462
PG07  -7648.916963  20187.255622 -14588.473303   -221.970379
PG09 -12148.921411  10960.230156 -21048.387391    685.370055
PG11  11738.840401  19193.722699 -14121.309834   -219.348075
PG13  22440.747700  -8601.230633  11259.228953    438.348360
PG14  -7283.187794  19986.193404  15812.089081    749.963334
PG15  25756.794619   1159.724129   5839.253680    442.306267
PG17    908.655615  16729.465788  20912.404588   -197.511345
PG18   7034.384323 -21317.390671 -13892.921708   -263.322753
PG19  13340.021755  18352.386867  14222.595989    704.959747
PG20  24332.113902  10487.867911  -1684.404059    278.691895
PG21  11042.614712  10541.140778 -21731.872407    369.101081
PG22  -1079.010159  17647.182803  20227.028853     74.471552
PG24  15981.016137    995.585414  20665.857399    194.123319
PG25  19601.778066 -17613.875379  -1598.553098    391.395685
PG26  -7249.025698 -14846.951474 -20988.491055   -391.849685
PG28  -4691.063469 -26123.776617   -524.794663   -422.424528
PG29  14655.551565  -8754.869311 -20417.991212   -248.742044
PG30   1064.365238  26075.232701  -3940.915877    353.917808
PG31 -10168.707707 -22059.289475 -10698.124159   -122.782693
*  2026  9  5 17 25  0.00000000
PG04 -21853.256259   1884.960142 -15079.639368     64.743136
PG05  18730.351598    310.593572 -19006.663896   -236.551072
PG06   5146.279948  25843.199375  -2525.788961   -531.540230
PG07  -7819.212584  19598.232962 -15268.184202   -221.971304
PG09 -12882.169922  10671.501416 -20759.787841    685.367398
PG11  11732.326411  19723.500366 -13383.287186   -219.344457
PG13  22149.478810  -8253.701429  12061.503152    438.349804
PG14  -7795.441306  20287.776924  15156.252471    749.963226
PG15  25959.642117   1301.423806   4927.666183    442.307476
PG17    188.688569  16430.198591  21179.859359   -197.512954
PG18   7168.721572 -20780.710859 -14623.732740   -263.320089
PG19  12824.464394  18151.366806  14918.909815    704.959692
PG20  24224.113979  10537.104775  -2633.451868    278.694607
PG21  10388.036741  11050.105939 -21800.511652    369.098699
PG22  -1712.913299  18030.730744  19844.560429     74.474155
PG24  16176.169653   1796.821020  20474.724123    194.128486
PG25  19694.376132 -17553.518900   -650.316992    391.394633
PG26  -6668.811237 -15376.232402 -20784.173994   -391.850083
PG28  -4608.922459 -26140.217594    429.398434   -422.421289
PG29  15336.098896  -8397.397981 -20069.880378   -248.739852
PG30    924.896590  25918.587535  -4861.938945    353.921506
PG31 -10133.720442 -22448.382532  -9857.138293   -122.781974
*  2026  9  5 17 30  0.00000000
PG04 -22351.167128   1624.585735 -14370.066491     64.743220
PG05  18218.395209    818.558417 -19486.949042   -236.551119
PG06   5093.765429  25931.997584  -1558.177212   -531.536954
PG07  -8003.644981  18986.559442 -15916.894532   -221.972201
PG09 -13609.466333  10399.637929 -20431.895214    685.364722
PG11  11731.547377  20225.140210 -12619.658519   -219.340798
PG13  21842.043238  -7881.177574  12840.621978    438.351270
PG14  -8283.360373  20581.830679  14471.189077    749.963145
PG15  26130.590956   1433.046501   4006.529288    442.308333
PG17   -544.437556  16139.992933  21407.875035   -197.514173
PG18   7316.535333 -20219.644890 -15326.040087   -263.317409
PG19  12282.214937  17948.227647  15587.318731    704.959934
PG20  24083.197117  10576.624829  -3577.449960    278.697294
PG21   9741.086008  11571.676461 -21827.404235    369.096301
PG22  -2327.627481  18416.878946  19425.388997     74.476646
PG24  16381.449246   2586.553917  20242.548243    194.133654
PG25  19761.082531 -17470.780440    299.188150    391.393582
PG26  -6102.458554 -15908.982551 -20540.690092   -391.850474
PG28  -4520.126674 -26122.778252   1382.768225   -422.418083
PG29  16010.073499  -8057.610460 -19683.597795   -248.737441
PG30    776.511739  25730.030434  -5773.467469    353.925204
PG31 -10100.461560 -22806.576709  -8997.211874   -122.780813
*  2026  9  5 17 35  0.00000000
PG04 -22828.254158   1383.232525 -13633.170162     64.743313
PG05  17703.479059   1347.838655 -19930.467389   -236.551276
PG06   5036.951270  25985.452386   -587.552438   -531.533681
PG07  -8202.869334  18353.779119 -16533.255272   -221.973234
PG09 -14329.043741  10144.726194 -20065.332409    685.362039
PG11  11735.260332  20697.711795 -11831.893023   -219.337200
PG13  21519.969524  -7483.517832  13595.083023    438.352728
PG14  -8746.585713  20866.818296  13758.193724    749.963068
PG15  26269.089270   1555.814241   3077.645043    442.309253
PG17  -1289.291613  15859.827563  21596.070428   -197.515237
PG18   7478.649161 -19635.640643 -15998.486287   -263.314761
PG19  11713.939477  17744.366876  16226.538931    704.960214
PG20  23909.160562  10607.811416  -4514.586546    278.699961
PG21   9103.216964  12104.735223 -21812.494208    369.093892
PG22  -2922.227241  18804.244572  18970.296709     74.479442
PG24  16596.052294   3363.161305  19969.856276    194.138814
PG25  19802.751230 -17364.623532   1248.107934    391.392544
PG26  -5550.869455 -16443.786795 -20258.446792   -391.850873
PG28  -4423.329018 -26071.805029   2333.486409   -422.414866
PG29  16675.749871  -7735.670677 -19259.891975   -248.735454
PG30    618.046506  25510.223225  -6673.714268    353.928925
PG31 -10067.585018 -23133.245288  -8119.972152   -122.780079
*  2026  9  5 17 40  0.00000000
PG04 -23283.036438   1160.301301 -12870.361733     64.743402
PG05  17187.256438   1897.783036 -20336.393013   -236.551554
PG06   4974.379328  26003.718542    384.208141   -531.530396
PG07  -8417.450032  17701.502457 -17115.984600   -221.974342
PG09 -15039.144154   9906.751127 -19660.794587    685.359367
PG11  11742.177245  21140.382304 -11021.505008   -219.333602
PG13  21184.811765  -7060.685139  14323.430576    438.354157
PG14  -9184.859655  21141.202587  13018.618064    749.962991
PG15  26374.688583   1670.984945   2142.822630    442.309826
PG17  -2044.388045  15590.600726  21744.136998   -197.516533
PG18   7655.801464 -19030.214324 -16639.774129   -263.312111
PG19  11120.402289  17541.151100  16835.337103    704.960099
PG20  23701.910501  10632.066409  -5443.062203    278.702630
PG21   8475.820654  12648.086121 -21755.805673    369.091492
PG22  -3495.876195  19191.402581  18480.129550     74.482150
PG24  16819.096371   4125.082528  19657.257651    194.143983
PG25  19820.318046 -17234.087190   2194.584417    391.391506
PG26  -5014.864528 -16979.185790 -19937.924797   -391.851267
PG28  -4317.211433 -25987.751127   3279.729835   -422.411657
PG29  17331.409862  -7431.641154 -18799.581502   -248.733318
PG30    448.383127  25259.926254  -7560.912489    353.932634
PG31 -10033.719372 -23427.864973  -7227.084647   -122.779183
*  2026  9  5 17 45  0.00000000
PG04 -23714.093047    955.102782 -12083.100336     64.743508
PG05  16671.350279   2467.640027 -20703.970252   -236.551244
PG06   4904.609270  25987.066440   1355.226058   -531.527114
PG07  -8647.857144  17031.399501 -17663.871204   -221.975191
PG09 -15738.025311   9685.596656 -19219.047892    685.356739
PG11  11750.971203  21552.419492 -10190.050966   -219.329988
PG13  20838.142832  -6612.747649  15024.258494    438.355618
PG14  -9598.026604  21403.452392  12253.868102    749.962928
PG15  26447.045248   1779.845929   1203.874703    442.310980
PG17  -2808.192358  15333.126757  21851.839070   -197.517958
PG18   7848.641611 -18404.944216 -17248.669209   -263.309457
PG19  10502.463635  17339.910003  17412.532846    704.960181
PG20  23461.462916  10650.803437  -6361.093364    278.705330
PG21   7860.219367  13200.458676 -21657.442766    369.089082
PG22  -4047.829678  19576.891494  17955.795915     74.484578
PG24  17049.623501   4870.825083  19305.442816    194.149185
PG25  19814.796135 -17078.291058   3136.759968    391.390476
PG26  -4495.180183 -17513.681623 -19579.677598   -391.851645
PG28  -4200.491421 -25871.174443   4219.684019   -422.408367
PG29  17975.349447  -7145.483439 -18303.553415   -248.731200
PG30    266.456151  24979.995228  -8433.319325    353.936348
PG31  -9997.474394 -23690.018025  -6320.250091   -122.778304
*  2026  9  5 17 50  0.00000000
PG04 -24120.068819    766.861409 -11272.890105     64.743574
PG05  16157.346608   3056.560273 -21032.514986   -236.551575
PG06   4826.225669  25935.880688   2323.625341   -531.523866
PG07  -8894.463352  16345.192752 -18175.777398   -221.976358
PG09 -16423.967454   9481.046754 -18740.928046    685.354146
PG11  11760.282760  21933.194201  -9339.126548   -219.326401
PG13  20481.547501  -6139.879343  15696.212981    438.357086
PG14  -9986.033062  21652.049442  11465.401589    749.962833
PG15  26485.921439   1883.707334    262.613779    442.312120
PG17  -3579.126769  15088.133047  21919.013942   -197.519206
PG18   8057.726465 -17761.464192 -17824.002338   -263.306776
PG19   9861.077168  17141.930451  17957.001022    704.960010
PG20  23187.943980  10665.441043  -7266.915776    278.708012
PG21   7257.661583  13760.512978 -21517.589492    369.086711
PG22  -4577.437016  19959.219321  17398.265090     74.487427
PG24  17286.604770   5598.970254  18915.181162    194.154358
PG25  19787.271137 -16896.440221   4072.781174    391.389424
PG26  -3992.466032 -18045.743662 -19184.330871   -391.852022
PG28  -4071.928415 -25722.735061   5151.546645   -422.405140
PG29  18605.885461  -6877.058982 -17772.761468   -248.729157
PG30     71.258099  24671.377627  -9289.219704    353.940099
PG31  -9957.447810 -23919.393957  -5401.201250   -122.777438
*  2026  9  5 17 55  0.00000000
PG04 -24499.679840    594.719494 -10441.277322     64.743652
PG05  15646.788170   3663.599480 -21321.415801   -236.551780
PG06   4737.845000  25850.658224   3287.536241   -531.520623
PG07  -9157.541383  15644.649782 -18650.642040   -221.977252
PG09 -17095.280015   9292.786901 -18227.338835    685.351478
PG11  11768.726430  22282.182461  -8470.363482   -219.322817
PG13  20116.615557  -5642.360169  16337.995269    438.358542
PG14 -10348.927199  21885.495193  10654.725292    749.962746
PG15  26491.185699   1983.895502   -679.151307    442.312570
PG17  -4355.576022  14856.257384  21945.571885   -197.520804
PG18   8283.517343 -17101.456986 -18364.671800   -263.304100
PG19   9197.286951  16948.450764  18467.674036    704.960040
PG20  22881.589992  10677.395841  -8158.787940    278.710697
PG21   6669.317251  14326.844948 -21336.509406    369.084344
PG22  -5084.143420  20336.869620  16808.565649     74.489995
PG24  17528.945269   6308.178375  18487.318769    194.159530
PG25  19738.895982 -16687.829665   5000.802762    391.388363
PG26  -3507.282635 -18573.814593 -18752.581735   -391.852387
PG28  -3930.329961 -25543.192320   6073.531036   -422.401939
PG29  19221.362242  -6626.130437 -17208.224279   -248.726987
PG30   -138.155118  24335.108724 -10126.929927    353.943812
PG31  -9912.232133 -24115.790781  -4471.699655   -122.776556
*  2026  9  5 18  0  0.00000000
PG04 -24851.718650    437.741721  -9589.847495     64.743761
PG05  15141.168254   4287.721688 -21570.135026   -236.551476
PG06   4638.122478  25732.005948   4245.098933   -531.517383
PG07  -9437.261934  14931.575626 -19087.483244   -221.977907
PG09 -17750.308192   9120.405981 -17679.250460    685.348823
PG11  11774.897296  22598.967140  -7585.426430   -219.319207
PG13  19744.934879  -5120.575725  16948.364197    438.359994
PG14 -10686.857982  22102.317624   9823.392137    749.962656
PG15  26462.813035   2081.746334  -1619.618873    442.313653
PG17  -5135.893339  14638.045669  21931.496041   -197.522096
PG18   8526.377424 -16426.647294 -18869.645457   -263.301444
PG19   8512.224091  16760.655175  18943.544054    704.959993
PG20  22542.746856  10688.075675  -9034.994495    278.713373
PG21   6096.273413  14897.991885 -21114.545145    369.081946
PG22  -5567.491499  20708.307675  16187.783780     74.492546
PG24  17775.489326   6997.193692  18022.775976    194.164703
PG25  19670.885381 -16451.848349   5918.991547    391.387303
PG26  -3040.099620 -19096.316609 -18285.197879   -391.852758
PG28  -3774.557704 -25333.401476   6983.869600   -422.398735
PG29  19820.158169  -6392.363398 -16611.023363   -248.724804
PG30   -362.659075  23972.307207 -10944.801245    353.947521
PG31  -9860.421572 -24279.115803  -3533.532228   -122.775462
*  2026  9  5 18  5  0.00000000
PG04 -25175.059139    294.919969  -8720.222369     64.743838
PG05  14641.924744   4927.802934 -21778.209640   -236.552037
PG06   4525.758727  25580.637892   5194.467196   -531.514113
PG07  -9733.692121  14207.804987 -19485.400864   -221.978885
PG09 -18387.439394   8963.398588 -17097.697790    685.346163
PG11  11777.377707  22883.239152  -6686.009787   -219.315617
PG13  19368.084555  -4575.016492  17526.138678    438.361449
PG14 -11000.073853  22301.077951   8972.998236    749.962594
PG15  26400.884576   2178.598668  -2556.997792    442.314506
PG17  -5918.406479  14433.950032  21876.842211   -197.523635
PG18   8786.569602 -15738.794693 -19337.962690   -263.298789
PG19   7807.103000  16579.668519  19383.665137    704.960051
PG20  22171.869086  10698.872830  -9893.849565    278.716055
PG21   5539.530199  15472.438297 -20852.117801    369.079571
PG22  -6027.122392  21071.986766  15537.061508     74.495268
PG24  18025.026017   7664.848794  17522.544808    194.169895
PG25  19584.510037 -16187.982880   6825.530374    391.386241
PG26  -2591.294180 -19611.657737 -17783.016539   -391.853132
PG28  -3603.533131 -25094.309961   7880.817239   -422.395510
PG29  20400.692060  -6175.328547 -15982.301067   -248.722522
PG30   -603.056002  23584.170434 -11741.223372    353.951238
PG31  -9800.618959 -24409.385952  -2588.507817   -122.774364
*  2026  9  5 18 10  0.00000000
PG04 -25468.661110    165.178445  -7834.056895     64.743951
PG05  14150.434417   5582.635284 -21945.252064   -236.552038
PG06   4399.506246  25397.371949   6133.812051   -531.510843
PG07 -10046.794454  13475.194307 -19843.578749   -221.979617
PG09 -19005.109515   8821.167741 -16483.778483    685.343482
PG11  11774.744033  23134.798220  -5773.834435   -219.312004
PG13  18987.628045  -4006.276596  18070.200054    438.362909
PG14 -11288.920973  22480.377232   8105.179808    749.962511
PG15  26305.586802   2275.787687  -3489.510808    442.315559
PG17  -6701.423894  14244.327331  21781.738555   -197.524662
PG18   9064.254814 -15039.686451 -19768.736188   -263.296138
PG19   7083.217306  16406.551143  19787.155292    704.960347
PG20  21769.518368  10711.157307 -10733.700057    278.718724
PG21   4999.997195  16048.621967 -20549.726148    369.077166
PG22  -6462.776498  21426.354502  14857.594859     74.498005
PG24  18276.294917   8310.068615  16987.686254    194.175066
PG25  19481.090586 -15895.820765   7718.622060    391.385166
PG26  -2161.149972 -20118.238274 -17246.943347   -391.853520
PG28  -3416.243064 -24826.953267   8762.654701   -422.392292
PG29  20961.429421  -5974.504213 -15323.258387   -248.720173
PG30   -860.070298  23171.969356 -12514.627917    353.954937
PG31  -9731.442696 -24506.727636  -1638.453655   -122.773605
*  2026  9  5 18 15  0.00000000
PG04 -25731.574491     47.379100  -6933.036126     64.744007
PG05  13668.007520   6250.931217 -22070.950816   -236.552388
PG06   4258.175637  25183.126151   7061.325352   -531.507560
PG07 -10376.426339  12735.613728 -20161.286757   -221.980700
PG09 -19601.809032   8693.028005 -15838.651016    685.340819
PG11  11765.573449  23353.553183  -4850.644455   -219.308411
PG13  18605.106421  -3415.052130  18579.494330    438.364363
PG14 -11553.841024  22638.862829   7221.609983    749.962425
PG15  26177.210343   2374.638397  -4415.397767    442.316245
PG17  -7483.240955  14069.438056  21646.385172   -197.526434
PG18   9359.490826 -14331.130231 -20161.153561   -263.293495
PG19   6341.935408  16242.294101  20153.198441    704.960294
PG20  21336.361665  10726.270209 -11552.928891    278.721419
PG21   4478.490223  16624.940237 -20207.945717    369.074756
PG22  -6874.293818  21769.859207  14150.631932     74.500494
PG24  18527.992060   8931.873973  16419.327410    194.180250
PG25  19361.991309 -15575.053213   8596.493316    391.384119
PG26  -1749.856410 -20614.457304 -16677.951031   -391.853903
PG28  -3211.744863 -24532.450468   9627.691899   -422.389079
PG29  21500.888489  -5789.279333 -14635.152697   -248.718201
PG30  -1134.344386  22737.043109 -13263.491735    353.958638
PG31  -9651.533663 -24571.376139   -685.211728   -122.772873
*  2026  9  5 18 20  0.00000000
PG04 -25962.943181    -59.672699  -6018.872088     64.744099
PG05  13195.882629   6931.328350 -22155.071047   -236.552358
PG06   4100.641570  24938.914552   7975.223325   -531.504322
PG07 -10722.340124  11990.939009 -20437.882513   -221.981856
PG09 -20176.088873   8578.208981 -15163.532588    685.338157
PG11  11748.450716  23539.521851  -3918.203805   -219.304800
PG13  18222.031726  -2802.139021  19053.034285    438.365838
PG14 -11795.368593  22775.234706   6323.995519    749.962431
PG15  26016.148368   2476.459212  -5332.918758    442.316883
PG17  -8262.146214  13909.445632  21471.053608   -197.527827
PG18   9672.231500 -13614.946738 -20514.478792   -263.290819
PG19   5584.695708  16087.814615  20481.046293    704.960184
PG20  20873.168880  10745.517253 -12349.958166    278.724097
PG21   3975.728523  17199.756496 -19827.427725    369.072374
PG22  -7261.613902  22100.956317  13417.470892     74.503300
PG24  18778.776074   9529.384654  15818.658512    194.185519
PG25  19228.613638 -15225.477491   9457.398637    391.383067
PG26  -1357.508363 -21098.719270 -16077.077972   -391.854298
PG28  -2989.171324 -24211.999394  10474.271153   -422.385875
PG29  22017.646081  -5618.956785 -13919.295375   -248.716286
PG30  -1426.434945  22280.793315 -13986.340176    353.962326
PG31  -9559.562066 -24603.674530    269.364913   -122.772008
*  2026  9  5 18 25  0.00000000
PG04 -26162.008516   -157.222257  -5093.300589     64.744189
PG05  12735.221835   7622.394479 -22197.454943   -236.552623
PG06   3925.848470  24665.842693   8873.750048   -531.501084
PG07 -11084.183675  11243.043422 -20672.812917   -221.982792
PG09 -20726.566066   8475.859185 -14459.696932    685.335519
PG11  11721.974935  23692.830410  -2978.292967   -219.301177
PG13  17839.880469  -2168.430474  19489.901449    438.367327
PG14 -12014.128131  22888.251517   5414.073418    749.962325
PG15  25822.894571   2582.535646  -6240.357162    442.318153
PG17  -9036.427696  13764.416123  21256.086241   -197.528970
PG18  10002.326536 -12892.962339 -20828.053523   -263.288159
PG19   4813.001525  15943.951850  20770.020120    704.960307
PG20  20380.810078  10770.162445 -13123.252256    278.726808
PG21   3492.332370  17771.406819 -19408.897850    369.069930
PG22  -7624.775394  22418.114779  12659.457895     74.505911
PG24  19027.274467  10101.822016  15186.929853    194.190676
PG25  19082.389489 -14846.998798  10299.624158    391.381998
PG26   -984.106275 -21569.440576 -15445.426619   -391.854680
PG28  -2747.735256 -23866.871491  11300.770383   -422.382650
PG29  22510.343194  -5462.757104 -13177.049342   -248.713941
PG30  -1736.809536  21804.678105 -14681.750229    353.966026
PG31  -9454.234199 -24604.072115   1223.415910   -122.771227
*  2026  9  5 18 30  0.00000000
PG04 -26328.112337   -246.559431  -4158.078011     64.744272
PG05  12287.106248   8322.632913 -22198.022007   -236.552839
PG06   3732.815877  24365.102710   9755.180865   -531.497808
PG07 -11461.501491  10493.789679 -20865.615389   -221.983881
PG09 -21251.929112   8385.050263 -13728.472020    685.332868
PG11  11684.766244  23813.712387  -2032.705567   -219.297542
PG13  17460.087288  -1514.913968  19889.247949    438.368764
PG14 -12210.830518  22976.736478   4493.607458    749.962218
PG15  25598.040768   2694.124159  -7136.022597    442.318817
PG17  -9804.379183  13634.318340  21001.895594   -197.530394
PG18  10349.521686 -12167.001680 -21101.298162   -263.285498
PG19   4028.415716  15811.463019  21019.512424    704.960283
PG20  19860.252301  10801.421948 -13871.320823    278.729506
PG21   3028.821115  18338.206752 -18953.154873    369.067509
PG22  -7963.915190  22719.823423  11877.984928     74.508420
PG24  19272.090033  10648.511112  14525.448615    194.195872
PG25  18924.774451 -14439.631657  11121.491447    391.380927
PG26   -629.556683 -22025.056191 -14784.161760   -391.855067
PG28  -2486.733701 -23498.406379  12105.606223   -422.379473
PG29  22977.690354  -5319.822538 -12409.826514   -248.711726
PG30  -2065.843629  21310.205906 -15348.353560    353.969732
PG31  -9334.299067 -24573.122413   2175.077407   -122.770246
*  2026  9  5 18 35  0.00000000
PG04 -26460.699650   -329.012321  -3214.978061     64.744358
PG05  11852.531868   9030.488093 -22156.769200   -236.552762
PG06   3520.643486  24037.968072  10617.825717   -531.494546
PG07 -11853.736340   9745.021942 -21015.918845   -221.984457
PG09 -21750.943083   8304.781551 -12971.237666    685.330207
PG11  11635.472425  23902.507159  -1083.244991   -219.293973
PG13  17084.038815   -842.667860  20250.298223    438.370230
PG14 -12386.269236  23039.582964   3564.384655    749.962133
PG15  25342.274121   2812.446178  -8018.253777    442.319450
PG17 -10564.306476  13519.024339  20708.963544   -197.531772
PG18  10713.459441 -11438.880353 -21333.712830   -263.282811
PG19   3232.555023  15691.019826  21228.988498    704.960361
PG20  19312.555957  10840.458158 -14592.721747    278.732201
PG21   2585.611676  18898.458204 -18461.069165    369.065110
PG22  -8279.267192  23004.597277  11074.487578     74.511000
PG24  19511.807327  11168.882342  13835.575608    194.201074
PG25  18757.240860 -14003.500823  11921.361245    391.379879
PG26   -293.673160 -22464.026224 -14094.508652   -391.855427
PG28  -2205.551795 -23108.006133  12887.237060   -422.376275
PG29  23418.472681  -5189.221451 -11619.085165   -248.709618
PG30  -2413.818066  20798.929007 -15984.839415    353.973431
PG31  -9198.554864 -24511.480679   3122.485897   -122.769457
*  2026  9  5 18 40  0.00000000
PG04 -26559.320872   -405.940812  -2265.788498     64.744426
PG05  11432.405809   9744.351455 -22073.770969   -236.552562
PG06   3288.515812  23685.788002  11460.032400   -531.491277
PG07 -12260.231412   8998.557937 -21123.444411   -221.985820
PG09 -22222.454416   8233.984958 -12189.423042    685.327528
PG11  11572.775392  23959.658047   -131.720975   -219.290338
PG13  16713.067757   -152.857570  20572.350577    438.371682
PG14 -12541.316162  23075.759843   2628.211642    749.962062
PG15  25056.374002   2938.682304  -8885.421253    442.320714
PG17 -11314.533608  13418.310333  20377.840439   -197.533102
PG18  11093.680192 -10710.397621 -21524.878126   -263.280138
PG19   2427.084156  15583.205276  21397.987874    704.960230
PG20  18738.870827  10888.374030 -15286.063958    278.734872
PG21   2163.017482  19450.456410 -17933.581045    369.062725
PG22  -8571.160685  23270.983813  10250.442728     74.513662
PG24  19744.999209  11662.472601  13118.721951    194.206265
PG25  18581.270808 -13538.841676  12697.637123    391.378850
PG26     23.822334 -22884.842436 -13377.751001   -391.855800
PG28  -1903.666246 -22697.129316  13644.165989   -422.373041
PG29  23831.554657  -5069.953032 -10806.327220   -248.707557
PG30  -2780.916947  20272.436949 -16589.957408    353.977132
PG31  -9045.855256 -24419.900970   4063.782114   -122.768432
*  2026  9  5 18 45  0.00000000
PG04 -26623.633641   -478.729976  -1312.307842     64.744463
PG05  11027.542915  10462.567532 -21949.179133   -236.552671
PG06   3035.706496  23309.981590  12280.189737   -531.488005
PG07 -12680.232981   8256.181235 -21188.005860   -221.986381
PG09 -22665.395381   8171.530133 -11384.504094    685.324848
PG11  11495.397548  23985.709964    820.053800   -219.286743
PG13  16348.447238    553.268605  20854.778614    438.373150
PG14 -12676.917023  23084.316478   1686.911004    749.961977
PG15  24741.208519   3073.966741  -9735.930062    442.321422
PG17 -12053.408986  13331.857980  20009.144127   -197.534731
PG18  11489.623843  -9983.329252 -21674.455727   -263.277470
PG19   1613.709656  15488.510864  21526.125640    704.960359
PG20  18140.431687  10946.207671 -15950.010180    278.737567
PG21   1761.247864  19992.496951 -17371.698994    369.060182
PG22  -8840.018319  23517.569082   9407.366180     74.516563
PG24  19970.233395  12128.925962  12376.345685    194.211452
PG25  18398.349094 -13046.000122  13448.769052    391.377794
PG26    323.297684 -23286.034682 -12635.228808   -391.856179
PG28  -1580.648405 -22267.284785  14374.943686   -422.369837
PG29  24215.884566  -4960.952306  -9973.095469   -248.705196
PG30  -3167.225969  19732.349756 -17162.520156    353.980835
PG31  -8875.115443 -24299.232771   4997.114941   -122.767591
*  2026  9  5 18 50  0.00000000
PG04 -26653.404203   -548.783379   -356.342073     64.744583
PG05  10638.662768  11183.440259 -21783.222647   -236.552955
PG06   2761.582195  22912.031623  13076.730644   -531.484743
PG07 -13112.893551   7519.633733 -21209.509791   -221.987603
PG09 -23078.788202   8116.229920 -10558.000879    685.322286
PG11  11402.107955  23981.306665   1770.267110   -219.283173
PG13  15991.385407   1274.384053  21097.032502    438.374617
PG14 -12794.086505  23064.387413    742.317545    749.961882
PG15  24397.730715   3219.381958 -10568.222271    442.322306
PG17 -12779.311443  13259.256067  19603.558899   -197.535906
PG18  11900.631887  -9259.420486 -21782.188819   -263.274794
PG19    794.173538  15407.334160  21613.093642    704.960291
PG20  17518.553579  11014.927219 -16583.279560    278.740291
PG21   1380.407906  20522.882785 -16776.497740    369.057812
PG22  -9086.353726  23742.983736   8546.810203     74.518977
PG24  20186.079006  12567.993871  11609.948341    194.216648
PG25  18209.956181 -12525.431982  14173.256884    391.376753
PG26    605.208454 -23666.177220 -11868.336071   -391.856534
PG28  -1236.166941 -21820.025305  15078.171179   -422.366610
PG29  24570.498609  -4861.095422  -9120.970713   -248.703269
PG30  -3572.731221  19180.311045 -17701.405783    353.984517
PG31  -8685.317970 -24150.417196   5920.645331   -122.766715
*  2026  9  5 18 55  0.00000000
PG04 -26648.508350   -617.516308    600.298689     64.744678
PG05  10266.387106  11905.239459 -21576.207238   -236.553224
PG06   2465.606077  22493.478178  13848.135110   -531.481487
PG07 -13557.275470   6790.608363 -21187.955528   -221.988339
PG09 -23461.748827   8066.846062  -9711.474808    685.319619
PG11  11291.728324  23947.187590   2717.110588   -219.279559
PG13  15643.020349   2009.088751  21298.640093    438.376078
PG14 -12893.903053  23015.196689   -203.725480    749.961811
PG15  24026.974468   3375.953604 -11380.779407    442.323281
PG17 -13490.656165  13200.002573  19161.834337   -197.537388
PG18  12325.949910  -8540.379162 -21847.902351   -263.272125
PG19    -29.753246  15339.976802  21658.661545    704.960337
PG20  16874.626736  11095.426049 -17184.650197    278.742971
PG21   1020.498756  21039.931267 -16149.116209    369.055421
PG22  -9310.768756  23945.908897   7670.361025     74.521607
PG24  20391.113073  12979.534869  10821.071476    194.221835
PG25  18017.561162 -11977.701882  14869.653708    391.375693
PG26    870.095317 -24023.894892 -11078.518346   -391.856904
PG28   -869.990075 -21356.940984  15752.502527   -422.363374
PG29  24894.524646  -4769.205185  -8251.568847   -248.701395
PG30  -3997.318438  18617.981056 -18205.560265    353.988205
PG31  -8475.518261 -23974.482770   6832.550238   -122.765881
*  2026  9  5 19  0  0.00000000
PG04 -26608.931921   -686.348954   1555.803497     64.744757
PG05   9911.237659  12626.207484 -21328.514907   -236.553355
PG06   2147.340876  22055.911980  14592.933067   -531.478227
PG07 -14012.354994   6070.742094 -21123.434770   -221.989524
PG09 -23813.490315   8022.095137  -8846.525823    685.316977
PG11  11163.138775  23884.184312   3658.783105   -219.276031
PG13  15304.415318   2755.914498  21459.207893    438.377526
PG14 -12977.503384  22936.061787  -1149.370166    749.961703
PG15  23630.050099   3544.645699 -12172.124795    442.323989
PG17 -14185.900495  13153.507104  18684.784083   -197.538434
PG18  12764.730539  -7827.869038 -21871.503127   -263.269447
PG19   -856.277502  15286.642911  21662.677757    704.960428
PG20  16210.111199  11188.518301 -17752.961547    278.745680
PG21    681.418389  21541.981131 -15490.755354    369.053016
PG22  -9513.950359  24125.081855   6779.636240     74.524401
PG24  20583.926973  13363.513848  10011.293181    194.227028
PG25  17822.614807 -11403.481633  15536.569102    391.374649
PG26   1118.581096 -24357.869125 -10267.270176   -391.857290
PG28   -481.987391 -20879.652575  16396.647389   -422.360180
PG29  25187.185586  -4684.056827  -7366.537881   -248.699063
PG30  -4440.772719  18047.029611 -18673.999618    353.991881
PG31  -8244.849840 -23772.540827   7731.026539   -122.765066
*  2026  9  5 19  5  0.00000000
PG04 -26534.770853   -756.699582   2508.363896     64.744853
PG05   9573.634413  13344.565988 -21040.603306   -236.553383
PG06   1806.451515  21600.967583  15309.707148   -531.474986
PG07 -14477.026779   5361.609223 -21016.130965   -221.990239
PG09 -24133.325831   7980.654695  -7964.789480    685.314314
PG11  11015.283346  23793.216623   4593.494136   -219.272449
PG13  14976.554313   3513.330454  21578.421867    438.378984
PG14 -13046.076740  22826.397173  -2092.767786    749.961613
PG15  23208.139717   3726.356111 -12940.825780    442.324826
PG17 -14863.549568  13119.093687  18173.284513   -197.540130
PG18  13216.036795  -7123.503337 -21852.979732   -263.266806
PG19  -1683.590617  15247.437937  21625.070213    704.960325
PG20  15526.531132  11294.934779 -18287.116717    278.748378
PG21    362.962822  22027.399393 -14802.675861    369.050630
PG22  -9696.667119  24279.301570   5876.282160     74.527074
PG24  20763.132770  13720.000858   9182.224574    194.232198
PG25  17626.542681 -10803.548127  16172.672248    391.373589
PG26   1351.367420 -24666.843731  -9436.132385   -391.857699
PG28    -72.131207 -20389.804661  17009.373487   -422.356985
PG29  25447.802381  -4604.383976  -6467.554911   -248.696787
PG30  -4902.778713  17469.129065 -19105.811929    353.995566
PG31  -7992.529222 -23545.780517   8614.294932   -122.764107
*  2026  9  5 19 10  0.00000000
PG04 -26426.230793   -829.977700   3456.177229     64.744952
PG05   9253.894306  14058.522799 -20713.004993   -236.553220
PG06   1442.707275  21130.316378  15997.095331   -531.471745
PG07 -14950.108763   4664.715030 -20866.318446   -221.991259
PG09 -24420.671246   7941.169583  -7067.933981    685.311541
PG11  10847.175249  23675.288258   5519.467095   -219.268833
PG13  14660.338014   4279.748953  21656.048095    438.380433
PG14 -13100.858899  22685.717419  -3032.072634    749.961529
PG15  22762.492330   3921.912338 -13685.495845    442.325736
PG17 -15522.161771  13096.003924  17628.273333   -197.541432
PG18  13678.845841  -6428.838539 -21792.402287   -263.264122
PG19  -2509.875496  15222.367949  21545.847008    704.960157
PG20  14825.468873  11415.319218 -18786.084631    278.751093
PG21     64.827785  22494.588154 -14086.195734    369.048244
PG22  -9859.765447  24407.433968   4961.971101     74.529651
PG24  20927.369427  14049.169464   8335.506288    194.237385
PG25  17430.738414 -10178.780740  16776.694905    391.372567
PG26   1569.231017 -24949.630490  -8586.689247   -391.858084
PG28    359.502511 -19889.058756  17589.508957   -422.353774
PG29  25675.796628  -4528.884807  -5556.323032   -248.695078
PG30  -5382.921268  16885.947259 -19500.159212    353.999231
PG31  -7717.860435 -23295.463478   9480.603812   -122.763129
*  2026  9  5 19 15  0.00000000
PG04 -26283.626267   -907.577284   4397.449935     64.745044
PG05   8952.230374  14766.278871 -20346.326546   -236.553308
PG06   1055.983504  20645.659479  16653.793468   -531.468522
PG07 -15430.347426   3981.489797 -20674.361310   -221.992244
PG09 -24675.047309   7902.258413  -6157.657123    685.308856
PG11  10657.901815  23531.482286   6434.942641   -219.265229
PG13  14356.580103   5053.531577  21691.933256    438.381898
PG14 -13143.125978  22513.639905  -3965.445874    749.961434
PG15  22294.418716   4132.067604 -14404.796633    442.326744
PG17 -16160.354006  13083.400481  17050.748089   -197.542683
PG18  14152.053119  -5745.368442 -21689.922050   -263.261472
PG19  -3333.313560  15211.339365  21425.096875    704.960257
PG20  14108.558745  11550.224940 -19248.902060    278.753836
PG21   -213.389183  22941.991267 -13342.687768    369.045807
PG22 -10004.165452  24508.416985   4038.398608     74.532532
PG24  21075.308871  14351.294678   7472.804963    194.242546
PG25  17236.557113  -9530.158262  17347.434238    391.371512
PG26   1773.019650 -25205.114462  -7720.565519   -391.858465
PG28    812.733680 -19379.086357  18135.944580   -422.350566
PG29  25870.692766  -4456.228347  -4634.568215   -248.692881
PG30  -5880.686548  16299.140516 -19856.279098    354.002915
PG31  -7420.239169 -23022.918162  10328.233104   -122.762161
*  2026  9  5 19 20  0.00000000
PG04 -26107.379398   -990.870056   5330.400827     64.745167
PG05   8668.751330  15466.035272 -19941.247562   -236.553750
PG06    646.262866  20148.720510  17278.557683   -531.465280
PG07 -15916.423381   3313.283232 -20440.712060   -221.993315
PG09 -24896.081406   7862.520172  -5235.683197    685.306176
PG11  10446.629145  23362.956182   7338.181948   -219.261608
PG13  14066.003977   5832.995463  21686.004962    438.383352
PG14 -13174.188061  22309.887064  -4891.059376    749.961343
PG15  21805.286108   4357.497288 -15097.439851    442.327721
PG17 -16776.806728  13080.370910  16441.764591   -197.544253
PG18  14634.476840  -5074.518532 -21545.770855   -263.258784
PG19  -4152.091799  15214.159147  21262.989509    704.960329
PG20  13377.480641  11700.111926 -19674.675529    278.756548
PG21   -472.186194  23368.100852 -12573.576917    369.043379
PG22 -10130.856501  24581.265363   3107.280616     74.534939
PG24  21205.661880  14626.750474   6595.809754    194.247716
PG25  17045.308984  -8858.755371  17883.755489    391.370457
PG26   1963.647719 -25432.259029  -6839.423368   -391.858867
PG28   1287.278081 -18861.561969  18647.635889   -422.347370
PG29  26032.119857  -4385.060907  -3704.036139   -248.690307
PG30  -6395.463597  15710.346719 -20173.486344    354.006589
PG31  -7099.156504 -22729.533866  11155.498042   -122.761400
*  2026  9  5 19 25  0.00000000
PG04 -25898.018211  -1081.198869   6253.264349     64.745235
PG05   8403.461599  16156.000207 -19498.519527   -236.554174
PG06    213.636110  19641.238320  17870.206652   -531.462028
PG07 -16406.957283   2661.359321 -20165.910017   -221.994133
PG09 -25083.508878   7820.540911  -4303.759821    685.303522
PG11  10212.606415  23170.936605   8227.469931   -219.258000
PG13  13789.239877   6616.419799  21638.271925    438.384795
PG14 -13195.382669  22074.288171  -5807.099549    749.961256
PG15  21296.512696   4598.795686 -15762.189088    442.328509
PG17 -17370.268753  13085.931778  15802.435255   -197.545697
PG18  15124.862813  -4417.640662 -21360.260392   -263.256098
PG19  -4964.409832  15230.535437  21059.775720    704.960593
PG20  12633.953430  11865.344301 -20062.583080    278.759241
PG21   -712.154060  23771.463612 -11780.337557    369.040972
PG22 -10240.892488  24625.075161   2170.350557     74.537486
PG24  21317.183769  14876.006909   5706.228855    194.252896
PG25  16858.253169  -8165.738660  18384.594476    391.369405
PG26   2142.091534 -25630.110632  -5944.959170   -391.859257
PG28   1782.747807 -18338.156134  19123.605156   -422.344156
PG29  26159.812938  -4314.012613  -2766.488989   -248.688316
PG30  -6926.546360  15121.178488 -20451.174169    354.010283
PG31  -6754.202223 -22416.754489  11960.752888   -122.760675
*  2026  9  5 19 30  0.00000000
PG04 -25656.174488  -1179.871208   7164.293805     64.745310
PG05   8156.261792  16834.396015 -19018.964557   -236.553896
PG06   -241.697621  19124.959668  18427.623742   -531.458759
PG07 -16900.516006   2026.891636 -19850.579514   -221.995191
PG09 -25237.173904   7774.900523  -3363.654727    685.300850
PG11   9955.169839  22956.713903   9101.118421   -219.254375
PG13  13526.822434   7402.052507  21548.823958    438.386253
PG14 -13208.068119  21806.780674  -6711.771138    749.961188
PG15  20769.561966   4856.473128 -16397.861513    442.329293
PG17 -17939.561809  13099.033103  15133.927365   -197.546726
PG18  15621.889598  -3776.008083 -21133.781340   -263.253411
PG19  -5768.486956  15260.078665  20815.787429    704.960512
PG20  11879.728195  12046.188257 -20411.875895    278.761940
PG21   -933.972934  24150.686934 -10964.490646    369.038608
PG22 -10335.386830  24639.027972   1229.356417     74.540208
PG24  21408.679864  15099.626864   4805.786054    194.258073
PG25  16676.591846  -7452.362240  18848.959928    391.368361
PG26   2309.384295 -25797.803167  -5038.900211   -391.859648
PG28   2298.652151 -17810.528507  19562.943243   -422.340954
PG29  26253.613955  -4241.704013  -1823.702225   -248.686119
PG30  -7473.136140  14533.216507 -20688.815401    354.013955
PG31  -6385.067676 -22086.072029  12742.394574   -122.759690
*  2026  9  5 19 35  0.00000000
PG04 -25382.581225  -1288.152844   8061.764550     64.745384
PG05   7926.949636  17499.466142 -18503.474022   -236.554257
PG06   -719.430962  18601.631903  18949.759026   -531.455509
PG07 -17395.619064   1410.959108 -19495.427877   -221.995889
PG09 -25357.029937   7724.179555  -2417.152501    685.298195
PG11   9673.746265  22721.636368   9957.469295   -219.250764
PG13  13279.188660   8188.117066  21417.831817    438.387715
PG14 -13213.616786  21507.411040  -7603.300993    749.961109
PG15  20225.936917   5130.953448 -17003.329489    442.330359
PG17 -18483.584809  13118.563067  14437.461250   -197.547796
PG18  16124.173936  -3150.810836 -20866.802351   -263.250756
PG19  -6562.569143  15302.303103  20531.437484    704.960553
PG20  11116.581348  12242.810410 -20721.879773    278.764670
PG21  -1138.408556  24504.444752 -10127.600796    369.036185
PG22 -10415.507192  24622.394818    286.057730     74.542829
PG24  21479.010720  15298.262431   3896.217328    194.263253
PG25  16501.464612  -6719.962944  19275.935634    391.367308
PG26   2466.610793 -25934.562034  -4123.001276   -391.860033
PG28   2834.398949 -17280.320985  19964.811324   -422.337733
PG29  26313.472259  -4166.752728   -877.461327   -248.684025
PG30  -8034.344483  13948.003013 -20885.963447    354.017623
PG31  -5991.548179 -21739.019877  13498.866262   -122.759122
*  2026  9  5 19 40  0.00000000
PG04 -25078.069668  -1407.261673   8943.977153     64.745477
PG05   7715.221339  18149.482037 -17953.007038   -236.554285
PG06  -1219.148970  18072.995666  19435.631156   -531.452245
PG07 -17890.745230    814.542288 -19101.243210   -221.996805
PG09 -25443.139695   7666.966029  -1466.051276    685.295524
PG11   9367.856390  22467.104265  10794.897538   -219.247190
PG13  13046.676373   8972.819447  21245.546880    438.389148
PG14 -13213.408319  21176.335126  -8479.941788    749.961028
PG15  19667.174157   5422.571817 -17577.522079    442.331214
PG17 -19001.317842  13143.353004  13714.308382   -197.549190
PG18  16630.276467  -2543.151517 -20559.868883   -263.248089
PG19  -7344.935960  15356.628872  20207.219306    704.960772
PG20  10346.307635  12455.276616 -20991.996458    278.767357
PG21  -1326.308128  24831.483134  -9271.273262    369.033774
PG22 -10482.469989  24574.539714   -657.777464     74.545627
PG24  21527.097091  15472.650950   2979.267471    194.268438
PG25  16333.943180  -5969.955140  19664.682406    391.366255
PG26   2614.901848 -26039.707819  -3199.041146   -391.860443
PG28   3389.296364 -16749.150940  20328.442467   -422.334514
PG29  26339.444667  -4087.780118     70.441480   -248.682332
PG30  -8609.196473  13367.035487 -21042.253073    354.021270
PG31  -5573.544942 -21377.165918  14228.660805   -122.757926
*  2026  9  5 19 45  0.00000000
PG04 -24743.565959  -1538.361743   9809.260508     64.745591
PG05   7520.673395  18782.749964 -17368.588847   -236.554604
PG06  -1740.330225  17540.777663  19884.329098   -531.448992
PG07 -18384.339343    238.520113 -18668.891990   -221.998020
PG09 -25495.674709   7601.862257   -512.159398    685.292861
PG11   9037.117572  22194.563667  11611.814245   -219.243598
PG13  12829.523079   9754.355137  21032.300663    438.390618
PG14 -13208.822818  20813.818076  -9339.975687    749.960920
PG15  19094.837912   5731.572944 -18119.426456    442.331984
PG17 -19491.825857  13172.182621  12965.789393   -197.550592
PG18  17138.707675  -1954.041445 -20213.601904   -263.245432
PG19  -8113.907381  15422.384404  19843.706358    704.960671
PG20   9570.713078  12683.551232 -21221.704824    278.770051
PG21  -1498.595835  25130.625579  -8397.150842    369.031392
PG22 -10537.534665  24494.922875  -1600.375717     74.547960
PG24  21551.924618  15623.610747   2056.686780    194.273614
PG25  16175.026413  -5203.825206  20014.439849    391.365196
PG26   2755.428522 -26112.659560  -2268.819013   -391.860818
PG28   3962.555108 -16218.604575  20653.143087   -422.331306
PG29  26331.695090  -4003.417940   1018.210513   -248.680189
PG30  -9196.634425  12791.760580 -21157.401003    354.024929
PG31  -5131.066514 -21002.105480  14930.324101   -122.757317
*  2026  9  5 19 50  0.00000000
PG04 -24380.087401  -1682.557524  10655.974900     64.745681
PG05   7342.804823  19397.617684 -16751.309071   -236.554840
PG06  -2282.348407  17006.683514  20295.013723   -531.445741
PG07 -18874.819225   -316.332817 -18199.316496   -221.999183
PG09 -25514.914414   7527.491605    442.707948    685.290197
PG11   8681.246251  21905.500103  12406.669558   -219.240018
PG13  12627.865305  10530.916216  20778.504172    438.392082
PG14 -13201.234035  20420.233725 -10181.717949    749.960851
PG15  18510.513974   6058.109651 -18628.089220    442.332908
PG17 -19954.262021  13203.785464  12193.272014   -197.552153
PG18  17647.934053  -1384.397240 -19828.696447   -263.242731
PG19  -8867.850448  15498.809336  19441.551433    704.960641
PG20   8791.607873  12927.496838 -21410.561893    278.772740
PG21  -1656.268021  25400.777998  -7506.910703    369.028987
PG22 -10581.997770  24383.103564  -2539.961303     74.550632
PG24  21552.548215  15752.036559   1130.227791    194.278784
PG25  16025.635726  -4423.125662  20324.527941    391.364135
PG26   2889.396120 -26152.937626  -1334.150803   -391.861231
PG28   4553.291085 -15690.230431  20938.294245   -422.328095
PG29  26290.493728  -3912.314969   1964.049933   -248.678120
PG30  -9795.521958  12223.568285 -21231.206327    354.028599
PG31  -4664.229730 -20615.454167  15602.458332   -122.756153
*  2026  9  5 19 55  0.00000000
PG04 -23988.738351  -1840.888421  11482.515018     64.745777
PG05   7181.019824  19992.480991 -16102.319849   -236.555156
PG06  -2844.474314  16472.390735  20666.919264   -531.442478
PG07 -19360.582716   -849.348448 -17693.532070   -221.999838
PG09 -25501.244807   7442.505186   1396.732127    685.287641
PG11   8300.059936  21601.432077  13177.955524   -219.236421
PG13  12441.738394  11300.698461  20484.647102    438.393529
PG14 -13192.002605  19996.063534 -11003.520451    749.960779
PG15  17915.803602   6402.241822 -19102.617620    442.333887
PG17 -20387.870758  13236.854586  11398.168932   -197.553896
PG18  18156.384460   -835.037818 -19405.920044   -263.240068
PG19  -9605.185769  15585.057837  19001.485758    704.960901
PG20   8010.799276  13186.874426 -21558.203710    278.775480
PG21  -1800.388055  25640.933359  -6602.261149    369.026570
PG22 -10617.186872  24238.742549  -3474.759392     74.553712
PG24  21528.096161  15858.894704    201.642067    194.283946
PG25  15886.610863  -3629.469010  20594.348405    391.363090
PG26   3018.038019 -26160.166144   -396.865438   -391.861616
PG28   5160.528458 -15165.533079  21183.352808   -422.324867
PG29  26216.215835  -3813.143547   2906.167041   -248.675784
PG30 -10404.648426  11663.786399 -21263.550727    354.032247
PG31  -4173.260156 -20218.840604  16243.725074   -122.755538
*  2026  9  5 20  0  0.00000000
PG04 -23570.705773  -2014.323568  12287.312912     64.745868
PG05   7034.630861  20565.790072 -15422.833857   -236.555048
PG06  -3425.878329  15939.541859  20999.354615   -531.439203
PG07 -19840.014761  -1359.966953 -17152.624231   -222.001085
PG09 -25455.156659   7345.588443   2348.094469    685.285008
PG11   7893.478782  21283.904454  13924.208874   -219.232847
PG13  12271.076759  12061.908435  20151.296866    438.394966
PG14 -13182.469354  19541.895046 -11803.775134    749.960703
PG15  17312.317397   6763.935723 -19542.180679    442.334600
PG17 -20791.990429  13270.048399  10581.935573   -197.555205
PG18  18662.456636   -306.681826 -18946.111028   -263.237418
PG19 -10324.393808  15680.202357  18524.317918    704.960522
PG20   7230.084520  13461.344036 -21664.346056    278.778161
PG21  -1932.080905  25850.175964  -5684.938311    369.024186
PG22 -10644.454319  24061.604177  -4402.999255     74.555810
PG24  21477.773855  15945.217995   -727.322938    194.289099
PG25  15758.706091  -2824.521307  20823.385884    391.362046
PG26   3142.609342 -26134.074997    541.198970   -391.862034
PG28   5783.203107 -14645.967014  21387.852473   -422.321663
PG29  26109.340060  -3704.606048   3842.775577   -248.673778
PG30 -11022.733688  11113.675290 -21254.398514    354.035897
PG31  -3658.492031 -19813.899139  16852.848268   -122.754561
*  2026  9  5 20  5  0.00000000
PG04 -23127.254445  -2203.756914  13068.840887     64.745922
PG05   6902.862126  21116.055663 -14714.122216   -236.555263
PG06  -4025.633324  15409.737739  21291.704500   -531.435951
PG07 -20311.494522  -1847.737887 -16577.745663   -222.002084
PG09 -25377.243301   7235.467616   3294.979692    685.282356
PG11   7461.526721  20954.481759  14644.013729   -219.229270
PG13  12115.714586  12812.770546  19779.097483    438.396421
PG14 -13173.948704  19058.419876 -12580.917354    749.960602
PG15  16701.669186   7143.063706 -19946.010238    442.335469
PG17 -21166.055663  13301.996702   9746.067803   -197.556094
PG18  19164.523845    200.054490 -18450.176717   -263.234746
PG19 -11024.020935  15783.237769  18010.932592    704.960668
PG20   6451.243771  13750.465857 -21728.784999    278.780870
PG21  -2052.527441  26027.685362  -4756.702797    369.021762
PG22 -10665.170871  23851.558029  -5322.917498     74.558828
PG24  21400.867251  16012.100431  -1654.926961    194.294275
PG25  15642.586808  -2009.995498  21011.208900    391.361008
PG26   3264.380509 -26074.501361   1478.198972   -391.862438
PG28   6420.166485 -14132.930789  21551.404626   -422.318492
PG29  25970.446365  -3585.441207   4772.099016   -248.671579
PG30 -11648.433186  10574.422993 -21203.796492    354.039560
PG31  -3120.367711 -19402.262523  17428.617053   -122.753739
*  2026  9  5 20 10  0.00000000
PG04 -22659.721870  -2410.002634  13825.614325     64.745998
PG05   6784.853409  21641.854974 -13977.512286   -236.555465
PG06  -4642.717974  14884.531063  21543.430480   -531.432700
PG07 -20773.402485  -2312.320822 -15970.113074   -222.002950
PG09 -25268.197978   7110.916031   4235.579333    685.279712
PG11   7004.332167  20614.741412  15336.004207   -219.225664
PG13  11975.387008  13551.534031  19368.768295    438.397869
PG14 -13167.722225  18546.431245 -13333.429134    749.960514
PG15  16085.469924   7539.404282 -20313.401899    442.336424
PG17 -21509.599317  13331.306847   8892.099557   -197.557735
PG18  19660.941629    684.658956 -17919.091473   -263.232069
PG19 -11702.685224  15893.085913  17462.289112    704.960792
PG20   5676.033180  14053.701775 -21751.397292    278.783598
PG21  -2162.958493  26172.739855  -3819.336277    369.019342
PG22 -10680.719237  23608.580172  -6232.761319     74.561611
PG24  21296.745941  16060.691694  -2579.439936    194.299545
PG25  15538.826590  -1187.644544  21157.470624    391.359966
PG26   3384.630705 -25981.390772   2412.289685   -391.862848
PG28   7070.189837 -13627.761400  21673.699065   -422.315263
PG29  25800.213534  -3454.430319   5692.373841   -248.669132
PG30 -12280.343323  10047.140652 -21111.873625    354.043223
PG31  -2559.436594 -18985.554619  17969.888434   -122.752933
*  2026  9  5 20 15  0.00000000
PG04 -22169.512880  -2633.790872  14556.194439     64.746105
PG05   6679.664330  22141.837365 -13214.385350   -236.555416
PG06  -5276.020485  14365.420093  21754.071822   -531.429429
PG07 -21224.127523  -2753.485460 -15331.003953   -222.003928
PG09 -25128.810796   6970.760218   5168.095181    685.277051
PG11   6522.128276  20266.266929  15998.866947   -219.222050
PG13  11849.731708  14276.479845  18921.102549    438.399334
PG14 -13165.032342  18006.821066 -14059.842305    749.960439
PG15  15465.321638   7952.642569 -20643.715891    442.337307
PG17 -21822.254062  13356.570028   8021.600392   -197.559067
PG18  20150.054631   1146.724704 -17353.894661   -263.229393
PG19 -12359.081946  16008.600499  16879.419825    704.960767
PG20   4906.178037  14370.417373 -21732.140604    278.786342
PG21  -2264.648692  26284.719606  -2874.638044    369.016960
PG22 -10692.487540  23332.753980  -7130.791788     74.563985
PG24  21164.865892  16092.191471  -3499.144927    194.304711
PG25  15447.904692   -359.254379  21261.909416    391.358931
PG26   3504.641281 -25854.797729   3341.628718   -391.863259
PG28   7731.968773 -13131.728962  21754.504574   -422.312043
PG29  25599.416291  -3310.403249   6601.852805   -248.667091
PG30 -12917.007100   9532.858344 -20978.840543    354.046887
PG31  -1976.353564 -18565.383166  18475.589795   -122.751942
*  2026  9  5 20 20  0.00000000
PG04 -21658.093982  -2875.763847  15259.190955     64.746215
PG05   6586.278933  22614.729741 -12426.174193   -236.555312
PG06  -5924.342705  13853.842665  21923.246220   -531.426170
PG07 -21662.073879  -3171.111237 -14661.753232   -222.005073
PG09 -24959.965266   6813.885805   6090.742697    685.274391
PG11   6015.252767  19910.641116  16631.343535   -219.218444
PG13  11738.290982  14985.927416  18436.965816    438.400798
PG14 -13167.076243  17440.576598 -14758.741528    749.960362
PG15  14842.811444   8382.371110 -20936.377844    442.338423
PG17 -22103.753582  13376.367673   7136.172963   -197.560336
PG18  20630.203465   1585.950940 -16755.688494   -263.226704
PG19 -12991.988749  16128.572360  16263.428287    704.960599
PG20   4143.366072  14699.884356 -21671.053597    278.789065
PG21  -2358.910124  26363.109318  -1924.421525    369.014584
PG22 -10701.862730  23024.270520  -8015.287132     74.566551
PG24  21004.771826  16107.843620  -4412.340993    194.309884
PG25  15370.204007    473.363265  21324.349174    391.357898
PG26   3625.689130 -25694.885805   4264.380129   -391.863636
PG28   8404.128183 -12646.031683  21793.669334   -422.308788
PG29  25368.922012  -3152.244247   7498.808170   -248.665444
PG30 -13556.919992   9032.521275 -20804.988858    354.050540
PG31  -1371.876928 -18143.332635  18944.721238   -122.751145
*  2026  9  5 20 25  0.00000000
PG04 -21126.987451  -3136.472321  15933.264702     64.746279
PG05   6503.610614  23059.341640 -11614.360574   -236.555824
PG06  -6586.404602  13351.170480  22050.650362   -531.422901
PG07 -22085.668039  -3565.186418 -13963.749872   -222.006082
PG09 -24762.634458   6639.243177   7001.754432    685.271730
PG11   5484.147298  19549.439283  17232.232826   -219.214856
PG13  11640.514217  15678.241246  17917.294275    438.402242
PG14 -13175.000006  16848.776684 -15428.767198    749.960263
PG15  14219.505640   8828.091053 -21190.879477    442.339212
PG17 -22353.933387  13389.277895   6237.450432   -197.561623
PG18  21099.731601   2002.143257 -16125.635773   -263.224056
PG19 -13600.270493  16251.735036  15615.487265    704.960854
PG20   3389.240932  15041.283416 -21568.255833    278.791750
PG21  -2447.085818  26407.500473   -970.510770    369.012185
PG22 -10710.223987  22683.428511  -8884.546039     74.568831
PG24  20816.099231  16108.930223  -5317.345964    194.315025
PG25  15306.009495   1308.378143  21344.699473    391.356855
PG26   3749.040068 -25501.927287   5178.718384   -391.864044
PG28   9085.227453 -12171.791166  21791.121199   -422.305556
PG29  25109.687078  -2978.897548   8381.534913   -248.663083
PG30 -14198.536032   8546.986394 -20590.690316    354.054201
PG31   -746.865879 -17720.957214  19376.357746   -122.750293
*  2026  9  5 20 30  0.00000000
PG04 -20577.765204  -3416.372470  16577.130125     64.746348
PG05   6430.507372  23474.570013 -10780.472599   -236.555731
PG06  -7260.849100  12858.703689  22136.060358   -531.419610
PG07 -22493.365470  -3935.806711 -13238.433378   -222.007030
PG09 -24537.876782   6445.852868   7899.383416    685.269095
PG11   4929.356407  19184.222509  17800.393174   -219.211232
PG13  11555.760806  16351.837319  17363.092856    438.403698
PG14 -13189.892987  16232.587593 -16068.618211    749.960178
PG15  13596.943915   9289.213689 -21406.779208    442.340060
PG17 -22572.731221  13393.882014   5327.093802   -197.562963
PG18  21556.992240   2395.213495 -15464.957543   -263.221384
PG19 -14182.883711  16376.770656  14936.836561    704.961008
PG20   2645.395846  15393.707496 -21423.947528    278.794453
PG21  -2530.543102  26417.593138    -14.736922    369.009769
PG22 -10718.936125  22310.633832  -9736.890953     74.571721
PG24  20598.576016  16096.765532  -6212.499153    194.320111
PG25  15255.507094   2143.948841  21322.955485    391.355844
PG26   3875.942252 -25276.302324   6082.832318   -391.864431
PG28   9773.765979 -11710.048063  21746.867804   -422.302369
PG29  24822.752857  -2789.372703   9248.353898   -248.661083
PG30 -14840.274085   8077.019408 -20336.395782    354.057899
PG31   -102.277488 -17299.773950  19769.651164   -122.749333
*  2026  9  5 20 35  0.00000000
PG04 -20012.042470  -3715.823146  17189.557708     64.746448
PG05   6365.757348  23859.403638  -9926.082001   -236.555997
PG06  -7946.247241  12377.665818  22179.332014   -531.416341
PG07 -22883.657184  -4283.173389 -12487.290266   -222.007900
PG09 -24286.831418   6232.810665   8781.906526    685.266438
PG11   4351.526023  18816.530985  18334.744543   -219.207619
PG13  11483.303456  17005.189300  16775.433235    438.405147
PG14 -13212.782470  15593.258479 -16677.054590    749.960117
PG15  12976.633676   9765.062353 -21583.702678    442.340917
PG17 -22760.187081  13388.771079   4406.789181   -197.564571
PG18  22000.355145   2765.179151 -14774.930647   -263.218726
PG19 -14738.880673  16502.316092  14228.780669    704.961116
PG20   1913.367530  15756.165467 -21238.409144    278.797201
PG21  -2610.666850  26393.197311    941.065330    369.007376
PG22 -10729.343040  21906.398597 -10570.671371     74.574668
PG24  20352.023785  16072.689838  -7096.163979    194.325263
PG25  15218.783096   2978.230159  21259.197721    391.354808
PG26   4007.619663 -25018.497598   6974.929087   -391.864821
PG28  10468.188942 -11261.758080  21660.996537   -422.299166
PG29  24509.241346  -2582.749660  10097.615011   -248.659008
PG30 -15480.524268   7623.292238 -20042.634058    354.061568
PG31    560.836769 -16881.256094  20123.831993   -122.748470
*  2026  9  5 20 40  0.00000000
PG04 -19431.471299  -4035.083558  17769.376295     64.746549
PG05   6308.094654  24212.927193  -9052.801316   -236.555921
PG06  -8641.103648  11909.199033  22180.400962   -531.413098
PG07 -23255.076097  -4607.590968 -11711.850482   -222.008842
PG09 -24010.713403   5999.292397   9647.627820    685.263796
PG11   3751.401534  18447.877466  18834.270519   -219.204010
PG13  11422.331896  17636.834483  16155.451712    438.406611
PG14 -13244.628634  14932.116483 -17252.899977    749.960022
PG15  12360.044530  10254.874651 -21721.343192    442.341853
PG17 -22916.442822  13372.552406   3478.244985   -197.566253
PG18  22428.213404   3112.162336 -14056.885199   -263.216044
PG19 -15267.413041  16626.969371  13492.686249    704.961051
PG20   1194.630332  16127.586178 -21012.000818    278.799912
PG21  -2688.852665  26334.233805   1895.061306    369.004933
PG22 -10742.761216  21471.339781 -11384.267129     74.577050
PG24  20076.358749  16038.063300  -7966.730511    194.330426
PG25  15195.824017   3809.380482  21153.591544    391.353750
PG26   4145.265695 -24729.104520   7853.238092   -391.865211
PG28  11166.893338 -10827.788379  21533.674344   -422.295970
PG29  24170.350483  -2358.183541  10927.700248   -248.656813
PG30 -16117.654491   7186.380902 -19710.010541    354.065223
PG31   1241.334909 -16466.826667  20438.210983   -122.747322
*  2026  9  5 20 45  0.00000000
PG04 -18837.733913  -4374.311380  18315.475324     64.746602
PG05   6256.205435  24534.324929  -8162.280980   -236.556252
PG06  -9343.862282  11454.359777  22139.282643   -531.409818
PG07 -23606.203180  -4909.464432 -10913.683799   -222.009760
PG09 -23710.808406   5744.558394  10494.881834    685.261148
PG11   3129.825454  18079.740850  19298.020196   -219.200394
PG13  11371.956959  18245.379481  15504.346946    438.408068
PG14 -13286.319837  14250.561508 -17795.043966    749.959929
PG15  11748.602918  10757.805044 -21819.462084    442.342955
PG17 -23041.741370  13343.856077   2543.189069   -197.567447
PG18  22838.990092   3436.388293 -13312.201976   -263.213404
PG19 -15767.735085  16749.296295  12729.979444    704.961143
PG20    490.590670  16506.822875 -20745.161639    278.802591
PG21  -2766.500008  26240.734683   2845.419882    369.002533
PG22 -10760.473336  21006.177409 -12176.091663     74.579805
PG24  19771.592269  15994.259737  -8822.617938    194.335576
PG25  15186.516933   4635.569127  21006.386514    391.352693
PG26   4290.036874 -24408.816946   8716.014868   -391.865626
PG28  11868.234208 -10408.914361  21365.147397   -422.292757
PG29  23807.349158  -2114.909103  11737.026753   -248.654459
PG30 -16750.017102   6766.763843 -19339.205734    354.068894
PG31   1937.988772 -16057.852280  20712.180539   -122.746615
*  2026  9  5 20 50  0.00000000
PG04 -18232.535953  -4733.561289  18826.806949     64.746710
PG05   6208.734170  24822.883951  -7256.206330   -236.556374
PG06 -10052.912452  11014.114794  22056.072146   -531.406532
PG07 -23935.673341  -5189.296037 -10094.396193   -222.010803
PG09 -23388.467212   5467.957588  11322.036829    685.258516
PG11   2487.734660  17713.559925  19725.109958   -219.196863
PG13  11331.215022  18829.505612  14823.377578    438.409525
PG14 -13338.668248  13550.060674 -18302.444281    749.959860
PG15  11143.686946  11272.927741 -21877.888997    442.343635
PG17 -23136.425521  13301.341392   1603.365801   -197.568617
PG18  23231.144818   3738.183491 -12542.309737   -263.210718
PG19 -16239.206447  16867.837253  11942.143027    704.961398
PG20   -197.418242  16892.657966 -20438.408764    278.805306
PG21  -2845.005315  26112.843213   3790.317042    369.000142
PG22 -10783.722003  20511.732305 -12944.595255     74.582540
PG24  19437.831021  15942.660421  -9662.276949    194.340755
PG25  15190.650293   5454.983599  20817.915517    391.351673
PG26   4443.046742 -24058.428445   9561.544925   -391.866041
PG28  12570.531070 -10005.816873  21155.740604   -422.289547
PG29  23421.571926  -1852.244869  12524.049799   -248.652464
PG30 -17375.955588   6364.820714 -18930.973606    354.072586
PG31   2649.488742 -15655.637252  20945.215919   -122.745676
*  2026  9  5 20 55  0.00000000
PG04 -17617.599622  -5112.783946  19302.388060     64.746756
PG05   6164.290166  25077.997082  -6336.294536   -236.556393
PG06 -10766.595057  10589.337542  21930.943907   -531.403268
PG07 -24242.181047  -5447.681718  -9255.626212   -222.011846
PG09 -23045.099919   5168.931240  12127.497993    685.255871
PG11   1826.157240  17350.727297  20114.725133   -219.193263
PG13  11299.072781  19387.973983  14113.859728    438.410976
PG14 -13402.405845  12832.142500 -18774.128804    749.959770
PG15  10546.621405  11799.239916 -21896.522090    442.344269
PG17 -23200.936347  13243.703233    660.533072   -197.570200
PG18  23603.180105   4017.973279 -11748.682470   -263.208043
PG19 -16681.294434  16981.114188  11130.713399    704.961367
PG20   -868.141335  17283.808112 -20092.336383    278.807995
PG21  -2925.755133  25950.813370   4727.939401    368.997727
PG22 -10813.703625  19988.923416 -13688.268235     74.585249
PG24  19075.276808  15884.647894 -10484.192041    194.345916
PG25  15207.915205   6265.836759  20588.593722    391.350626
PG26   4605.359937 -23678.829111  10388.147535   -391.866446
PG28  13272.074514  -9619.079824  20905.856968   -422.286336
PG29  23014.413464  -1569.596912  13287.265706   -248.650344
PG30 -17993.811308   5980.831600 -18486.139804    354.076251
PG31   3374.448852 -15261.418033  21136.876236   -122.744674
*  2026  9  5 21  0  0.00000000
PG04 -16994.656778  -5511.825428  19741.302192     64.746885
PG05   6121.454229  25299.165308  -5404.291444   -236.556587
PG06 -11483.209041  10180.805036  21764.151257   -531.399985
PG07 -24524.485646  -5685.307112  -8399.041351   -222.012760
PG09 -22682.169910   4847.016279  12909.710574    685.253240
PG11   1146.208948  16992.583531  20466.121528   -219.189643
PG13  11274.432339  19919.630218  13377.164384    438.412434
PG14 -13478.180798  12098.390824 -19209.197428    749.959688
PG15   9958.673018  12335.665233 -21875.328158    442.345331
PG17 -23235.811199  13169.678328   -283.540749   -197.571526
PG18  23953.647609   4276.279147 -10932.836576   -263.205356
PG19 -17093.575834  17087.637685  10297.277438    704.961379
PG20  -1520.406283  17678.929617 -19707.614530    278.810714
PG21  -3010.119302  25755.008871   5656.487718    368.995345
PG22 -10851.562471  19438.764707 -14405.644154     74.588102
PG24  18684.226005  15821.599821 -11286.883740    194.351080
PG25  15237.907164   7066.373843  20318.917353    391.349591
PG26   4777.986496 -23271.001936  11194.179443   -391.866865
PG28  13971.132924  -9249.188236  20615.976807   -422.283134
PG29  22587.322780  -1266.462259  14025.214699   -248.648266
PG30 -18601.930233   5614.976703 -18005.599739    354.079928
PG31   4111.412229 -14876.357974  21286.805245   -122.743761
*  2026  9  5 21  5  0.00000000
PG04 -16365.441984  -5930.427103  20142.701322     64.746954
PG05   6078.785474  25485.999767  -4461.968356   -236.556606
PG06 -12201.018027   9789.195105  21556.025841   -531.396727
PG07 -24781.416379  -5902.943231  -7526.334441   -222.013867
PG09 -22301.187580   4501.848229  13667.162957    685.250591
PG11    449.089288  16640.411528  20778.626834   -219.185994
PG13  11256.136593  20423.408845  12614.714685    438.413884
PG14 -13566.554250  11350.438499 -19606.823754    749.959608
PG15   9381.045911  12881.057654 -21814.342683    442.346438
PG17 -23241.681320  13078.051380  -1227.079911   -197.573121
PG18  24281.154126   4513.715581 -10096.327993   -263.202717
PG19 -17475.738238  17185.914150   9443.469201    704.961507
PG20  -2153.127733  18076.624101 -19284.987744    278.813389
PG21  -3099.444211  25525.901756   6574.180372    368.992819
PG22 -10898.384938  18862.361642 -15095.302898     74.590596
PG24  18265.068643  15754.882916 -12068.910745    194.356237
PG25  15280.128245   7854.879314  20009.462279    391.348546
PG26   4961.876411 -22836.018776  11978.038497   -391.867311
PG28  14665.959316  -8896.526739  20286.656817   -422.279938
PG29  22141.797205   -942.431920  14736.483687   -248.645915
PG30 -19198.669657   5267.336474 -17490.316536    354.083594
PG31   4858.856870 -14501.542457  21394.731934   -122.742763
*  2026  9  5 21 10  0.00000000
PG04 -15731.685563  -6368.225962  20505.807542     64.747072
PG05   6034.828256  25638.223302  -3511.118742   -236.556622
PG06 -12918.257095   9415.084090  21306.976886   -531.393467
PG07 -25011.877062  -6101.441806  -6639.220055   -222.014758
PG09 -21903.703887   4133.163721  14398.389661    685.247947
PG11   -263.922763  16295.431164  21051.641913   -219.182391
PG13  11242.974884  20898.337296  11827.983095    438.415329
PG14 -13667.997513  10589.960890 -19966.256608    749.959539
PG15   8814.877343  13434.205530 -21713.669797    442.347045
PG17 -23219.269072  12967.661033  -2168.304429   -197.574154
PG18  24584.367376   4730.986532  -9240.749269   -263.200052
PG19 -17827.580862  17274.453037   8570.966501    704.961546
PG20  -2765.311157  18475.444427 -18825.273590    278.816086
PG21  -3195.046164  25264.070515   7479.256808    368.990379
PG22 -10955.194052  18260.907269 -15755.873752     74.593350
PG24  17818.287153  15685.846954 -12828.871996    194.361394
PG25  15333.989718   8629.683510  19660.882447    391.347498
PG26   5157.914469 -22375.035907  12738.167190   -391.867698
PG28  15354.798247  -8561.378503  19918.528999   -422.276736
PG29  21679.376189   -597.193515  15419.708966   -248.643701
PG30 -19782.404858   4937.892188 -16941.318862    354.087248
PG31   5615.201714 -14137.974419  21460.470907   -122.741934
*  2026  9  5 21 15  0.00000000
PG04 -15095.106666  -6824.755401  20829.914618     64.747135
PG05   5988.119188  25755.671549  -2553.554886   -236.556566
PG06 -13633.139700   9058.944987  21017.490349   -531.390183
PG07 -25214.850415  -6281.730326  -5739.430956   -222.015652
PG09 -21491.303721   3740.802565  15101.974261    685.245310
PG11   -991.473369  15958.794210  21284.641941   -219.178808
PG13  11233.688891  21343.539518  11018.488495    438.416787
PG14 -13782.889689   9818.669205 -20286.821394    749.959468
PG15   8261.233694  13993.835958 -21573.482170    442.348271
PG17 -23169.384785  12837.405659  -3105.433283   -197.575370
PG18  24862.021537   4928.881530  -8367.726582   -263.197383
PG19 -18149.014860  17351.774097   7681.487358    704.961468
PG20  -3356.056301  18873.900852 -18329.361025    278.818805
PG21  -3298.204875  24970.197771   8369.980934    368.987980
PG22 -11022.944228  17635.677908 -16386.038402     74.596155
PG24  17344.454758  15615.818884 -13565.408654    194.366554
PG25  15398.815081   9389.169072  19273.908140    391.346454
PG26   5366.915396 -21889.289208  13473.056094   -391.868087
PG28  16035.892775  -8243.924624  19512.299441   -422.273504
PG29  21201.634926   -230.533494  16073.578846   -248.641558
PG30 -20351.535661   4626.526972 -16359.698635    354.090984
PG31   6378.812972 -13786.570276  21483.922560   -122.741093
*  2026  9  5 21 20  0.00000000
PG04 -14457.406404  -7299.446455  21114.389422     64.747231
PG05   5937.194207  25838.293563  -1591.104486   -236.556879
PG06 -14343.864669   8721.146038  20688.127909   -531.386891
PG07 -25389.402041  -6444.806800  -4828.714575   -222.016850
PG09 -21065.599145   3324.709380  15776.552226    685.242662
PG11  -1732.138776  15631.579554  21477.177436   -219.175192
PG13  11226.978741  21758.239170  10187.793171    438.418258
PG14 -13911.515725   9038.303685 -20567.921273    749.959379
PG15   7721.106733  14558.619386 -21394.020823    442.348980
PG17 -23092.923239  12686.248929  -4036.687643   -197.576804
PG18  25112.922513   5108.271434  -7478.916722   -263.194763
PG19 -18440.063136  17416.414610   6776.786331    704.961386
PG20  -3924.560220  19270.467380 -17798.208637    278.821532
PG21  -3410.157140  24645.067534   9244.644476    368.985559
PG22 -11102.516323  16988.028472 -16984.533852     74.598869
PG24  16844.233537  15546.097080 -14277.206017    194.371715
PG25  15473.843500  10131.777100  18849.344091    391.345418
PG26   5589.619336 -21380.088987  14181.247184   -391.868468
PG28  16707.491441  -7944.243958  19068.746954   -422.270313
PG29  20710.177845    157.661069  16696.836184   -248.639786
PG30 -20904.492901   4333.027251 -15746.608631    354.094654
PG31   7148.010700 -13448.156281  21465.073051   -122.740216
*  2026  9  5 21 25  0.00000000
PG04 -13820.261055  -7791.629474  21358.673230     64.747294
PG05   5880.595675  25886.151969   -625.607196   -236.556916
PG06 -15048.623275   8401.949788  20319.525848   -531.383599
PG07 -25534.684028  -6591.734275  -3908.829540   -222.017706
PG09 -20628.222513   2884.934771  16420.813661    685.240036
PG11  -2484.430551  15314.788751  21628.875130   -219.171596
PG13  11221.509309  22141.762402   9337.499736    438.419721
PG14 -14054.064911   8250.626697 -20809.038162    749.959283
PG15   7195.410183  15127.174454 -21175.594853    442.349671
PG17 -22990.859785  12513.225153  -4960.294153   -197.578211
PG18  25335.952901   5270.103866  -6576.004027   -263.192098
PG19 -18700.859639  17466.936559   5858.650753    704.961598
PG20  -4470.119887  19663.588295 -17232.842742    278.824207
PG21  -3532.090684  24289.562034  10101.570268    368.983170
PG22 -11194.712993  16319.387430 -17550.155275     74.601246
PG24  16318.372160  15477.945738 -14962.995347    194.376872
PG25  15558.233629  10856.013035  18388.067441    391.344383
PG26   5826.687678 -20848.814476  14861.337030   -391.868882
PG28  17367.855229  -7662.313411  18588.721584   -422.267108
PG29  20206.631974    567.401105  17288.280826   -248.637467
PG30 -21439.744737   4057.084631 -15103.259973    354.098327
PG31   7921.075569 -13123.465315  21403.994077   -122.739485
*  2026  9  5 21 30  0.00000000
PG04 -13185.315386  -8300.536246  21562.282903     64.747362
PG05   5816.879472  25899.422651    341.088869   -236.557146
PG06 -15745.606348   8101.512586  19912.393791   -531.380301
PG07 -25649.938172  -6723.635126  -2981.542254   -222.018695
PG09 -20180.819521   2421.636050  17033.505955    685.237378
PG11  -3246.801101  15009.341911  21739.438729   -219.168000
PG13  11215.916675  22493.540199   8469.247963    438.421184
PG14 -14210.629824   7457.415745 -21009.733561    749.959192
PG15   6684.976581  15698.073049 -20918.581085    442.350642
PG17 -22864.246134  12317.444354  -5874.488226   -197.579605
PG18  25530.076659   5415.398322  -5660.697297   -263.189439
PG19 -18931.648153  17501.933720   4928.896869    704.961585
PG20  -4992.134370  20051.684828 -16634.355347    278.826911
PG21  -3665.138244  23904.658138  10939.115488    368.980751
PG22 -11300.254388  15631.251432 -18081.758762     74.603916
PG24  15767.703307  15412.589437 -15621.555627    194.382031
PG25  15651.067788  11560.452232  17891.025563    391.343339
PG26   6078.699261 -20296.908023  15511.979870   -391.869297
PG28  18015.264499  -7398.008676  18073.142976   -422.263878
PG29  19692.640227    998.594624  17846.771954   -248.635196
PG30 -21955.802801   3798.298194 -14430.919542    354.102014
PG31   8696.255811 -12813.134135  21300.842438   -122.738480
*  2026  9  5 21 35  0.00000000
PG04 -12554.176106  -8825.302546  21724.811916     64.747450
PG05   5744.622046  25878.393961   1307.130668   -236.557441
PG06 -16433.011384   7819.884562  19467.513319   -531.377024
PG07 -25734.498810  -6841.685158  -2048.623538   -222.019641
PG09 -19725.042198   1935.077483  17613.436322    685.234762
PG11  -4017.649456  14716.073954  21808.649514   -219.164359
PG13  11208.814721  22813.110279   7584.711556    438.422657
PG14 -14381.205725   6660.456444 -21169.649209    749.959126
PG15   6190.554465  16269.845563 -20623.423639    442.351502
PG17 -22714.205804  12098.097067  -6777.517379   -197.581217
PG18  25694.343436   5545.241006  -4734.726665   -263.186783
PG19 -19132.780587  17520.038624   3989.365890    704.961336
PG20  -5490.106553  20433.161948 -16003.901992    278.829642
PG21  -3810.371883  23491.423391  11755.674820    368.978324
PG22 -11419.774212  14925.179621 -18578.263978     74.606631
PG24  15193.140784  15351.207886 -16251.715246    194.387187
PG25  15751.356488  12243.745192  17359.233753    391.342293
PG26   6346.146979 -19725.869005  16131.890525   -391.869689
PG28  18648.025841  -7151.105413  17522.998612   -422.260652
PG29  19169.854626   1451.046218  18371.230331   -248.633281
PG30 -22451.228155   3556.177188 -13730.907284    354.105706
PG31   9471.774291 -12517.701090  21155.859421   -122.737709
*  2026  9  5 21 40  0.00000000
PG04 -11928.405497  -9364.971116  21845.931268     64.747531
PG05   5662.427409  25823.465456   2270.663793   -236.557281
PG06 -17109.049649   7557.010048  18985.736464   -531.373773
PG07 -25787.795261  -6947.107537  -1111.845334   -222.020628
PG09 -19262.541877   1425.630081  18159.474236    685.232192
PG11  -4795.327280  14435.731231  21836.366816   -219.160788
PG13  11198.801820  23100.118545   6685.594859    438.424117
PG14 -14565.690409   5861.535478 -21288.507554    749.959089
PG15   5712.805876  16840.986339 -20290.633415    442.352384
PG17 -22541.929264  11854.458818  -7667.644584   -197.582478
PG18  25827.892560   5660.779387  -3799.840457   -263.184147
PG19 -19304.714769  17519.929364   3041.919980    704.961761
PG20  -5963.644414  20806.415233 -15342.699462    278.832361
PG21  -3968.797584  23051.011669  12549.683538    368.975926
PG22 -11553.816149  14202.787648 -19038.656711     74.609252
PG24  14595.676350  15294.930883 -16852.353605    194.392331
PG25  15858.043263  12904.622459  16793.772800    391.341245
PG26   6629.434786 -19137.247503  16719.847175   -391.870091
PG28  19264.478834  -6921.280880  16939.341922   -422.257448
PG29  18639.929489   1924.457028  18860.640438   -248.630985
PG30 -22924.637028   3330.144109 -13004.593442    354.109384
PG31  10245.835695 -12237.604306  20969.369981   -122.736713
*  2026  9  5 21 45  0.00000000
PG04 -11309.515225  -9918.495048  21925.390237     64.747640
PG05   5568.934021  25735.146177   3229.836062   -236.557361
PG06 -17771.953216   7312.728471  18467.984075   -531.370472
PG07 -25809.353866  -7041.166589   -172.977475   -222.021657
PG09 -18794.962186    893.770913  18670.553746    685.229576
PG11  -5578.145097  14168.968548  21822.528346   -219.157168
PG13  11184.467606  23354.320074   5773.629509    438.425596
PG14 -14763.884500   5062.433588 -21366.112061    749.959020
PG15   5252.304212  17409.959270 -19920.787499    442.353412
PG17 -22348.668780  11585.894288  -8543.151635   -197.583913
PG18  25929.956664   5763.216518  -2857.802025   -263.181512
PG19 -19448.011759  17500.336201   2088.438180    704.961521
PG20  -6412.461844  21169.837799 -14652.023393    278.835062
PG21  -4141.350134  22584.658482  13319.620518    368.973508
PG22 -11702.830702  13465.741428 -19461.991301     74.611913
PG24  13976.376256  15244.833480 -17422.402651    194.397499
PG25  15970.009803  13541.899128  16195.786435    391.340211
PG26   6928.875133 -18532.637750  17274.693970   -391.870546
PG28  19863.002675  -6708.115986  16323.290272   -422.254220
PG29  18104.514628   2418.425140  19314.052503   -248.628799
PG30 -23374.706310   3119.538152 -12253.395713    354.113063
PG31  11016.633777 -11973.180353  20741.781736   -122.735864
*  2026  9  5 21 50  0.00000000
PG04 -10698.960382 -10484.741576  21963.017008     64.747719
PG05   5462.821554  25614.052460   4182.801111   -236.557146
PG06 -18419.981933   7086.775688  17915.244073   -531.367160
PG07 -25798.799627  -7125.161485    766.215468   -222.022756
PG09 -18323.932067    340.081960  19145.675673    685.226949
PG11  -6364.378701  13916.346583  21767.150382   -219.153558
PG13  11164.399781  23575.579651   4850.571041    438.427054
PG14 -14975.492196   4264.918604 -21402.347337    749.958933
PG15   4809.532409  17975.203553 -19514.528478    442.354278
PG17 -22135.732988  11291.861119  -9402.342523   -197.585414
PG18  25999.864941   5853.805134  -1910.386573   -263.178862
PG19 -19563.332685  17460.047956   1130.812285    704.961655
PG20  -6836.378999  21521.827254 -13933.205748    278.837763
PG21  -4328.888320  22093.675946  14064.011154    368.971075
PG22 -11867.172434  12715.750639 -19847.392950     74.614614
PG24  13336.377523  15201.931393 -17960.848347    194.402661
PG25  16086.081350  14154.478977  15566.478683    391.339179
PG26   7244.686846 -17913.671407  17795.343479   -391.870948
PG28  20442.022651  -6511.097776  15676.022820   -422.250984
PG29  17565.248559   2932.446437  19730.584406   -248.626636
PG30 -23800.178788   2923.619014 -11478.776331    354.116753
PG31  11782.358645 -11724.663391  20473.583786   -122.734968
*  2026  9  5 21 55  0.00000000
PG04 -10098.133769 -11062.496249  21958.719143     64.747801
PG05   5342.817491  25460.905293   5127.722014   -236.556882
PG06 -19051.430282   6878.785766  17328.569588   -531.363875
PG07 -25755.857446  -7200.419848   1703.977267   -222.023712
PG09 -17851.058881   -234.751495  19583.909678    685.224333
PG11  -7152.275721  13678.329726  21670.327818   -219.149953
PG13  11137.190941  23763.871840   3918.195451    438.428515
PG14 -15200.122462   3470.738563 -21397.179092    749.958886
PG15   4384.881493  18535.139567 -19072.563675    442.355118
PG17 -21904.481212  10971.913347 -10243.546813   -197.586824
PG18  26037.046007   5933.841550   -959.377965   -263.176231
PG19 -19651.435129  17397.918133    170.942695    704.961661
PG20  -7235.322203  21860.792648 -13187.632202    278.840480
PG21  -4532.190475  21579.447437  14781.430183    368.968660
PG22 -12047.097654  11954.562021 -20194.059896     74.617278
PG24  12676.883964  15167.176661 -18466.732061    194.407815
PG25  16205.032326  14741.358188  14907.111108    391.338146
PG26   7576.993438 -17282.010679  18280.778963   -391.871349
PG28  21000.016433  -6329.622328  14998.778274   -422.247768
PG29  17023.751773   3465.915897  20109.423480   -248.624506
PG30 -24199.868093   2741.571031 -10682.239100    354.120436
PG31  12541.204046 -11492.184807  20165.345351   -122.734073
*  2026  9  5 22  0  0.00000000
PG04  -9508.360443 -11650.467470  21912.483917     64.747861
PG05   5207.703538  25276.527230   6062.774885   -236.557344
PG06 -19664.634099   6688.293210  16709.076984   -531.360586
PG07 -25680.352956  -7268.291295   2638.563035   -222.024526
PG09 -17377.921604   -829.942941  19984.396204    685.221668
PG11  -7940.062322  13455.284338  21532.234064   -219.146336
PG13  11101.445373  23919.280592   2978.295732    438.429971
PG14 -15437.290649   2681.614941 -21350.653927    749.958801
PG15   3978.649482  19088.174851 -18595.664292    442.356018
PG17 -21656.317546  10625.704459 -11065.123015   -197.587910
PG18  26041.030367   6004.659399     -6.565534   -263.173583
PG19 -19713.169074  17312.870757   -789.265773    704.961733
PG20  -7609.323379  22185.161384 -12416.739416    278.843174
PG21  -4751.950363  21043.421956  15470.504416    368.966230
PG22 -12242.762543  11183.952478 -20501.265449     74.619946
PG24  11999.161972  15141.453570 -18939.151891    194.412950
PG25  16325.592187  15301.628662  14218.999978    391.337083
PG26   7925.821897 -16639.341327  18730.056471   -391.871743
PG28  21535.520154  -6162.998047  14292.852519   -422.244552
PG29  16481.620095   4018.129328  20449.828169   -248.622407
PG30 -24572.663347   2572.507632  -9865.326357    354.124115
PG31  13291.374617 -11275.773326  19817.714239   -122.733027
*  2026  9  5 22  5  0.00000000
PG04  -8930.892571 -12247.291391  21824.378499     64.747961
PG05   5056.321818  25061.838881   6986.152488   -236.557246
PG06 -20257.977131   6514.735604  16057.943774   -531.357303
PG07 -25572.212961  -7330.140966   3568.242147   -222.025485
PG09 -16906.064163  -1444.607152  20346.348269    685.219035
PG11  -8725.950007  13247.477442  21353.120808   -219.142738
PG13  11055.785822  24041.998397   2032.678373    438.431429
PG14 -15686.420542   1899.236026 -21262.898958    749.958734
PG15   3591.040659  19632.710178 -18084.664471    442.357111
PG17 -21392.684733  10252.990029 -11865.461944   -197.589398
PG18  26011.452477   6067.623215    946.259108   -263.170908
PG19 -19749.472434  17203.905899  -1747.908064    704.961783
PG20  -7958.519036  22493.386066 -11622.012220    278.845888
PG21  -4988.773455  20487.108231  16129.915361    368.963832
PG22 -12454.221739  10405.722034 -20768.359875     74.622748
PG24  11304.536076  15125.574852 -19377.263922    194.418100
PG25  16446.451450  15834.480892  13503.513343    391.336040
PG26   8291.101916 -15987.365582  19142.306757   -391.872152
PG28  22047.134254  -6010.449350  13559.596147   -422.241365
PG29  15940.418151   4588.285537  20751.129574   -248.620190
PG30 -24917.533483   2415.476077  -9029.615903    354.127813
PG31  14031.093078 -11075.355605  19431.415149   -122.732151
*  2026  9  5 22 10  0.00000000
PG04  -8366.904583 -12851.537132  21694.549986     64.748048
PG05   4887.580816  24817.854969   7896.067823   -236.557136
PG06 -20829.897409   6357.456682  15376.406434   -531.354022
PG07 -25431.465474  -7387.343035   4491.301076   -222.026512
PG09 -16436.988932  -2077.763148  20669.053134    685.216408
PG11  -9508.142496  13055.075859  21133.317630   -219.139105
PG13  10998.860158  24132.324984   1083.159849    438.432885
PG14 -15946.846824   1125.250460 -21134.121278    749.958664
PG15   3222.165209  20167.145676 -17540.460254    442.357950
PG17 -21115.057859   9853.629941 -12642.990057   -197.590791
PG18  25948.052391   6124.121906   1897.305263   -263.168240
PG19 -19761.366187  17070.104847  -2703.083075    704.961814
PG20  -8283.148792  22783.951252 -10804.980697    278.848620
PG21  -5243.173587  19912.068578  16758.401740    368.961427
PG22 -12681.427398   9621.686657 -20994.772129     74.625181
PG24  10594.384296  15120.278178 -19780.283409    194.423275
PG25  16566.267881  16339.206418  12762.068045    391.335020
PG26   8672.665597 -15327.795021  19516.737001   -391.872563
PG28  22533.529062  -5871.120718  12800.411878   -422.238155
PG29  15401.672973   5175.488931  21012.732857   -248.618064
PG30 -25233.531234   2269.462480  -8176.717884    354.131503
PG31  14758.607311 -10890.757299  19007.247823   -122.731161
*  2026  9  5 22 15  0.00000000
PG04  -7817.488681 -13461.712321  21523.225286     64.748150
PG05   4700.461047  24545.679999   8790.757695   -236.557337
PG06 -21378.893396   6215.709795  14665.758113   -531.350737
PG07 -25258.239369  -7441.274252   5406.046143   -222.027747
PG09 -15972.150420  -2728.337583  20951.873814    685.213783
PG11 -10284.842653  12878.145780  20873.231475   -219.135491
PG13  10929.347958  24190.665564    131.563096    438.434360
PG14 -16217.817941    361.260982 -20964.607253    749.958601
PG15   2872.039241  20689.887009 -16964.008464    442.359004
PG17 -20824.937886   9427.590178 -13396.172766   -197.592208
PG18  25850.676980   6175.562135   2844.786325   -263.165589
PG19 -19749.949139  16910.634916  -3652.897818    704.961766
PG20  -8583.553470  23055.380083  -9967.217195    278.851339
PG21  -5515.570026  19319.912551  17354.761892    368.958995
PG22 -12924.228723   8833.670994 -21180.011419     74.627865
PG24   9870.133309  15126.222953 -20147.485899    194.428429
PG25  16683.672808  16815.199824  11996.126659    391.333977
PG26   9070.247619 -14662.343428  19852.632349   -391.872946
PG28  22993.450095  -5744.081102  12016.751889   -422.234935
PG29  14866.867781   5778.752533  21234.118518   -248.615922
PG30 -25519.796766   2133.397063  -7308.271636    354.135197
PG31  15472.197327 -10721.704591  18546.085045   -122.730532
*  2026  9  5 22 20  0.00000000
PG04  -7283.650690 -14076.268906  21310.710852     64.748238
PG05   4494.020426  24246.503535   9668.486251   -236.557291
PG06 -21903.529904   6088.661764  13927.346247   -531.347463
PG07 -25052.763644  -7493.307537   6310.806186   -222.028548
PG09 -15512.949179  -3395.168541  21194.250444    685.211132
PG11 -11054.259427  12716.652782  20573.345982   -219.131880
PG13  10845.966940  24217.528648   -820.286025    438.435832
PG14 -16498.499350   -391.181609 -20754.721670    749.958509
PG15   2540.585179  21199.351563 -16356.325479    442.359644
PG17 -20523.845057   8974.944158 -14123.517710   -197.593198
PG18  25719.280738   6223.361630   3786.922947   -263.162951
PG19 -19716.392349  16724.753858  -4595.471567    704.961841
PG20  -8860.172743  23306.240755  -9110.333255    278.854033
PG21  -5806.284953  18712.290401  17917.856058    368.956606
PG22 -13182.371982   8043.501048 -21323.668605     74.630217
PG24   9133.253432  15143.987422 -20478.208279    194.433567
PG25  16797.277535  17261.960299  11207.194386    391.332910
PG26   9483.485860 -13992.719674  20149.357246   -391.873368
PG28  23425.723049  -5628.328656  11210.115039   -422.231736
PG29  14337.435949   6397.001398  21414.843526   -248.613658
PG30 -25775.560942   2006.159646  -6425.942512    354.138897
PG31  16170.182055 -10567.826174  18048.870492   -122.729599
*  2026  9  5 22 25  0.00000000
PG04  -6766.306291 -14693.609246  21057.392261     64.748334
PG05   4267.399313  23921.595116  10527.548478   -236.557441
PG06 -22402.443734   5975.397111  13162.570082   -531.344165
PG07 -24815.366311  -7544.805633   7203.935139   -222.029694
PG09 -15060.725957  -4077.009743  21395.701489    685.208500
PG11 -11814.614786  12570.462296  20234.220665   -219.128301
PG13  10747.479231  24213.523428  -1770.562248    438.437287
PG14 -16787.977141  -1130.584234 -20504.906728    749.958423
PG15   2227.632532  21693.974639 -15718.485922    442.360594
PG17 -20213.312196   8495.873614 -14823.577983   -197.594489
PG18  25553.926148   6268.942471   4721.946194   -263.160290
PG19 -19661.933228  16511.813856  -5528.939951    704.961688
PG20  -9113.542364  23535.152812  -8235.976461    278.856727
PG21  -6115.541378  18090.886385  18446.608548    368.954205
PG22 -13455.501011   7252.996828 -21425.417417     74.632958
PG24   8385.253451  15174.066102 -20771.849760    194.438717
PG25  16905.679819  17679.092742  10396.815895    391.331877
PG26   9911.922489 -13320.620649  20406.356589   -391.873777
PG28  23829.258466  -5522.795794  10382.044017   -422.228534
PG29  13814.755201   7029.076435  21554.542312   -248.611782
PG30 -26000.148215   1886.585327  -5531.418678    354.142587
PG31  16850.925953 -10428.655679  17516.616463   -122.728763
*  2026  9  5 22 30  0.00000000
PG04  -6266.277648 -15312.092430  20763.733640     64.748419
PG05   4019.825201  23572.298823  11366.273653   -236.557661
PG06 -22874.349039   5874.922639  12372.878098   -531.340860
PG07 -24546.472914  -7597.114868   8083.814527   -222.030775
PG09 -14616.756126  -4772.535122  21555.824803    685.205896
PG11 -12564.150614  12439.340513  19856.489962   -219.124663
PG13  10632.697458  24179.356739  -2717.444427    438.438753
PG14 -17085.262015  -1855.517053 -20215.680884    749.958407
PG15   1932.919044  22172.215615 -15051.621245    442.361380
PG17 -19894.877940   7990.669008 -15494.955307   -197.596067
PG18  25354.783629   6313.724353   5648.100668   -263.157639
PG19 -19587.869363  16271.265093  -6451.459005    704.961782
PG20  -9344.290989  23740.793232  -7345.827239    278.859442
PG21  -6443.461493  17457.411939  18940.009777    368.951956
PG22 -13743.158202   6463.965010 -21485.015492     74.635657
PG24   7627.675317  15216.867541 -21027.872793    194.443881
PG25  17007.470396  18066.308420   9566.572121    391.330845
PG26  10355.005496 -12647.724283  20623.156666   -391.874183
PG28  24203.056040  -5426.354524   9534.122396   -422.225311
PG29  13300.142051   7673.738594  21652.927619   -248.609305
PG30 -26192.979129   1773.470339  -4626.407893    354.146286
PG31  17512.845396 -10303.634523  16950.401473   -122.727715
*  2026  9  5 22 35  0.00000000
PG04  -5784.290441 -15930.040816  20430.276938     64.748499
PG05   3750.617035  23200.027535  12183.028748   -236.557783
PG06 -23318.042372   5786.172346  11559.765361   -531.337563
PG07 -24246.604697  -7651.559025   8948.855878   -222.031501
PG09 -14182.244410  -5480.343768  21674.298521    685.203275
PG11 -13301.135534  12322.955733  19440.862129   -219.121043
PG13  10500.490607  24115.829631  -3659.119035    438.440190
PG14 -17389.293586  -2564.618678 -19887.637551    749.958301
PG15   1656.092221  22632.564061 -14356.918219    442.362714
PG17 -19570.079917   7459.729467 -16136.303146   -197.597348
PG18  25122.131047   6359.117878   6563.647616   -263.154981
PG19 -19495.552082  16002.658859  -7361.209151    704.961595
PG20  -9553.136595  23921.902276  -6441.595587    278.862168
PG21  -6790.065468  16813.598759  19397.118171    368.949548
PG22 -14044.785978   5678.191636 -21502.305227     74.638569
PG24   6862.088709  15272.712422 -21245.803920    194.449021
PG25  17101.239511  18423.425180   8718.077040    391.329794
PG26  10812.090676 -11975.682695  20799.365905   -391.874552
PG28  24546.208576  -5337.822060   8667.971617   -422.222156
PG29  12794.846509   8329.673418  21709.791197   -248.607633
PG30 -26353.572426   1665.578057  -3712.634291    354.149972
PG31  18154.414812 -10192.115172  16351.367736   -122.726728
*  2026  9  5 22 40  0.00000000
PG04  -5320.971320 -16545.746744  20057.641053     64.748586
PG05   3459.189135  22806.256878  12976.221756   -236.557590
PG06 -23732.407402   5708.012661  10724.770781   -531.334312
PG07 -23916.376413  -7709.433356   9797.503040   -222.032683
PG09 -13758.319931  -6198.965216  21750.881796    685.200645
PG11 -14023.871633  12220.880149  18988.118007   -219.117424
PG13  10349.789644  24023.833542  -4593.783643    438.441656
PG14 -17698.945004  -3256.601080 -19521.443667    749.958224
PG15   1396.711227  23073.545785 -13635.617323    442.363190
PG17 -19240.447922   6903.562247 -16746.329746   -197.598713
PG18  24856.352801   6406.517887   7466.868002   -263.152352
PG19 -19386.379793  15705.650197  -8256.399105    704.961730
PG20  -9740.882527  24077.289073  -5525.017753    278.864865
PG21  -7155.270701  16161.191809  19817.061950    368.947123
PG22 -14359.728750   4897.434899 -21477.214428     74.641120
PG24   6090.085500  15341.832003 -21425.234547    194.454166
PG25  17185.583436  18750.367205   7852.974413    391.328738
PG26  11282.444033 -11306.115480  20934.675432   -391.874934
PG28  24857.905545  -5255.966669   7785.247901   -422.218946
PG29  12300.047089   8995.495946  21725.004360   -248.605151
PG30 -26481.546751   1561.645119  -2791.835142    354.153668
PG31  18774.172557 -10093.364792  15720.718526   -122.726023
*  2026  9  5 22 45  0.00000000
PG04  -4876.845793 -17157.479423  19646.520795     64.748672
PG05   3145.054713  22392.518910  13744.304965   -236.557709
PG06 -24116.419282   5639.247959   9869.474304   -531.331032
PG07 -23556.493808  -7771.998755  10628.234427   -222.033656
PG09 -13346.031606  -6926.865047  21785.415367    685.198011
PG11 -14730.701070  12132.592062  18499.109639   -219.113829
PG13  10179.592875  23904.346108  -5519.650369    438.443133
PG14 -18013.027867  -3930.254149 -19117.838118    749.958166
PG15   1154.249157  23493.728780 -12889.011030    442.364260
PG17 -18907.497098   6322.781711 -17323.801089   -197.599751
PG18  24557.938492   6457.296865   8356.065546   -263.149685
PG19 -19261.791145  15380.000079  -9135.269694    704.961766
PG20  -9908.413179  24205.836933  -4597.852874    278.867574
PG21  -7538.891519  15501.942287  20199.040762    368.944748
PG22 -14687.235347   4123.418038 -21409.756774     74.643612
PG24   5313.274138  15424.366926 -21565.821664    194.459324
PG25  17259.110940  19047.164344   6972.934515    391.327698
PG26  11765.244612 -10640.603196  21028.859411   -391.875319
PG28  25137.436258  -5179.513738   6887.639088   -422.215749
PG29  11816.846130   9669.755924  21698.518378   -248.602649
PG30 -26576.621949   1460.387647  -1865.757628    354.157356
PG31  19370.726488 -10006.569282  15059.715456   -122.725014
*  2026  9  5 22 50  0.00000000
PG04  -4452.336562 -17763.491926  19197.685704     64.748751
PG05   2807.828943  21960.395570  14485.778137   -236.557640
PG06 -24469.148651   5578.626355   8995.494023   -531.327745
PG07 -23167.750773  -7840.476109  11439.565173   -222.034569
PG09 -12946.343898  -7662.450785  21777.821959    685.195355
PG11 -15420.012518  12057.478512  17974.758756   -219.110224
PG13   9988.971007  23758.426624  -6434.949292    438.444583
PG14 -18330.297402  -4584.449916 -18677.630046    749.958087
PG15    928.095665  23891.729054 -12118.441988    442.365303
PG17 -18572.721176   5718.107833 -17867.543764   -197.601253
PG18  24227.481167   6512.798443   9229.569730   -263.147032
PG19 -19123.258023  15025.577084  -9996.097582    704.961873
PG20 -10056.689335  24306.508339  -3661.879573    278.870234
PG21  -7940.639338  14837.600588  20542.327188    368.942357
PG22 -15026.461913   3357.822371 -21300.032071     74.646480
PG24   4533.273961  15520.366363 -21667.288480    194.464472
PG25  17320.449692  19313.950999   6079.650853    391.326619
PG26  12259.587724  -9980.681049  21081.775214   -391.875700
PG28  25384.192617  -5107.152033   5976.861423   -422.212541
PG29  11346.265453  10350.943328  21630.364726   -248.600740
PG30 -26638.619956   1360.507535   -936.155622    354.161051
PG31  19942.759219  -9930.837645  14369.675645   -122.724339
*  2026  9  5 22 55  0.00000000
PG04  -4047.762304 -18362.028301  18711.978718     64.748850
PG05   2447.231603  21511.511896  15199.191614   -236.557671
PG06 -24789.765245   5524.845737   8104.483225   -531.324453
PG07 -22751.026196  -7916.040848  12230.049200   -222.035690
PG09 -12560.132969  -8404.078066  21728.106522    685.192720
PG11 -16090.247434  11994.838322  17416.055127   -219.106629
PG13   9777.071903  23587.211170  -7337.931817    438.446054
PG14 -18649.457885  -5218.146392 -18201.697022    749.958055
PG15    717.559964  24266.216323 -11325.301101    442.366235
PG17 -18237.585790   5090.364215 -18376.447735   -197.603472
PG18  23865.675157   6574.331032  10085.738758   -263.144380
PG19 -18972.278433  14642.358596 -10837.198884    704.962054
PG20 -10186.743187  24378.349620  -2718.892523    278.872965
PG21  -8360.123276  14169.909283  20846.268098    368.939944
PG22 -15376.475256   2602.280523 -21148.226308     74.649267
PG24   3751.709463  15629.787542 -21729.425000    194.469635
PG25  17368.252561  19550.964587   5174.836881    391.325562
PG26  12764.488560  -9327.832828  21093.363374   -391.876083
PG28  25597.671445  -5037.540120   5054.656285   -422.209336
PG29  10889.242380  11037.494163  21520.655168   -248.598419
PG30 -26667.465272   1260.698781     -4.786473    354.164739
PG31  20489.033038  -9865.206695  13651.968816   -122.723548
*  2026  9  5 23  0  0.00000000
PG04  -3663.336915 -18951.330734  18190.314686     64.749005
PG05   2063.089245  21047.529078  15883.149324   -236.557717
PG06 -25077.541119   5476.560026   7198.127373   -531.321193
PG07 -22307.280509  -7999.817711  12998.281216   -222.036771
PG09 -12188.183218  -9150.057047  21636.356294    685.190091
PG11 -16739.906119  11943.885535  16824.054772   -219.102995
PG13   9543.125001  23391.907436  -8226.873995    438.447534
PG14 -18969.168290  -5830.391042 -17690.983113    749.957958
PG15    521.874157  24615.919529 -10511.025500    442.367119
PG17 -17903.521899   4440.475636 -18849.468999   -197.604227
PG18  23473.313509   6643.161598  10922.962468   -263.141741
PG19 -18810.369297  14230.431495 -11656.932661    704.961826
PG20 -10299.673058  24420.495274  -1770.698990    278.875692
PG21  -8796.851217  13500.596149  21110.285871    368.937536
PG22 -15736.256641   1858.369855 -20954.611497     74.651696
PG24   2970.204538  15752.495622 -21752.088524    194.474796
PG25  17401.203794  19758.543597   4260.222717    391.324519
PG26  13278.886176  -8683.485108  21063.647365   -391.876482
PG28  25777.476384  -4969.312919   4122.786870   -422.206144
PG29  10446.626120  11727.796519  21369.581692   -248.596571
PG30 -26663.185027   1159.653830    926.592178    354.168462
PG31  21008.394471  -9808.646074  12908.014308   -122.722790
*  2026  9  5 23  5  0.00000000
PG04  -3299.169214 -19529.646761  17633.678743     64.749067
PG05   1655.336899  20570.137345  16536.311682   -236.557909
PG06 -25331.853443   5432.385618   6278.141034   -531.317890
PG07 -21837.551961  -8092.875746  13742.898626   -222.037879
PG09 -11831.184249  -9898.659030  21502.740695    685.187462
PG11 -17367.553539  11903.753240  16199.878052   -219.099390
PG13   9286.445389  23173.789256  -9100.079790    438.448982
PG14 -19288.048126  -6420.323843 -17146.496825    749.957906
PG15    340.196925  24939.632180  -9677.096410    442.367762
PG17 -17571.919364   3769.465137 -19285.632124   -197.605572
PG18  23051.285032   6720.509621  11739.665205   -263.139087
PG19 -18639.059199  13789.992359 -12453.704298    704.962182
PG20 -10396.637847  24432.171922   -819.115353    278.878403
PG21  -9250.231323  12831.367283  21333.879465    368.935127
PG22 -16104.706002   1127.606149 -20719.545321     74.654565
PG24   2190.376715  15888.263943 -21735.204070    194.479971
PG25  17418.025045  19937.125230   3337.551867    391.323453
PG26  13801.647814  -8049.001744  20992.733184   -391.876863
PG28  25923.319354  -4901.088372   3183.034826   -422.202934
PG29  10019.174556  12420.196847  21177.416280   -248.594158
PG30 -26625.908636   1056.069907   1856.225578    354.172147
PG31  21499.778468  -9760.063536  12139.278025   -122.721877
*  2026  9  5 23 10  0.00000000
PG04  -2955.263115 -20095.236479  17043.124527     64.749159
PG05   1224.019291  20081.048736  17157.398390   -236.558188
PG06 -25552.186888   5390.908001   5346.264742   -531.314609
PG07 -21342.952624  -8196.223552  14462.583361   -222.038891
PG09 -11489.728265 -10648.123273  21327.511057    685.184841
PG11 -17971.824892  11873.497757  15544.707623   -219.095790
PG13   9006.437501  22934.190883  -9955.884278    438.450461
PG14 -19604.683442  -6987.179960 -16569.308952    749.957807
PG15    171.617534  25236.217475  -8825.036907    442.368688
PG17 -17244.120682   3078.450640 -19684.032669   -197.606799
PG18  22600.570959   6807.541254  12534.308626   -263.136418
PG19 -18459.881127  13321.347165 -13225.968737    704.961931
PG20 -10478.851224  24412.701882    134.036382    278.881088
PG21  -9719.573991  12163.900325  21516.625337    368.932735
PG22 -16480.646564    411.437559 -20443.470552     74.656973
PG24   1413.831399  16036.774641 -21678.764736    194.485138
PG25  17417.481229  20087.242665   2408.577966    391.322400
PG26  14331.573554  -7425.678679  20880.808753   -391.877265
PG28  26035.021554  -4831.474183   2237.196865   -422.199743
PG29   9607.551430  13113.006449  20944.510527   -248.592127
PG30 -26555.867050    948.655319   2782.364998    354.175848
PG31  21962.212197  -9718.310498  11347.269324   -122.720844
*  2026  9  5 23 15  0.00000000
PG04  -2631.518259 -20646.379731  16419.772263     64.749250
PG05    769.291583  19581.989780  17745.191119   -236.558184
PG06 -25738.135565   5350.688512   4404.261826   -531.311325
PG07 -20824.664149  -8310.804794  15156.063639   -222.040067
PG09 -11164.307909 -11396.663951  21111.000174    685.182221
PG11 -18551.430890  11852.103178  14859.786270   -219.092170
PG13   8702.598439  22674.501030 -10792.656783    438.451918
PG14 -19917.632980  -7530.291986 -15960.550316    749.957707
PG15     15.160160  25504.613194  -7956.409574    442.369611
PG17 -16921.414939   2368.641127 -20043.839450   -197.608126
PG18  22122.241236   6905.363700  13305.394459   -263.133745
PG19 -18274.365220  12824.910498 -13972.233582    704.962039
PG20 -10547.575602  24361.506345   1086.932075    278.883772
PG21 -10204.094234  11499.837814  21658.178220    368.930308
PG22 -16862.829845   -288.761121 -20126.914282     74.659595
PG24    642.156157  16197.619623 -21582.831970    194.490305
PG25  17398.386184  20209.521937   1475.061536    391.321325
PG26  14867.401261  -6814.739103  20728.143143   -391.877626
PG28  26112.514025  -4759.074610   1287.081329   -422.196523
PG29   9212.323953  13804.508137  20671.295092   -248.590128
PG30 -26453.391602    836.135681   3703.270852    354.179546
PG31  22394.818446  -9682.187811  10533.537854   -122.720068
*  2026  9  5 23 20  0.00000000
PG04  -2327.731117 -21181.383240  15764.806705     64.749331
PG05    291.419610  19074.694121  18298.536059   -236.558303
PG06 -25889.404529   5310.271195   3453.915182   -531.308050
PG07 -20283.933290  -8437.493984  15822.115649   -222.040822
PG09 -10855.314555 -12142.477253  20853.621694    685.179574
PG11 -19105.162733  11838.486235  14146.414621   -219.088566
PG13   8374.520895  22396.156699 -11608.803935    438.453406
PG14 -20225.434434  -8049.091779 -15321.409415    749.957629
PG15   -130.211482  25743.836333  -7072.814044    442.370711
PG17 -16605.031991   1641.332388 -20364.296684   -197.609806
PG18  21617.450472   7015.019849  14051.467197   -263.131086
PG19 -18084.031588  12301.204278 -14691.062043    704.962325
PG20 -10604.115908  24278.108138   2037.748942    278.886436
PG21 -10702.914496  10840.780720  21758.271745    368.927885
PG22 -17249.941018   -971.693862 -19770.486928     74.662151
PG24   -123.084949  16370.301921 -21447.535771    194.495475
PG25  17359.608111  20304.678466    538.766769    391.320270
PG26  15407.811815  -6217.328950  20535.085623   -391.878024
PG28  26155.837746  -4682.497273    334.504754   -422.193305
PG29   8833.960841  14492.963040  20358.278997   -248.587918
PG30 -26318.912460    717.260069   4617.215773    354.183240
PG31  22796.818597  -9650.451736   9699.670347   -122.719381
*  2026  9  5 23 25  0.00000000
PG04  -2043.596542 -21698.587643  15079.474937     64.749459
PG05   -209.220377  18560.895119  18816.346357   -236.557961
PG06 -26005.810831   5268.189754   2497.024012   -531.304756
PG07 -19722.067214  -8577.092562  16459.565152   -222.042088
PG09 -10563.037068 -12883.748557  20555.869330    685.176956
PG11 -19631.896759  11831.501480  13405.948737   -219.084910
PG13   8021.895658  22100.636828 -12402.772660    438.454872
PG14 -20526.610808  -8543.111862 -14653.129982    749.957542
PG15   -265.589224  25952.987468  -6175.884438    442.371525
PG17 -16296.136903    897.902346 -20644.725954   -197.611304
PG18  21087.433535   7137.483170  14771.116725   -263.128395
PG19 -17890.383212  11750.855998 -15381.075733    704.961985
PG20 -10649.813189  24162.134062   2984.669037    278.889143
PG21 -11215.067865  10188.282163  21816.718915    368.925483
PG22 -17640.604618  -1636.148437 -19374.881040     74.664642
PG24   -880.356965  16554.237390 -21273.074807    194.500665
PG25  17300.074777  20373.513236   -398.541656    391.319230
PG26  15951.434579  -5634.512794  20302.064541   -391.878387
PG28  26165.143283  -4600.359957   -618.711601   -422.190089
PG29   8472.830796  15176.617528  20006.048765   -248.585747
PG30 -26152.956692    590.807048   5522.487650    354.186966
PG31  23167.535192  -9621.820091   8847.287381   -122.718362
*  2026  9  5 23 30  0.00000000
PG04  -1778.709780 -22196.374420  14365.084043     64.749552
PG05   -732.142452  18042.318459  19297.604400   -236.558124
PG06 -26087.284117   5222.974550   1535.400532   -531.301470
PG07 -19140.428610  -8730.325267  17067.289025   -222.042942
PG09 -10287.661018 -13618.659685  20218.315914    685.174341
PG11 -20130.598739  11829.946749  12639.797594   -219.081311
PG13   7644.513711  21789.455785 -13173.053074    438.456348
PG14 -20819.676822  -9011.986398 -13957.008459    749.957462
PG15   -392.115258  26131.254811  -5267.286698    442.372260
PG17 -15995.824691    139.805997 -20884.528035   -197.612907
PG18  20533.500840   7273.652907  15462.980878   -263.125717
PG19 -17694.898970  11174.596513 -16040.957308    704.962146
PG20 -10686.038068  24013.316803   3925.882716    278.891849
PG21 -11739.501692   9543.841357  21833.412428    368.923110
PG22 -18033.390545  -2281.001075 -18940.869902     74.667512
PG24  -1628.159536  16748.756784 -21059.716452    194.505820
PG25  17218.778459  20416.908659  -1335.101732    391.318166
PG26  16496.853101  -5067.270120  20029.586042   -391.878777
PG28  26140.689984  -4511.297369  -1570.745222   -422.186884
PG29   8129.201427  15853.710224  19615.267397   -248.583629
PG30 -25956.145955    455.590571   6417.392629    354.190664
PG31  23506.394059  -9594.978542   7978.040103   -122.717771
*  2026  9  5 23 35  0.00000000
PG04  -1532.568933 -22673.172660  13622.998649     64.749623
PG05  -1276.752268  17520.674808  19741.363970   -236.558129
PG06 -26133.866768   5173.159622    570.866640   -531.298173
PG07 -18540.430621  -8897.836827  17644.216722   -222.043949
PG09 -10029.268383 -14345.396169  19841.612280    685.171697
PG11 -20600.327808  11832.568899  11849.420455   -219.077713
PG13   7242.267885  21464.156731 -13918.181294    438.457847
PG14 -21103.145361  -9455.451736 -13234.391400    749.957371
PG15   -510.976704  26277.917954  -4348.715814    442.373586
PG17 -15705.115371   -631.430039 -21083.184535   -197.614007
PG18  19957.033327   7424.349582  16125.747932   -263.123074
PG19 -17499.026824  10573.257356 -16669.452936    704.962422
PG20 -10714.184092  23831.496399   4859.592080    278.894535
PG21 -12275.081586   8908.897798  21808.324842    368.920722
PG22 -18426.820356  -2905.220702 -18469.305930     74.670278
PG24  -2365.032303  16953.108173 -20807.796735    194.510980
PG25  17114.780613  20435.824130  -2269.157232    391.317087
PG26  17042.611007  -4516.492007  19718.232627   -391.879160
PG28  26082.844722  -4413.967833  -2519.775815   -422.183684
PG29   7803.238636  16522.479073  19186.673200   -248.581615
PG30 -25729.193817    310.465711   7300.258056    354.194344
PG31  23812.926003  -9568.587013   7093.606942   -122.716733
*  2026  9  5 23 40  0.00000000
PG04  -1304.577840 -23127.465653  12854.638340     64.749695
PG05  -1842.348782  16997.652547  20146.752248   -236.558029
PG06 -26145.713584   5117.289710   -394.749426   -531.294877
PG07 -17923.531610  -9080.188970  18189.331672   -222.044946
PG09  -9787.837706 -15062.154531  19426.485986    685.169076
PG11 -21040.240015  11838.069776  11036.324135   -219.074097
PG13   6815.154094  21126.304887 -14636.742161    438.459345
PG14 -21375.533929  -9873.346521 -12486.672790    749.957268
PG15   -623.399938  26392.351278  -3421.892948    442.374047
PG17 -15424.949363  -1414.213310 -21240.259366   -197.614930
PG18  19359.477164   7590.310823  16758.159011   -263.120420
PG19 -17304.177183   9947.767632 -17265.374600    704.962297
PG20 -10735.660992  23616.621263   5784.014388    278.897246
PG21 -12820.595777   8284.825724  21741.508600    368.918343
PG22 -18819.373808  -3507.872755 -17961.118876     74.672830
PG24  -3089.560154  17166.459713 -20517.720204    194.516153
PG25  16987.216249  20431.291299  -3198.960790    391.316027
PG26  17587.218056  -3982.978232  19368.661569   -391.879554
PG28  25992.080192  -4307.059880  -3463.988775   -422.180464
PG29   7495.006447  17181.168439  18721.078449   -248.579120
PG30 -25472.902722    154.334216   8169.435382    354.198032
PG31  24086.768064  -9541.286180   6195.690304   -122.716003
*  2026  9  5 23 45  0.00000000
PG04  -1094.049398 -23557.797270  12061.474948     64.749782
PG05  -2428.126475  16474.910608  20512.971657   -236.558118
PG06 -26123.091012   5053.927231  -1359.616455   -531.291625
PG07 -17291.229787  -9277.857763  18701.672613   -222.045987
PG09  -9563.244735 -15767.149518  18973.739875    685.166418
PG11 -21449.591460  11845.112402  10202.060162   -219.070495
PG13   6363.272118  20777.480730 -15327.371853    438.460796
PG14 -21635.371072 -10265.611381 -11715.291311    749.957198
PG15   -730.644715  26474.026999  -2488.562461    442.375402
PG17 -15156.183252  -2206.891659 -21355.400028   -197.616852
PG18  18742.338176   7772.187547  17359.010420   -263.117787
PG19 -17111.716497   9299.150481 -17827.602237    704.962590
PG20 -10751.887890  23368.748750   6697.385437    278.899916
PG21 -13374.759818   7672.928872  21633.095887    368.915954
PG22 -19209.495610  -4088.122539 -17417.313841     74.675753
PG24  -3800.378330  17387.902758 -20189.959695    194.521310
PG25  16835.297992  20404.409078  -4122.776921    391.314939
PG26  18129.156346  -3467.434795  18981.603180   -391.879911
PG28  25868.972777  -4189.298715  -4401.578649   -422.177237
PG29   7204.467298  17828.036197  18219.367903   -248.577035
PG30 -25188.160612    -13.850148   9023.303006    354.201730
PG31  24327.664329  -9511.704028   5286.013256   -122.714782
*  2026  9  5 23 50  0.00000000
PG04   -900.209287 -23962.778108  11245.029741     64.749846
PG05  -3033.178039  15954.071468  20839.301561   -236.558363
PG06 -26066.375916   4981.659203  -2321.903643   -531.288335
PG07 -16645.057707  -9491.231285  19180.334847   -222.046929
PG09  -9355.263527 -16458.621273  18484.250480    685.163784
PG11 -21827.741031  11852.327351   9348.221854   -219.066886
PG13   5886.825944  20419.273155 -15988.760406    438.462271
PG14 -21881.202770 -10632.288190 -10921.727541    749.957112
PG15   -833.998103  26522.517845  -1550.488835    442.376130
PG17 -14899.585948  -3007.759647 -21428.338707   -197.618602
PG18  18107.176048   7970.540503  17927.155885   -263.115137
PG19 -16922.961083   8628.519142 -18355.085690    704.962097
PG20 -10764.286477  23088.045281   7597.962897    278.902613
PG21 -13936.221617   7074.435541  21483.298352    368.913652
PG22 -19595.602370  -4645.238129 -16838.969089     74.678048
PG24  -4496.177355  17616.455305 -19825.056016    194.526458
PG25  16658.319830  20356.338413  -5038.885005    391.313877
PG26  18666.886621  -2970.471880  18557.858941   -391.880264
PG28  25714.199978  -4059.452526  -5330.752576   -422.174027
PG29   6931.482796  18461.360787  17682.497168   -248.575233
PG30 -24875.937232   -195.076472   9860.269064    354.205427
PG31  24535.466304  -9478.462439   4366.316217   -122.714321
*  2026  9  5 23 55  0.00000000
PG04   -722.200078 -24341.091362  10406.870481     64.749933
PG05  -3656.497528  15436.714298  21125.099790   -236.558318
PG06 -25976.053899   4899.104062  -3279.783975   -531.285041
PG07 -15986.576663  -9720.607651  19624.471448   -222.048080
PG09  -9163.568017 -17134.842406  17958.966270    685.161128
PG11 -22174.152701  11858.319281   8476.441292   -219.063279
PG13   5386.123668  20053.272613 -16619.654126    438.463728
PG14 -22111.598741 -10973.518905 -10107.501094    749.957016
PG15   -934.768251  26537.499348   -609.453508    442.376962
PG17 -14655.835256  -3815.065250 -21458.893173   -197.619431
PG18  17455.598303   8185.837198  18461.508716   -263.112490
PG19 -16739.171233   7937.072637 -18846.846495    704.962239
PG20 -10774.274200  22774.786008   8484.029605    278.905321
PG21 -14503.566772   6490.494007  21292.406671    368.911264
PG22 -19976.089692  -5178.592778 -16227.233698     74.680833
PG24  -5175.707773  17851.065763 -19423.617522    194.531626
PG25  16455.660512  20288.296833  -5945.582208    391.312795
PG26  19198.854661  -2492.602258  18098.299508   -391.880642
PG28  25528.537444  -3916.338615  -6249.733709   -422.170834
PG29   6675.814920  19079.448205  17111.490908   -248.573101
PG30 -24537.280107   -390.271830  10678.774156    354.209101
PG31  24710.132853  -9440.183779   3438.353646   -122.713317
*  2026  9  6  0  0  0.00000000
PG04   -559.085736 -24691.498407   9548.608400     64.750022
PG05  -4296.983963  14924.368335  21369.804005   -236.558319
PG06 -25852.717182   4804.918368  -4231.437613   -531.281758
PG07 -15317.370993  -9966.193386  20033.294389   -222.048811
PG09  -8987.734042 -17794.124938  17398.905753    685.158457
PG11 -22488.397388  11861.673606   7588.386219   -219.059717
PG13   4861.576950  19681.064281 -17218.857889    438.465185
PG14 -22325.158650 -11289.544000  -9274.167722    749.956914
PG15  -1034.278018  26518.751720    332.748390    442.377789
PG17 -14425.514870  -4627.016802 -21446.967480   -197.620510
PG18  16789.254079   8418.449212  18961.043872   -263.109822
PG19 -16561.545612   7226.091094 -19301.979488    704.962297
PG20 -10783.257472  22429.354032   9353.896795    278.908029
PG21 -15075.324186   5922.168281  21060.789959    368.908867
PG22 -20349.339384  -5687.666846 -15583.325021     74.683385
PG24  -5837.784680  18090.617029 -18986.319601    194.536794
PG25  16226.786613  20201.552802  -6841.186359    391.311733
PG26  19723.497725  -2034.240133  17603.862592   -391.881005
PG28  25312.855579  -3758.829311  -7156.764600   -422.167637
PG29   6437.127672  19680.638893  16507.440916   -248.570921
PG30 -24173.310238   -600.296673  11477.294018    354.212784
PG31  24851.729692  -9395.497464   2503.890746   -122.712533
EOF
