#cP2026  9  5  0  0  0.00000000      96 ORBIT IGc20 HLM  IGS
## 2434 518400.00000000   900.00000000 61288 0.0000000000000
%c G  cc GPS ccc cccc cccc cccc cccc ccccc ccccc ccccc ccccc
%c cc cc ccc ccc cccc cccc cccc cccc ccccc ccccc ccccc ccccc
/* RAPID ORBIT COMBINATION FROM WEIGHTED AVERAGE OF:
/* cod emr esa gfz grg jgx jpl ngs sio usn whu              
/* REFERENCED TO IGS TIME (IGST) AND TO WEIGHTED MEAN POLE:       
/* PCV:IGS20_2425 OL/AL:FES2014b NONE     YN ORB:CMB CLK:CMB 
*  2026  9  5  0  0  0.00000000
PG04   -692.120400 -24406.953946  10252.002727     64.725333  6  3  2 220       
PG05  -3754.483114  15353.634212  21168.046963   -236.533545  6  5  8 221       
PG06 -25955.847350   4873.559340  -3467.282809   -532.221739  6  5  7 215       
PG07 -15853.065193  -9773.127102  19707.241667   -221.761521  7  7  6 259       
PG09  -9130.163876 -17257.090707  17858.740311    685.920752  6  6  3 187       
PG11 -22234.066675  11858.764749   8315.660110   -220.097223  7  6  4 217       
PG13   5312.997891  19991.205689 -16718.299368    438.043146 10  5  7 220       
PG14 -22151.674702 -11028.752998  -9962.104894    749.979825  7  5  3 193       
PG15   -964.562775  26535.925596   -422.288806    442.118739  5  6  7 217       
PG17 -14610.590003  -3968.247493 -21460.175912   -197.223280  7  6  4 210       
PG18  17343.189963   8221.266926  18550.052413   -263.876377  6  5  5 229       
PG19 -16706.069709   7825.087854 -18926.057243    704.953510  9  7  7 237       
PG20 -10772.211675  22718.502562   8637.277946    278.128278  5  7  6 201       
PG21 -14601.390936   6393.123909  21255.138970    369.599113  5  5  5 234       
PG22 -20045.838781  -5278.500835 -16109.182207     73.921046  7  5  4 237       
PG24  -5305.121354  17895.414473 -19342.864939    193.046326  7  6  6 207       
PG25  16461.279696  20254.761173  -6047.781684    391.613679  4  6  7 209       
PG26  19285.941714  -2420.639698  18018.540882   -391.765810  7  6  1 194       
PG28  25492.008841  -3892.437792  -6411.131702   -423.092930  8  6  5 230       
PG29   6631.471155  19189.331666  17004.753157   -249.187608  4  6  3 244       
PG30 -24474.725155   -424.605911  10821.758319    353.150527  8  6  5 233       
PG31  24736.584022  -9435.770624   3273.332244   -122.963925  6  5  6 217       
*  2026  9  5  0 15  0.00000000
PG04   -250.559258 -25353.729648   7614.050244     64.725574  6  3  2 230       
PG05  -5730.679564  13841.819944  21756.476724   -236.533691  6  5  7 228       
PG06 -25470.822537   4543.039658  -6290.968572   -532.212014  6  5  7 222       
PG07 -13814.689087 -10567.859992  20803.417397   -221.764599  6  6  6 263       
PG09  -8656.249914 -19166.867363  16060.516972    685.912747  6  6  2 205       
PG11 -23061.303529  11852.491852   5602.104211   -220.086472  7  6  4 229       
PG13   3658.399305  18861.192681 -18400.271935    438.047554 10  4  7 225       
PG14 -22726.514210 -11889.536435  -7402.377295    749.979552  7  5  4 210       
PG15  -1265.138536  26357.876290   2399.562353    442.120720  6  5  6 420       
PG17 -13969.439531  -6411.680801 -21273.170921   -197.227303  6  6  4 387       
PG18  15300.505579   8981.628072  19921.634643   -263.868388  5  5  5 236       
PG19 -16200.780605   5630.170672 -20159.318658    704.953692  8  7  7 235       
PG20 -10802.513527  21571.335666  11181.796465    278.135951  6  6  6 401       
PG21 -16325.063939   4747.989505  20419.177524    369.591898  5  5  4 233       
PG22 -21131.722918  -6717.473984 -14069.182619     73.928973  7  4  3 235       
PG24  -7223.891933  18625.463807 -17906.784949    193.061845  7  6  6 205       
PG25  15684.749059  19939.186235  -8690.094793    391.610477  4  6  6 207       
PG26  20827.155255  -1115.682348  16418.036658   -391.766989  6  6  1 196       
PG28  24743.814815  -3363.826513  -9081.604730   -423.083349  7  5  5 232       
PG29   5973.432832  20925.287540  15081.190455   -249.181301  4  5  3 251       
PG30 -23299.378803  -1110.929165  13139.523535    353.161560  8  6  5 232       
PG31  25045.588351  -9272.504039    455.647832   -122.961583  6  5  6 204       
*  2026  9  5  0 30  0.00000000
PG04     88.285314 -26019.672986   4843.767686     64.725913  6  3  2 222       
PG05  -7824.336988  12414.654462  21964.391544   -236.534167  6  5  6 220       
PG06 -24712.361661   4072.640155  -9007.174518   -532.202168  6  5  7 224       
PG07 -11726.100550 -11508.182753  21563.150599   -221.767299  5  5  5 254       
PG09  -8306.829216 -20879.292168  13982.827884    685.904889  6  6  2 191       
PG11 -23593.931400  11781.578070   2791.776712   -220.075597  8  5  4 221       
PG13   1807.485623  17719.301124 -19767.120045    438.052021  9  5  7 226       
PG14 -23112.503067 -12536.544673  -4717.152825    749.979370  7  5  4 196       
PG15  -1592.464499  25877.030398   5179.766300    442.123371  6  4  6 420       
PG17 -13459.420434  -8843.865639 -20706.824152   -197.231303  6  5  3 387       
PG18  13173.944046   9901.913779  20954.870822   -263.860340  5  4  4 233       
PG19 -15780.525010   3300.588212 -21042.084095    704.953686  8  7  6 238       
PG20 -10862.429443  20152.456559  13534.531378    278.144218  6  6  6 401       
PG21 -18043.454320   3267.802474  19232.269826    369.584790  6  5  4 234       
PG22 -22106.106795  -7930.204341 -11778.691508     73.937032  7  4  2 238       
PG24  -8956.374159  19364.200576 -16171.696375    193.077426  6  6  5 206       
PG25  14663.027060  19493.710840 -11187.087275    391.607357  3  5  6 209       
PG26  22258.116280      8.426529  14534.446889   -391.768119  6  6  1 191       
PG28  23756.067198  -2677.705992 -11595.974610   -423.073690  7  5  5 229       
PG29   5452.465138  22464.771325  12895.628950   -249.174581  4  5  3 238       
PG30 -21932.511681  -1950.425128  15236.474213    353.172663  7  5  5 234       
PG31  25065.729945  -9013.633600  -2369.778557   -122.958962  7  4  6 205       
*  2026  9  5  0 45  0.00000000
PG04    358.226887 -26384.428540   1989.236316     64.726207  5  3  2 225       
PG05  -9994.597893  11103.742616  21788.155191   -236.534356  6  5  5 225       
PG06 -23709.916506   3434.295985 -11569.320399   -532.192376  6  4  7 231       
PG07  -9630.628362 -12586.515769  21973.877089   -221.770243  4  4  5 254       
PG09  -8058.169580 -22357.257277  11661.932657    685.897025  6  5  2 201       
PG11 -23835.639884  11608.277910    -66.815758   -220.064739  8  5  4 222       
PG13   -214.944142  16604.564478 -20795.646585    438.056462  9  5  7 230       
PG14 -23278.679945 -12988.857060  -1952.110116    749.979198  6  5  4 202       
PG15  -1981.288061  25102.483786   7869.534102    442.126282  6  3  5 420       
PG17 -13082.293942 -11214.265689 -19770.699853   -197.235633  5  5  4 387       
PG18  11010.834439  10978.019843  21631.520535   -263.852349  4  4  4 233       
PG19 -15466.909067    879.728796 -21560.663578    704.953950  7  7  6 231       
PG20 -10985.395123  18486.412474  15655.258131    278.152397  7  6  6 401       
PG21 -19711.761612   1968.041031  17714.896456    369.577572  6  5  3 233       
PG22 -22926.728605  -8917.934466  -9278.788088     73.944792  6  4  2 229       
PG24 -10481.395495  20074.509943 -14164.860205    193.093014  6  5  5 216       
PG25  13394.837760  18956.918339 -13497.411382    391.604173  4  5  6 217       
PG26  23538.372961    954.268743  12401.350529   -391.769291  5  5  1 207       
PG28  22563.519689  -1813.724099 -13911.003216   -423.064045  7  5  5 232       
PG29   5047.064427  23770.759210  10485.885824   -249.168046  3  4  4 235       
PG30 -20412.381506  -2955.256066  17077.508335    353.183741  6  5  5 238       
PG31  24812.991000  -8626.051511  -5155.270239   -122.956203  7  4  5 223       
*  2026  9  5  1  0  0.00000000
PG04    596.081628 -26436.305844   -899.914505     64.726446  5  3  2 233       
PG05 -12195.956946   9933.530655  21230.953756   -236.534418  6  4  5 212       
PG06 -22499.325074   2606.402715 -13933.336466   -532.182692  6  4  7 232       
PG07  -7570.092041 -13787.808698  22028.309252   -221.773128  4  4  5 252       
PG09  -7880.799480 -23570.322265   9138.324246    685.889041  6  5  3 213       
PG11 -23798.731104  11297.250303  -2924.244251   -220.053992  8  5  4 233       
PG13  -2377.071040  15551.893720 -21468.435008    438.060814  9  6  7 230       
PG14 -23199.677030 -13271.688686    845.913535    749.978883  5  5  4 216       
PG15  -2463.717443  24051.817292  10421.051081    442.128879  6  2  5 420       
PG17 -12831.624500 -13473.496504 -18481.232245   -197.239779  5  5  4 387       
PG18   8857.991418  12197.565784  21939.279845   -263.844402  4  4  3 239       
PG19 -15274.195120  -1585.846663 -21707.801673    704.953956  7  6  6 238       
PG20 -11200.323175  16604.976656  17507.754805    278.160524  7  6  5 401       
PG21 -21284.345385    855.898622  15893.195565    369.570316  6  5  3 229       
PG22 -23554.406236  -9690.443971  -6614.244970     73.952966  6  3  1 239       
PG24 -11784.980169  20717.009857 -11918.390106    193.108483  6  5  5 209       
PG25  11886.868932  18367.965625 -15582.894984    391.600925  4  5  6 210       
PG26  24630.427461   1732.002086  10056.287861   -391.770543  5  5  1 203       
PG28  21205.770172   -758.713375 -15986.867775   -423.054476  7  4  5 234       
PG29   4729.787766  24812.544006   7893.761955   -249.161870  3  4  4 237       
PG30 -18780.116437  -4130.294275  18631.741971    353.194739  6  5  5 235       
PG31  24310.706091  -8080.763277  -7854.126870   -122.953726  7  4  5 205       
*  2026  9  5  1 15  0.00000000
PG04    840.020741 -26172.737450  -3773.397329     64.726725  5  4  1 228       
PG05 -14379.889002   8920.461749  20302.730081   -236.534615  6  5  5 200       
PG06 -21121.461210   1574.860079 -16058.420350   -532.172891  5  3  7 230       
PG07  -5583.451338 -15089.947437  21724.571961   -221.776232  4  3  5 255       
PG09  -7740.839926 -24495.781904   6455.993855    685.881140  6  5  2 196       
PG11 -23503.559899  10817.121012  -5731.025131   -220.043174  8  5  4 226       
PG13  -4641.085072  14590.778595 -21774.129073    438.065243  9  6  6 235       
PG14 -22856.738939 -13415.241741   3629.678108    749.978641  5  5  4 203       
PG15  -3067.700181  22750.556196  12788.399154    442.131783  5  2  5 420       
PG17 -12693.123357 -15575.140974 -16861.421105   -197.243830  5  5  4 387       
PG18   6760.079770  13540.207288  21872.036256   -263.836404  4  4  3 237       
PG19 -15208.811119  -4048.028009 -21482.685932    704.954372  6  7  5 209       
PG20 -11530.352686  14546.059939  19060.406411    278.168683  7  5  5 401       
PG21 -22716.404597    -69.804814  13798.512058    369.563153  6  5  3 225       
PG22 -23954.634557 -10265.407519  -3832.632425     73.961168  5  3  1 256       
PG24 -12860.782004  21251.557014  -9468.866388    193.124093  6  5  4 204       
PG25  10153.671933  17765.057584 -17409.093322    391.597764  4  4  6 206       
PG26  25501.097525   2358.707340   7540.062040   -391.771709  5  5  1 193       
PG28  19725.760526    492.599066 -17787.844891   -423.044796  7  4  6 226       
PG29   4468.511163  25566.858821   5164.299599   -249.155292  4  3  4 229       
PG30 -17078.247330  -5472.760448  19872.987188    353.205826  5  4  5 233       
PG31  23588.589375  -7354.131829 -10421.344487   -122.950951  7  4  6 210       
*  2026  9  5  1 30  0.00000000
PG04   1127.866016 -25600.388933  -6581.172498     64.726985  5  4  1 229       
PG05 -16496.603763   8072.463694  19019.988112   -236.534624  5  5  5 213       
PG06 -19620.698374    333.831862 -17907.747065   -532.163091  5  3  7 232       
PG07  -3705.549030 -16464.412330  21066.289925   -221.779176  4  4  5 254       
PG09  -7601.514308 -25119.437406   3661.634717    685.873212  6  5  2 196       
PG11 -22977.668782  10141.899374  -8438.493861   -220.032369  8  5  4 227       
PG13  -6964.443180  13744.210322 -21707.612720    438.069690  9  7  6 237       
PG14 -22238.503164 -13453.384365   6352.293204    749.978403  4  5  4 202       
PG15  -3815.642580  21231.307057  14928.483301    442.134242  5  2  4 420       
PG17 -12645.335612 -17477.449612 -14940.378789   -197.248484  6  4  5 387       
PG18   4758.056544  14978.263758  21430.028345   -263.828406  4  5  3 236       
PG19 -15269.182323  -6458.814023 -20890.843287    704.954355  6  7  5 215       
PG20 -11991.831021  12352.398618  20286.730310    278.176904  8  5  5 401       
PG21 -23965.636022   -818.384622  11466.859183    369.555990  6  5  3 224       
PG22 -24098.991052 -10667.434888   -983.377768     73.968683  5  3  1 238       
PG24 -13710.242707  21638.830782  -6856.854097    193.139663  6  6  4 204       
PG25   8217.285009  17183.974528 -18945.786144    391.594545  5  4  6 206       
PG26  26122.708818   2857.481239   4896.010876   -391.772836  5  5  1 199       
PG28  18168.160032   1937.188063 -19282.924844   -423.035171  6  4  5 226       
PG29   4227.880416  26018.719961   2344.976716   -249.148825  4  3  5 227       
PG30 -15349.200241  -6972.146653  20780.164723    353.216901  4  5  5 234       
PG31  22681.551050  -6428.916246 -12814.293671   -122.948598  8  4  6 193       
*  2026  9  5  1 45  0.00000000
PG04   1495.398151 -24734.915615  -9274.351322     64.727198  6  4  1 241       
PG05 -18496.855847   7388.788130  17405.472266   -236.535114  5  5  5 220       
PG06 -18043.244874  -1113.810065 -19449.119478   -532.153365  4  2  7 237       
PG07  -1965.987080 -17877.171648  20062.622446   -221.782046  4  4  5 253       
PG09  -7424.774334 -25436.041960    803.801208    685.865230  6  4  3 220       
PG11 -22254.651109   9252.191813 -10999.668263   -220.021565  7  5  5 237       
PG13  -9301.309263  13027.865571 -21270.088082    438.074086  9  7  6 241       
PG14 -21341.515528 -13422.206295   8967.957715    749.978156  4  5  4 222       
PG15  -4723.235429  19532.597585  16801.937236    442.137248  5  2  4 420       
PG17 -12660.640105 -19144.850995 -12752.740660   -197.252485  6  4  5 387       
PG18   2887.749820  16477.641977  20619.903821   -263.820501  4  5  4 241       
PG19 -15445.883348  -8771.942529 -19943.934131    704.954602  6  6  6 223       
PG20 -12593.566453  10070.068385  21165.815092    278.185050  8  5  5 401       
PG21 -24993.808462  -1406.736464   8938.301608    369.548759  6  5  3 228       
PG22 -23966.292189 -10926.839556   1883.194932     73.976516  4  3  1 236       
PG24 -14342.459378  21841.938278  -4126.322708    193.155275  6  6  4 219       
PG25   6106.594036  16656.702319 -20167.417629    391.591356  5  4  6 219       
PG26  26474.077851   3256.315740   2169.262532   -391.774077  5  5  1 215       
PG28  16577.694522   3563.649867 -20446.345723   -423.025567  6  4  6 234       
PG29   3970.895595  26161.954769   -515.145988   -249.142523  4  3  5 240       
PG30 -13633.801946  -8610.427690  21337.646854    353.227944  4  5  4 238       
PG31  21628.347748  -5295.071259 -14993.350390   -122.946172  7  4  6 212       
*  2026  9  5  2  0  0.00000000
PG04   1974.747179 -23600.375441 -11806.077878     64.727437  6  5  2 244       
PG05 -20333.737094   6860.205647  15487.729893   -236.535305  5  5  5 229       
PG06 -16435.413390  -2756.377856 -20655.547041   -532.143557  3  2  6 232       
PG07   -388.173959 -19289.787669  18728.240118   -221.785232  3  5  5 261       
PG09  -7172.975794 -25449.404859  -2067.959562    685.857280  6  4  3 226       
PG11 -21372.787082   8136.162457 -13370.084500   -220.010774  7  5  5 240       
PG13 -11604.122633  12449.581653 -20469.051004    438.078509  9  8  6 249       
PG14 -20170.463425 -13358.504188  11432.678401    749.977860  4  5  4 228       
PG15  -5798.545048  17697.460521  18373.981161    442.139687  4  3  4 420       
PG17 -12706.516535 -20549.206832 -10337.955710   -197.256612  6  3  5 387       
PG18   1178.629358  17999.025327  19454.670893   -263.812515  3  5  4 245       
PG19 -15722.096638 -10944.433188 -18659.454821    704.954561  6  6  6 229       
PG20 -13336.379885   7746.880298  21682.666590    278.193143  8  5  5 401       
PG21 -25768.192611  -1858.486898   6256.270334    369.541573  6  4  3 231       
PG22 -23543.455611 -11078.193423   4716.820362     73.984419  3  4  2 245       
PG24 -14773.755193  21827.978797  -1323.968031    193.170846  7  6  4 227       
PG25   3856.452580  16210.211283 -21053.476551    391.588181  5  4  6 225       
PG26  26541.254312   3586.810125   -594.012745   -391.775329  5  5  1 222       
PG28  14997.485403   5352.448668 -21258.038260   -423.015883  6  4  5 233       
PG29   3660.564520  25999.393132  -3366.308004   -249.135910  4  4  5 251       
PG30 -11969.850949 -10362.555107  21535.526036    353.239021  3  6  4 240       
PG31  20470.116032  -3950.282370 -16922.475237   -122.943695  7  5  6 222       
*  2026  9  5  2 15  0.00000000
PG04   2592.930931 -22228.321767 -14132.371295     64.727670  6  5  2 250       
PG05 -21964.379162   6469.546154  13300.567547   -236.535646  5  4  5 237       
PG06 -14841.890906  -4573.603601 -21505.741304   -532.133761  3  2  6 238       
PG07   1011.422184 -20660.705908  17083.236681   -221.788391  2  5  5 267       
PG09  -6810.536533 -25172.152506  -4903.986376    685.849349  6  4  3 234       
PG11 -20373.506553   6790.201170 -15508.589399   -219.999992  6  5  6 247       
PG13 -13825.236689  12009.142038 -19318.164733    438.082913  9  8  5 252       
PG14 -18738.119242 -13298.251398  13704.959401    749.977595  4  5  4 237       
PG15  -7041.418649  15771.816824  19615.203564    442.142563  4  3  4 420       
PG17 -12747.021721 -21670.758801  -7739.478191   -197.260980  6  3  5 387       
PG18   -347.181703  19499.287117  17953.539273   -263.804540  2  6  5 249       
PG19 -16074.352847 -12937.989332 -17060.359665    704.954765  6  6  6 236       
PG20 -14212.972674   5430.718931  21828.456156    278.201276  8  4  5 401       
PG21 -26262.791942  -2202.883038   3466.820901    369.534365  6  4  4 236       
PG22 -22826.037556 -11158.733141   7468.220018     73.992288  3  4  1 245       
PG24 -15026.958809  21569.502855   1501.559148    193.186417  7  6  4 234       
PG25   1506.590404  15865.425309 -21588.813946    391.585011  5  4  6 234       
PG26  26318.001040   3882.766498  -3347.344293   -391.776585  5  5  1 230       
PG28  13467.462341   7276.481737 -21703.973733   -423.006240  6  4  5 241       
PG29   3261.557669  25542.715229  -6158.943906   -249.129651  5  4  5 259       
PG30 -10390.804692 -12197.218740  21369.804887    353.250056  3  6  3 243       
PG31  19248.840557  -2400.220320 -18569.737544   -122.940977  7  5  6 230       
*  2026  9  5  2 30  0.00000000
PG04   3370.601191 -20656.613055 -16212.911431     64.727955  6  5  2 251       
PG05 -23351.498951   6192.559618  10882.414054   -236.535757  6  4  5 241       
PG06 -13304.075917  -6537.213508 -21984.517722   -532.123965  3  3  5 238       
PG07   2223.784056 -21946.691286  15152.968345   -221.791359  2  5  5 267       
PG09  -6305.510355 -24625.158374  -7655.375757    685.841436  6  5  3 236       
PG11 -19299.739789   5219.271073 -17378.073578   -219.989172  6  5  6 248       
PG13 -15918.567024  11698.379812 -17837.033703    438.087349  9  8  5 253       
PG14 -17064.996092 -13275.107205  15746.455137    749.977360  4  5  4 238       
PG15  -8443.239538  13802.725665  20502.239649    442.145328  4  4  4 420       
PG17 -12744.407752 -22498.729487  -5003.883953   -197.265016  6  3  5 387       
PG18  -1675.613015  20933.076814  16141.648981   -263.796564  1  6  5 249       
PG19 -16473.519573 -14720.212173 -15174.613357    704.954946  6  5  6 236       
PG20 -15208.115692   3167.884810  21600.667652    278.209430  7  3  5 401       
PG21 -26459.327545  -2473.464765    617.847261    369.527149  6  4  4 236       
PG22 -21818.430060 -11206.687815  10089.982732     74.000230  2  5  2 245       
PG24 -15130.410783  21045.800918   4300.508541    193.201992  6  7  4 235       
PG25   -899.653949  15636.416757 -21763.895219    391.581859  5  4  6 234       
PG26  25805.999521   4178.721545  -6044.687110   -391.777835  5  5  1 231       
PG28  12022.910498   9301.942478 -21776.408913   -422.996499  6  4  4 244       
PG29   2741.796999  24811.962381  -8844.571910   -249.123078  5  5  5 256       
PG30  -8924.630293 -14077.851467  20842.503226    353.261062  3  6  3 242       
PG31  18005.809728   -658.507708 -19907.781351   -122.938483  7  5  6 231       
*  2026  9  5  2 45  0.00000000
PG04   4321.048342 -18927.988019 -18011.752362     64.728275  6  5  2 243       
PG05 -24464.726547   5999.059274   8275.605143   -236.536099  5  5  5 227       
PG06 -11858.547963  -8611.821488 -22083.094527   -532.114166  3  4  5 221       
PG07   3247.594435 -23104.368342  12967.812405   -221.794271  3  6  5 263       
PG09  -5631.014794 -23836.667089 -10274.830760    685.833599  6  5  3 217       
PG11 -18194.221941   3436.920562 -18946.131037   -219.978302  5  4  6 238       
PG13 -17841.187764  11501.594943 -16050.880633    438.091796  9  9  4 249       
PG14 -15178.727617 -13319.019054  17522.579280    749.977187  4  5  4 222       
PG15  -9987.051340  11836.577863  21018.321247    442.148144  4  5  4 420       
PG17 -12660.809300 -23031.556702  -2179.936924   -197.269343  6  2  5 387       
PG18  -2801.040118  22254.519834  14049.687320   -263.788493  1  6  5 243       
PG19 -16885.997534 -16265.588868 -13034.684340    704.955092  6  5  6 219       
PG20 -16299.152790   1001.502968  21003.141051    278.217593  7  3  5 401       
PG21 -26347.939165  -2706.571268  -2241.735526    369.520024  6  4  4 222       
PG22 -20533.717448 -11259.598664  12537.380784     74.008202  1  5  2 235       
PG24 -15116.728573  20243.959807   7022.955797    193.217623  6  7  5 223       
PG25  -3316.735171  15529.856152 -21574.983115    391.578793  4  4  6 212       
PG26  25014.778203   4508.467828  -8641.124776   -391.779061  5  5  1 208       
PG28  10693.208086  11389.449175 -21474.023665   -422.986800  6  4  3 235       
PG29   2073.914140  23834.731666 -11376.658205   -249.116698  5  5  4 253       
PG30  -7592.861342 -15963.844251  19961.678044    353.272100  3  6  3 232       
PG31  16780.111495   1253.600340 -20914.230470   -122.935813  6  6  5 209       
*  2026  9  5  3  0  0.00000000
PG04   5449.504350 -17088.464158 -19497.950114     64.728561  6  6  3 235       
PG05 -25281.665130   5854.298356   5525.605634   -236.536469  5  5  5 223       
PG06 -10535.730108 -10756.110483 -21799.281043   -532.104469  3  4  4 224       
PG07   4089.205927 -24091.816366  10562.837110   -221.797252  4  6  5 264       
PG09  -4766.457232 -22841.149568 -12717.471565    685.825685  6  5  3 216       
PG11 -17097.818848   1464.958405 -20185.632445   -219.967454  5  4  6 235       
PG13 -19554.816723  11396.269570 -13990.131405    438.096188  9  9  4 254       
PG14 -13113.192837 -13454.968277  19003.062681    749.976968  3  5  4 220       
PG15 -11648.052193   9917.314424  21153.676937    442.150878  5  5  4 420       
PG17 -12459.925887 -23276.757855    682.368483   -197.273284  5  3  5 387       
PG18  -3726.345269  23418.965463  11713.396866   -263.780476  3  7  5 240       
PG19 -17275.077713 -17556.224711 -10676.988791    704.955036  5  4  6 221       
PG20 -17456.800074  -1029.943069  20046.011899    278.225752  7  3  5 401       
PG21 -25927.575540  -2939.740036  -5062.826108    369.512964  5  4  4 223       
PG22 -18993.205816 -11352.698795  14769.108246     74.016111  2  5  2 244       
PG24 -15021.374810  19159.631355   9619.778590    193.233239  6  7  6 229       
PG25  -5698.391788  15544.738074 -21024.247577    391.575720  4  4  6 218       
PG26  23961.370027   4903.616785 -11093.542923   -391.780268  4  6  1 211       
PG28   9500.802670  13495.396952 -20801.948633   -422.977114  6  4  3 240       
PG29   1236.519122  22645.087893 -13711.439974   -249.110192  5  5  4 241       
PG30  -6409.896914 -17811.930636  18741.352668    353.283145  4  6  4 231       
PG31  15607.220289   3307.810808 -21572.029818   -122.933226  5  6  5 219       
*  2026  9  5  3 15  0.00000000
PG04   6752.771351 -15185.624317 -20646.093313     64.728874  5  5  3 235       
PG05 -25788.643864   5720.522611   2680.185949   -236.536854  5  6  6 221       
PG06  -9358.798039 -12924.258037 -21137.549662   -532.094670  3  5  2 225       
PG07   4762.321368 -24870.164857   7977.375711   -221.800434  4  7  5 269       
PG09  -3698.512547 -21677.936172 -14941.594162    685.817765  5  5  3 218       
PG11 -16047.940799   -667.195814 -21075.201304   -219.956657  5  4  6 238       
PG13 -21027.133797  11354.054420 -11689.913481    438.100588  8  9  4 254       
PG14 -10907.415662 -13701.905238  20162.453156    749.976730  3  5  4 222       
PG15 -13394.440889   8084.752346  20905.766481    442.153582  4  5  4 420       
PG17 -12108.627174 -23250.437942   3532.764037   -197.277301  5  4  5 387       
PG18  -4462.639876  24384.713893   9172.980126   -263.772515  4  7  5 240       
PG19 -17602.409085 -18582.298975  -8141.294100    704.955306  5  4  6 222       
PG20 -18646.211361  -2893.897159  18745.547283    278.233821  7  3  5 401       
PG21 -25206.058892  -3210.060551  -7796.975155    369.505858  5  4  5 225       
PG22 -17225.651755 -11517.415989  16747.931756     74.024390  2  4  2 254       
PG24 -14881.085499  17797.468087  12043.659262    193.248817  5  7  6 230       
PG25  -7999.175651  15672.396283 -20119.798049    391.572576  4  4  6 218       
PG26  22669.714032   5392.253020 -13361.267964   -391.781563  3  6  2 212       
PG28   8460.465484  15573.481755 -19771.682173   -422.967492  6  4  2 241       
PG29    215.229001  21282.237774 -15808.691399   -249.103618  5  6  4 237       
PG30  -5382.571282 -19577.692979  17201.351972    353.294228  4  6  4 233       
PG31  14517.723265   5469.643514 -21869.720042   -122.930714  5  6  4 222       
*  2026  9  5  3 30  0.00000000
PG04   8219.189572 -13266.859885 -21436.727929     64.729110  5  5  4 241       
PG05 -25981.137717   5558.634782   -211.430107   -236.537144  4  6  6 227       
PG06  -8342.880169 -15067.552253 -20108.987834   -532.084875  3  5  2 229       
PG07   5287.384734 -25405.130360   5254.499389   -221.803612  5  8  4 274       
PG09  -2421.815829 -20389.682738 -16909.365027    685.809871  5  5  4 224       
PG11 -15077.107159  -2923.460577 -21599.584239   -219.945869  5  4  6 243       
PG13 -22232.882976  11341.989252  -9189.474905    438.104956  8 10  3 255       
PG14  -8604.276582 -14071.913719  20980.550135    749.976502  3  4  4 228       
PG15 -15188.578532   6373.095459  20279.340139    442.156306  5  6  4 420       
PG17 -11578.415141 -22976.470149   6321.640337   -197.281761  4  4  5 387       
PG18  -5028.656155  25114.652559   6472.409419   -263.764535  5  8  5 243       
PG19 -17829.524346 -19342.233217  -5470.089749    704.955342  4  3  6 227       
PG20 -19828.270121  -4564.788186  17123.880387    278.241910  6  4  5 401       
PG21 -24199.820932  -3552.546689 -10397.213086    369.498701  5  5  5 230       
PG22 -15266.227294 -11780.053825  18441.247374     74.031875  2  4  2 239       
PG24 -14732.224746  16171.194478  14250.085843    193.264409  5  7  7 235       
PG25 -10175.968166  15896.812106 -18875.633587    391.569462  3  5  5 223       
PG26  21169.823662   5997.725641 -15406.666535   -391.782792  3  5  2 219       
PG28   7578.852336  17576.338388 -18400.897594   -422.957834  6  4  3 244       
PG29   -996.584029  19789.020381 -17632.418573   -249.097336  5  6  4 245       
PG30  -4510.013783 -21217.137116  15367.041444    353.305327  5  6  5 237       
PG31  13536.229875   7699.510720 -21801.642074   -122.928119  4  6  3 225       
*  2026  9  5  3 45  0.00000000
PG04   9828.944408 -11377.640157 -21856.669876     64.729467  5  5  4 230       
PG05 -25863.841833   5329.903866  -3099.429602   -236.537393  4  6  6 211       
PG06  -7494.581913 -17136.135990 -18731.128815   -532.075027  2  6  2 212       
PG07   5690.693526 -25668.433249   2440.386605   -221.806623  5  8  4 274       
PG09   -939.345180 -19020.729951 -18587.441507    685.802020  5  6  4 200       
PG11 -14211.718377  -5262.303304 -21749.909027   -219.934942  5  4  5 231       
PG13 -23154.716070  11323.911231  -6531.532213    438.109384  8 10  3 252       
PG14  -6249.080773 -14569.637062  21442.767118    749.976357  2  4  4 207       
PG15 -16988.412843   4809.698960  19286.320592    442.159083  5  6  4 420       
PG17 -10846.685638 -22485.391223   9000.935097   -197.286018  4  5  5 387       
PG18  -5449.829669  25577.734214   3658.653483   -263.756463  6  9  5 236       
PG19 -17919.370359 -19842.570200  -2707.932686    704.955611  4  3  6 209       
PG20 -20961.059577  -6024.819766  15208.647106    278.250098  6  4  5 401       
PG21 -22933.320197  -3998.591164 -12818.853274    369.491633  4  5  5 221       
PG22 -13155.266451 -12160.697229  19821.540227     74.040202  2  4  2 247       
PG24 -14609.139542  14303.298995  16198.320490    193.279925  5  7  7 225       
PG25 -12189.430066  16195.210449 -17311.506137    391.566438  3  5  5 206       
PG26  19496.751328   6737.617502 -17195.701579   -391.783902  2  5  3 193       
PG28   6854.387850  19457.230081 -16713.143578   -422.948119  5  4  3 241       
PG29  -2397.353724  18210.274767 -19151.471310   -249.090863  4  6  3 237       
PG30  -3783.808256 -22688.278118  13268.969141    353.316470  5  6  5 235       
PG31  12680.503490   9953.991012 -21368.067935   -122.925287  4  7  2 210       
*  2026  9  5  4  0  0.00000000
PG04  11554.698836  -9559.875478 -21899.201830     64.729780  5  5  4 226       
PG05 -25450.401805   4997.651500  -5934.270770   -236.537531  3  6  6 217       
PG06  -6811.854416 -19080.811211 -17027.662416   -532.065208  2  6  2 204       
PG07   6003.255637 -25639.032677   -416.409860   -221.809405  4  9  4 270       
PG09    737.518175 -17615.419624 -19947.509419    685.794163  5  6  4 189       
PG11 -13471.083273  -7638.165511 -21523.826328   -219.924020  5  5  4 223       
PG13 -23783.745647  11261.997786  -3761.556870    438.113836  8 10  3 253       
PG14  -3888.032541 -15191.989938  21540.415056    749.976193  2  4  4 195       
PG15 -18749.098794   3414.143147  17945.512505    442.161975  4  6  4 420       
PG17  -9897.742584 -21813.064137  11524.960034   -197.290041  4  5  4 387       
PG18  -5757.107830  25750.234509    780.835136   -263.748437  6  9  5 234       
PG19 -17837.790827 -20097.570538     99.226483    704.955631  4  3  5 200       
PG20 -22001.455681  -7264.462148  13032.529712    278.258231  6  5  5 401       
PG21 -21438.162753  -4574.562250 -15020.257168    369.484523  3  5  5 223       
PG22 -10936.844917 -12672.378172  20866.746320     74.048019  2  4  2 240       
PG24 -14542.591169  12224.350955  17852.303155    193.295553  5  7  7 229       
PG25 -14005.331971  16538.927792 -15452.692738    391.563448  2  4  4 217       
PG26  17689.384780   7622.927311 -18698.441204   -391.785114  1  5  3 191       
PG28   6277.477259  21171.724850 -14737.442523   -422.938433  5  4  4 242       
PG29  -3977.206027  16591.149798 -20340.062003   -249.084195  4  6  3 223       
PG30  -3188.450522 -23952.677661  10942.411240    353.327613  6  7  5 240       
PG31  11960.847317  12187.256080 -20575.253704   -122.922660  4  7  2 212       
*  2026  9  5  4 15  0.00000000
PG04  13362.524556  -7850.437107 -21564.153117     64.729901  4  5  5 223       
PG05 -24762.814497   4528.849943  -8667.524358   -236.538044  2  6  6 211       
PG06  -6284.214166 -20854.832254 -15028.029731   -532.055608  2  7  2 209       
PG07   6259.426382 -25304.120525  -3265.792143   -221.812475  5  9  4 272       
PG09   2589.252886 -16216.432080 -20966.731190    685.786199  5  6  4 200       
PG11 -12866.738955 -10003.046189 -20925.533523   -219.913249  4  5  3 228       
PG13 -24119.785366  11118.385028   -927.011025    438.118166  7 10  3 256       
PG14  -1566.670083 -15928.170033  21270.899900    749.975967  2  4  4 206       
PG15 -20424.739964   2197.655525  16282.151702    442.164500  4  5  4 420       
PG17  -8723.530322 -20999.167927  13851.152979   -197.294212  4  6  4 387       
PG18  -5985.531724  25616.735167  -2110.663178   -263.740432  6  9  5 230       
PG19 -17554.910802 -20128.542758   2904.730687    704.955832  3  4  5 209       
PG20 -22906.782736  -8282.627523  10632.713963    278.266277  5  5  6 401       
PG21 -19751.959628  -5300.597600 -16963.548405    369.477343  3  5  5 204       
PG22  -8657.248217 -13320.526274  21560.517974     74.056043  3  3  2 252       
PG24 -14558.338463   9971.965846  19181.458978    193.311064  5  7  7 230       
PG25 -15595.715208  16894.526370 -13329.673215    391.560303  2  4  4 208       
PG26  15789.115906   8657.492918 -19889.516415   -391.786379  1  4  3 193       
PG28   5831.037293  22679.294242 -12507.793334   -422.928946  4  5  4 242       
PG29  -5718.173276  14975.422633 -21178.183967   -249.077830  3  6  3 232       
PG30  -2702.090986 -24976.873447   8426.823908    353.338656  6  8  5 238       
PG31  11379.769261  14352.603320 -19435.410392   -122.919855  3  7  2 202       
*  2026  9  5  4 30  0.00000000
PG04  15213.093752  -6279.889688 -20857.863855     64.730292  4  4  4 226       
PG05 -23830.526318   3895.570844 -11252.682389   -236.537751  2  5  6 246       
PG06  -5893.305509 -22415.616577 -12766.908446   -532.045673  2  7  2 228       
PG07   6495.373858 -24659.821014  -6057.031432   -221.815635  5 10  4 277       
PG09   4588.771942 -14863.207123 -21628.099608    685.778381  5  6  3 223       
PG11 -12402.088741 -12308.181365 -19965.681439   -219.902308  5  5  3 230       
PG13 -24171.267538  10856.799464   1923.455442    438.122683  7 10  3 262       
PG14    671.682898 -16759.973527  20637.828007    749.975973  2  4  4 226       
PG15 -21970.170146   1162.902116  14327.311979    442.167481  4  5  4 420       
PG17  -7324.062445 -20085.578751  15940.745466   -197.298468  4  6  4 387       
PG18  -6172.649050  25170.789849  -4965.127017   -263.732290  5  9  5 229       
PG19 -17046.376007 -19962.930561   5661.911509    704.955746  3  5  5 226       
PG20 -23636.468600  -9086.521760   8050.267603    278.274461  5  5  6 401       
PG21 -17916.964399  -6189.642491 -18615.263780    369.470275  2  5  5 230       
PG22  -6363.385361 -14102.718041  21892.395899     74.064032  3  4  2 256       
PG24 -14675.942178   7589.461863  20161.380566    193.326705  4  6  7 244       
PG25 -16939.836382  17225.118750 -10977.711269    391.557262  1  3  4 236       
PG26  13838.426527   9837.676703 -20748.523557   -391.787511  1  4  3 227       
PG28   5491.325191  23944.772824 -10062.586967   -422.919227  3  6  4 248       
PG29  -7594.726279  13403.891005 -21651.924015   -249.071159  3  5  3 229       
PG30  -2297.537912 -25733.643367   5765.206539    353.349831  5  8  5 250       
PG31  10931.941806  16404.042426 -17966.588464   -122.917175  2  6  2 232       
*  2026  9  5  4 45  0.00000000
PG04  17063.083708  -4871.483038 -19793.036682     64.730580  4  4  5 236       
PG05 -22689.266750   3076.230755 -13645.922110   -236.537978  3  3  5 252       
PG06  -5613.783911 -23726.304409 -10283.598021   -532.035834  2  7  3 237       
PG07   6747.432345 -23711.552222  -8739.749800   -221.818574  5  9  4 278       
PG09   6702.285580 -13590.507066 -21920.693829    685.770497  4  6  3 235       
PG11 -12072.370617 -14505.754336 -18661.166992   -219.891470  4  5  3 238       
PG13 -23954.839940  10444.139716   4740.833668    438.127100  6  9  3 264       
PG14   2787.391555 -17662.407287  19651.013705    749.975762  2  5  4 236       
PG15 -23342.694784    304.149939  12117.192339    442.170153  4  4  4 420       
PG17  -5707.538244 -19114.707452  17759.339568   -197.302249  4  7  3 387       
PG18  -6356.823910  24415.243036  -7732.450365   -263.724304  5  9  5 237       
PG19 -16294.404469 -19633.188443   8324.786896    704.955947  3  5  5 235       
PG20 -24153.636007  -9691.177873   5329.449593    278.282594  5  5  6 401       
PG21 -15978.542782  -7246.770507 -19946.929998    369.463115  2  5  5 240       
PG22  -4101.204676 -15008.727722  21857.891973     74.071828  3  4  1 254       
PG24 -14907.849286   5124.267501  20774.360860    193.342279  4  6  7 250       
PG25 -18024.855248  17491.857580  -8436.338697    391.554184  1  3  4 246       
PG26  11879.438660  11152.326023 -21260.366934   -391.788672  1  3  4 239       
PG28   5229.033255  24939.622023  -7443.944618   -422.909571  3  7  3 253       
PG29  -9574.601885  11912.900626 -21753.666228   -249.064603  3  5  3 236       
PG30  -1943.485771 -26203.051808   3003.384058    353.360931  5  8  5 255       
PG31  10604.463424  18297.880796 -16192.472024   -122.914632  2  6  2 241       
*  2026  9  5  5  0  0.00000000
PG04  18866.738847  -3640.439257 -18388.481254     64.730930  4  5  5 260       
PG05 -21379.663986   2056.587984 -15806.814511   -236.537978  3  1  5 268       
PG06  -5414.484387 -24757.104520  -7621.316483   -532.025989  2  7  3 263       
PG07   7050.412865 -22474.018419 -11264.946707   -221.821713  4  9  4 286       
PG09   8890.419280 -12427.174333 -21839.835793    685.762593  4  6  3 261       
PG11 -11864.955516 -16550.570340 -17034.816941   -219.880535  4  6  2 260       
PG13 -23494.656215   9851.946331   7476.596550    438.131561  6  9  3 273       
PG14   4745.854350 -18604.579517  18326.384306    749.975606  3  6  4 262       
PG15 -24503.716241   -392.215705   9692.310705    442.172988  4  3  4 420       
PG17  -3890.150121 -18127.857447  19277.390807   -197.306609  3  7  3 387       
PG18  -6575.514161  23362.187091 -10364.067659   -263.716231  4  9  5 260       
PG19 -15288.613559 -19175.483445  10848.755902    704.956193  2  6  4 261       
PG20 -24426.568434 -10118.688647   2516.960837    278.290718  4  4  6 401       
PG21 -13983.532553  -8468.813861 -20935.556308    369.456071  2  4  4 263       
PG22  -1914.166519 -16020.872558  21458.487303     74.079606  3  5  1 266       
PG24 -15258.801812   2626.153789  21009.758451    193.357928  4  5  7 269       
PG25 -18846.233427  17655.536878  -5748.744930    391.551167  1  3  3 267       
PG26   9952.478399  12583.013229 -21415.536573   -391.789756  1  3  4 263       
PG28   5010.605872  25642.949368  -4696.989990   -422.899830  3  7  3 266       
PG29 -11619.892534  10533.062881 -21482.185956   -249.058360  2  4  3 262       
PG30  -1605.922875 -26373.232590    189.218705    353.372115  4  8  5 269       
PG31  10377.417760  19994.250700 -14142.079426   -122.911958  2  5  3 264       
*  2026  9  5  5 15  0.00000000
PG04  20577.529463  -2593.559316 -16668.758335     64.731233  3  5  5 260       
PG05 -19945.696708    830.455353 -17698.968325   -236.538372  4  1  4 267       
PG06  -5259.827566 -25486.371974  -4826.422774   -532.016192  3  7  3 263       
PG07   7435.946731 -20970.818598 -13586.041981   -221.824303  4  8  5 280       
PG09  11109.544573 -11395.128468 -21387.146502    685.754604  4  6  2 261       
PG11 -11759.961700 -18401.631262 -15114.969826   -219.869663  4  6  2 260       
PG13 -22821.386073   9057.701545  10083.537128    438.135987  5  9  3 273       
PG14   6518.665112 -19550.839604  16685.779160    749.975425  2  7  3 262       
PG15 -25420.175329   -946.851864   7096.631721    442.175647  4  4  4 420       
PG17  -1895.596463 -17163.663033  20470.596619   -197.310501  3  7  2 387       
PG18  -6863.588820  22032.558328 -12813.856237   -263.708288  3  8  5 260       
PG19 -14026.592142 -18628.266605  13191.284578    704.956148  2  6  3 260       
PG20 -24429.993306 -10397.167568   -338.851528    278.298799  4  4  7 401       
PG21 -11978.556343  -9844.318717 -21564.034473    369.448879  3  4  4 263       
PG22    158.175965 -17114.635852  20701.550355     74.087510  3  6  1 265       
PG24 -15725.597704    145.374029  20864.184476    193.373474  4  5  6 268       
PG25 -19407.821441  17678.244366  -2961.076903    391.548060  1  3  4 267       
PG26   8094.702994  14104.550948 -21210.315610   -391.790981  1  3  4 263       
PG28   4799.727160  26042.243601  -1869.068336   -422.890209  3  8  4 266       
PG29 -13688.354737   9288.209902 -20842.635031   -249.051864  2  4  3 262       
PG30  -1249.663667 -26240.872484  -2628.235440    353.383143  4  9  5 268       
PG31  10224.715996  21458.521124 -11849.368212   -122.909233  2  5  3 265       
*  2026  9  5  5 30  0.00000000
PG04  22149.843479  -1729.160712 -14663.731631     64.731541  3  5  4 266       
PG05 -18433.040944   -599.895629 -19290.601965   -236.538582  4  2  4 273       
PG06  -5111.405926 -25901.374651  -1947.580444   -532.006370  3  7  4 269       
PG07   7930.940551 -19233.675104 -15659.902913   -221.827637  3  8  5 288       
PG09  13313.273033 -10508.638236 -20570.502816    685.746685  4  5  2 267       
PG11 -11731.159203 -20023.550386 -12934.964930   -219.858780  4  7  2 266       
PG13 -21970.982598   8045.906990  12516.589862    438.140449  5  9  3 278       
PG14   8084.545728 -20462.127433  14756.641084    749.975228  2  7  3 268       
PG15 -26065.752996  -1386.342934   4376.656289    442.178461  4  5  5 420       
PG17    245.675698 -16256.662573  21320.191872   -197.314638  4  6  2 387       
PG18  -7251.756323  20455.388608 -15038.988764   -263.700224  2  7  5 266       
PG19 -12514.195061 -18030.762366  15312.576417    704.956405  3  7  3 267       
PG20 -24146.131876 -10559.477873  -3188.823110    278.306946  3  4  7 401       
PG21 -10008.351724 -11353.828432 -21821.439005    369.441867  4  4  4 270       
PG22   2081.441629 -18259.542831  19600.179767     74.095672  3  7  1 272       
PG24 -16297.212595  -2269.201941  20341.508102    193.389052  4  5  6 273       
PG25 -19721.623137  17524.999476   -121.657602    391.544987  2  3  3 273       
PG26   6338.839739  15685.769294 -20646.911381   -391.792117  1  4  4 270       
PG28   4558.920627  26133.797133    991.073935   -422.880536  3  9  4 272       
PG29 -15734.885632   8194.624433 -19846.420856   -249.045368  2  4  3 268       
PG30   -839.944326 -25811.370765  -5399.619362    353.394303  4 10  5 274       
PG31  10115.196801  22662.539094  -9352.743939   -122.906387  2  5  3 273       
*  2026  9  5  5 45  0.00000000
PG04  23540.647120  -1037.345213 -12408.036644     64.731792  2  5  4 260       
PG05 -16887.373803  -2223.652201 -20555.037218   -236.538877  4  2  4 268       
PG06  -4929.685230 -25998.718255    965.120157   -531.996629  3  7  4 261       
PG07   8556.219345 -17301.306560 -17447.820636   -221.830364  3  8  5 282       
PG09  15454.058279  -9773.894333 -19403.896492    685.738698  3  5  2 260       
PG11 -11747.127152 -21387.753878 -10532.548521   -219.847979  4  7  2 259       
PG13 -20983.253680   6808.895514  14733.620013    438.144804  5  9  3 273       
PG14   9430.010105 -21297.483092  12571.600605    749.974987  2  7  3 261       
PG15 -26421.789626  -1741.866773   1580.499022    442.180962  3  5  5 420       
PG17   2497.465659 -15436.054025  21813.154428   -197.318754  4  6  1 387       
PG18  -7765.169498  18666.743924 -17000.716732   -263.692254  2  6  6 260       
PG19 -10765.545577 -17421.427784  17176.219987    704.956513  3  7  3 260       
PG20 -23565.473814 -10641.778813  -5983.820342    278.315043  3  4  7 401       
PG21  -8114.182429 -12970.484950 -21703.222231    369.434660  4  5  4 263       
PG22   3827.491004 -19420.256879  18172.976108     74.103417  3  7  1 264       
PG24 -16955.272460  -4571.873127  19452.685385    193.404556  4  5  6 268       
PG25 -19807.239537  17165.309397   2719.864894    391.541793  3  3  4 268       
PG26   4712.082902  17290.532601 -19733.504036   -391.793342  1  4  3 264       
PG28   4251.197768  25922.799513   3834.134498   -422.870922  3  9  5 267       
PG29 -17713.111092   7260.571040 -18510.983558   -249.038822  2  4  4 261       
PG30   -344.015985 -25098.663476  -8076.179296    353.405456  4  9  6 270       
PG31  10013.947398  23585.649431  -6694.474642   -122.903852  2  5  3 268       
*  2026  9  5  6  0  0.00000000
PG04  24711.052272   -500.583291  -9940.476667     64.732044  2  5  4 262       
PG05 -15352.696433  -4021.700774 -21471.109819   -236.538937  5  4  3 268       
PG06  -4675.751611 -25784.413676   3861.063093   -531.986868  4  6  4 264       
PG07   9325.427567 -15217.988952 -18916.400463   -221.833236  2  8  5 281       
PG09  17484.847197  -9188.897231 -17907.198169    685.730727  3  4  2 262       
PG11 -11772.617298 -22473.424361  -7949.208879   -219.837199  3  8  2 261       
PG13 -19900.292598   5347.343403  16696.166577    438.149226  5  9  3 273       
PG14  10549.729590 -22015.659976  10167.955932    749.974746  2  8  3 264       
PG15 -26477.894003  -2047.705373  -1243.022771    442.183600  3  6  5 420       
PG17   4819.012375 -14724.672291  21942.324662   -197.323049  4  5  1 387       
PG18  -8422.265070  16708.394746 -18665.068260   -263.684185  1  4  6 259       
PG19  -8802.740469 -16836.435611  18749.805375    704.956532  4  7  2 262       
PG20 -22687.244912 -10681.945702  -8675.592851    278.323143  3  5  7 401       
PG21  -6332.391513 -14660.926357 -21211.300405    369.427549  5  6  4 266       
PG22   5375.266898 -20557.857421  16443.746413     74.111671  3  8  1 269       
PG24 -17674.849436  -6721.732855  18215.423440    193.420111  4  5  6 270       
PG25 -19691.007896  16574.576149   5513.422512    391.538703  5  4  4 269       
PG26   3235.190982  18878.964372 -18484.206562   -391.794505  2  5  3 266       
PG28   3841.690552  25423.098395   6611.110106   -422.861243  3  9  5 267       
PG29 -19577.025283   6486.143638 -16859.476714   -249.032489  2  4  4 264       
PG30    267.331449 -24124.715132 -10610.680225    353.416663  4  8  6 270       
PG31   9883.799112  24215.448258  -3920.015297   -122.901141  2  6  4 271       
*  2026  9  5  6 15  0.00000000
PG04  25627.732405    -94.590288  -7303.356683     64.732270  2  5  4 250       
PG05 -13869.737124  -5967.180358 -22023.493087   -236.539252  5  5  3 259       
PG06  -4313.033121 -25273.585396   6690.013105   -531.977172  4  6  4 251       
PG07  10244.246335 -13031.867288 -20038.332710   -221.836056  2  7  5 275       
PG09  19360.719988  -8743.663349 -16105.829971    685.722732  2  4  3 250       
PG11 -11770.069480 -23268.152242  -5229.452510   -219.826459  4  8  1 249       
PG13 -18764.828672   3670.460761  18370.124779    438.153567  5  9  3 266       
PG14  11446.581287 -22576.778451   7587.054358    749.974393  2  8  2 250       
PG15 -26232.228704  -2339.666623  -4045.268317    442.186340  2  6  4 420       
PG17   7166.341821 -14138.219174  21706.443317   -197.326992  4  5  1 387       
PG18  -9233.884988  14626.274047 -20003.446116   -263.676238  1  3  6 245       
PG19  -6655.262198 -16308.236098  20005.500060    704.956839  4  6  2 250       
PG20 -21519.548108 -10717.925623 -11217.614849    278.331196  3  6  7 401       
PG21  -4693.151908 -16386.447043 -20354.028888    369.420341  5  7  3 254       
PG22   6711.379255 -21631.255545  14441.144803     74.119546  3  8  1 259       
PG24 -18425.537720  -8684.065422  16653.697888    193.435605  4  5  6 260       
PG25 -19404.865683  15735.291583   8209.467739    391.535474  6  4  4 258       
PG26   1921.821002  20408.840673 -16918.930473   -391.795698  2  5  3 255       
PG28   3299.203385  24656.637531   9274.146042   -422.851647  4  9  5 257       
PG29 -21282.620329   5863.432410 -14920.358268   -249.026022  2  5  4 253       
PG30   1018.380316 -22918.695166 -12958.301604    353.427761  5  8  6 262       
PG31   9686.941733  24548.234275  -1077.249726   -122.898414  2  7  4 266       
*  2026  9  5  6 30  0.00000000
PG04  26264.135126    210.541161  -4541.766420     64.732532  2  5  3 250       
PG05 -12474.492020  -8026.328091 -22202.931802   -236.539566  6  6  3 258       
PG06  -3808.926055 -24489.834372   9403.008711   -531.967412  4  6  4 249       
PG07  11309.969341 -10793.095405 -20793.014649   -221.839055  2  7  5 275       
PG09  21040.459057  -8420.741280 -14030.351261    685.714773  2  4  3 250       
PG11 -11701.219386 -23768.271877  -2420.034653   -219.815668  4  8  1 249       
PG13 -17618.562447   1795.850404  19726.355024    438.157969  5  9  3 265       
PG14  12131.373237 -22943.953795   4873.583735    749.974140  2  7  3 249       
PG15 -25691.472642  -2653.483471  -6778.604490    442.188812  2  6  4 420       
PG17   9493.720510 -13684.767740  21110.112076   -197.331408  4  4  2 387       
PG18 -10202.714204  12468.787308 -20993.114957   -263.668269  1  3  6 244       
PG19  -4359.112614 -15864.251411  20920.573778    704.956898  4  6  2 248       
PG20 -20079.170722 -10786.093569 -13565.900227    278.339373  4  7  7 401       
PG21  -3219.462333 -18104.376639 -19146.066267    369.413168  5  7  3 253       
PG22   7830.415522 -22598.699449  12198.252141     74.127211  3  8  1 253       
PG24 -19172.754321 -10431.459018  14797.146030    193.451165  4  6  7 259       
PG25 -18984.982466  14637.964396  10759.928091    391.532326  6  4  3 257       
PG26    778.129433  21837.104557 -15063.152313   -391.796875  2  5  3 255       
PG28   2597.623317  23652.593891  11777.364871   -422.842031  4  8  6 257       
PG29 -22789.445562   5377.001405 -12726.899226   -249.019561  1  5  4 252       
PG30   1927.291582 -21515.870598 -15077.493838    353.438852  4  8  6 262       
PG31   9386.593820  24589.132668   1784.339352   -122.895926  3  7  4 265       
*  2026  9  5  6 45  0.00000000
PG04  26601.447290    448.996989  -1702.824099     64.732758  2  5  2 251       
PG05 -11196.955655 -10159.586005 -22006.384320   -236.539975  6  7  4 256       
PG06  -3136.260836 -23464.282820  11953.224673   -531.957578  5  6  4 249       
PG07  12511.461007  -8551.892058 -21167.000463   -221.841919  2  6  4 273       
PG09  22487.989215  -8196.018696 -11715.963038    685.706811  2  4  4 250       
PG11 -11528.735922 -23978.871881    430.842437   -219.804884  4  8  1 249       
PG13 -16500.550796   -250.961363  20741.206412    438.162366  5 10  3 265       
PG14  12622.253816 -23084.831448   2074.785705    749.973911  2  7  3 248       
PG15 -24870.474122  -3023.253665  -9397.176380    442.191741  2  6  4 420       
PG17  11755.165245 -13364.553837  20163.681025   -197.335489  4  4  2 387       
PG18 -11323.055702  10285.044111 -21617.570023   -263.660257  2  4  6 243       
PG19  -1955.692936 -15525.753870  21477.861032    704.956997  5  5  1 248       
PG20 -18391.063914 -10919.674119 -15679.776251    278.347471  4  7  6 401       
PG21  -1926.427133 -19769.625276 -17608.129132    369.405981  5  8  3 252       
PG22   8734.966127 -23419.318994   9752.097366     74.135309  3  7  2 254       
PG24 -19879.201094 -11944.596143  12680.361078    193.466727  4  6  7 259       
PG25 -18470.214634  13281.733692  13119.150845    391.529193  6  4  4 258       
PG26   -197.339409  23121.447574 -12947.577506   -391.798029  3  5  3 255       
PG28   1717.132831  22446.247773  14077.659770   -422.832412  4  8  6 256       
PG29 -24062.038948   5004.656746 -10316.618537   -249.013193  1  5  4 250       
PG30   3005.159267 -19956.259633 -16930.774546    353.449942  5  8  7 263       
PG31   8948.661136  24351.879213   4614.558024   -122.893108  3  8  4 269       
*  2026  9  5  7  0  0.00000000
PG04  26629.277963    657.737731   1165.107452     64.733033  3  5  2 251       
PG05 -10060.086682 -12322.929145 -21437.071624   -236.540354  7  7  4 254       
PG06  -2274.549334 -22234.340944  14296.787573   -531.947922  5  5  4 247       
PG07  13829.499687  -6356.606534 -21154.263844   -221.845155  2  6  4 266       
PG09  23673.636090  -8039.789966  -9201.937393    685.698827  2  3  4 252       
PG11 -11217.824903 -23913.481277   3274.349775   -219.794084  5  8  1 250       
PG13 -15445.705691  -2437.305634  21396.944377    438.166766  5 10  2 265       
PG14  12943.826238 -22972.964933   -760.394729    749.973696  2  7  3 248       
PG15 -23791.618577  -3479.977854 -11857.608803    442.194276  2  6  4 420       
PG17  13905.958475 -13170.058409  18883.066651   -197.339553  4  3  3 387       
PG18 -12580.949063   8123.082995 -21866.782840   -263.652281  3  5  5 243       
PG19    509.535232 -15306.974487  21666.149245    704.956945  5  5  1 247       
PG20 -16487.513311 -11147.291485 -17522.601371    278.355600  5  8  6 401       
PG21   -820.847698 -21336.335993 -15766.641186    369.398853  5  8  3 253       
PG22   9435.363343 -24054.657069   7143.123109     74.143048  3  7  2 251       
PG24 -20506.420139 -13212.699798  10342.113875    193.482303  5  7  7 258       
PG25 -17900.447454  11674.636766  15244.813183    391.526055  7  4  4 258       
PG26  -1013.466761  24221.899458 -10607.700014   -391.799046  3  5  4 257       
PG28    645.177397  21077.630085  16135.438475   -422.822762  4  7  6 257       
PG29 -25071.178212   4718.474970  -7730.653266   -249.006920  2  6  5 248       
PG30   4255.354950 -18283.101632 -18485.444961    353.461037  4  7  7 263       
PG31   8343.313313  23858.266240   7363.429270   -122.890685  4  8  4 267       
*  2026  9  5  7 15  0.00000000
PG04  26346.034972    874.892037   4013.220541     64.733226  3  4  2 249       
PG05  -9079.045909 -14469.367615 -20504.432732   -236.540670  7  8  4 252       
PG06  -1210.965037 -20842.246396  16393.529788   -531.938222  4  5  4 247       
PG07  15237.487822  -4251.886088 -20756.266697   -221.848166  3  6  4 266       
PG09  24575.155872  -7918.045026  -6530.979437    685.690876  2  4  4 252       
PG11 -10737.737545 -23593.445373   6061.856932   -219.783307  5  8  1 248       
PG13 -14483.466078  -4724.434516  21682.073795    438.171154  5 10  2 267       
PG14  13126.002175 -22588.977183  -3582.206127    749.973432  2  6  3 248       
PG15 -22483.944040  -4050.246719 -14119.633667    442.197100  2  6  3 420       
PG17  15904.119163 -13086.375535  17289.503492   -197.343477  4  4  3 387       
PG18 -13954.624496   6028.160191 -21737.322686   -263.644281  4  6  5 242       
PG19   2988.563518 -15214.481623  21480.480198    704.956793  5  4  1 247       
PG20 -14407.032073 -11491.705881 -19062.413569    278.363777  5  8  6 401       
PG21     98.858906 -22759.580730 -13653.282194    369.391665  5  8  3 251       
PG22   9949.140704 -24470.135215   4414.598404     74.151147  2  6  3 256       
PG24 -21016.374086 -14233.630455   7824.528191    193.497875  5  7  7 258       
PG25 -17314.895684   9833.514294  17098.772838    391.522951  7  4  3 257       
PG26  -1686.075186  25102.364111  -8083.258816   -391.800243  3  5  4 256       
PG28   -622.850403  19589.999588  17915.304871   -422.813109  4  6  6 258       
PG29 -25794.906015   4486.051704  -5013.073773   -249.000611  2  6  5 246       
PG30   5673.191727 -16541.207480 -19714.208939    353.472086  4  7  7 262       
PG31   7546.410001  23137.266989   9982.141211   -122.888084  4  8  5 263       
*  2026  9  5  7 30  0.00000000
PG04  25758.981977   1138.108412   6793.066546     64.733505  3  4  2 250       
PG05  -8260.734295 -16550.568898 -19223.986507   -236.541108  7  8  4 250       
PG06     58.981322 -19333.435653  18207.669043   -531.928473  4  4  4 246       
PG07  16702.491512  -2277.030679 -19981.836356   -221.850867  3  6  4 263       
PG09  25178.497481  -7793.931631  -3748.530104    685.682948  2  4  4 253       
PG11 -10063.126241 -23047.016791   8745.749046   -219.772578  5  8  1 250       
PG13 -13636.695604  -7068.827116  21591.550847    438.175553  6 10  2 267       
PG14  13202.640397 -21921.454345  -6341.014656    749.973215  3  6  4 248       
PG15 -20982.044140  -4755.119547 -16146.641047    442.199539  3  6  3 420       
PG17  17711.780866 -13091.852546  15409.231924   -197.347976  4  4  3 387       
PG18 -15415.270689   4041.168757 -21232.355519   -263.636269  5  7  4 243       
PG19   5432.472174 -15246.860856  20922.352602    704.956918  5  3  1 248       
PG20 -12193.018745 -11968.786973 -20272.496918    278.371905  6  8  5 401       
PG21    842.411203 -23997.034354 -11304.444195    369.384470  6  8  3 251       
PG22  10300.229116 -24636.402073   1611.981784     74.158988  2  6  3 254       
PG24 -21372.985687 -15013.644340   5172.233929    193.513473  5  8  7 259       
PG25 -16750.437104   7783.552758  18647.835421    391.519786  7  4  3 257       
PG26  -2237.159373  25732.039412  -5417.595227   -391.801451  4  5  5 257       
PG28  -2083.237234  18028.209307  19386.666538   -422.803406  4  5  6 260       
PG29 -26219.291854   4271.923037  -2210.154129   -248.993983  3  6  5 248       
PG30   7245.922718 -14775.259809 -20595.679924    353.483121  4  6  7 262       
PG31   6540.712247  22223.869778  12423.993026   -122.885584  5  7  4 262       
*  2026  9  5  7 45  0.00000000
PG04  24883.974559   1482.927155   9457.352466     64.733666  3  3  2 237       
PG05  -7603.648224 -18518.542457 -17617.100634   -236.541499  7  8  5 228       
PG06   1531.095425 -17754.812269  19708.402790   -531.918793  4  2  4 218       
PG07  18186.555343   -464.608535 -18846.862238   -221.853641  4  6  4 251       
PG09  25478.267668  -7629.336479   -902.019327    685.674922  3  4  4 240       
PG11  -9175.196264 -22308.197471  11280.222738   -219.761845  6  7  1 235       
PG13 -12920.849996  -9423.687714  21126.879092    438.179885  6 10  2 259       
PG14  13210.026479 -20967.532070  -8988.234420    749.972922  3  6  4 223       
PG15 -19324.803239  -5609.227794 -17906.154189    442.202206  4  7  3 420       
PG17  19296.431549 -13158.980568  13273.124090   -197.351990  4  5  3 387       
PG18 -16928.082614   2197.247904 -20361.524698   -263.628360  5  7  4 215       
PG19   7793.127259 -15394.716590  19999.814413    704.956917  5  2  1 226       
PG20  -9892.231667 -12586.765834 -21131.855574    278.379971  6  9  5 401       
PG21   1427.094467 -25010.561787  -8760.604114    369.377220  5  8  3 229       
PG22  10517.914638 -24530.515818  -1217.761102     74.166909  2  5  4 236       
PG24 -21543.576834 -15566.837103   2431.519921    193.528959  6  8  7 245       
PG25 -16240.052636   5557.481156  19864.416908    391.516563  6  4  2 241       
PG26  -2693.857055  26086.660413  -2656.918514   -391.802743  4  5  5 243       
PG28  -3723.900774  16437.025465  20524.257971   -422.793871  5  4  6 249       
PG29 -26338.902930   4039.105820    630.391570   -248.987800  3  6  5 220       
PG30   8953.074290 -13028.134530 -21114.764588    353.494088  4  6  7 249       
PG31   5316.822873  21157.667397  14645.314572   -122.883247  5  7  5 245       
*  2026  9  5  8  0  0.00000000
PG04  23744.885371   1941.233573  11960.718744     64.733863  4  3  2 218       
PG05  -7098.058328 -20327.325899 -15710.669357   -236.541703  7  8  5 218       
PG06   3192.493868 -16152.980103  20870.408822   -531.909084  3  1  4 193       
PG07  19648.225715   1160.609980 -17373.830131   -221.856451  4  5  4 260       
PG09  25477.880128  -7386.525700   1959.919914    685.666926  3  4  4 230       
PG11  -8062.609891 -21415.376521  13622.048746   -219.751120  6  6  2 214       
PG13 -12343.447150 -11740.578032  20296.087471    438.184241  7 10  2 259       
PG14  13185.257142 -19733.147391 -11477.242421    749.972659  3  6  4 208       
PG15 -17554.011282  -6620.128131 -19370.230303    442.204885  5  7  2 420       
PG17  20631.973658 -13255.506203  10916.249590   -197.356109  4  5  3 387       
PG18 -18453.544990    524.633432 -19140.720054   -263.620376  6  7  4 195       
PG19  10024.874499 -15641.003671  18727.434968    704.957124  5  2  1 206       
PG20  -7553.139095 -13345.795791 -21625.586152    278.388176  7  9  5 401       
PG21   1876.894334 -25767.656421  -6065.623565    369.369995  5  7  3 212       
PG22  10635.591475 -24136.915796  -4026.880109     74.174671  2  4  4 229       
PG24 -21500.154911 -15914.307978   -350.495338    193.544423  6  8  7 244       
PG25 -15811.442144   3194.455469  20727.083075    391.513400  6  4  2 228       
PG26  -3087.197173  26149.510516    150.509050   -391.804010  5  5  6 213       
PG28  -5524.669143  14859.463861  21308.570819   -422.784179  5  4  6 250       
PG29 -26156.966772   3750.698887   3460.195922   -248.981368  3  6  5 202       
PG30  10767.099305 -11339.313703 -21262.915640    353.505079  4  6  7 241       
PG31   3873.810737  19981.259450  16606.335356   -122.880683  5  6  4 227       
*  2026  9  5  8 15  0.00000000
PG04  22372.739555   2539.850595  14260.487267     64.734122  4  3  2 228       
PG05  -6726.506733 -21934.611367 -13536.702439   -236.541512  7  8  5 246       
PG06   5021.937588 -14572.509826  21674.245693   -531.899313  3  1  3 212       
PG07  21044.207941   2582.361370 -15591.217990   -221.859471  5  5  4 262       
PG09  25189.381244  -7029.782389   4788.265129    685.659046  3  4  4 231       
PG11  -6722.108900 -20409.816015  15731.289818   -219.740337  6  6  3 226       
PG13 -11903.860879 -13971.120056  19113.590339    438.188673  8 10  3 262       
PG14  13164.597587 -18232.943885 -13764.256567    749.972470  4  5  4 220       
PG15 -15712.907308  -7787.920478 -20515.790097    442.207625  6  7  2 420       
PG17  21699.567958 -13345.728114   8377.382472   -197.360205  4  5  3 387       
PG18 -19948.898858   -956.210454 -17591.743671   -263.612402  7  7  4 210       
PG19  12086.161983 -15961.683832  17126.149285    704.957500  5  3  1 226       
PG20  -5224.209145 -14237.840250 -21745.141445    278.396367  7  8  4 401       
PG21   2221.367179 -26242.673684  -3265.988138    369.362831  5  7  3 224       
PG22  10689.351710 -23448.144282  -6767.596729     74.183029  2  4  4 249       
PG24 -21220.503607 -16083.088030  -3126.660323    193.559975  6  8  6 247       
PG25 -15485.876711    738.679160  21220.951916    391.510335  6  5  1 239       
PG26  -3450.673602  25912.153108   2955.252858   -391.805168  5  5  6 227       
PG28  -7457.877576  13335.207751  21726.184175   -422.774276  5  4  6 246       
PG29 -25685.219516   3371.484886   6231.036625   -248.975155  4  6  4 222       
PG30  12654.321720  -9743.454999 -21038.250213    353.516128  4  6  6 244       
PG31   2219.487585  18738.535095  18271.979133   -122.877910  4  5  4 241       
*  2026  9  5  8 30  0.00000000
PG04  20804.592075   3299.323887  16317.368772     64.734387  4  3  2 230       
PG05  -6464.606187 -23303.252148 -11131.828923   -236.542782  7  7  5 219       
PG06   6990.489359 -13054.304754  22106.648647   -531.889540  3  1  3 213       
PG07  22331.079224   3793.221725 -13532.780804   -221.862659  6  5  3 268       
PG09  24632.956999  -6526.978221   7534.432943    685.651126  4  4  3 229       
PG11  -5158.831908 -19334.042205  17571.963269   -219.729499  6  5  3 227       
PG13 -11593.446178 -16068.702839  17599.931983    438.193081  8 10  4 262       
PG14  13181.881519 -16489.833069 -15809.156045    749.972263  4  5  5 221       
PG15 -13844.700549  -9105.137974 -21324.879493    442.210402  6  7  2 420       
PG17  22488.230720 -13391.936003   5698.451160   -197.364125  4  5  3 387       
PG18 -21369.732784  -2233.149434 -15741.882088   -263.604423  7  7  5 211       
PG19  13941.024022 -16326.687577  15222.969861    704.957336  4  3  1 219       
PG20  -2952.206095 -15246.892545 -21488.480552    278.404520  7  8  3 401       
PG21   2494.291982 -26417.811445   -409.999643    369.355574  5  6  3 223       
PG22  10716.460403 -22465.286522  -9392.885372     74.190699  2  4  4 237       
PG24 -20689.045275 -16104.881831  -5850.543395    193.575481  6  8  6 246       
PG25 -15277.336756  -1762.179870  21337.949863    391.507215  5  5  1 241       
PG26  -3818.702177  25374.846858   5707.634018   -391.806373  5  5  6 228       
PG28  -9489.259675  11899.167860  21769.989707   -422.764653  5  4  5 246       
PG29 -24943.445119   2869.472319   8895.634976   -248.968734  4  6  4 224       
PG30  14576.131515  -8269.175256 -20445.534110    353.527175  4  6  6 244       
PG31    370.322013  17472.910111  19612.562224   -122.875210  4  5  4 247       
*  2026  9  5  8 45  0.00000000
PG04  19082.187955   4232.945747  18096.119292     64.734693  4  3  3 233       
PG05  -6282.113346 -24402.592877  -8536.720533   -236.542968  7  7  5 221       
PG06   9062.468309 -11634.127183  22160.718702   -531.879778  3  1  2 218       
PG07  23466.981100   4794.563340 -11236.753807   -221.865521  7  6  4 266       
PG09  23836.137705  -5851.017863  10151.109530    685.643182  4  4  3 230       
PG11  -3386.314337 -18230.202828  19112.638462   -219.718691  6  4  3 231       
PG13 -11395.990573 -17990.126578  15781.420465    438.197467  9 10  4 262       
PG14  13267.021736 -14534.230205 -17576.225047    749.972027  5  5  5 224       
PG15 -11991.116887 -10556.907662 -21784.866925    442.213178  7  7  2 420       
PG17  22995.160851 -13355.944068   2923.933513   -197.368495  4  5  3 387       
PG18 -22671.636770  -3302.611382 -13623.395643   -263.596405  7  7  5 216       
PG19  15560.361802 -16701.147936  13050.565025    704.957407  4  3  1 223       
PG20   -780.559263 -16349.519564 -20860.102677    278.412699  7  8  3 401       
PG21   2732.157064 -26283.798858   2453.064177    369.348366  4  6  3 227       
PG22  10753.770655 -21198.106003 -11857.269490     74.198894  2  4  4 246       
PG24 -19897.452040 -16014.675260  -8477.134364    193.590968  6  9  5 245       
PG25 -15191.971467  -4258.706451  21076.917731    391.504107  5  5  1 244       
PG26  -4225.025811  24546.621003   8358.683463   -391.807602  5  4  6 231       
PG28 -11579.099286  10580.239494  21439.308273   -422.755025  5  4  4 247       
PG29 -23958.722029   2217.319323  11408.442696   -248.962413  4  5  4 232       
PG30  16490.378691  -6938.095399 -19496.035883    353.538204  5  6  5 245       
PG31  -1649.008121  16225.594962  20604.376470   -122.872530  4  4  4 252       
*  2026  9  5  9  0  0.00000000
PG04  17250.454416   5346.055596  19566.135686     64.734974  5  3  3 238       
PG05  -6144.238042 -25209.572205  -5795.440928   -236.543247  6  6  5 239       
PG06  11196.663660 -10341.339479  21836.004382   -531.869914  4  1  2 233       
PG07  24413.220331   5596.153055  -8745.003123   -221.868439  7  6  4 254       
PG09  22832.728836  -4981.098961  12593.068871    685.635335  4  4  3 244       
PG11  -1426.170480 -17138.452239  20326.960482   -219.707862  6  3  3 237       
PG13 -11288.472904 -19697.119681  13689.657827    438.201883  9  9  5 262       
PG14  13444.693950 -12402.996910 -19034.803287    749.971843  5  4  5 234       
PG15 -10191.016294 -12121.373134 -21888.579233    442.215876  7  7  2 420       
PG17  23225.781607 -13200.666705    100.200005   -197.372611  4  5  3 387       
PG18 -23811.855879  -4169.489127 -11272.936203   -263.588391  8  7  5 227       
PG19  16922.963138 -17046.859037  10646.707187    704.957800  4  4  1 236       
PG20   1252.132244 -17515.707996 -19870.964152    278.420916  7  7  3 401       
PG21   2972.541649 -25840.266598   5273.807291    369.341165  4  5  2 239       
PG22  10836.137591 -19664.862103 -14117.620325     74.206931  3  4  4 251       
PG24 -18844.992722 -15849.263265 -10963.490052    193.606558  7  9  5 249       
PG25 -15227.899528  -6701.514974  20443.567452    391.501051  4  5  2 250       
PG26  -4701.136670  23445.001900  10861.098507   -391.808716  5  4  6 242       
PG28 -13683.599057   9400.303941  20739.896436   -422.745364  5  5  4 252       
PG29 -22764.404540   1393.584744  13726.405263   -248.955736  4  5  4 232       
PG30  18352.907556  -5764.181844 -18207.257954    353.549293  5  6  5 250       
PG31  -3806.406528  15033.969313  21230.141525   -122.869708  4  3  4 256       
*  2026  9  5  9 15  0.00000000
PG04  15355.880199   6635.645038  20701.980863     64.735222  5  3  3 235       
PG05  -6013.140911 -25709.554257  -2954.728630   -236.543541  6  6  5 232       
PG06  13347.760613  -9197.905365  21138.477182   -531.860111  4  3  2 224       
PG07  25135.715900   6215.425176  -6102.151140   -221.871488  8  6  4 253       
PG09  21661.507164  -3903.736755  14817.964485    685.627393  4  4  2 237       
PG11    692.531223 -16095.424944  21194.092240   -219.696996  5  3  2 229       
PG13 -11242.098587 -21157.669733  11360.975831    438.206259  9  9  5 259       
PG14  13733.248454 -10138.135573 -20159.829675    749.971605  5  4  5 225       
PG15  -8479.123932 -13770.363374 -21634.378389    442.218337  7  6  2 420       
PG17  23193.490362 -12891.681107  -2725.190719   -197.376636  5  5  3 387       
PG18 -24750.881919  -4846.722337  -8730.904880   -263.580428  8  7  5 217       
PG19  18016.213483 -17323.900662   8053.598998    704.957837  4  3  1 227       
PG20   3113.401133 -18709.979970 -18538.280464    278.429008  7  6  3 401       
PG21   3252.456370 -25095.783984   8003.574850    369.333966  4  5  2 231       
PG22  10994.892723 -17891.808676 -16133.944079     74.214481  3  5  4 233       
PG24 -17538.611907 -15645.750776 -13269.321720    193.622018  7  9  5 242       
PG25 -15375.355071  -9043.010056  19450.295374    391.497917  4  5  3 247       
PG26  -5274.785040  22095.398118  13170.176935   -391.809983  4  4  6 236       
PG28 -15756.413509   8373.511813  19683.843143   -422.735740  5  5  4 249       
PG29 -21398.875957    383.758066  15809.689963   -248.949473  4  5  3 227       
PG30  20119.167797  -4753.406228 -16602.554809    353.560373  6  6  5 247       
PG31  -6063.458296  13930.133307  21479.315577   -122.867167  4  2  4 253       
*  2026  9  5  9 30  0.00000000
PG04  13444.841863   8090.284532  21483.829900     64.735499  5  3  3 231       
PG05  -5849.563780 -25896.854479    -63.223089   -236.543951  6  5  5 228       
PG06  15467.924046  -8217.686617  20080.403344   -531.850284  4  3  3 214       
PG07  25606.240459   6676.473727  -3354.700927   -221.874553  9  6  4 253       
PG09  20364.730932  -2613.510849  16787.080091    685.619462  4  4  2 231       
PG11   2934.177326 -15132.854833  21699.068267   -219.686169  5  4  2 224       
PG13 -11223.569332 -22347.116796   8835.788248    438.210655 10  9  5 257       
PG14  14143.893704  -7785.290828 -20932.268893    749.971395  5  4  5 214       
PG15  -6884.913924 -15470.285619 -21026.180371    442.221081  7  6  2 420       
PG17  22919.119569 -12398.719834  -5504.238115   -197.380524  5  4  3 387       
PG18 -25453.924917  -5354.578658  -6040.761277   -263.572474  8  7  6 205       
PG19  18836.463198 -17492.360469   5317.090173    704.958036  4  3  1 222       
PG20   4777.969884 -19892.734155 -16885.217285    278.437141  6  5  3 401       
PG21   3606.708406 -24067.561576  10595.298932    369.326732  4  4  2 222       
PG22  11256.440378 -15912.384371 -17870.141576     74.222869  4  5  3 243       
PG24 -15992.745961 -15440.077739 -15357.524145    193.637496  7  9  5 235       
PG25 -15617.167013 -11239.057863  18115.862190    391.494815  3  5  4 246       
PG26  -5968.641687  20530.167450  15244.703557   -391.811250  4  3  6 230       
PG28 -17750.288157   7505.875061  18289.358583   -422.726096  5  5  4 248       
PG29 -19904.119318   -818.972459  17622.367027   -248.943021  4  5  3 219       
PG30  21745.837078  -3903.731502 -14710.650473    353.571398  7  6  5 242       
PG31  -8376.790260  12939.697135  21348.258466   -122.864511  4  3  3 254       
*  2026  9  5  9 45  0.00000000
PG04  11561.939231   9690.377032  21897.828997     64.735747  6  3  3 231       
PG05  -5614.531042 -25774.936378   2829.354953   -236.544013  5  4  5 217       
PG06  17508.480445  -7406.059099  18680.115733   -531.840473  4  4  3 209       
PG07  25803.416746   7008.817244   -550.180176   -221.877483  9  6  4 251       
PG09  18986.520703  -1113.501929  18466.024827    685.611558  5  4  2 224       
PG11   5257.770089 -14276.392073  21833.054563   -219.675340  5  4  2 221       
PG13 -11196.536001 -23248.967096   6157.872345    438.215017 10  9  5 255       
PG14  14680.183502  -5392.120857 -21339.414209    749.971168  5  4  5 207       
PG15  -5431.680479 -17183.214194 -20073.416371    442.223832  7  6  3 420       
PG17  22430.122146 -11697.036571  -8189.280137   -197.384902  6  4  3 387       
PG18 -25892.211534  -5719.664649  -3248.295698   -263.564439  9  8  5 195       
PG19  19389.031256 -17514.079410   2485.802295    704.957959  5  3  1 210       
PG20   6228.524855 -21021.759478 -14940.476614    278.445269  5  4  3 401       
PG21   4066.355917 -22780.830954  13004.315313    369.319545  4  3  2 216       
PG22  11641.035600 -13766.118232 -19294.723039     74.230725  5  5  3 236       
PG24 -14228.888361 -15265.616027 -17194.647466    193.652963  7  9  5 228       
PG25 -15929.545440 -13250.500869  16464.952949    391.491725  3  5  4 247       
PG26  -6799.174042  18787.404471  17047.765084   -391.812524  4  3  5 226       
PG28 -19618.742210   6795.182483  16580.458999   -422.716476  6  5  4 246       
PG29 -18324.158531  -2213.244813  19133.032491   -248.936633  4  4  2 217       
PG30  23192.391051  -3205.418869 -12565.069080    353.582457  7  6  5 240       
PG31 -10699.632114  12080.858719  20840.246079   -122.861757  4  4  3 258       
*  2026  9  5 10  0  0.00000000
PG04   9748.402385  11408.731949  21936.360064     64.736009  6  3  3 231       
PG05  -5271.056229 -25356.267818   5673.055928   -236.544173  5  4  5 207       
PG06  19421.635410  -6759.860132  16961.690771   -531.830721  5  4  3 177       
PG07  25713.441820   7245.994455   2263.679042   -221.880536  9  6  4 252       
PG09  17571.173273    584.602005  19825.359168    685.603619  5  4  2 216       
PG11   7618.297595 -13544.662453  21593.509970   -219.664579  5  4  2 223       
PG13 -11123.176171 -23855.396459   3373.593485    438.219364 10  8  6 252       
PG14  15337.825935  -3006.605730 -21375.063380    749.970929  5  4  5 197       
PG15  -4135.826158 -18868.141972 -18790.935455    442.226597  7  5  3 420       
PG17  21759.505008 -10768.590376 -10733.797919   -197.388746  6  4  2 387       
PG18 -26044.064505  -5973.706120   -400.875367   -263.556482  9  8  5 191       
PG19  19687.842334 -17354.343294   -389.817086    704.958180  5  3  1 205       
PG20   7456.177674 -22053.861879 -12737.786067    278.453416  4  3  3 401       
PG21   4657.312830 -21267.926035  15189.136678    369.312363  5  2  2 202       
PG22  12161.797960 -11497.286658 -20381.459701     74.238886  5  5  3 244       
PG24 -12274.923322 -15151.881759 -18751.313686    193.668418  7  8  6 213       
PG25 -16283.136021 -15044.457801  14527.633234    391.488601  3  5  5 246       
PG26  -7775.786852  16909.500697  18547.471395   -391.813791  3  4  5 219       
PG28 -21317.730713   6231.241100  14586.552883   -422.706860  6  5  4 245       
PG29 -16703.428090  -3789.362010  20315.361916   -248.930277  5  4  1 218       
PG30  24422.560422  -2641.637231 -10203.493337    353.593500  8  6  4 236       
PG31 -12983.510241  11363.805241  19965.339721   -122.859167  5  4  2 258       
*  2026  9  5 10 15  0.00000000
PG04   8040.630621  13211.440696  21598.204800     64.736274  6  4  2 231       
PG05  -4785.786480 -24661.838583   8418.572369   -236.544246  4  3  5 187       
PG06  21162.163280  -6267.667061  14954.536330   -531.820986  5  5  3 182       
PG07  25330.524182   7424.051256   5039.712661   -221.883796  9  6  4 259       
PG09  16161.474417   2460.737445  20841.138504    685.595740  6  4  2 220       
PG11   9968.263133 -12948.605150  20984.245728   -219.653765  5  4  2 220       
PG13 -10965.833290 -24167.425325    531.087738    438.223772 10  8  6 249       
PG14  16104.818266   -675.361309 -21039.567981    749.970729  5  4  5 201       
PG15  -3006.391418 -20482.356288 -17198.846732    442.229306  6  5  3 420       
PG17  20944.544766  -9602.997959 -13093.232645   -197.393260  7  4  2 387       
PG18 -25895.725589  -6152.144943   2453.324625   -263.548531  9  8  6 196       
PG19  19754.711574 -16983.445043  -3258.486597    704.958209  6  3  1 197       
PG20   8460.597470 -22946.540183 -10315.301166    278.461588  2  2  3 401       
PG21   5399.158961 -19567.101905  17112.168611    369.305157  5  2  2 201       
PG22  12824.007960  -9153.369720 -21109.953685     74.246728  5  6  3 239       
PG24 -10164.252470 -15123.401809 -20002.579983    193.683884  6  8  6 206       
PG25 -16644.293346 -16595.361636  12338.719203    391.485496  3  5  5 244       
PG26  -8900.265508  14941.540108  19717.564416   -391.815058  3  3  4 220       
PG28 -22807.222787   5796.433251  12341.935581   -422.697115  7  5  5 198       
PG29 -15085.132757  -5529.453833  21148.584676   -248.923835  4  3  1 206       
PG30  25405.620785  -2189.345391  -7667.066080    353.604603  8  6  4 236       
PG31 -15180.001668  10790.458908  18740.118439   -122.856347  5  4  2 257       
*  2026  9  5 10 30  0.00000000
PG04   6468.919483  15059.023535  20888.603294     64.736551  7  4  2 235       
PG05  -4130.518654 -23720.354304  11018.112554   -236.544555  4  3  4 198       
PG06  22689.006744  -5910.394857  12692.897381   -531.811189  6  5  2 196       
PG07  24657.030066   7579.978855   7732.041081   -221.886640  9  5  4 256       
PG09  14797.077028   4487.029374  21495.362614    685.587802  6  4  2 221       
PG11  12259.317565 -12491.114728  20015.381154   -219.642966  5  4  3 227       
PG13 -10688.652194 -24194.760236  -2320.582048    438.228139 10  7  6 249       
PG14  16961.898275   1557.974520 -20339.759582    749.970510  5  4  5 210       
PG15  -2044.843450 -21982.897021 -15322.298219    442.231954  5  4  3 420       
PG17  20025.329463  -8198.210062 -15225.800218   -197.397071  7  4  2 387       
PG18 -25441.893860  -6292.605206   5266.095445   -263.540607  9  7  5 210       
PG19  19618.308228 -16378.047746  -6069.102885    704.958322  6  3  1 204       
PG20   9249.810571 -23659.645403  -7714.931999    278.469760  1  1  3 401       
PG21   6304.202277 -17721.137272  18740.355924    369.297979  5  2  3 205       
PG22  13624.722313  -6783.365244 -21466.108091     74.254506  6  6  3 230       
PG24  -7934.744128 -15198.768035 -20928.250777    193.699345  5  7  6 204       
PG25 -16976.516612 -17885.701185   9937.079960    391.482307  3  5  5 243       
PG26 -10166.545882  12929.600261  20537.899847   -391.816286  3  3  3 222       
PG28 -24052.635772   5466.567160   9885.200859   -422.687522  7  6  4 210       
PG29 -13509.659632  -7407.958495  21617.869403   -248.917642  4  3  1 226       
PG30  26117.468899  -1820.407492  -4999.650054    353.615681  9  6  3 238       
PG31 -17242.474645  10354.571457  17187.286058   -122.853566  5  4  2 264       
*  2026  9  5 10 45  0.00000000
PG04   5056.425611  16907.806684  19819.203641     64.736810  7  4  1 237       
PG05  -3283.524736 -22567.135073  13426.260149   -236.544700  5  2  4 202       
PG06  23966.727850  -5662.189127  10215.287018   -531.801380  6  5  2 194       
PG07  23703.345314   7750.160335  10296.725145   -221.889811  9  5  5 261       
PG09  13513.009198   6628.668196  21776.320792    685.579861  6  4  3 218       
PG11  14443.934120 -12167.001952  18703.194768   -219.632156  5  4  4 228       
PG13 -10259.146351 -23955.309917  -5132.281031    438.232551 10  6  6 249       
PG14  17883.289733   3654.221031 -19288.758933    749.970282  6  4  5 211       
PG15  -1245.135303 -23328.050988 -13191.188999    442.234581  5  4  3 420       
PG17  19043.179060  -6560.876788 -17093.287216   -197.401352  7  4  2 387       
PG18 -24685.961293  -6433.285524   7989.963878   -263.532634  9  7  5 210       
PG19  19312.844717 -15522.288058  -8771.744851    704.958302  7  3  1 203       
PG20   9839.677327 -24156.958693  -4981.606912    278.477927  1  2  3 401       
PG21   7376.830087 -15775.774905  20045.748307    369.290780  5  2  4 202       
PG22  14552.731702  -4436.027414 -21442.480682     74.262508  6  6  3 230       
PG24  -5627.538918 -15389.907184 -21513.139892    193.714894  5  7  6 203       
PG25 -17241.986675 -18906.445136   7364.890660    391.479161  3  5  5 244       
PG26 -11560.819054  10919.032824  20994.791586   -391.817547  4  3  3 223       
PG28 -25026.070594   5211.987429   7258.579318   -422.677977  7  6  4 214       
PG29 -12013.103712  -9392.409005  21714.612191   -248.911132  4  2  1 223       
PG30  26541.448446  -1502.894397  -2247.060501    353.626755  9  6  3 238       
PG31 -19127.744986  10042.156504  15335.167518   -122.851035  5  4  2 263       
*  2026  9  5 11  0  0.00000000
PG04   3818.410658  18711.479194  18407.900708     64.736984  7  4  2 249       
PG05  -2230.630744 -21242.759534  15600.802483   -236.544685  6  2  4 238       
PG06  24966.757246  -5491.580343   7563.851192   -531.791543  6  5  2 240       
PG07  22487.467952   7968.878638  12692.359987   -221.892780  9  5  5 264       
PG09  12338.372195   8845.067442  21678.824335    685.571916  6  4  3 237       
PG11  16477.062938 -11963.276134  17069.871649   -219.621454  5  4  4 245       
PG13  -9649.635338 -23474.396710  -7855.652494    438.236910 10  5  7 258       
PG14  18837.708333   5579.943998 -17905.676546    749.969936  6  4  4 236       
PG15   -594.038792 -24478.834138 -10839.811029    442.237322  4  3  3 420       
PG17  18039.004642  -4706.377691 -18661.809824   -197.405597  7  3  2 387       
PG18 -23639.938118  -6611.336384  10578.947537   -263.524692  8  6  5 238       
PG19  18876.550479 -14408.572036 -11318.643499    704.958385  7  2  1 239       
PG20  10253.068356 -24407.626603  -2162.486932    278.485997  1  3  4 401       
PG21   8613.174560 -13778.060493  21005.975859    369.283526  4  3  4 229       
PG22  15588.869945  -2158.102226 -21038.506813     74.270377  6  6  3 238       
PG24  -3285.748750 -15701.588528 -21747.283291    193.730299  4  6  6 230       
PG25 -17403.141785 -19657.140852   4666.853983    391.475983  3  5  5 247       
PG26 -13061.963702   8952.797199  21081.213533   -391.818711  4  3  2 248       
PG28 -25707.301207   4998.901946   4507.214842   -422.668333  8  6  4 236       
PG29 -10625.964418 -11444.497057  21436.620498   -248.904660  3  2  1 237       
PG30  26668.898708  -1202.518164    543.715677    353.637830  9  6  3 241       
PG31 -20797.583077   9832.234640  13217.111218   -122.848567  5  5  2 263       
*  2026  9  5 11 15  0.00000000
PG04   2761.795345  20422.771360  16678.564032     64.737335  7  4  2 236       
PG05   -966.002506 -19791.506298  17503.509987   -236.545006  6  1  3 215       
PG06  25668.395828  -5362.855674   4783.676232   -531.781650  6  5  2 216       
PG07  21034.353887   8266.933671  14880.607338   -221.896012  9  5  5 265       
PG09  11295.280968  11091.258402  21204.320270    685.564062  6  4  3 204       
PG11  18317.702879 -11859.739571  15143.149410   -219.610551  5  4  4 226       
PG13  -8838.496627 -22783.695891 -10443.948268    438.241446 10  4  7 256       
PG14  19789.584833   7308.508878 -16215.214826    749.969760  6  4  4 207       
PG15    -71.746339 -25400.411296  -8306.417169    442.240102  4  3  2 420       
PG17  17051.671522  -2658.505326 -19902.516181   -197.409727  7  3  1 387       
PG18 -22324.071072  -6861.281631  12989.286827   -263.516604  7  6  5 196       
PG19  18349.999535 -13038.030502 -13665.092402    704.958570  7  2  1 215       
PG20  10518.774094 -24387.398146    693.854700    278.494188  2  4  4 401       
PG21  10001.105634 -11774.644038  21604.626823    369.276444  3  3  5 196       
PG22  16706.667802      7.365572 -20260.580545     74.278491  6  6  3 227       
PG24   -953.088918 -16131.185125 -21626.101692    193.745874  4  6  5 203       
PG25 -17424.230368 -20145.693032   1889.406296    391.472924  4  5  5 243       
PG26 -14642.284123   7069.916975  20796.858287   -391.819848  4  3  2 238       
PG28 -26084.480366   4790.873359   1678.391285   -422.658631  8  7  4 194       
PG29  -9372.064577 -13521.376139  20788.187152   -248.898176  2  3  1 206       
PG30  26499.410354   -884.143272   3325.301503    353.649006  9  6  3 235       
PG31 -22220.014876   9697.853860  10870.815234   -122.845912  6  5  3 262       
*  2026  9  5 11 30  0.00000000
PG04   1885.042996  21995.190746  14660.656914     64.737531  7  4  2 249       
PG05    507.396974 -18259.653649  19100.849699   -236.545353  6  1  3 233       
PG06  26059.531775  -5237.596964   1922.048899   -531.771882  6  4  1 236       
PG07  19375.044053   8670.410153  16826.668449   -221.899013  8  5  5 268       
PG09  10398.090339  13319.467784  20360.882683    685.556061  5  4  4 230       
PG11  19930.330582 -11829.872619  12955.866892   -219.599826  5  3  4 244       
PG13  -7811.183430 -21919.945613 -12852.825215    438.245813 10  3  7 259       
PG14  20700.454781   8820.861903 -14247.183123    749.969460  6  5  3 234       
PG15    347.271935 -26063.402709  -5632.712801    442.242871  5  3  2 420       
PG17  16116.434010   -448.805258 -20792.212000   -197.413851  7  2  1 387       
PG18 -20766.168108  -7213.541553  15180.144900   -263.508714  6  5  5 234       
PG19  17774.366423 -11420.617405 -15770.276754    704.958514  7  2  1 238       
PG20  10670.191754 -24079.616216   3538.273100    278.502262  3  4  3 401       
PG21  11520.551653  -9810.109028  21831.521635    369.269176  2  3  5 224       
PG22  17873.328499   2022.580789 -19121.986879     74.286682  6  6  4 246       
PG24   1327.514877 -16668.698178 -21150.511141    193.761301  5  5  5 224       
PG25 -17272.782545 -20387.839133   -920.076825    391.469665  4  5  5 245       
PG26 -16268.518607   5304.121664  20148.056762   -391.821088  4  3  2 244       
PG28 -26154.534817   4550.416894  -1179.277491   -422.649056  8  7  4 231       
PG29  -8267.735311 -15577.155658  19780.050729   -248.891814  3  3  2 234       
PG30  26040.783527   -513.317043   6050.700782    353.660001  8  6  3 240       
PG31 -23370.370671   9607.337886   8337.595605   -122.843180  6  5  2 268       
*  2026  9  5 11 45  0.00000000
PG04   1178.379213  23384.748601  12388.751030     64.737746  7  4  2 257       
PG05   2177.700588 -16693.705231  20364.616696   -236.545497  6  2  3 247       
PG06  26137.046186  -5076.327272   -972.320632   -531.762052  6  4  1 246       
PG07  17545.606014   9199.631425  18499.700684   -221.902004  8  4  5 271       
PG09   9652.938490  15480.816552  19163.080607    685.548121  5  4  4 242       
PG11  21286.131531 -11841.976587  10545.421442   -219.589060  5  3  4 254       
PG13  -6560.969840 -20923.478684 -15041.094582    438.250189 10  3  7 262       
PG14  21530.459047  10106.014530 -12035.937845    749.969237  7  5  3 245       
PG15    693.178850 -26445.027604  -2863.269769    442.245509  5  3  1 420       
PG17  15263.509198   1884.409258 -21313.889653   -197.417780  7  3  1 387       
PG18 -19000.653205  -7693.111538  17114.266963   -263.500743  5  5  5 246       
PG19  17189.686863  -9574.851381 -17598.002726    704.958649  7  2  1 247       
PG20  10743.842115 -23475.925644   6321.897541    278.510390  3  4  3 401       
PG21  13144.135342  -7925.393290  21682.879226    369.261973  1  4  5 239       
PG22  19050.986502   3856.333244 -17642.682720     74.294489  7  6  4 248       
PG24   3515.301488 -17297.047130 -20326.978266    193.776800  5  5  5 238       
PG25 -16920.947377 -20406.348805  -3714.063008    391.466455  4  4  5 251       
PG26 -17903.071883   3682.726230  19147.566724   -391.822282  4  3  3 251       
PG28 -25923.234871   4240.642230  -4016.680444   -422.639460  8  7  4 244       
PG29  -7321.300281 -17564.529669  18429.240525   -248.885391  3  3  3 246       
PG30  25308.693979    -57.762445   8674.048012    353.671084  8  6  3 248       
PG31 -24232.047112   9525.707546   5661.614572   -122.840660  6  5  2 270       
*  2026  9  5 12  0  0.00000000
PG04    624.340964  24551.608789   9901.943190     64.737973  7  4  3 262       
PG05   4024.388302 -15138.613232  21272.468806   -236.545622  5  3  4 255       
PG06  25906.891625  -4840.204186  -3850.101850   -531.752276  7  4  1 253       
PG07  15585.926572   9868.327839  19873.181185   -221.905302  7  4  4 250       
PG09   9057.626464  17527.072812  17631.724189    685.540170  5  4  5 249       
PG11  22363.984936 -11860.531263   7953.142459   -219.578300  6  2  4 259       
PG13  -5089.395271 -19836.633723 -16971.412259    438.254550 10  4  7 267       
PG14  22239.896582  11161.218468  -9619.760137    749.968988  6  5  2 251       
PG15    999.481057 -26530.037636    -44.863419    442.248137  6  4  1 420       
PG17  14516.853350   4297.334456 -21457.142187   -197.421804  7  3  1 387       
PG18 -17067.384171  -8318.445188  18758.590503   -263.492784  5  5  5 253       
PG19  16633.197303  -7527.216855 -19117.313199    704.958687  7  2  1 250       
PG20  10777.774820 -22576.671388   8996.967807    278.518507  4  4  4 401       
PG21  14838.100657  -6156.361592  21161.373427    369.254841  1  4  5 247       
PG22  20198.197117   5485.061103 -15848.929247     74.302577  6  6  4 256       
PG24   5572.987528 -17992.621050 -19167.515680    193.792284  6  5  4 246       
PG25 -16346.649626 -20229.983277  -6445.622629    391.463245  4  4  5 253       
PG26 -19505.417011   2225.788878  17814.241515   -391.823316  4  4  3 258       
PG28 -25404.935817   3826.875348  -6785.050880   -422.629850  8  7  5 251       
PG29  -6532.881214 -19436.477645  16758.806614   -248.879003  5  3  3 251       
PG30  24326.083012    511.220917  11151.328349    353.682199  8  5  3 249       
PG31 -24796.960540   9416.215684   2889.085634   -122.838241  7  6  2 269       
*  2026  9  5 12 15  0.00000000
PG04    198.635065  25461.593457   7243.183298     64.738212  6  4  3 265       
PG05   6018.889043 -13636.071316  21808.351970   -236.545854  4  3  3 259       
PG06  25383.839724  -4492.696134  -6662.161466   -531.742491  7  4  1 257       
PG07  13538.394511  10683.041746  20925.220800   -221.908114  6  3  3 253       
PG09   8601.838539  19412.389004  15793.493614    685.532262  5  4  4 253       
PG11  23151.163189 -11847.715043   5223.590735   -219.567543  7  2  4 263       
PG13  -3406.391949 -18702.107254 -18610.899383    438.258909 10  4  7 269       
PG14  22790.770349  11991.830265  -7040.183578    749.968744  7  5  2 255       
PG15   1301.582006 -26311.397771   2774.263783    442.250981  6  3  1 420       
PG17  13893.197421   6742.197154 -21218.446069   -197.426138  6  3  1 387       
PG18 -15010.274707  -9100.583990  20084.798065   -263.484825  4  5  5 257       
PG19  16137.821694  -5311.255568 -20302.980570    704.958918  7  2  2 256       
PG20  10809.924755 -21390.972394  11517.646941    278.526623  4  4  4 401       
PG21  16563.494843  -4532.583990  20276.079106    369.247630  3  4  5 252       
PG22  21271.592887   6893.594980 -13772.783533     74.310252  7  5  4 255       
PG24   7467.975391 -18726.079341 -17689.611874    193.807869  5  4  4 251       
PG25 -15534.527828 -19892.257603  -9069.156676    391.460054  4  4  5 256       
PG26 -21033.606724    945.574321  16172.592694   -391.824448  3  4  3 259       
PG28 -24622.001315   3278.197066  -9436.802316   -422.620211  8  7  5 255       
PG29  -5894.533976 -21147.971047  14797.437848   -248.872607  5  3  3 256       
PG30  23122.296103   1217.497571  13441.059754    353.693259  8  5  4 253       
PG31 -25065.682150   9241.933997     67.470885   -122.835533  7  6  2 273       
*  2026  9  5 12 30  0.00000000
PG04   -128.726838  26087.484580   4458.524877     64.738466  6  4  3 261       
PG05   8125.511000 -12222.947110  21962.806110   -236.546068  4  3  3 254       
PG06  24590.905999  -4001.178088  -9360.383376   -531.732624  7  4  2 247       
PG07  11446.514382  11642.784535  21638.830849   -221.911156  6  3  3 242       
PG09   8267.694225  21094.954137  13680.457953    685.524414  5  4  4 241       
PG11  23643.717387 -11765.028705   2403.794891   -219.556707  7  2  4 256       
PG13  -1530.091319 -17561.309953 -19931.684170    438.263364  9  5  7 265       
PG14  23148.268963  12610.875741  -4341.284107    749.968507  7  6  3 245       
PG15   1635.227602 -25790.678945   5545.205333    442.253766  6  3  1 420       
PG17  13401.387847   9168.958976 -20601.299820   -197.429979  6  3  1 387       
PG18 -12875.769145 -10042.567504  21069.804317   -263.476781  4  5  5 246       
PG19  15730.865039  -2966.391860 -21135.871808    704.958853  7  2  2 243       
PG20  10876.483482 -19936.469188  13840.796917    278.534879  5  5  4 401       
PG21  18277.560375  -3076.365822  19042.309489    369.240511  4  4  5 240       
PG22  22227.634470   8075.550475 -11451.462217     74.318357  6  5  5 247       
PG24   9173.413919 -19463.382004 -15916.089104    193.823452  5  4  4 239       
PG25 -14476.624133 -19430.053746 -11541.085816    391.456880  3  4  5 247       
PG26 -22445.831753   -153.663938  14252.261944   -391.825562  3  4  3 249       
PG28 -23603.930934   2568.838176 -11926.344384   -422.610575  8  7  6 244       
PG29  -5390.711174 -22657.618353  12578.973173   -248.865926  6  3  4 244       
PG30  21732.003129   2079.022910  15504.930434    353.704329  7  5  4 243       
PG31 -25047.257674   8967.330651  -2755.315612   -122.833277  8  5  2 263       
*  2026  9  5 12 45  0.00000000
PG04   -392.061321  26410.068087   1596.311708     64.738688  6  4  4 269       
PG05  10302.664035 -10929.918450  21733.144198   -236.546280  5  3  3 264       
PG06  23558.472008  -3338.385476 -11898.478557   -531.722854  7  4  3 259       
PG07   9353.493281  12738.954736  22002.144306   -221.914228  5  3  2 257       
PG09   8030.608912  22538.495192  11329.493641    685.516387  5  4  4 256       
PG11  23846.532484 -11574.959092   -457.562216   -219.545968  8  2  4 266       
PG13    513.682643 -16452.789516 -20911.357391    438.267743  9  6  7 270       
PG14  23282.130166  13038.335048  -1568.943825    749.968226  6  6  3 259       
PG15   2034.902696 -24978.135908   8219.249977    442.256482  6  3  1 420       
PG17  13042.065557  11527.132741 -19616.209933   -197.434102  6  3  2 387       
PG18 -10711.223942 -11139.148612  21696.169284   -263.468818  5  5  4 259       
PG19  15432.962177   -536.544617 -21603.185194    704.959090  6  3  2 258       
PG20  11010.348735 -18238.755670  15926.704746    278.542966  6  5  5 401       
PG21  19935.283461  -1802.065469  17481.347875    369.233234  5  4  5 255       
PG22  23024.379111   9033.353400  -8926.594448     74.326291  6  5  5 258       
PG24  10669.071960 -20167.021610 -13874.882333    193.838952  5  4  4 254       
PG25 -13172.805527 -18882.135868 -13820.495103    391.453622  3  4  5 258       
PG26 -23701.964077  -1075.582320  12087.418427   -391.826777  3  4  4 259       
PG28 -22386.225393   1679.376512 -14210.864858   -422.600984  8  7  6 258       
PG29  -4999.033913 -23929.182984  10141.814142   -248.859504  6  2  4 258       
PG30  20193.939888   3106.993263  17308.385518    353.715356  7  5  5 256       
PG31 -24758.725489   8559.780124  -5531.686533   -122.830689  8  5  3 269       
*  2026  9  5 13  0  0.00000000
PG04   -628.468858  26418.877299  -1293.683967     64.738890  6  4  4 275       
PG05  12504.325329  -9780.369050  21123.500339   -236.546644  5  3  4 270       
PG06  22323.136256  -2483.669855 -14232.772124   -531.713077  6  4  3 267       
PG07   7300.842973  13955.519758  22008.591739   -221.917164  4  3  1 265       
PG09   7860.427423  23713.568043   8781.614573    685.508358  6  4  4 264       
PG11  23773.048512 -11242.616783  -3310.992753   -219.535203  8  2  3 273       
PG13   2692.213575 -15410.779582 -21533.335402    438.272127  9  7  7 275       
PG14  23167.837563  13300.178561   1229.900252    749.967964  6  6  3 267       
PG15   2532.242403 -23892.454849  10748.782717    442.259013  6  3  2 420       
PG17  12807.700779  13767.633199 -18280.520432   -197.438399  5  3  2 387       
PG18  -8563.254082 -12376.827897  21952.429838   -263.460831  5  4  4 267       
PG19  15257.317683   1931.414411 -21698.561814    704.959004  5  2  3 268       
PG20  11239.711559 -16330.517473  17739.747599    278.551079  6  5  5 401       
PG21  21491.039873   -715.724879  15620.078566    369.226003  5  3  5 264       
PG22  23623.189292   9777.899348  -6243.384994     74.334042  6  5  5 265       
PG24  11941.988912 -20797.421031 -11598.732409    193.854378  4  4  4 263       
PG25 -11630.905264 -18287.620884 -15869.729978    391.450370  3  4  5 265       
PG26 -24765.025980  -1831.339453   9716.097847   -391.827986  3  4  4 266       
PG28 -21009.033323    597.688967 -16251.064465   -422.591393  8  7  7 266       
PG29  -4691.342482 -24932.913085   7528.248951   -248.853292  7  2  4 267       
PG30  18549.516095   4305.248838  18821.157519    353.726345  6  5  5 264       
PG31 -24224.357343   7990.951270  -8215.132107   -122.828067  8  5  3 275       
*  2026  9  5 13 15  0.00000000
PG04   -876.174450  26112.604422  -4161.154690     64.739126  5  5  4 267       
PG05  14681.689018  -8789.588253  20144.745923   -236.547002  6  4  4 258       
PG06  20926.335728  -1424.006678 -16322.954652   -531.703199  6  4  4 258       
PG07   5327.039521  15269.457423  21657.030882   -221.920113  4  3  1 256       
PG09   7722.783519  24598.587045   6081.227785    685.500477  5  4  4 256       
PG11  23444.657633 -10737.282248  -6107.073361   -219.524394  8  2  3 266       
PG13   4966.955905 -14463.928974 -21787.126119    438.276588  9  7  7 269       
PG14  22787.608725  13427.191862   4008.012192    749.967753  5  5  4 257       
PG15   3154.525614 -22560.168587  13088.209021    442.261861  6  3  3 420       
PG17  12682.984418  15844.581409 -16618.087888   -197.442489  5  3  2 387       
PG18  -6476.104762 -13734.210028  21833.341925   -263.452797  6  4  4 258       
PG19  15209.259389   4389.292550 -21422.077896    704.959269  5  2  3 259       
PG20  11586.835078 -14250.410156  19248.986781    278.559289  7  5  5 401       
PG21  22900.275242    184.974132  13490.523472    369.218813  5  3  5 254       
PG22  23990.307782  10327.866306  -3449.710960     74.341995  5  4  5 255       
PG24  12986.871613 -21314.453054  -9124.787395    193.869992  4  4  3 252       
PG25  -9866.582464 -17684.457418 -17654.940110    391.447271  3  4  5 255       
PG26 -25602.530924  -2438.905977   7179.499002   -391.829138  4  4  4 257       
PG28 -19515.631567   -680.379143 -18011.831959   -422.581681  7  7  7 258       
PG29  -4434.984026 -25646.629331   4783.700601   -248.846594  7  2  4 257       
PG30  16841.339048   5669.950465  20017.735608    353.737434  6  5  5 254       
PG31 -23474.654177   7238.025633 -10760.934796   -122.825340  8  5  4 269       
*  2026  9  5 13 30  0.00000000
PG04  -1172.820765  25499.162413  -6956.164403     64.739342  5  5  4 277       
PG05  16784.932870  -7964.306522  18814.276229   -236.547180  6  4  4 271       
PG06  19412.788881   -154.714245 -18132.784908   -531.693453  5  4  4 270       
PG07   3466.281747  16651.446977  20951.827190   -221.923291  4  4  2 270       
PG09   7580.629359  25180.553358   3275.330177    685.492463  5  3  4 269       
PG11  22889.799793 -10033.798103  -8797.318495   -219.513615  7  2  3 276       
PG13   7294.821049 -13634.258469 -21668.494751    438.280957  9  8  6 276       
PG14  22131.140674  13453.634712   6718.608225    749.967447  4  5  4 270       
PG15   3923.318467 -21014.751696  15194.880013    442.264583  5  3  3 420       
PG17  12645.559672  17716.983412 -14658.809186   -197.446842  6  3  3 387       
PG18  -4490.108913 -15182.673342  21340.026568   -263.444833  6  4  4 271       
PG19  15286.114681   6789.234141 -20780.126368    704.959108  5  2  3 272       
PG20  12067.071365 -12041.720090  20428.681684    278.567364  7  5  5 401       
PG21  24121.155622    910.427279  11129.292278    369.211564  5  3  5 268       
PG22  24098.232535  10708.714897   -595.177060     74.350172  5  4  4 270       
PG24  13806.213961 -21679.030610  -6494.107547    193.885511  5  4  3 266       
PG25  -7902.906659 -17107.965064 -19146.568238    391.444068  3  4  5 269       
PG26 -26187.649122  -2922.125430   4521.252563   -391.830383  5  4  4 269       
PG28 -17950.797402  -2150.654103 -19462.847965   -422.572102  7  6  7 271       
PG29  -4194.285218 -26056.526586   1955.913823   -248.840099  7  2  4 270       
PG30  15111.704724   7189.542040  20877.769002    353.748439  5  5  5 267       
PG31 -22545.137032   6284.705227 -13126.841256   -122.822963  8  5  5 274       
*  2026  9  5 13 45  0.00000000
PG04  -1553.783583  24595.393980  -9630.049815     64.739608  5  5  4 275       
PG05  18765.030295  -7302.583937  17155.672963   -236.547153  6  5  4 271       
PG06  17828.818300   1320.146609 -19630.731394   -531.683626  5  4  5 267       
PG07   1747.388298  18066.792715  19902.881152   -221.926243  4  4  3 267       
PG09   7395.872173  25455.454620    412.662885    685.484523  5  3  4 265       
PG11  22142.792063  -9113.750862 -11335.040935   -219.502769  7  3  4 274       
PG13   9629.638581 -12936.383592 -21179.527518    438.285418  8  8  6 275       
PG14  21196.087470  13415.783902   9316.093985    749.967200  4  5  4 267       
PG15   4853.332479 -19295.423285  17029.993356    442.267135  5  4  4 420       
PG17  12667.061131  19350.209590 -12438.014717   -197.450996  6  3  3 387       
PG18  -2640.289201 -16687.332002  20480.013537   -263.436815  5  4  5 268       
PG19  15477.405902   9085.341972 -19785.197552    704.959328  5  2  4 268       
PG20  12688.153644  -9750.858739  21258.716239    278.575524  7  5  5 401       
PG21  25116.125323   1478.510814   8576.955463    369.204421  5  3  5 264       
PG22  23926.835465  10951.424371   2269.845405     74.357697  4  4  4 264       
PG24  14410.124340 -21854.710064  -3751.071757    193.901120  5  4  3 263       
PG25  -5769.682453 -16589.483208 -20319.781426    391.440931  3  4  5 265       
PG26 -26500.158857  -3309.567573   1786.675553   -391.831545  5  4  4 266       
PG28 -16359.135212  -3800.598060 -20579.107308   -422.562404  6  6  7 267       
PG29  -3932.150018 -26157.656822   -905.903012   -248.833824  7  3  4 267       
PG30  13401.109119   8845.001139  21386.399934    353.759515  5  6  5 264       
PG31 -21474.978389   5121.977117 -15273.686310   -122.820461  8  5  6 271       
*  2026  9  5 14  0  0.00000000
PG04  -2050.578607  23426.439139 -12136.297905     64.739792  6  5  4 278       
PG05  20575.534470  -6794.054010  15198.251213   -236.547776  6  5  5 272       
PG06  16220.616410   2987.710758 -20790.540563   -531.673788  4  3  5 275       
PG07    192.870771  19476.556627  18525.596707   -221.929367  4  4  4 274       
PG09   7131.051623  25428.322158  -2457.159521    685.476586  4  3  4 273       
PG11  21242.437664  -7966.393741 -13676.182748   -219.491984  6  3  4 278       
PG13  11923.738001 -12377.031941 -20328.592863    438.289849  8  8  6 279       
PG14  19988.253979  13350.413207  11756.779514    749.966935  3  5  5 273       
PG15   5951.555250 -17445.700436  18559.442511    442.269796  5  4  4 420       
PG17  12714.413872  20717.210687  -9995.744358   -197.455000  6  3  4 387       
PG18   -955.159039 -18208.258660  19267.177732   -263.428871  5  5  5 274       
PG19  15765.349386  11235.203618 -18455.569795    704.959456  5  2  4 274       
PG20  13449.790634  -7425.747030  21724.931741    278.583723  7  6  6 401       
PG21  25853.312512   1913.694051   5877.350687    369.197166  4  3  5 271       
PG22  23464.182030  11091.023258   5095.171589     74.365980  3  4  4 272       
PG24  14815.856254 -21809.245213   -942.686569    193.916647  6  5  3 270       
PG25  -3502.537235 -16155.174894 -21154.842181    391.437756  3  4  5 272       
PG26 -26527.153645  -3633.221318   -977.976578   -391.832817  5  5  4 272       
PG28 -14783.421872  -5609.599930 -21341.350921   -422.552736  6  6  7 274       
PG29  -3611.717320 -25954.073859  -3751.963538   -248.827289  7  4  4 273       
PG30  11746.832175  10610.370791  21534.521764    353.770564  5  5  5 270       
PG31 -20305.523593   3748.610850 -17165.964771   -122.818034  8  5  6 272       
*  2026  9  5 14 15  0.00000000
PG04  -2689.424859  22024.786965 -14431.381499     64.740060  6  5  4 281       
PG05  22174.263122  -6420.510158  12976.501897   -236.548138  6  5  5 276       
PG06  14632.520615   4826.590858 -21591.720376   -531.664010  4  3  4 279       
PG07  -1181.782927  20838.869704  16840.783836   -221.932489  4  5  4 279       
PG09   6750.990165  25112.945920  -5284.527724    685.468582  3  3  4 277       
PG11  20230.469774  -6589.272372 -15780.100425   -219.481177  5  4  5 282       
PG13  14129.592398 -11954.872607 -19130.201021    438.294253  8  9  6 282       
PG14  18521.499546  13293.265370  13999.564165    749.966704  2  5  5 277       
PG15   7216.701121 -15511.759354  19754.586314    442.272598  5  5  4 420       
PG17  12751.333042  21799.419568  -7375.927526   -197.459383  6  3  3 387       
PG18    544.229197 -19701.924743  17721.564844   -263.420917  4  5  6 278       
PG19  16125.632274  13201.269936 -16814.921139    704.959667  5  2  4 277       
PG20  14343.578388  -5114.150368  21819.361351    278.591837  7  6  6 401       
PG21  26307.728879   2245.896375   3076.834124    369.189959  4  2  5 275       
PG22  22707.023073  11164.980898   7831.725813     74.373753  2  4  4 275       
PG24  15047.049411 -21516.027077   1882.197122    193.932203  6  6  3 274       
PG25  -1141.802078 -15825.026364 -21637.416658    391.434573  3  4  5 276       
PG26 -26263.484810  -3927.078284  -3726.249929   -391.834089  6  5  5 277       
PG28 -13263.034353  -7549.582782 -21736.399903   -422.543110  5  5  6 278       
PG29  -3198.010751 -25458.634463  -6532.798496   -248.821043  7  4  4 278       
PG30  10181.644610  12453.555972  21318.957846    353.781600  4  5  5 275       
PG31 -19078.754126   2171.373713 -18772.347696   -122.815435  8  5  6 277       
*  2026  9  5 14 30  0.00000000
PG04  -3490.023280  20429.050214 -16475.536028     64.740411  6  6  4 275       
PG05  23524.817248  -6156.808042  10529.442944   -236.548366  6  6  5 269       
PG06  13105.364626   6807.495909 -22019.928824   -531.654218  4  3  4 273       
PG07  -2368.585197  22110.384784  14874.487547   -221.935210  4  5  5 270       
PG09   6224.350620  24531.261045  -8020.707307    685.460649  3  4  4 270       
PG11  19149.892042  -4988.527166 -17610.288773   -219.470286  5  4  5 276       
PG13  16201.463038 -11660.663649 -17604.764052    438.298704  8  9  5 277       
PG14  16817.355047  13277.570988  16006.583868    749.966528  2  5  5 270       
PG15   8639.015257 -13540.673188  20592.911671    442.275288  5  5  4 420       
PG17  12739.955695  22587.303281  -4625.491302   -197.463325  6  3  3 387       
PG18   1844.948949 -21122.805949  15869.104721   -263.412890  3  5  6 271       
PG19  16528.432419  14952.040138 -14891.872927    704.959734  5  2  4 271       
PG20  15353.233162  -2862.026489  21540.362943    278.600003  7  6  6 401       
PG21  26462.217466   2509.133475    223.489264    369.182867  4  1  5 268       
PG22  21660.945505  11211.529974  10432.414264     74.381723  2  5  4 268       
PG24  15132.701309 -20955.344733   4673.749912    193.947829  6  6  4 267       
PG25   1268.777695 -15612.077010 -21758.816798    391.431477  2  4  5 269       
PG26 -25711.928652  -4225.659962  -6412.215402   -391.835280  6  5  5 270       
PG28 -11832.519867  -9585.905368 -21757.385940   -422.533401  5  5  6 270       
PG29  -2659.513344 -24692.464539  -9200.142047   -248.814480  6  5  4 270       
PG30   8732.684442  14337.359329  20742.556856    353.792681  4  5  4 267       
PG31 -17835.745663    404.957875 -20066.140089   -122.812905  7  5  6 270       
*  2026  9  5 14 45  0.00000000
PG04  -4464.599939  18682.512781 -18233.462136     64.740665  6  6  4 273       
PG05  24597.874754  -5972.044230   7899.894208   -236.548701  6  6  5 269       
PG06  11674.970596   8894.165690 -22067.258425   -531.644413  4  2  4 273       
PG07  -3367.261172  23247.827176  12657.735043   -221.938401  5  5  5 272       
PG09   5525.039606  23712.432923 -10618.683220    685.452704  2  4  4 269       
PG11  18043.281986  -3178.859185 -19135.029436   -219.459501  4  4  6 276       
PG13  18096.983783 -11477.711900 -15778.259708    438.303118  8  9  5 277       
PG14  14904.366345  13332.667537  17743.813492    749.966303  2  5  5 270       
PG15  10200.447977 -11578.604042  21058.564630    442.278019  4  6  4 420       
PG17  12642.531735  23080.547037  -1793.422173   -197.467208  5  3  4 387       
PG18   2942.547842 -22425.092642  13741.213124   -263.404904  4  6  6 270       
PG19  16939.639617  16463.016067 -12719.475736    704.959700  5  2  4 271       
PG20  16455.136809   -711.947767  20892.648365    278.608117  6  6  6 401       
PG21  26308.112360   2740.005562  -2633.693607    369.175648  4  2  5 267       
PG22  20340.183357  11267.990440  12852.931285     74.389680  2  5  4 267       
PG24  15105.902704 -20115.405873   7382.097392    193.963404  6  6  4 266       
PG25   3683.460214 -15521.907658 -21516.172785    391.428321  2  4  5 268       
PG26 -24883.076823  -4562.541736  -8991.167856   -391.836499  6  5  5 269       
PG28 -10520.363438 -11678.524109 -21403.873939   -422.523750  5  4  5 270       
PG29  -1969.603153 -23684.112963 -11707.791456   -248.807832  6  5  4 269       
PG30   7420.544933  16220.722045  19814.200509    353.803744  4  5  3 266       
PG31 -16615.173369  -1528.377475 -21025.677320   -122.810284  7  4  6 270       
*  2026  9  5 15  0  0.00000000
PG04  -5617.252084  16831.508997 -19674.940827     64.740901  6  5  4 277       
PG05  25372.209907  -5830.960847   5133.692242   -236.548833  5  6  5 273       
PG06  10370.841879  11044.587752 -21732.409264   -531.634638  4  2  3 275       
PG07  -4185.179825  24209.593140  10226.193140   -221.941427  5  6  5 276       
PG09   4633.402386  22691.679148 -13033.964109    685.444747  3  4  4 273       
PG11  16951.124926  -1183.159984 -20327.951533   -219.448709  4  4  5 277       
PG13  19778.626322 -11382.627692 -13681.803818    438.307460  8 10  5 281       
PG14  12817.186363  13482.768479  19181.617194    749.966044  2  5  5 274       
PG15  11875.197747  -9669.031216  21142.729202    442.280908  4  6  4 420       
PG17  12423.099845  23287.869120   1070.192855   -197.471834  5  3  3 387       
PG18   3841.062128 -23564.439056  11374.285098   -263.396941  5  6  5 275       
PG19  17322.231039  17717.397246 -10334.647223    704.959815  5  2  4 275       
PG20  17619.174556   1298.343204  19887.208568    278.616234  6  5  6 401       
PG21  25845.584880   2976.086391  -5445.653500    369.168387  4  4  5 272       
PG22  18767.104671  11369.162474  15052.486364     74.397352  3  5  4 272       
PG24  15002.383347 -18993.062812   9958.301350    193.978954  6  6  5 271       
PG25   6056.006432 -15552.407465 -20912.531752    391.425197  2  4  5 273       
PG26 -23794.957462  -4968.925631 -11420.295026   -391.837734  6  4  5 275       
PG28  -9348.000161 -13783.371753 -20681.874548   -422.514117  4  4  5 274       
PG29  -1107.791976 -22468.428256 -14012.423241   -248.801761  6  5  4 274       
PG30   6258.609146  18060.128010  18548.719995    353.814794  4  5  3 271       
PG31 -15451.915158  -3599.437129 -21634.657428   -122.807501  6  4  6 274       
*  2026  9  5 15 15  0.00000000
PG04  -6943.622487  14923.700139 -20775.350179     64.741171  6  5  4 281       
PG05  25835.401368  -5695.517496   2278.861769   -236.549356  5  7  6 278       
PG06   9215.108962  13212.451955 -21020.745098   -531.624865  4  3  2 280       
PG07  -4836.995104  24957.340961   7619.729009   -221.944663  6  7  5 282       
PG09   3537.163639  21508.876534 -15225.332997    685.436779  3  5  4 277       
PG11  15910.244733    968.180514 -21168.493848   -219.437941  4  4  5 282       
PG13  21214.991366 -11346.346177 -11351.137100    438.311795  8 10  5 284       
PG14  10595.446526  13745.927617  20295.239670    749.965751  2  4  5 279       
PG15  13630.602280  -7851.097520  20843.838842    442.283469  4  6  4 420       
PG17  12049.077068  23226.482497   3915.120976   -197.475654  4  4  3 387       
PG18   4552.692971 -24499.682022   8809.085999   -263.389001  6  7  5 280       
PG19  17637.750082  18706.497475  -7777.570623    704.959849  5  2  5 280       
PG20  18809.834089   3137.190865  18541.135451    278.624273  5  5  5 401       
PG21  25083.662844   3254.275735  -8164.096370    369.161180  4  5  5 277       
PG22  16971.402071  11545.850424  16994.442509     74.405489  3  5  3 277       
PG24  14858.926123 -17594.200389  12355.363951    193.994489  6  6  5 276       
PG25   8341.211015 -15693.831206 -19956.878252    391.422051  2  3  5 278       
PG26 -22472.403117  -5472.310916 -13659.311027   -391.839093  6  4  4 281       
PG28  -8329.110043 -15853.900475 -19603.745974   -422.504503  5  3  4 279       
PG29    -60.717817 -21085.204335 -16074.350254   -248.795102  6  6  4 278       
PG30   5252.658440  19811.122737  16966.718100    353.825866  3  5  3 276       
PG31 -14375.800549  -5772.973692 -21882.406276   -122.805079  5  3  6 277       
*  2026  9  5 15 30  0.00000000
PG04  -8430.913934  13006.317046 -21516.075125     64.741546  6  5  4 277       
PG05  25984.204610  -5526.565978   -615.239220   -236.549425  4  7  6 274       
PG06   8221.771572  15348.787489 -19944.229155   -531.614998  4  3  2 276       
PG07  -5343.998386  25457.515247   4881.869293   -221.947592  6  8  5 279       
PG09   2232.079192  20207.008959 -17155.532455    685.428875  3  5  4 273       
PG11  14952.393575   3238.261045 -21642.260147   -219.427075  4  4  5 278       
PG13  22381.877113 -11335.376758  -8826.033660    438.316235  8 10  4 281       
PG14   8282.446048  14133.237621  21065.231286    749.965508  3  4  5 275       
PG15  15428.338955  -6158.150462  20167.612070    442.286323  4  6  4 420       
PG17  11492.696919  22921.234039   6691.911376   -197.479838  4  4  3 387       
PG18   5097.154087 -25194.459512   6090.049132   -263.380990  7  8  5 276       
PG19  17847.835883  19429.873110  -5091.061683    704.960122  5  1  5 275       
PG20  19987.524952   4780.049719  16877.342679    278.632331  5  4  5 401       
PG21  24039.921965   3609.179354 -10742.320248    369.154072  4  6  4 272       
PG22  14989.025262  11823.571916  18646.860092     74.413303  3  5  3 272       
PG24  14711.717355 -15933.756378  14529.226284    194.010096  6  6  6 271       
PG25  10496.412377 -15929.149620 -18664.071837    391.418983  2  3  4 273       
PG26 -20946.189045  -6095.307711 -15671.049997   -391.840261  5  3  4 277       
PG28  -7469.222432 -17842.730709 -18187.986419   -422.494807  4  3  4 274       
PG29   1177.147797 -19577.650523 -17858.205916   -248.788723  6  6  4 274       
PG30   4400.773033  21429.893056  15094.294961    353.836999  3  5  3 272       
PG31 -13410.548502  -8008.795957 -21764.072183   -122.802112  5  4  5 276       
*  2026  9  5 15 45  0.00000000
PG04 -10058.241784  11124.438304 -21884.804430     64.741840  6  5  4 275       
PG05  25824.578273  -5285.560403  -3498.784107   -236.549399  4  7  5 273       
PG06   7396.268446  17403.719249 -18521.238706   -531.605145  4  4  2 273       
PG07  -5733.194770  25682.742780   2059.155560   -221.950423  6  8  5 275       
PG09    722.275361  18830.517055 -18791.874223    685.420937  4  5  4 270       
PG11  14103.056118   5584.912083 -21741.261549   -219.416211  4  4  5 276       
PG13  23263.084332 -11313.233452  -6149.639678    438.320647  7 10  4 279       
PG14   5923.704195  14648.294086  21477.800086    749.965332  3  3  5 272       
PG15  17225.879680  -4616.545447  19126.910944    442.289137  4  5  4 420       
PG17  10732.239851  22403.465072   9352.776159   -197.483815  3  5  3 387       
PG18   5500.714295 -25618.661985   3264.491918   -263.372987  7  9  4 273       
PG19  17915.750221  19895.162411  -2319.911014    704.960344  5  1  5 272       
PG20  21110.068898   6210.234714  14924.189190    278.640449  4  3  5 401       
PG21  22739.860923   4071.579503 -13136.013961    369.146998  4  6  4 269       
PG22  12860.901811  12221.496860  19982.943253     74.421201  4  5  3 269       
PG24  14594.707416 -14035.362095  16439.730014    194.025580  6  6  6 268       
PG25  12482.928596 -16234.685759 -17054.697132    391.415914  2  2  4 271       
PG26 -19251.972349  -6854.633681 -17422.015829   -391.841449  5  3  4 274       
PG28  -6765.645087 -19703.342733 -16458.920245   -422.485120  4  3  4 271       
PG29   2603.104630 -17990.747419 -19333.543845   -248.782186  5  6  4 271       
PG30   3693.532602  22874.849841  12962.676694    353.848091  3  6  3 269       
PG31 -12572.932122 -10263.066250 -21280.746265   -122.799577  4  4  5 274       
*  2026  9  5 16  0  0.00000000
PG04 -11797.308987   9319.371117 -21875.711564     64.742176  5  4  4 273       
PG05  25371.367678  -4936.235157  -6322.336158   -236.549906  3  7  5 270       
PG06   6735.393256  19328.274911 -16776.260010   -531.595289  3  5  3 271       
PG07  -6036.127942  25613.038362   -799.602017   -221.953512  6  8  5 275       
PG09   -979.735201  17423.613560 -20106.765017    685.413025  4  6  4 269       
PG11  13380.514761   7962.146021 -21464.042249   -219.405316  4  4  5 274       
PG13  23850.926956 -11241.991826  -3367.752056    438.325034  7 10  4 278       
PG14   3565.426055  15286.947765  21525.083772    749.965065  2  4  5 270       
PG15  18978.132380  -3244.764444  17741.428375    442.291542  4  5  4 420       
PG17   9753.010961  21709.646995  11852.407874   -197.488169  3  5  3 387       
PG18   5794.971835 -25749.655275    381.765285   -263.364975  8  9  4 270       
PG19  17807.849547  20117.644300    489.791895    704.960104  4  1  5 272       
PG20  22134.305096   7419.370572  12715.010530    278.648557  4  2  5 401       
PG21  21215.983749   4667.055617 -15304.015965    369.139814  3  6  4 267       
PG22  10631.498387  12751.650615  20981.388559     74.429449  3  5  4 268       
PG24  14538.058343 -11930.609834  18051.509946    194.041064  6  5  6 266       
PG25  14267.366685 -16581.020248 -15154.822267    391.412743  2  2  3 269       
PG26 -17429.068261  -7760.327921 -18882.884166   -391.842672  5  3  4 272       
PG28  -6207.720406 -21391.746185 -14446.282857   -422.475483  4  4  4 269       
PG29   4206.154844 -16369.554021 -20475.343374   -248.775801  5  6  4 269       
PG30   3114.513839  24108.154144  10607.747872    353.859195  3  7  3 267       
PG31 -11872.201482 -12489.744557 -20439.504397   -122.796742  4  5  4 275       
*  2026  9  5 16 15  0.00000000
PG04 -13613.375261   7627.197015 -21489.518657     64.742465  5  4  4 266       
PG05  24647.661916  -4446.185752  -9037.686109   -236.550087  2  7  5 266       
PG06   6227.561186  21076.171255 -14739.467953   -531.585447  3  5  3 265       
PG07  -6287.490953  25236.762046  -3644.166083   -221.956735  6  9  5 275       
PG09  -2853.359879  16028.628437 -21078.142111    685.405151  4  6  3 265       
PG11  12795.211686  10321.757419 -20815.687318   -219.394518  4  4  5 267       
PG13  24146.427950 -11083.913016   -528.048028    438.329427  7 10  4 276       
PG14   1252.936267  16037.357870  21205.334961    749.964882  2  4  5 264       
PG15  20639.192561  -2052.886914  16037.217128    442.294473  4  5  4 420       
PG17   8548.032131  20879.852545  14148.720725   -197.492499  2  6  3 387       
PG18   6015.409362 -25573.222460  -2507.646560   -263.356922  8 10  4 266       
PG19  17494.952139  20119.533358   3291.347282    704.960400  4  2  5 270       
PG20  23017.749441   8407.522847  10287.564668    278.656661  4  2  4 401       
PG21  19506.624326   5414.809062 -17209.020455    369.132610  3  7  3 263       
PG22   8347.278168  13418.404555  21626.637598     74.437258  3  4  3 263       
PG24  14566.753129  -9657.973436  19334.786222    194.056610  6  5  6 260       
PG25  15822.755108 -16934.138182 -12995.662378    391.409623  2  2  3 263       
PG26 -15519.104787  -8815.209350 -20028.952704   -391.843809  5  3  3 270       
PG28  -5777.398575 -22868.063318 -12184.711081   -422.465840  4  5  4 264       
PG29   5967.261451 -14757.532533 -21264.413693   -248.769521  4  5  4 264       
PG30   2641.070484  25097.127335   8069.490850    353.870301  3  8  3 263       
PG31 -11309.788128 -14642.131611 -19253.366519   -122.794047  4  5  4 270       
*  2026  9  5 16 30  0.00000000
PG04 -15466.480915   6077.537114 -20733.445032     64.742834  5  3  4 245       
PG05  23683.853030  -3788.292514 -11598.655356   -236.549995  1  6  5 257       
PG06   5853.416251  22605.508511 -12446.197343   -531.575531  3  6  4 241       
PG07  -6523.572753  24551.275491  -6423.796435   -221.959359  6  9  5 257       
PG09  -4870.541483  14684.445807 -21689.813951    685.397273  4  6  3 244       
PG11  12349.431394  12615.010646 -19807.713671   -219.383589  4  4  5 246       
PG13  24159.191956 -10803.072259   2320.722206    438.333913  6 10  4 269       
PG14   -970.862556  16880.348836  20523.013482    749.964768  2  5  5 242       
PG15  22164.124221  -1042.431326  14046.079250    442.297353  4  4  4 420       
PG17   7118.428688  19956.127128  16203.506229   -197.496484  1  6  3 387       
PG18   6199.788668 -25084.183496  -5353.056804   -263.348833  7 10  3 244       
PG19  16953.553917  19929.035904   6038.140898    704.960816  4  3  5 249       
PG20  23720.244731   9183.005432   7683.400400    278.664811  4  3  4 401       
PG21  17654.557718   6326.738127 -18818.218771    369.125483  2  6  4 241       
PG22   6055.111473  14218.266317  21909.036725     74.445392  3  4  3 243       
PG24  14699.434799  -7261.427209  20266.027809    194.072214  6  3  6 234       
PG25  17129.453803 -17256.780485 -10613.146336    391.406610  2  2  2 244       
PG26 -13564.600750 -10014.599480 -20840.535613   -391.844933  5  4  4 255       
PG28  -5450.105072 -24097.964956  -9713.147544   -422.456101  4  6  4 240       
PG29   7859.922267 -13194.955625 -21687.691682   -248.763042  4  5  4 240       
PG30   2245.369787  25815.488444   5391.337363    353.881486  3  8  3 245       
PG31 -10879.306051 -16674.458600 -17741.169022   -122.791107  4  5  4 268       
*  2026  9  5 16 45  0.00000000
PG04 -17312.876359   4692.582282 -19621.043927     64.743052  5  3  4 248       
PG05  22516.436432  -2941.934212 -13961.852779   -236.550138  1  6  4 262       
PG06   5586.755325  23880.304737  -9936.315506   -531.565734  3  6  4 243       
PG07  -6780.601592  23563.255226  -9088.239294   -221.962305  6  9  5 257       
PG09  -6996.658104  13425.090499 -21931.702681    685.389297  3  6  2 246       
PG11  12037.314450  14794.349181 -18457.847546   -219.372800  3  5  5 249       
PG13  23906.958458 -10366.928704   5129.566722    438.338256  6 10  4 268       
PG14  -3066.949621  17790.061963  19488.780117    749.964532  2  6  5 244       
PG15  23510.690011   -206.566665  11804.839242    442.299641  3  3  3 420       
PG17   5473.503428  18980.825451  17982.997497   -197.500585  1  6  3 387       
PG18   6386.451730 -24286.664931  -8104.516588   -263.340874  7 10  3 246       
PG19  16166.851125  19579.199269   8684.341625    704.960700  4  4  5 255       
PG20  24205.538334   9761.871460   4947.157895    278.672894  4  3  3 401       
PG21  15705.451157   7406.799838 -20103.865162    369.118287  1  6  4 242       
PG22   3800.696169  15139.971244  21824.908073     74.453442  2  4  3 246       
PG24  14947.532385  -4788.825119  20828.463733    194.087746  5  3  6 236       
PG25  18175.802269 -17509.953190  -8047.386774    391.403490  2  3  2 246       
PG26 -11607.515018 -11346.321376 -21303.297479   -391.846116  5  4  4 255       
PG28  -5195.868395 -25053.903626  -7074.169176   -422.446509  4  7  4 242       
PG29   9851.035395 -11717.456746 -21738.430695   -248.756246  4  4  4 244       
PG30   1895.648370  26244.366924   2619.440439    353.892543  3  8  3 247       
PG31 -10566.854291 -18543.467959 -15927.346338   -122.788649  4  5  4 266       
*  2026  9  5 17  0  0.00000000
PG04 -19106.601015   3486.422671 -18171.932819     64.743351  5  3  4 244       
PG05  21186.600544  -1893.947498 -16087.374777   -236.550418  1  6  4 259       
PG06   5395.731611  24871.808475  -7253.508218   -531.555870  3  6  4 240       
PG07  -7093.055476  22288.633764 -11588.757759   -221.965524  5  8  5 262       
PG09  -9191.672808  12278.515778 -21799.986915    685.381274  2  6  2 241       
PG11  11845.199959  16815.060396 -16789.693927   -219.361983  3  5  5 245       
PG13  23414.851478  -9747.774978   7850.093148    438.342656  6 10  4 265       
PG14  -5001.508387  18734.882129  18119.387255    749.964310  2  7  5 239       
PG15  24640.955565    469.324719   9354.527334    442.302855  3  2  3 420       
PG17   3630.502936  17994.976887  19458.339379   -197.504556  1  7  3 387       
PG18   6612.599251 -23194.006941 -10713.744236   -263.332839  6  9  4 242       
PG19  15125.533829  19106.592911  11185.595344    704.960632  4  5  5 254       
PG20  24442.726272  10167.106701   2125.812327    278.681004  3  3  3 401       
PG21  13706.213729   8650.684242 -21043.757179    369.111140  1  6  4 239       
PG22   1627.042137  16164.866520  21376.536514     74.461305  3  4  3 249       
PG24  15314.716223  -2290.115395  21012.424824    194.103237  5  3  6 238       
PG25  18958.474575 -17654.539948  -5342.055981    391.400398  2  3  2 243       
PG26  -9687.816184 -12790.978121 -21408.521653   -391.847273  5  4  4 252       
PG28  -4980.663668 -25716.096104  -4313.251438   -422.436835  4  8  3 238       
PG29  11902.021347 -10354.777669 -21416.279609   -248.749889  4  3  4 243       
PG30   1557.640373  26373.046476   -198.122537    353.903685  4  8  4 239       
PG31 -10351.615949 -20209.928100 -13841.618595   -122.785969  4  5  4 267       
*  2026  9  5 17 15  0.00000000
PG04 -20801.150343   2464.699033 -16411.424395     64.743660  5  2  4 237       
PG05  19738.660474   -639.298207 -17939.439658   -236.550711  1  6  4 257       
PG06   5244.288534  25559.536853  -4444.493208   -531.545987  4  6  4 229       
PG07  -7492.016136  20752.156267 -13879.174588   -221.968436  5  8  5 258       
PG09 -11411.489767  11265.635911 -21297.144374    685.373353  1  6  2 232       
PG11  11752.281280  18636.831896 -14832.305266   -219.351133  3  6  5 238       
PG13  22714.353626  -8924.009073  10435.345518    438.347070  5 10  4 263       
PG14  -6747.059816  19678.608859  16437.463247    749.964099  2  7  5 231       
PG15  25522.701825   1006.767713   6739.500579    442.305487  3  3  2 420       
PG17   1614.092111  17036.739016  20605.964230   -197.508674  1  6  3 387       
PG18   6912.619151 -21828.310725 -13135.022001   -263.324826  6  9  4 233       
PG19  13828.320919  18549.865618  13499.709079    704.960800  4  5  5 248       
PG20  24407.507256  10427.556129   -732.127173    278.689099  3  4  2 401       
PG21  11703.307704  10045.814862 -21621.622339    369.103972  1  5  5 231       
PG22   -426.929615  17267.570185  20572.077300     74.469231  3  5  3 243       
PG24  15796.707632    184.525727  20815.506153    194.118781  5  4  5 230       
PG25  19482.520334 -17652.956380  -2543.673152    391.397324  2  3  2 240       
PG26  -7842.122233 -14322.505246 -21153.307432   -391.848430  5  4  4 245       
PG28  -4767.919202 -26073.217252  -1477.981145   -422.427145  4  8  3 227       
PG29  13970.157547  -9129.759121 -20727.253348   -248.743193  4  2  4 243       
PG30   1196.122192  26199.405379  -3012.202006    353.914756  4  9  5 232       
PG31 -10206.737541 -21640.025111 -11518.583443   -122.783192  5  5  4 271       
*  2026  9  5 17 30  0.00000000
PG04 -22351.167134   1624.585742 -14370.066479     64.743876  4  2  3 249       
PG05  18218.395203    818.558426 -19486.949039   -236.550764  1  6  3 267       
PG06   5093.765427  25931.997593  -1558.177213   -531.536256  4  6  5 245       
PG07  -8003.644993  18986.559448 -15916.894533   -221.971292  4  8  5 260       
PG09 -13609.466341  10399.637931 -20431.895211    685.365332  1  5  2 244       
PG11  11731.547377  20225.140194 -12619.658520   -219.340294  3  6  5 248       
PG13  21842.043238  -7881.177566  12840.621972    438.351398  5 10  4 265       
PG14  -8283.360369  20581.830662  14471.189076    749.963776  2  8  4 246       
PG15  26130.590957   1433.046495   4006.529288    442.308253  3  4  2 420       
PG17   -544.437557  16139.992933  21407.875039   -197.512934  2  6  2 387       
PG18   7316.535326 -20219.644889 -15326.040076   -263.316870  6  8  4 246       
PG19  12282.214951  17948.227644  15587.318721    704.960804  4  6  5 257       
PG20  24083.197106  10576.624821  -3577.449951    278.697149  3  3  2 401       
PG21   9741.086004  11571.676457 -21827.404224    369.096721  2  5  5 241       
PG22  -2327.627482  18416.878957  19425.388997     74.477163  3  6  3 249       
PG24  16381.449245   2586.553920  20242.548239    194.134265  4  4  5 240       
PG25  19761.082527 -17470.780444    299.188146    391.394117  3  3  2 247       
PG26  -6102.458570 -15908.982548 -20540.690092   -391.849646  5  5  4 252       
PG28  -4520.126676 -26122.778222   1382.768222   -422.417564  4  9  4 243       
PG29  16010.073497  -8057.610459 -19683.597788   -248.736802  4  1  4 250       
PG30    776.511743  25730.030445  -5773.467461    353.925796  4 10  5 242       
PG31 -10100.461564 -22806.576694  -8997.211872   -122.780574  5  6  4 274       
*  2026  9  5 17 45  0.00000000
PG04 -23714.093052    955.102789 -12083.100324     64.744236  4  2  4 231       
PG05  16671.350273   2467.640038 -20703.970250   -236.550839  1  7  3 268       
PG06   4904.609268  25987.066450   1355.226057   -531.526352  5  7  5 218       
PG07  -8647.857155  17031.399505 -17663.871206   -221.974209  4  8  4 251       
PG09 -15738.025320   9685.596659 -19219.047888    685.357420  1  5  2 222       
PG11  11750.971201  21552.419475 -10190.050965   -219.329415  3  7  5 229       
PG13  20838.142833  -6612.747643  15024.258489    438.355834  5 10  4 260       
PG14  -9598.026601  21403.452375  12253.868099    749.963626  2  8  4 224       
PG15  26447.045248   1779.845924   1203.874704    442.310966  3  5  1 420       
PG17  -2808.192360  15333.126757  21851.839074   -197.516700  3  6  2 387       
PG18   7848.641606 -18404.944216 -17248.669197   -263.308841  6  7  5 217       
PG19  10502.463648  17339.909999  17412.532836    704.961089  4  6  5 241       
PG20  23461.462905  10650.803431  -6361.093354    278.705266  4  4  2 401       
PG21   7860.219363  13200.458670 -21657.442756    369.089574  2  6  5 219       
PG22  -4047.829678  19576.891506  17955.795915     74.485176  3  6  3 237       
PG24  17049.623501   4870.825085  19305.442813    194.149875  4  4  4 221       
PG25  19814.796132 -17078.291060   3136.759965    391.391071  4  3  2 239       
PG26  -4495.180198 -17513.681618 -19579.677602   -391.850750  5  5  5 236       
PG28  -4200.491421 -25871.174411   4219.684013   -422.407802  4  9  4 214       
PG29  17975.349446  -7145.483439 -18303.553409   -248.730455  4  1  4 230       
PG30    266.456154  24979.995240  -8433.319320    353.936997  4  9  6 232       
PG31  -9997.474395 -23690.018003  -6320.250091   -122.778009  5  6  4 271       
*  2026  9  5 18  0  0.00000000
PG04 -24851.718654    437.741729  -9589.847483     64.744553  4  3  3 221       
PG05  15141.168248   4287.721701 -21570.135024   -236.551006  1  7  3 269       
PG06   4638.122476  25732.005958   4245.098934   -531.516529  5  6  5 215       
PG07  -9437.261946  14931.575629 -19087.483247   -221.976901  4  7  4 239       
PG09 -17750.308201   9120.405985 -17679.250457    685.349560  1  5  2 213       
PG11  11774.897293  22598.967123  -7585.426429   -219.318578  4  7  5 218       
PG13  19744.934881  -5120.575720  16948.364193    438.360294  5 10  4 258       
PG14 -10686.857980  22102.317606   9823.392133    749.963414  2  8  4 210       
PG15  26462.813036   2081.746330  -1619.618873    442.313698  2  5  1 420       
PG17  -5135.893341  14638.045671  21931.496044   -197.520791  4  5  1 387       
PG18   8526.377419 -16426.647293 -18869.645445   -263.300775  6  6  5 194       
PG19   8512.224103  16760.655172  18943.544046    704.960980  4  6  4 240       
PG20  22542.746846  10688.075671  -9034.994485    278.713421  4  4  2 401       
PG21   6096.273410  14897.991876 -21114.545135    369.082496  1  6  5 220       
PG22  -5567.491498  20708.307688  16187.783779     74.493171  3  7  3 245       
PG24  17775.489327   6997.193692  18022.775973    194.165415  4  4  3 228       
PG25  19670.885379 -16451.848350   5918.991543    391.387985  4  3  2 237       
PG26  -3040.099634 -19096.316602 -18285.197885   -391.851818  5  6  4 227       
PG28  -3774.557701 -25333.401443   6983.869591   -422.398085  4  9  5 186       
PG29  19820.158168  -6392.363398 -16611.023357   -248.724012  3  2  4 232       
PG30   -362.659072  23972.307224 -10944.801244    353.948179  5  9  6 248       
PG31  -9860.421570 -24279.115775  -3533.532231   -122.775172  5  7  4 277       
*  2026  9  5 18 15  0.00000000
PG04 -25731.574493     47.379108  -6933.036115     64.744891  4  3  4 232       
PG05  13668.007514   6250.931230 -22070.950814   -236.551730  1  8  4 261       
PG06   4258.175635  25183.126162   7061.325354   -531.506624  5  7  5 228       
PG07 -10376.426352  12735.613729 -20161.286760   -221.979639  4  6  4 239       
PG09 -19601.809040   8693.028009 -15838.651012    685.341647  1  5  2 231       
PG11  11765.573445  23353.553167  -4850.644451   -219.307694  4  8  5 230       
PG13  18605.106424  -3415.052125  18579.494327    438.364758  5 10  3 263       
PG14 -11553.841022  22638.862813   7221.609979    749.963275  2  8  4 228       
PG15  26177.210344   2374.638394  -4415.397768    442.316389  2  5  1 420       
PG17  -7483.240956  14069.438058  21646.385176   -197.525004  4  5  1 387       
PG18   9359.490822 -14331.130230 -20161.153550   -263.292741  5  5  5 217       
PG19   6341.935420  16242.294099  20153.198435    704.961336  5  6  4 237       
PG20  21336.361656  10726.270207 -11552.928881    278.721558  4  5  2 401       
PG21   4478.490219  16624.940226 -20207.945706    369.075391  1  7  5 238       
PG22  -6874.293816  21769.859221  14150.631930     74.501212  3  7  3 253       
PG24  18527.992062   8931.873973  16419.327408    194.181053  4  4  2 243       
PG25  19361.991306 -15575.053213   8596.493312    391.384893  5  3  3 249       
PG26  -1749.856421 -20614.457296 -16677.951041   -391.852895  5  6  5 233       
PG28  -3211.744858 -24532.450435   9627.691887   -422.388356  4  9  5 222       
PG29  21500.888489  -5789.279333 -14635.152691   -248.717356  3  4  4 247       
PG30  -1134.344384  22737.043124 -13263.491736    353.959368  5  9  6 257       
PG31  -9651.533657 -24571.376107   -685.211733   -122.772523  5  8  4 280       
*  2026  9  5 18 30  0.00000000
PG04 -26328.112337   -246.559423  -4158.078000     64.745180  4  3  4 237       
PG05  12287.106242   8322.632929 -22198.022005   -236.552131  2  8  4 260       
PG06   3732.815876  24365.102719   9755.180868   -531.496843  5  6  4 235       
PG07 -11461.501504  10493.789679 -20865.615392   -221.982766  4  6  4 247       
PG09 -21251.929119   8385.050268 -13728.472015    685.333708  1  4  2 236       
PG11  11684.766238  23813.712371  -2032.705562   -219.296811  5  8  5 234       
PG13  17460.087292  -1514.913964  19889.247947    438.369256  5 10  3 256       
PG14 -12210.830517  22976.736464   4493.607455    749.963093  2  8  3 234       
PG15  25598.040769   2694.124157  -7136.022598    442.318995  2  4  1 420       
PG17  -9804.379184  13634.318342  21001.895598   -197.528963  4  4  1 387       
PG18  10349.521682 -12167.001679 -21101.298153   -263.284720  5  4  5 224       
PG19   4028.415727  15811.463017  21019.512419    704.961362  5  5  4 244       
PG20  19860.252292  10801.421948 -13871.320813    278.729672  4  5  3 401       
PG21   3028.821110  18338.206740 -18953.154861    369.068172  1  7  5 241       
PG22  -7963.915188  22719.823436  11877.984926     74.509169  4  7  4 254       
PG24  19272.090035  10648.511112  14525.448612    194.196684  3  5  3 249       
PG25  18924.774449 -14439.631656  11121.491444    391.381724  5  3  3 252       
PG26   -629.556693 -22025.056182 -14784.161772   -391.854051  5  6  5 237       
PG28  -2486.733694 -23498.406348  12105.606210   -422.378722  4  8  6 229       
PG29  22977.690353  -5319.822538 -12409.826508   -248.710860  3  4  4 250       
PG30  -2065.843627  21310.205919 -15348.353563    353.970469  5  8  6 260       
PG31  -9334.299058 -24573.122378   2175.077399   -122.769899  6  8  4 282       
*  2026  9  5 18 45  0.00000000
PG04 -26623.633640   -478.729969  -1312.307832     64.745398  4  3  4 246       
PG05  11027.542909  10462.567550 -21949.179131   -236.552028  3  8  4 271       
PG06   3035.706495  23309.981599  12280.189740   -531.487021  5  6  4 243       
PG07 -12680.232994   8256.181234 -21188.005863   -221.985330  4  5  4 245       
PG09 -22665.395387   8171.530140 -11384.504089    685.325706  1  4  2 244       
PG11  11495.397540  23985.709948    820.053807   -219.285988  5  8  4 243       
PG13  16348.447243    553.268609  20854.778612    438.373666  5 10  3 259       
PG14 -12676.917022  23084.316467   1686.911003    749.962883  3  8  3 242       
PG15  24741.208519   3073.966740  -9735.930063    442.321627  2  4  1 420       
PG17 -12053.408986  13331.857983  20009.144131   -197.533237  4  3  1 387       
PG18  11489.623840  -9983.329251 -21674.455719   -263.276685  5  3  5 235       
PG19   1613.709666  15488.510863  21526.125637    704.961466  5  4  3 249       
PG20  18140.431680  10946.207673 -15950.010170    278.737755  5  6  3 401       
PG21   1761.247860  19992.496938 -17371.698983    369.060889  1  8  5 246       
PG22  -8840.018316  23517.569095   9407.366177     74.517305  4  7  4 261       
PG24  19970.233398  12128.925963  12376.345682    194.212283  4  5  3 255       
PG25  18398.349093 -13046.000119  13448.769050    391.378602  5  3  3 258       
PG26    323.297676 -23286.034672 -12635.228821   -391.855183  5  6  5 244       
PG28  -1580.648398 -22267.284756  14374.943670   -422.369074  4  8  6 239       
PG29  24215.884566  -4960.952306  -9973.095464   -248.704330  2  5  4 257       
PG30  -3167.225967  19732.349768 -17162.520160    353.981581  6  8  7 264       
PG31  -8875.115431 -24299.232736   4997.114930   -122.767246  6  8  4 284       
*  2026  9  5 19  0  0.00000000
PG04 -26608.931917   -686.348948   1555.803506     64.745692  4  3  5 245       
PG05   9911.237655  12626.207504 -21328.514904   -236.552646  4  9  4 264       
PG06   2147.340875  22055.911988  14592.933072   -531.477247  6  6  4 243       
PG07 -14012.355006   6070.742092 -21123.434772   -221.988452  4  4  4 246       
PG09 -23813.490319   8022.095146  -8846.525817    685.317826  1  4  2 241       
PG11  11163.138766  23884.184298   3658.783112   -219.275254  6  8  4 243       
PG13  15304.415323   2755.914504  21459.207891    438.378041  5 10  3 258       
PG14 -12977.503383  22936.061778  -1149.370166    749.962621  3  7  3 241       
PG15  23630.050099   3544.645699 -12172.124796    442.324209  2  4  1 420       
PG17 -14185.900494  13153.507108  18684.784087   -197.537088  4  2  2 387       
PG18  12764.730536  -7827.869037 -21871.503119   -263.268669  5  3  5 234       
PG19   -856.277493  15286.642911  21662.677755    704.961530  5  4  2 249       
PG20  16210.111193  11188.518304 -17752.961536    278.745860  5  6  3 401       
PG21    681.418385  21541.981118 -15490.755344    369.053716  1  8  5 245       
PG22  -9513.950356  24125.081868   6779.636238     74.525161  4  6  4 257       
PG24  20583.926975  13363.513851  10011.293177    194.227846  4  5  3 254       
PG25  17822.614806 -11403.481629  15536.569100    391.375500  5  3  3 252       
PG26   1118.581092 -24357.869114 -10267.270190   -391.856326  5  6  5 241       
PG28   -481.987383 -20879.652549  16396.647372   -422.359426  4  7  6 238       
PG29  25187.185585  -4684.056826  -7366.537876   -248.698152  3  5  4 249       
PG30  -4440.772719  18047.029621 -18673.999623    353.992679  6  8  7 257       
PG31  -8244.849827 -23772.540793   7731.026526   -122.764729  6  8  4 283       
*  2026  9  5 19 15  0.00000000
PG04 -26283.626261   -907.577278   4397.449943     64.745914  4  2  5 236       
PG05   8952.230371  14766.278895 -20346.326543   -236.552613  5  9  4 263       
PG06   1055.983504  20645.659485  16653.793473   -531.467564  5  6  4 236       
PG07 -15430.347437   3981.489795 -20674.361312   -221.991232  4  4  4 236       
PG09 -24675.047312   7902.258423  -6157.657117    685.309712  2  4  2 234       
PG11  10657.901806  23531.482273   6434.942650   -219.264469  6  8  4 237       
PG13  14356.580107   5053.531584  21691.933254    438.382403  5 10  3 254       
PG14 -13143.125978  22513.639898  -3965.445873    749.962333  4  7  4 234       
PG15  22294.418716   4132.067606 -14404.796634    442.326936  2  5  1 420       
PG17 -16160.354005  13083.400485  17050.748093   -197.541328  4  2  2 387       
PG18  14152.053116  -5745.368443 -21689.922043   -263.260712  4  4  4 224       
PG19  -3333.313553  15211.339365  21425.096874    704.961403  5  3  2 253       
PG20  14108.558742  11550.224945 -19248.902050    278.753997  6  7  3 401       
PG21   -213.389186  22941.991253 -13342.687759    369.046467  2  8  5 242       
PG22 -10004.165450  24508.416999   4038.398608     74.533253  4  6  5 257       
PG24  21075.308874  14351.294685   7472.804958    194.243355  5  6  3 250       
PG25  17236.557113  -9530.158256  17347.434237    391.372342  5  3  3 247       
PG26   1773.019648 -25205.114452  -7720.565534   -391.857490  5  6  5 237       
PG28    812.733689 -19379.086335  18135.944563   -422.349785  3  6  7 224       
PG29  25870.692766  -4456.228346  -4634.568211   -248.691930  3  5  4 235       
PG30  -5880.686548  16299.140525 -19856.279103    354.003694  6  7  7 253       
PG31  -7420.239155 -23022.918132  10328.233091   -122.761845  6  8  4 283       
*  2026  9  5 19 30  0.00000000
PG04 -25656.174481  -1179.871202   7164.293812     64.746221  4  2  5 246       
PG05   8156.261790  16834.396041 -19018.964553   -236.553111  6  9  3 262       
PG06   -241.697621  19124.959673  18427.623746   -531.457761  6  5  4 247       
PG07 -16900.516017   2026.891634 -19850.579514   -221.994148  4  4  4 246       
PG09 -25237.173906   7774.900534  -3363.654721    685.301743  2  5  2 245       
PG11   9955.169829  22956.713890   9101.118430   -219.253583  5  7  4 246       
PG13  13526.822439   7402.052515  21548.823956    438.386822  6 10  3 258       
PG14 -13208.068118  21806.780669  -6711.771135    749.962132  4  6  4 245       
PG15  20769.561967   4856.473131 -16397.861514    442.329538  3  5  1 420       
PG17 -17939.561807  13099.033107  15133.927369   -197.545340  4  2  3 387       
PG18  15621.889594  -3776.008087 -21133.781334   -263.252629  4  4  4 240       
PG19  -5768.486949  15260.078666  20815.787427    704.961666  5  2  1 254       
PG20  11879.728194  12046.188262 -20411.875886    278.762139  6  7  3 401       
PG21   -933.972937  24150.686921 -10964.490638    369.039308  3  8  5 251       
PG22 -10335.386828  24639.027984   1229.356418     74.541014  5  6  5 257       
PG24  21408.679867  15099.626873   4805.786048    194.258923  6  6  4 256       
PG25  16676.591847  -7452.362233  18848.959926    391.369226  5  3  2 256       
PG26   2309.384295 -25797.803158  -5038.900226   -391.858643  5  5  5 247       
PG28   2298.652160 -17810.528489  19562.943226   -422.340129  3  5  7 239       
PG29  26253.613955  -4241.704012  -1823.702221   -248.685183  3  5  4 251       
PG30  -7473.136141  14533.216514 -20688.815405    354.014766  6  7  7 259       
PG31  -6385.067663 -22086.072004  12742.394561   -122.759314  6  8  4 284       
*  2026  9  5 19 45  0.00000000
PG04 -24743.565951  -1538.361737   9809.260514     64.746467  4  2  5 236       
PG05   7520.673396  18782.749992 -17368.588842   -236.553779  6  9  3 247       
PG06  -1740.330226  17540.777666  19884.329103   -531.448021  5  5  3 237       
PG07 -18384.339353    238.520110 -18668.891990   -221.997040  5  4  5 231       
PG09 -25495.674709   7601.862267   -512.159391    685.293716  3  5  2 232       
PG11   9037.117562  22194.563654  11611.814254   -219.242822  5  7  4 236       
PG13  12829.523083   9754.355146  21032.300660    438.391158  6 10  3 250       
PG14 -13208.822818  20813.818072  -9339.975683    749.961842  5  6  4 233       
PG15  19094.837913   5731.572949 -18119.426457    442.332196  4  6  1 420       
PG17 -19491.825855  13172.182625  12965.789397   -197.549283  4  3  3 387       
PG18  17138.707669  -1954.041452 -20213.601898   -263.244686  5  3  4 223       
PG19  -8113.907374  15422.384406  19843.706356    704.961782  4  2  1 246       
PG20   9570.713078  12683.551237 -21221.704815    278.770210  6  7  3 401       
PG21  -1498.595839  25130.625565  -8397.150834    369.032064  4  8  5 238       
PG22 -10537.534665  24494.922886  -1600.375716     74.548761  5  6  5 242       
PG24  21551.924622  15623.610759   2056.686773    194.274442  7  6  4 248       
PG25  16175.026414  -5203.825199  20014.439847    391.366023  5  3  2 246       
PG26   2755.428523 -26112.659553  -2268.819027   -391.859866  5  5  5 233       
PG28   3962.555116 -16218.604560  20653.143070   -422.330514  3  3  7 221       
PG29  26331.695090  -4003.417937   1018.210516   -248.679199  3  4  4 227       
PG30  -9196.634426  12791.760586 -21157.401006    354.025711  6  6  7 249       
PG31  -5131.066503 -21002.105461  14930.324089   -122.756932  6  7  4 280       
*  2026  9  5 20  0  0.00000000
PG04 -23570.705764  -2014.323561  12287.312917     64.746705  4  2  6 227       
PG05   7034.630864  20565.790100 -15422.833850   -236.554137  7  9  3 234       
PG06  -3425.878330  15939.541860  20999.354620   -531.438252  5  4  3 233       
PG07 -19840.014770  -1359.966957 -17152.624230   -222.000077  5  5  5 233       
PG09 -25455.156658   7345.588453   2348.094476    685.285820  3  5  2 230       
PG11   7893.478772  21283.904443  13924.208882   -219.232051  5  6  4 237       
PG13  12271.076762  12061.908445  20151.296863    438.395621  7 10  3 232       
PG14 -13182.469354  19541.895043 -11803.775129    749.961619  5  6  4 231       
PG15  17312.317399   6763.935729 -19542.180680    442.334933  5  7  1 420       
PG17 -20791.990427  13270.048404  10581.935578   -197.553780  4  3  4 387       
PG18  18662.456628   -306.681836 -18946.111023   -263.236679  5  3  4 226       
PG19 -10324.393802  15680.202360  18524.317916    704.961695  4  3  1 254       
PG20   7230.084519  13461.344042 -21664.346048    278.778331  6  7  3 401       
PG21  -1932.080909  25850.175951  -5684.938304    369.024835  4  8  5 240       
PG22 -10644.454321  24061.604186  -4402.999253     74.556634  5  5  5 240       
PG24  21477.773860  15945.218009   -727.322946    194.289940  7  6  4 248       
PG25  15758.706092  -2824.521299  20823.385882    391.362862  5  3  2 248       
PG26   3142.609344 -26134.074991    541.198958   -391.861024  5  5  5 238       
PG28   5783.203115 -14645.967003  21387.852457   -422.320827  2  3  7 221       
PG29  26109.340061  -3704.606044   3842.775579   -248.672757  3  4  4 226       
PG30 -11022.733689  11113.675296 -21254.398515    354.036699  6  6  6 248       
PG31  -3658.492023 -19813.899125  16852.848257   -122.754143  6  7  4 279       
*  2026  9  5 20 15  0.00000000
PG04 -22169.512870  -2633.790865  14556.194442     64.746981  4  3  6 238       
PG05   6679.664334  22141.837392 -13214.385343   -236.554466  7  8  3 242       
PG06  -5276.020486  14365.420093  21754.071826   -531.428448  5  3  3 242       
PG07 -21224.127532  -2753.485463 -15331.003951   -222.002917  6  4  6 241       
PG09 -25128.810793   6970.760228   5168.095187    685.277887  4  5  1 240       
PG11   6522.128266  20266.266919  15998.866955   -219.221210  5  6  4 244       
PG13  11849.731712  14276.479857  18921.102545    438.400026  7 10  3 241       
PG14 -13165.032342  18006.821066 -14059.842298    749.961392  5  5  4 241       
PG15  15465.321640   7952.642577 -20643.715891    442.337652  5  7  2 420       
PG17 -21822.254060  13356.570033   8021.600397   -197.557651  4  2  4 387       
PG18  20150.054621   1146.724691 -17353.894657   -263.228645  5  3  4 237       
PG19 -12359.081940  16008.600503  16879.419822    704.961945  4  4  1 254       
PG20   4906.178036  14370.417378 -21732.140596    278.786519  7  7  4 401       
PG21  -2264.648695  26284.719593  -2874.638038    369.017651  4  8  5 247       
PG22 -10692.487542  23332.753987  -7130.791785     74.564797  5  5  5 251       
PG24  21164.865898  16092.191487  -3499.144936    194.305578  8  6  4 255       
PG25  15447.904693   -359.254372  21261.909414    391.359774  5  3  1 256       
PG26   3504.641283 -25854.797724   3341.628708   -391.862221  5  5  5 245       
PG28   7731.968779 -13131.728954  21754.504559   -422.311168  3  2  6 234       
PG29  25599.416292  -3310.403244   6601.852806   -248.666084  3  3  4 241       
PG30 -12917.007101   9532.858349 -20978.840543    354.047719  5  6  6 252       
PG31  -1976.353559 -18565.383158  18475.589785   -122.751487  6  6  4 282       
*  2026  9  5 20 30  0.00000000
PG04 -20577.765193  -3416.372461  16577.130126     64.747261  5  4  6 248       
PG05   6430.507376  23474.570036 -10780.472591   -236.554752  7  8  3 252       
PG06  -7260.849101  12858.703688  22136.060361   -531.418606  5  3  4 251       
PG07 -22493.365477  -3935.806715 -13238.433376   -222.005969  7  4  6 251       
PG09 -24537.876779   6445.852877   7899.383423    685.269953  4  5  2 250       
PG11   4929.356399  19184.222501  17800.393180   -219.210355  4  5  4 252       
PG13  11555.760809  16351.837332  17363.092850    438.404420  8 10  4 251       
PG14 -13189.892987  16232.587594 -16068.618204    749.961171  5  5  4 250       
PG15  13596.943917   9289.213698 -21406.779208    442.340420  6  7  2 420       
PG17 -22572.731220  13393.882017   5327.093807   -197.561552  4  2  4 387       
PG18  21556.992227   2395.213481 -15464.957539   -263.220623  6  3  4 247       
PG19 -14182.883705  16376.770661  14936.836558    704.962187  4  5  1 257       
PG20   2645.395845  15393.707500 -21423.947520    278.794656  7  6  4 401       
PG21  -2530.543105  26417.593126    -14.736917    369.010500  4  7  4 255       
PG22 -10718.936130  22310.633837  -9736.890948     74.572601  5  5  5 255       
PG24  20598.576022  16096.765549  -6212.499163    194.321033  9  6  4 260       
PG25  15255.507094   2143.948849  21322.955483    391.356696  5  3  1 263       
PG26   3875.942254 -25276.302320   6082.832309   -391.863380  5  5  5 252       
PG28   9773.765982 -11710.048058  21746.867791   -422.301469  3  2  6 246       
PG29  24822.752858  -2789.372697   9248.353898   -248.659977  2  2  4 247       
PG30 -14840.274084   8077.019413 -20336.395779    354.058759  5  6  6 259       
PG31   -102.277486 -17299.773946  19769.651156   -122.748850  6  5  4 285       
*  2026  9  5 20 45  0.00000000
PG04 -18837.733901  -4374.311371  18315.475324     64.747507  5  4  6 243       
PG05   6256.205441  24534.324952  -8162.280972   -236.555240  7  8  3 244       
PG06  -9343.862283  11454.359775  22139.282644   -531.408818  5  2  4 246       
PG07 -23606.203186  -4909.464436 -10913.683796   -222.008750  7  4  7 246       
PG09 -23710.808402   5744.558403  10494.881840    685.261990  5  5  2 245       
PG11   3129.825448  18079.740844  19298.020201   -219.199591  4  4  4 247       
PG13  11371.956962  18245.379494  15504.346939    438.408790  9 10  4 245       
PG14 -13286.319837  14250.561510 -17795.043958    749.960917  5  5  4 246       
PG15  11748.602920  10757.805053 -21819.462082    442.343267  6  7  2 420       
PG17 -23041.741370  13343.856080   2543.189075   -197.565983  4  2  5 387       
PG18  22838.990077   3436.388279 -13312.201972   -263.212654  6  3  4 242       
PG19 -15767.735080  16749.296300  12729.979440    704.962312  4  5  2 253       
PG20    490.590667  16506.822878 -20745.161632    278.802777  7  6  4 401       
PG21  -2766.500011  26240.734673   2845.419885    369.003276  3  7  4 250       
PG22 -10760.473343  21006.177412 -12176.091658     74.580654  5  5  5 252       
PG24  19771.592275  15994.259757  -8822.617949    194.336513  9  7  4 255       
PG25  15186.516932   4635.569134  21006.386511    391.353529  5  3  2 260       
PG26   4290.036875 -24408.816942   8716.014861   -391.864590  5  4  4 247       
PG28  11868.234210 -10408.914360  21365.147385   -422.291858  3  3  6 240       
PG29  23807.349159  -2114.909097  11737.026752   -248.653392  2  2  4 242       
PG30 -16750.017100   6766.763848 -19339.205728    354.069743  5  6  7 254       
PG31   1937.988770 -16057.852279  20712.180533   -122.746156  6  4  5 286       
*  2026  9  5 21  0  0.00000000
PG04 -16994.656765  -5511.825417  19741.302191     64.747852  6  5  6 260       
PG05   6121.454235  25299.165329  -5404.291437   -236.555418  7  7  3 262       
PG06 -11483.209042  10180.805032  21764.151258   -531.398909  5  2  5 261       
PG07 -24524.485651  -5685.307115  -8399.041349   -222.011677  8  4  7 262       
PG09 -22682.169905   4847.016288  12909.710580    685.254182  5  5  3 261       
PG11   1146.208944  16992.583528  20466.121531   -219.188750  4  3  4 262       
PG13  11274.432341  19919.630232  13377.164376    438.413254  9  9  4 261       
PG14 -13478.180798  12098.390827 -19209.197419    749.960732  5  5  4 261       
PG15   9958.673020  12335.665242 -21875.328157    442.345811  7  7  3 420       
PG17 -23235.811200  13169.678331   -283.540742   -197.570065  4  2  5 387       
PG18  23953.647592   4276.279134 -10932.836572   -263.204565  6  4  4 260       
PG19 -17093.575829  17087.637690  10297.277433    704.962606  4  5  3 263       
PG20  -1520.406286  17678.929618 -19707.614524    278.810971  7  5  4 401       
PG21  -3010.119303  25755.008862   5656.487720    368.996166  3  7  4 264       
PG22 -10851.562479  19438.764710 -14405.644148     74.588923  5  5  5 272       
PG24  18684.226011  15821.599841 -11286.883752    194.352090 10  7  4 268       
PG25  15237.907162   7066.373850  20318.917348    391.350551  4  3  2 269       
PG26   4777.986497 -23271.001932  11194.179438   -391.865752  5  4  4 262       
PG28  13971.132923  -9249.188237  20615.976796   -422.282168  4  3  5 259       
PG29  22587.322781  -1266.462253  14025.214696   -248.647114  2  2  3 260       
PG30 -18601.930229   5614.976707 -18005.599729    354.080870  5  6  7 267       
PG31   4111.412225 -14876.357975  21286.805241   -122.743070  6  3  5 284       
*  2026  9  5 21 15  0.00000000
PG04 -15095.106653  -6824.755389  20829.914617     64.748065  6  5  5 245       
PG05   5988.119193  25755.671567  -2553.554881   -236.555503  7  7  3 248       
PG06 -13633.139701   9058.944981  21017.490347   -531.389149  5  2  5 248       
PG07 -25214.850419  -6281.730328  -5739.430954   -222.014621  8  4  8 247       
PG09 -21491.303716   3740.802575  15101.974267    685.246202  6  4  3 246       
PG11   -991.473369  15958.794209  21284.641943   -219.177952  4  2  4 248       
PG13  11233.688892  21343.539533  11018.488485    438.417575  9  9  4 245       
PG14 -13782.889689   9818.669208 -20286.821384    749.960466  5  5  4 246       
PG15   8261.233696  13993.835967 -21573.482170    442.348665  7  7  3 420       
PG17 -23169.384787  12837.405661  -3105.433276   -197.573991  4  3  5 387       
PG18  24862.021519   4928.881518  -8367.726579   -263.196635  7  5  4 244       
PG19 -18149.014855  17351.774102   7681.487353    704.962657  4  5  3 252       
PG20  -3356.056305  18873.900853 -18329.361020    278.819023  6  4  4 401       
PG21  -3298.204875  24970.197764   8369.980935    368.988792  2  7  4 250       
PG22 -11022.944238  17635.677910 -16386.038395     74.596917  5  5  5 265       
PG24  17344.454764  15615.818906 -13565.408668    194.367536 10  7  4 255       
PG25  15398.815078   9389.169080  19273.908134    391.347356  4  3  2 259       
PG26   5366.915397 -21889.289204  13473.056091   -391.867012  5  4  4 248       
PG28  16035.892772  -8243.924627  19512.299431   -422.272582  5  3  5 242       
PG29  21201.634927   -230.533487  16073.578842   -248.640498  2  2  3 246       
PG30 -20351.535656   4626.526975 -16359.698623    354.091871  5  6  7 254       
PG31   6378.812967 -13786.570277  21483.922559   -122.740453  6  2  5 280       
*  2026  9  5 21 30  0.00000000
PG04 -13185.315372  -8300.536232  21562.282901     64.748306  7  5  5 245       
PG05   5816.879475  25899.422666    341.088874   -236.556035  6  6  3 247       
PG06 -15745.606349   8101.512581  19912.393789   -531.379272  5  3  6 246       
PG07 -25649.938175  -6723.635128  -2981.542252   -222.017655  9  4  8 246       
PG09 -20180.819515   2421.636061  17033.505960    685.238263  6  4  3 246       
PG11  -3246.801099  15009.341912  21739.438729   -219.167140  4  3  3 248       
PG13  11215.916676  22493.540215   8469.247952    438.421985 10  9  5 244       
PG14 -14210.629825   7457.415749 -21009.733551    749.960204  5  6  4 246       
PG15   6684.976583  15698.073057 -20918.581085    442.351090  7  7  3 420       
PG17 -22864.246138  12317.444356  -5874.488219   -197.578200  5  3  5 387       
PG18  25530.076641   5415.398313  -5660.697295   -263.188684  8  6  4 243       
PG19 -18931.648149  17501.933724   4928.896864    704.962779  5  5  4 251       
PG20  -4992.134375  20051.684828 -16634.355343    278.827128  6  3  5 401       
PG21  -3665.138242  23904.658134  10939.115487    368.981568  2  6  4 249       
PG22 -11300.254399  15631.251433 -18081.758754     74.604714  5  5  5 260       
PG24  15767.703313  15412.589460 -15621.555642    194.383038 10  6  5 254       
PG25  15651.067784  11560.452240  17891.025554    391.344235  4  4  3 259       
PG26   6078.699261 -20296.908019  15511.979869   -391.868217  4  4  4 247       
PG28  18015.264493  -7398.008680  18073.142968   -422.262957  5  3  6 241       
PG29  19692.640226    998.594631  17846.771948   -248.634119  2  2  3 244       
PG30 -21955.802795   3798.298196 -14430.919526    354.102903  6  5  7 253       
PG31   8696.255805 -12813.134136  21300.842440   -122.737831  6  2  5 281       
*  2026  9  5 21 45  0.00000000
PG04 -11309.515211  -9918.495033  21925.390235     64.748542  7  5  5 234       
PG05   5568.934023  25735.146190   3229.836065   -236.556320  6  6  4 235       
PG06 -17771.953218   7312.728465  18467.984072   -531.369483  6  3  6 235       
PG07 -25809.353868  -7041.166588   -172.977474   -222.020667  9  5  8 232       
PG09 -18794.962179    893.770924  18670.553751    685.230386  7  4  3 233       
PG11  -5578.145092  14168.968550  21822.528345   -219.156367  4  4  3 240       
PG13  11184.467606  23354.320088   5773.629499    438.426355 10  8  5 229       
PG14 -14763.884501   5062.433591 -21366.112049    749.959982  5  6  4 234       
PG15   5252.304213  17409.959278 -19920.787500    442.353799  7  7  3 420       
PG17 -22348.668785  11585.894291  -8543.151628   -197.582511  6  4  5 387       
PG18  25929.956645   5763.216512  -2857.802023   -263.180788  8  6  5 227       
PG19 -19448.011756  17500.336205   2088.438174    704.962702  5  5  4 247       
PG20  -6412.461849  21169.837799 -14652.023390    278.835226  5  3  4 401       
PG21  -4141.350129  22584.658479  13319.620516    368.974292  2  6  3 236       
PG22 -11702.830714  13465.741429 -19461.991293     74.612666  5  5  5 253       
PG24  13976.376262  15244.833503 -17422.402666    194.398482 10  6  5 241       
PG25  15970.009799  13541.899137  16195.786425    391.341051  4  4  3 251       
PG26   6928.875133 -18532.637746  17274.693970   -391.869508  4  4  4 235       
PG28  19863.002666  -6708.115990  16323.290264   -422.253354  6  3  6 225       
PG29  18104.514628   2418.425148  19314.052498   -248.627759  2  2  2 229       
PG30 -23374.706302   3119.538153 -12253.395694    354.113902  7  5  7 243       
PG31  11016.633772 -11973.180353  20741.781740   -122.735261  6  2  5 278       
*  2026  9  5 22  0  0.00000000
PG04  -9508.360430 -11650.467454  21912.483915     64.748738  7  4  5 229       
PG05   5207.703538  25276.527240   6062.774888   -236.556475  5  6  4 224       
PG06 -19664.634100   6688.293203  16709.076981   -531.359645  6  3  7 223       
PG07 -25680.352956  -7268.291293   2638.563035   -222.023596  9  5  8 218       
PG09 -17377.921596   -829.942929  19984.396209    685.222425  7  4  3 219       
PG11  -7940.062315  13455.284340  21532.234062   -219.145574  5  5  4 233       
PG13  11101.445374  23919.280603   2978.295725    438.430693 10  8  5 209       
PG14 -15437.290651   2681.614944 -21350.653914    749.959726  5  6  3 223       
PG15   3978.649483  19088.174858 -18595.664293    442.356381  6  6  3 420       
PG17 -21656.317552  10625.704463 -11065.123008   -197.586559  6  4  5 387       
PG18  26041.030348   6004.659394     -6.565533   -263.172881  9  6  5 207       
PG19 -19713.169072  17312.870760   -789.265779    704.962862  5  5  5 239       
PG20  -7609.323385  22185.161383 -12416.739415    278.843302  5  2  4 401       
PG21  -4751.950356  21043.421954  15470.504413    368.966987  3  6  3 223       
PG22 -12242.762554  11183.952478 -20501.265441     74.620651  5  6  5 249       
PG24  11999.161979  15141.453594 -18939.151906    194.413908 10  6  5 225       
PG25  16325.592182  15301.628670  14218.999966    391.337873  4  4  3 245       
PG26   7925.821896 -16639.341323  18730.056473   -391.870745  4  4  3 221       
PG28  21535.520144  -6162.998051  14292.852513   -422.243738  6  3  6 204       
PG29  16481.620097   4018.129336  20449.828166   -248.621389  2  2  2 211       
PG30 -24572.663338   2572.507632  -9865.326336    354.124921  8  5  7 232       
PG31  13291.374612 -11275.773326  19817.714244   -122.732694  5  2  5 290       
*  2026  9  5 22 15  0.00000000
PG04  -7817.488667 -13461.712305  21523.225284     64.749038  7  4  5 231       
PG05   4700.461045  24545.680006   8790.757697   -236.556501  5  5  5 240       
PG06 -21378.893398   6215.709789  14665.758109   -531.349773  6  3  7 231       
PG07 -25258.239369  -7441.274249   5406.046142   -222.026762  9  6  8 229       
PG09 -15972.150412  -2728.337570  20951.873819    685.214587  8  4  3 224       
PG11 -10284.842646  12878.145782  20873.231472   -219.134807  4  5  4 219       
PG13  10929.347958  24190.665573    131.563091    438.435118 10  7  5 222       
PG14 -16217.817944    361.260984 -20964.607240    749.959525  5  6  3 225       
PG15   2872.039240  20689.887015 -16964.008465    442.359382  6  6  3 420       
PG17 -20824.937893   9427.590182 -13396.172760   -197.590801  7  5  5 387       
PG18  25850.676963   6175.562132   2844.786325   -263.164865  9  6  5 220       
PG19 -19749.949138  16910.634919  -3652.897823    704.962937  6  5  5 246       
PG20  -8583.553476  23055.380082  -9967.217195    278.851478  5  2  4 401       
PG21  -5515.570019  19319.912551  17354.761887    368.959725  3  5  4 232       
PG22 -12924.228735   8833.670994 -21180.011411     74.628556  5  6  5 256       
PG24   9870.133316  15126.222976 -20147.485913    194.429418 10  5  5 233       
PG25  16683.672803  16815.199833  11996.126644    391.334780  4  4  2 251       
PG26   9070.247618 -14662.343423  19852.632352   -391.871926  3  4  3 229       
PG28  22993.450083  -5744.081104  12016.751882   -422.234115  7  3  6 219       
PG29  14866.867782   5778.752541  21234.118516   -248.614915  2  2  2 225       
PG30 -25519.796756   2133.397062  -7308.271613    354.136105  8  6  8 227       
PG31  15472.197323 -10721.704589  18546.085052   -122.730124  5  2  5 287       
*  2026  9  5 22 30  0.00000000
PG04  -6266.277635 -15312.092414  20763.733639     64.749266  7  4  4 229       
PG05   4019.825199  23572.298829  11366.273654   -236.556871  5  5  5 232       
PG06 -22874.349040   5874.922634  12372.878095   -531.339939  6  3  7 221       
PG07 -24546.472913  -7597.114862   8083.814525   -222.029825  9  6  8 221       
PG09 -14616.756118  -4772.535108  21555.824808    685.206634  8  4  3 208       
PG11 -12564.150606  12439.340515  19856.489958   -219.124020  4  6  5 198       
PG13  10632.697458  24179.356746  -2717.444429    438.439458 10  6  6 208       
PG14 -17085.262019  -1855.517050 -20215.680870    749.959288  5  6  3 214       
PG15   1932.919044  22172.215620 -15051.621246    442.361764  5  5  3 420       
PG17 -19894.877947   7990.669013 -15494.955301   -197.594740  7  5  4 387       
PG18  25354.783613   6313.724351   5648.100668   -263.156953  9  6  5 206       
PG19 -19587.869363  16271.265096  -6451.459010    704.962927  6  5  5 247       
PG20  -9344.290993  23740.793232  -7345.827240    278.859536  5  2  4 401       
PG21  -6443.461486  17457.411939  18940.009771    368.952602  3  5  4 228       
PG22 -13743.158214   6463.965009 -21485.015483     74.636333  6  6  5 246       
PG24   7627.675324  15216.867564 -21027.872807    194.444838  9  5  6 216       
PG25  17007.470391  18066.308430   9566.572105    391.331596  5  4  2 245       
PG26  10355.005494 -12647.724277  20623.156670   -391.873205  3  4  3 220       
PG28  24203.056028  -5426.354524   9534.122388   -422.224537  7  3  7 200       
PG29  13300.142053   7673.738602  21652.927619   -248.608367  2  2  2 221       
PG30 -26192.979117   1773.470338  -4626.407869    354.147144  9  6  8 208       
PG31  17512.845394 -10303.634520  16950.401482   -122.727391  4  3  6 288       
*  2026  9  5 22 45  0.00000000
PG04  -4876.845780 -17157.479406  19646.520795     64.749468  7  4  4 241       
PG05   3145.054710  22392.518915  13744.304964   -236.557035  5  5  5 243       
PG06 -24116.419283   5639.247955   9869.474302   -531.330173  6  4  8 234       
PG07 -23556.493807  -7771.998746  10628.234425   -222.032789  9  7  8 229       
PG09 -13346.031598  -6926.865034  21785.415372    685.198670  8  4  3 223       
PG11 -14730.701062  12132.592064  18499.109635   -219.113247  4  6  5 222       
PG13  10179.592874  23904.346113  -5519.650369    438.443778 10  5  6 225       
PG14 -18013.027871  -3930.254146 -19117.838104    749.958992  5  6  3 231       
PG15   1154.249156  23493.728784 -12889.011031    442.364548  4  5  3 420       
PG17 -18907.497107   6322.781718 -17323.801084   -197.598553  7  5  4 387       
PG18  24557.938476   6457.296864   8356.065544   -263.149056  8  6  5 228       
PG19 -19261.791146  15380.000082  -9135.269699    704.962876  6  5  5 255       
PG20  -9908.413183  24205.836932  -4597.852876    278.867600  5  3  4 400       
PG21  -7538.891512  15501.942287  20199.040756    368.945320  3  4  4 232       
PG22 -14687.235358   4123.418037 -21409.756764     74.644235  6  6  5 245       
PG24   5313.274144  15424.366948 -21565.821677    194.460238  9  5  6 219       
PG25  17259.110934  19047.164354   6972.934499    391.328375  5  4  1 245       
PG26  11765.244611 -10640.603190  21028.859416   -391.874418  2  4  3 226       
PG28  25137.436246  -5179.513735   6887.639079   -422.215030  8  3  7 222       
PG29  11816.846131   9669.755931  21698.518379   -248.601807  2  1  2 237       
PG30 -26576.621936   1460.387644  -1865.757603    354.158155  9  7  8 216       
PG31  19370.726490 -10006.569277  15059.715464   -122.724775  4  3  6 289       
*  2026  9  5 23  0  0.00000000
PG04  -3663.336902 -18951.330718  18190.314688     64.749803  7  4  4 226       
PG05   2063.089243  21047.529081  15883.149322   -236.556956  6  5  6 237       
PG06 -25077.541118   5476.560023   7198.127372   -531.320273  6  4  8 225       
PG07 -22307.280508  -7999.817701  12998.281215   -222.035828  8  7  8 224       
PG09 -12188.183211  -9150.057034  21636.356299    685.190794  8  4  3 212       
PG11 -16739.906111  11943.885537  16824.054768   -219.102375  4  7  6 206       
PG13   9543.124999  23391.907440  -8226.873993    438.448205 10  4  6 210       
PG14 -18969.168293  -5830.391038 -17690.983099    749.958821  6  6  3 214       
PG15    521.874157  24615.919533 -10511.025502    442.367437  3  5  3 420       
PG17 -17903.521908   4440.475644 -18849.468995   -197.602934  7  6  4 387       
PG18  23473.313495   6643.161597  10922.962466   -263.141049  8  6  5 212       
PG19 -18810.369298  14230.431499 -11656.932666    704.962971  7  5  6 247       
PG20 -10299.673061  24420.495273  -1770.698994    278.875765  5  4  4 400       
PG21  -8796.851212  13500.596148  21110.285864    368.938179  2  4  5 222       
PG22 -15736.256651   1858.369854 -20954.611488     74.652309  6  6  6 256       
PG24   2970.204543  15752.495643 -21752.088535    194.475726  8  6  5 222       
PG25  17401.203788  19758.543606   4260.222703    391.325288  5  4  1 242       
PG26  13278.886175  -8683.485100  21063.647370   -391.875492  1  4  3 227       
PG28  25777.476372  -4969.312913   4122.786860   -422.205338  8  3  7 191       
PG29  10446.626120  11727.796526  21369.581694   -248.595640  3  2  2 226       
PG30 -26663.185012   1159.653827    926.592204    354.169313  9  7  8 200       
PG31  21008.394478  -9808.646067  12908.014317   -122.722272  5  4  6 274       
*  2026  9  5 23 15  0.00000000
PG04  -2631.518248 -20646.379715  16419.772266     64.750127  7  4  5 231       
PG05    769.291582  19581.989781  17745.191115   -236.557335  6  6  6 240       
PG06 -25738.135564   5350.688509   4404.261826   -531.310341  7  4  8 227       
PG07 -20824.664149  -8310.804781  15156.063638   -222.039000  8  7  8 239       
PG09 -11164.307903 -11396.663938  21111.000180    685.182973  8  4  3 231       
PG11 -18551.430881  11852.103181  14859.786267   -219.091474  4  7  6 220       
PG13   8702.598438  22674.501033 -10792.656778    438.452654 10  2  6 223       
PG14 -19917.632981  -7530.291982 -15960.550303    749.958649  6  7  3 224       
PG15     15.160162  25504.613197  -7956.409575    442.370022  4  4  3 420       
PG17 -16921.414948   2368.641136 -20043.839448   -197.606795  7  6  4 387       
PG18  22122.241224   6905.363700  13305.394457   -263.132983  7  5  5 219       
PG19 -18274.365222  12824.910504 -13972.233587    704.963238  7  5  6 244       
PG20 -10547.575602  24361.506345   1086.932069    278.883915  5  4  4 400       
PG21 -10204.094231  11499.837814  21658.178213    368.931015  2  4  5 237       
PG22 -16862.829853   -288.761122 -20126.914273     74.660294  7  7  6 259       
PG24    642.156161  16197.619643 -21582.831981    194.491313  8  6  6 235       
PG25  17398.386177  20209.521946   1475.061522    391.322178  6  4  1 250       
PG26  14867.401261  -6814.739094  20728.143148   -391.876579  1  4  4 231       
PG28  26112.514014  -4759.074601   1287.081319   -422.195641  8  3  7 211       
PG29   9212.323952  13804.508143  20671.295095   -248.589129  4  3  3 234       
PG30 -26453.391586    836.135679   3703.270878    354.180465  9  7  8 226       
PG31  22394.818456  -9682.187802  10533.537861   -122.719494  5  5  6 279       
*  2026  9  5 23 30  0.00000000
PG04  -1778.709769 -22196.374405  14365.084047     64.750360  7  4  5 228       
PG05   -732.142455  18042.318459  19297.604394   -236.557419  6  6  6 243       
PG06 -26087.284116   5222.974548   1535.400533   -531.300563  7  4  8 221       
PG07 -19140.428611  -8730.325252  17067.289025   -222.041964  9  6  8 233       
PG09 -10287.661014 -13618.659672  20218.315920    685.175003  8  4  3 222       
PG11 -20130.598729  11829.946753  12639.797591   -219.080689  5  7  6 205       
PG13   7644.513710  21789.455787 -13173.053068    438.457005 10  2  6 211       
PG14 -20819.676821  -9011.986394 -13957.008447    749.958335  6  7  4 219       
PG15   -392.115255  26131.254812  -5267.286699    442.372593  5  4  3 420       
PG17 -15995.824698    139.806007 -20884.528034   -197.611534  7  7  4 387       
PG18  20533.500830   7273.652908  15462.980875   -263.125030  6  6  5 215       
PG19 -17694.898973  11174.596519 -16040.957313    704.963276  7  6  6 243       
PG20 -10686.038067  24013.316803   3925.882709    278.891916  5  5  4 400       
PG21 -11739.501691   9543.841357  21833.412420    368.923734  3  4  6 227       
PG22 -18033.390551  -2281.001077 -18940.869893     74.668151  7  7  6 252       
PG24  -1628.159534  16748.756803 -21059.716462    194.506756  7  6  6 221       
PG25  17218.778451  20416.908667  -1335.101744    391.318939  6  4  1 242       
PG26  16496.853103  -5067.270111  20029.586046   -391.877812  1  5  5 219       
PG28  26140.689975  -4511.297356  -1570.745234   -422.186075  9  3  7 192       
PG29   8129.201425  15853.710230  19615.267400   -248.582711  5  3  3 228       
PG30 -25956.145938    455.590569   6417.392654    354.191506  9  7  8 198       
PG31  23506.394074  -9594.978532   7978.040108   -122.717210  6  6  7 272       
*  2026  9  5 23 45  0.00000000
PG04  -1094.049388 -23557.797257  12061.474954     64.750627  7  4  5 229       
PG05  -2428.126479  16474.910607  20512.971650   -236.557450  7  7  7 253       
PG06 -26123.091011   5053.927230  -1359.616453   -531.290702  7  5  8 218       
PG07 -17291.229789  -9277.857746  18701.672615   -222.044974  9  6  8 235       
PG09  -9563.244731 -15767.149506  18973.739882    685.167090  8  5  3 226       
PG11 -21449.591449  11845.112407  10202.060160   -219.069843  6  7  6 202       
PG13   6363.272117  20777.480731 -15327.371846    438.461454 10  3  6 209       
PG14 -21635.371068 -10265.611378 -11715.291300    749.958092  6  7  5 220       
PG15   -730.644711  26474.026999  -2488.562462    442.375669  6  5  3 420       
PG17 -15156.183258  -2206.891649 -21355.400028   -197.615492  7  7  5 387       
PG18  18742.338169   7772.187549  17359.010416   -263.117065  6  6  5 210       
PG19 -17111.716500   9299.150488 -17827.602243    704.963681  7  6  6 229       
PG20 -10751.887887  23368.748751   6697.385428    278.900001  5  6  4 400       
PG21 -13374.759820   7672.928872  21633.095878    368.916585  5  5  6 232       
PG22 -19209.495613  -4088.122541 -17417.313834     74.676364  7  7  7 259       
PG24  -3800.378330  17387.902775 -20189.959704    194.522271  6  6  6 221       
PG25  16835.297984  20404.409086  -4122.776932    391.315742  6  4  2 241       
PG26  18129.156350  -3467.434785  18981.603183   -391.878939  1  6  6 212       
PG28  25868.972765  -4189.298700  -4401.578662   -422.176421  9  4  7 183       
PG29   7204.467294  17828.036202  18219.367906   -248.576119  6  4  4 234       
PG30 -25188.160594    -13.850150   9023.303030    354.202588 10  7  8 199       
PG31  24327.664348  -9511.704017   5286.013259   -122.714260  6  6  7 279       
EOF
