     3.04           NAVIGATION DATA     G                   RINEX VERSION / TYPE
                                                            END OF HEADER
G01 2026 09 05 00 00 00 1.800665631890e-04-9.094947017729e-12 0.000000000000e+00
     9.500000000000e+01 5.278125000000e+01 4.430898850437e-09-1.541280752027e+00
     2.888962626457e-06 1.920371199958e-03 4.030764102936e-06 5.153594583511e+03
     5.184000000000e+05-4.097819328308e-08-1.252749635765e-01-2.607703208923e-08
     9.568046335421e-01 3.009687500000e+02 1.488716683483e-01-8.187841056445e-09
    -4.857345185067e-11 1.000000000000e+00 2.434000000000e+03 0.000000000000e+00
     2.000000000000e+00 0.000000000000e+00-8.847564458847e-09 3.510000000000e+02
     5.112180000000e+05 4.000000000000e+00                                      
G01 2026 09 05 02 00 00 1.800009049475e-04-9.094947017729e-12 0.000000000000e+00
     9.600000000000e+01 6.225000000000e+01 4.576262048254e-09-4.915084338020e-01
     3.097578883171e-06 1.919464673847e-03 4.187226295471e-06 5.153592277527e+03
     5.256000000000e+05 5.401670932770e-08-1.253336938857e-01 3.911554813385e-08
     9.568037499396e-01 2.979062500000e+02 1.493284747589e-01-8.266772915703e-09
    -1.221479450951e-10 1.000000000000e+00 2.434000000000e+03 0.000000000000e+00
     2.000000000000e+00 0.000000000000e+00-8.847564458847e-09 3.520000000000e+02
     5.184180000000e+05 4.000000000000e+00                                      
G01 2026 09 05 04 00 00 1.799352467060e-04-9.094947017729e-12 0.000000000000e+00
     9.700000000000e+01 7.187500000000e+01 4.681623579842e-09 5.584743134854e-01
     3.671273589134e-06 1.920870272443e-03 3.501772880554e-06 5.153594964981e+03
     5.328000000000e+05-4.097819328308e-08-1.253937759312e-01-2.235174179077e-08
     9.568024099066e-01 3.050625000000e+02 1.495770435585e-01-8.382492021582e-09
    -1.039329006511e-10 1.000000000000e+00 2.434000000000e+03 0.000000000000e+00
     2.800000000000e+00 0.000000000000e+00-8.847564458847e-09 3.530000000000e+02
     5.256180000000e+05 4.000000000000e+00                                      
G01 2026 09 05 04 44 32 1.799119636416e-04-9.094947017729e-12 0.000000000000e+00
     9.800000000000e+01 7.681250000000e+01 4.696981362413e-09 9.479965778741e-01
     4.006549715996e-06 1.921338727698e-03 3.591179847717e-06 5.153596136093e+03
     5.354720000000e+05 1.117587089539e-08-1.254163882560e-01-4.842877388000e-08
     9.568020968421e-01 3.038437500000e+02 1.498068431192e-01-8.408921693913e-09
    -7.714607058635e-11 1.000000000000e+00 2.434000000000e+03 0.000000000000e+00
     2.000000000000e+00 0.000000000000e+00-8.847564458847e-09 3.540000000000e+02
     5.283180000000e+05 4.000000000000e+00                                      
G01 2026 09 05 06 00 00 1.798705197871e-04-9.094947017729e-12 0.000000000000e+00
     9.900000000000e+01 7.546875000000e+01 4.760912596834e-09 1.608998789578e+00
     3.971159458160e-06 1.921097398736e-03 3.319233655930e-06 5.153594226837e+03
     5.400000000000e+05 4.656612873077e-08-1.254547986331e-01 4.656612873077e-08
     9.568018686269e-01 3.116562500000e+02 1.492829750808e-01-8.418922110470e-09
    -1.214336296267e-11 1.000000000000e+00 2.434000000000e+03 0.000000000000e+00
     2.000000000000e+00 0.000000000000e+00-8.847564458847e-09 3.550000000000e+02
     5.328180000000e+05 4.000000000000e+00                                      
G01 2026 09 05 08 00 00 1.798053272069e-04-9.094947017729e-12 0.000000000000e+00
     1.000000000000e+02 7.450000000000e+01 4.700195782020e-09 2.659258497979e+00
     3.911554813385e-06 1.920904847793e-03 3.231689333916e-06 5.153594316483e+03
     5.472000000000e+05-8.568167686462e-08-1.255157160048e-01-4.842877388000e-08
     9.568025386434e-01 3.144375000000e+02 1.492549411817e-01-8.307488897401e-09
     9.071806448581e-11 1.000000000000e+00 2.434000000000e+03 0.000000000000e+00
     2.000000000000e+00 0.000000000000e+00-8.847564458847e-09 3.560000000000e+02
     5.400180000000e+05 4.000000000000e+00                                      
G01 2026 09 05 10 00 00 1.797396689653e-04-9.094947017729e-12 0.000000000000e+00
     1.010000000000e+02 6.771875000000e+01 4.684123683982e-09-2.573785630811e+00
     3.514811396599e-06 1.922980882227e-03 4.036352038383e-06 5.153590400696e+03
     5.544000000000e+05-3.725290298462e-09-1.255751529035e-01-4.284083843231e-08
     9.568035290389e-01 3.010625000000e+02 1.493454724041e-01-8.230699984549e-09
     8.750364487804e-11 1.000000000000e+00 2.434000000000e+03 0.000000000000e+00
     2.000000000000e+00 0.000000000000e+00-8.847564458847e-09 3.570000000000e+02
     5.472180000000e+05 4.000000000000e+00                                      
G01 2026 09 05 12 00 00 1.796740107238e-04-9.094947017729e-12 0.000000000000e+00
     1.020000000000e+02 7.234375000000e+01 4.617692345421e-09-1.522667781979e+00
     3.689900040627e-06 1.922402065247e-03 4.611909389496e-06 5.153593750000e+03
     5.616000000000e+05 3.725290298462e-08-1.256346863547e-01-1.117587089539e-08
     9.568042517205e-01 2.885000000000e+02 1.484598437427e-01-8.245700609385e-09
     1.267909956396e-10 1.000000000000e+00 2.434000000000e+03 0.000000000000e+00
     2.000000000000e+00 0.000000000000e+00-8.847564458847e-09 3.580000000000e+02
     5.544180000000e+05 4.000000000000e+00                                      
G01 2026 09 05 14 00 00 1.796088181436e-04-9.094947017729e-12 0.000000000000e+00
     1.030000000000e+02 7.806250000000e+01 4.609120559800e-09-4.726402401403e-01
     4.107132554054e-06 1.921717892401e-03 4.839152097702e-06 5.153592433929e+03
     5.688000000000e+05 2.235174179077e-08-1.256940559591e-01 1.117587089539e-08
     9.568051879880e-01 2.837500000000e+02 1.486626890377e-01-8.250343659930e-09
     1.317912039184e-10 1.000000000000e+00 2.434000000000e+03 0.000000000000e+00
     2.000000000000e+00 0.000000000000e+00-8.847564458847e-09 3.590000000000e+02
     5.616180000000e+05 4.000000000000e+00                                      
G01 2026 09 05 16 00 00 1.795431599021e-04-9.094947017729e-12 0.000000000000e+00
     1.040000000000e+02 8.831250000000e+01 4.553761111000e-09 5.772938153818e-01
     4.556030035019e-06 1.922848983668e-03 4.710629582405e-06 5.153594633102e+03
     5.760000000000e+05 7.450580596924e-09-1.257535469857e-01 1.862645149231e-09
     9.568060642760e-01 2.883125000000e+02 1.489596862774e-01-8.268201546639e-09
     1.342913080577e-10 1.000000000000e+00 2.434000000000e+03 0.000000000000e+00
     2.000000000000e+00 0.000000000000e+00-8.847564458847e-09 3.600000000000e+02
     5.688180000000e+05 4.000000000000e+00                                      
G01 2026 09 05 18 00 00 1.794779673219e-04-9.094947017729e-12 0.000000000000e+00
     1.050000000000e+02 9.656250000000e+01 4.485901141503e-09 1.627509940527e+00
     4.822388291359e-06 1.923508476466e-03 4.373490810394e-06 5.153595241547e+03
     5.832000000000e+05-5.587935447693e-09-1.258129941248e-01-1.303851604462e-08
     9.568069990806e-01 2.916562500000e+02 1.489718138683e-01-8.264272811563e-09
     1.203621564241e-10 1.000000000000e+00 2.434000000000e+03 0.000000000000e+00
     2.000000000000e+00 0.000000000000e+00-8.847564458847e-09 3.610000000000e+02
     5.760180000000e+05 4.000000000000e+00                                      
G01 2026 09 05 20 00 00 1.794123090804e-04-9.094947017729e-12 0.000000000000e+00
     1.060000000000e+02 9.603125000000e+01 4.421255591613e-09 2.677847422042e+00
     5.014240741730e-06 1.923230360262e-03 4.123896360397e-06 5.153595188141e+03
     5.904000000000e+05-5.587935447693e-09-1.258725422052e-01-4.656612873077e-08
     9.568079572920e-01 2.968125000000e+02 1.488632887535e-01-8.243557662980e-09
     1.303625729816e-10 1.000000000000e+00 2.434000000000e+03 0.000000000000e+00
     2.000000000000e+00 0.000000000000e+00-8.847564458847e-09 3.620000000000e+02
     5.832180000000e+05 4.000000000000e+00                                      
G01 2026 09 05 22 00 00 1.793471165001e-04-9.094947017729e-12 0.000000000000e+00
     1.070000000000e+02 8.603125000000e+01 4.400183285296e-09-2.555327500402e+00
     4.546716809273e-06 1.925233402289e-03 4.796311259270e-06 5.153591379166e+03
     5.976000000000e+05 6.332993507385e-08-1.259313251795e-01 5.401670932770e-08
     9.568093090283e-01 2.853750000000e+02 1.490816541464e-01-8.130338661240e-09
     1.010756387775e-10 1.000000000000e+00 2.434000000000e+03 0.000000000000e+00
     2.000000000000e+00 0.000000000000e+00-8.847564458847e-09 3.630000000000e+02
     5.904180000000e+05 4.000000000000e+00                                      
G02 2026 09 05 00 00 00 1.700860448182e-04 6.934897101019e-12 0.000000000000e+00
     4.600000000000e+01 5.643750000000e+01 4.411612332790e-09-2.479444919976e-01
     2.983957529068e-06 1.701393804979e-02 4.937872290611e-06 5.153714736938e+03
     5.184000000000e+05-1.490116119385e-08-2.869199753229e-01-3.352761268616e-07
     9.615566888557e-01 2.894375000000e+02-7.158206838219e-01-8.366419923543e-09
    -7.786038605475e-11 1.000000000000e+00 2.434000000000e+03 0.000000000000e+00
     2.000000000000e+00 0.000000000000e+00-1.769512891769e-08 4.600000000000e+01
     5.112180000000e+05 4.000000000000e+00                                      
G02 2026 09 05 02 00 00 1.701363362372e-04 6.934897101019e-12 0.000000000000e+00
     4.700000000000e+01 6.575000000000e+01 4.611977821674e-09 8.022322192092e-01
     3.008171916008e-06 1.701239438262e-02 4.749745130539e-06 5.153711679459e+03
     5.256000000000e+05 2.365559339523e-07-2.869802007344e-01-2.328306436539e-07
     9.615559398416e-01 2.834062500000e+02-7.158405795077e-01-8.345347617226e-09
    -1.410773050075e-10 1.000000000000e+00 2.434000000000e+03 0.000000000000e+00
     2.000000000000e+00 0.000000000000e+00-1.769512891769e-08 4.700000000000e+01
     5.184180000000e+05 4.000000000000e+00                                      
G02 2026 09 05 04 00 00 1.701866276562e-04 6.934897101019e-12 0.000000000000e+00
     4.800000000000e+01 9.787500000000e+01 4.466257466122e-09 1.852121057396e+00
     5.114823579788e-06 1.701322512235e-02 4.170462489128e-06 5.153720424652e+03
     5.328000000000e+05 2.030283212662e-07-2.870383868381e-01 6.705522537231e-08
     9.615553458969e-01 2.900312500000e+02-7.155745127450e-01-8.107123408517e-09
    -2.632252501025e-10 1.000000000000e+00 2.434000000000e+03 0.000000000000e+00
     2.000000000000e+00 0.000000000000e+00-1.769512891769e-08 4.800000000000e+01
     5.256180000000e+05 4.000000000000e+00                                      
G02 2026 09 05 06 00 00 1.702369190753e-04 6.934897101019e-12 0.000000000000e+00
     4.900000000000e+01 1.051875000000e+02 4.563404369823e-09 2.902330970992e+00
     5.446374416351e-06 1.701470464468e-02 3.913417458534e-06 5.153717235565e+03
     5.400000000000e+05-9.313225746155e-09-2.870980621924e-01 3.501772880554e-07
     9.615544184068e-01 3.017500000000e+02-7.156306185792e-01-8.044263647298e-09
     4.643050544549e-12 1.000000000000e+00 2.434000000000e+03 0.000000000000e+00
     2.800000000000e+00 0.000000000000e+00-1.769512891769e-08 4.900000000000e+01
     5.328180000000e+05 4.000000000000e+00                                      
G02 2026 09 05 05 59 44 1.702378503978e-04 7.048583938740e-12 0.000000000000e+00
     1.400000000000e+01 1.051875000000e+02 4.563404369823e-09 2.899997141207e+00
     5.446374416351e-06 1.701470022090e-02 3.913417458534e-06 5.153717226028e+03
     5.399840000000e+05-9.313225746155e-09-2.870979378444e-01 3.501772880554e-07
     9.615544227956e-01 3.017500000000e+02-7.156304152336e-01-8.044263647298e-09
     4.285892810353e-12 1.000000000000e+00 2.434000000000e+03 0.000000000000e+00
     2.000000000000e+00 0.000000000000e+00-1.769512891769e-08 1.400000000000e+01
     5.333760000000e+05 4.000000000000e+00                                      
G02 2026 09 05 07 59 44 1.702881418169e-04 7.048583938740e-12 0.000000000000e+00
     1.500000000000e+01 9.981250000000e+01 4.413755279195e-09-2.333038100356e+00
     5.451962351799e-06 1.701415155549e-02 4.233792424202e-06 5.153718112946e+03
     5.471840000000e+05-1.806765794754e-07-2.871558269757e-01 2.346932888031e-07
     9.615549889449e-01 3.020625000000e+02-7.156267798821e-01-7.991761460372e-09
     7.250302004181e-11 1.000000000000e+00 2.434000000000e+03 0.000000000000e+00
     2.000000000000e+00 0.000000000000e+00-1.769512891769e-08 1.500000000000e+01
     5.400180000000e+05 4.000000000000e+00                                      
G02 2026 09 05 10 00 00 1.703388988972e-04 7.048583938740e-12 0.000000000000e+00
     1.600000000000e+01 7.365625000000e+01 4.639478967207e-09-1.280779902492e+00
     3.764405846596e-06 1.701542909723e-02 5.148351192474e-06 5.153710353851e+03
     5.544000000000e+05-1.899898052216e-07-2.872161738094e-01-1.732259988785e-07
     9.615547417117e-01 2.873750000000e+02-7.153940062090e-01-8.338561620276e-09
     2.425101015191e-10 1.000000000000e+00 2.434000000000e+03 0.000000000000e+00
     2.000000000000e+00 0.000000000000e+00-1.769512891769e-08 1.600000000000e+01
     5.472180000000e+05 4.000000000000e+00                                      
G02 2026 09 05 12 00 00 1.703891903162e-04 7.048583938740e-12 0.000000000000e+00
     5.000000000000e+01 6.987500000000e+01 4.559475634747e-09-2.305471542087e-01
     3.570690751076e-06 1.701689872425e-02 5.602836608887e-06 5.153714076996e+03
     5.616000000000e+05-1.862645149231e-09-2.872757672402e-01-2.887099981308e-07
     9.615561826860e-01 2.740625000000e+02-7.154690743873e-01-8.396778330950e-09
     1.232194182976e-10 1.000000000000e+00 2.434000000000e+03 0.000000000000e+00
     2.000000000000e+00 0.000000000000e+00-1.769512891769e-08 5.000000000000e+01
     5.544180000000e+05 4.000000000000e+00                                      
G02 2026 09 05 14 00 00 1.704394817352e-04 7.048583938740e-12 0.000000000000e+00
     5.400000000000e+01 7.643750000000e+01 4.586976780280e-09 8.196399934557e-01
     3.818422555923e-06 1.701556588523e-02 5.809590220451e-06 5.153711341858e+03
     5.688000000000e+05 2.570450305939e-07-2.873361301660e-01-2.812594175339e-07
     9.615574159260e-01 2.662187500000e+02-7.154987774760e-01-8.283559329210e-09
     1.000041655749e-10 1.000000000000e+00 2.434000000000e+03 0.000000000000e+00
     2.000000000000e+00 0.000000000000e+00-1.769512891769e-08 5.400000000000e+01
     5.616180000000e+05 4.000000000000e+00                                      
G02 2026 09 05 16 00 00 1.704897731543e-04 7.048583938740e-12 0.000000000000e+00
     5.600000000000e+01 1.115937500000e+02 4.268034923643e-09 1.869509093952e+00
     5.645677447319e-06 1.701612735633e-02 5.576759576797e-06 5.153720594406e+03
     5.760000000000e+05 1.825392246246e-07-2.873930830298e-01 1.154839992523e-07
     9.615587003680e-01 2.682812500000e+02-7.152136635199e-01-7.952116951876e-09
    -7.857470152314e-11 1.000000000000e+00 2.434000000000e+03 0.000000000000e+00
     2.000000000000e+00 0.000000000000e+00-1.769512891769e-08 5.600000000000e+01
     5.688180000000e+05 4.000000000000e+00                                      
G02 2026 09 05 18 00 00 1.705405302346e-04 7.048583938740e-12 0.000000000000e+00
     7.200000000000e+01 1.227187500000e+02 4.275892393796e-09 2.919695488214e+00
     6.197020411491e-06 1.701764785685e-02 5.085021257401e-06 5.153717782974e+03
     5.832000000000e+05 2.235174179077e-08-2.874510394553e-01 2.607703208923e-07
     9.615586564805e-01 2.772187500000e+02-7.152489871398e-01-7.904257815494e-09
     7.178870457341e-11 1.000000000000e+00 2.434000000000e+03 0.000000000000e+00
     2.000000000000e+00 0.000000000000e+00-1.769512891769e-08 7.200000000000e+01
     5.760180000000e+05 4.000000000000e+00                                      
G02 2026 09 05 20 00 00 1.705908216536e-04 7.048583938740e-12 0.000000000000e+00
     7.300000000000e+01 1.164375000000e+02 4.119100148483e-09-2.313320450145e+00
     6.286427378654e-06 1.701663248241e-02 5.248934030533e-06 5.153719684601e+03
     5.904000000000e+05-1.396983861923e-07-2.875079703753e-01 2.495944499969e-07
     9.615591538727e-01 2.827812500000e+02-7.152673058000e-01-7.940687904382e-09
     9.750406143553e-11 1.000000000000e+00 2.434000000000e+03 0.000000000000e+00
     2.000000000000e+00 0.000000000000e+00-1.769512891769e-08 7.300000000000e+01
     5.832180000000e+05 4.000000000000e+00                                      
G02 2026 09 05 22 00 00 1.706411130726e-04 7.048583938740e-12 0.000000000000e+00
     7.500000000000e+01 8.484375000000e+01 4.349466887040e-09-1.263435844180e+00
     4.518777132034e-06 1.701779512223e-02 6.012618541718e-06 5.153710832596e+03
     5.976000000000e+05-2.216547727585e-07-2.875670181377e-01-4.097819328308e-08
     9.615593016274e-01 2.702500000000e+02-7.149978596965e-01-8.179983586293e-09
     1.942938074027e-10 1.000000000000e+00 2.434000000000e+03 0.000000000000e+00
     2.000000000000e+00 0.000000000000e+00-1.769512891769e-08 7.500000000000e+01
     5.904180000000e+05 4.000000000000e+00                                      
G03 2026 09 05 02 00 00 2.853879705071e-04-2.103206497850e-11 0.000000000000e+00
     4.400000000000e+01-5.828125000000e+01 3.592649648278e-09-2.711596735860e+00
    -2.913177013397e-06 6.937273079529e-03 3.850087523460e-06 5.153744321823e+03
     5.256000000000e+05 3.725290298462e-08 8.681707295614e-01-4.842877388000e-08
     9.954400162094e-01 3.237812500000e+02 1.296115119734e+00-7.667462237722e-09
    -3.571577341961e-12 1.000000000000e+00 2.434000000000e+03 0.000000000000e+00
     2.000000000000e+00 0.000000000000e+00 1.396983861923e-09 4.400000000000e+01
     5.184180000000e+05 4.000000000000e+00                                      
G03 2026 09 05 04 00 00 2.852366305888e-04-2.103206497850e-11 0.000000000000e+00
     4.500000000000e+01-6.087500000000e+01 3.707654438690e-09-1.661411307124e+00
    -3.159046173096e-06 6.937464699149e-03 3.613531589508e-06 5.153744684219e+03
     5.328000000000e+05 2.179294824600e-07 8.681160091106e-01 1.285225152969e-07
     9.954389614455e-01 3.289687500000e+02 1.296060940563e+00-7.834612057325e-09
    -1.478633019572e-10 1.000000000000e+00 2.434000000000e+03 0.000000000000e+00
     2.000000000000e+00 0.000000000000e+00 1.396983861923e-09 4.500000000000e+01
     5.256180000000e+05 4.000000000000e+00                                      
G03 2026 09 05 06 00 00 2.850852906704e-04-2.103206497850e-11 0.000000000000e+00
     8.000000000000e+01-6.690625000000e+01 3.870875523217e-09-6.113213220897e-01
    -3.457069396973e-06 6.936939898878e-03 3.628432750702e-06 5.153743764877e+03
     5.400000000000e+05-4.842877388000e-08 8.680584900976e-01 1.098960638046e-07
     9.954368138817e-01 3.272187500000e+02 1.296103173545e+00-8.076050685642e-09
    -1.392915163365e-10 1.000000000000e+00 2.434000000000e+03 0.000000000000e+00
     2.000000000000e+00 0.000000000000e+00 1.396983861923e-09 8.000000000000e+01
     5.328180000000e+05 4.000000000000e+00                                      
G03 2026 09 05 08 00 00 2.849339507520e-04-2.103206497850e-11 0.000000000000e+00
     8.100000000000e+01-6.759375000000e+01 3.849088901431e-09 4.387802960691e-01
    -3.505498170853e-06 6.937416037545e-03 3.885477781296e-06 5.153744623184e+03
     5.472000000000e+05-9.126961231232e-08 8.680005936517e-01 5.774199962616e-08
     9.954357166932e-01 3.221562500000e+02 1.296134841333e+00-8.063550164945e-09
    -1.839362331110e-10 1.000000000000e+00 2.434000000000e+03 0.000000000000e+00
     2.000000000000e+00 0.000000000000e+00 1.396983861923e-09 8.100000000000e+01
     5.400180000000e+05 4.000000000000e+00                                      
G03 2026 09 05 10 00 00 2.847821451724e-04-2.103206497850e-11 0.000000000000e+00
     8.200000000000e+01-5.562500000000e+01 3.878375835635e-09 1.489124407529e+00
    -3.105029463768e-06 6.936679594219e-03 3.952533006668e-06 5.153741552353e+03
     5.544000000000e+05-2.048909664154e-07 8.679422085911e-01-1.061707735062e-07
     9.954351432293e-01 3.209687500000e+02 1.295924628783e+00-7.932830434229e-09
    -8.286059433349e-11 1.000000000000e+00 2.434000000000e+03 0.000000000000e+00
     2.000000000000e+00 0.000000000000e+00 1.396983861923e-09 8.200000000000e+01
     5.472180000000e+05 4.000000000000e+00                                      
G03 2026 09 05 12 00 00 2.846308052540e-04-2.103206497850e-11 0.000000000000e+00
     8.300000000000e+01-4.553125000000e+01 3.801229765049e-09 2.539040529138e+00
    -2.518296241760e-06 6.935522658750e-03 3.205612301826e-06 5.153745048523e+03
     5.616000000000e+05-2.048909664154e-08 8.678857779891e-01-1.434236764908e-07
     9.954352368561e-01 3.315000000000e+02 1.296142378287e+00-7.791038813753e-09
    -7.357449324439e-11 1.000000000000e+00 2.434000000000e+03 0.000000000000e+00
     2.000000000000e+00 0.000000000000e+00 1.396983861923e-09 8.300000000000e+01
     5.544180000000e+05 4.000000000000e+00                                      
G03 2026 09 05 14 00 00 2.844794653356e-04-2.103206497850e-11 0.000000000000e+00
     8.400000000000e+01-4.290625000000e+01 3.926592129752e-09-2.694078474725e+00
    -2.210959792137e-06 6.936238147318e-03 2.952292561531e-06 5.153743793488e+03
     5.688000000000e+05 1.806765794754e-07 8.678283906387e-01-9.313225746155e-09
     9.954351212855e-01 3.402812500000e+02 1.296208936671e+00-7.866041937935e-09
     1.103617398666e-10 1.000000000000e+00 2.434000000000e+03 0.000000000000e+00
     2.000000000000e+00 0.000000000000e+00 1.396983861923e-09 8.400000000000e+01
     5.616180000000e+05 4.000000000000e+00                                      
G03 2026 09 05 16 00 00 2.843281254172e-04-2.103206497850e-11 0.000000000000e+00
     8.600000000000e+01-4.059375000000e+01 3.936949704043e-09-1.643969506866e+00
    -1.907348632812e-06 6.936889607459e-03 2.637505531311e-06 5.153742820740e+03
     5.760000000000e+05 1.788139343262e-07 8.677718912796e-01 1.341104507446e-07
     9.954357079157e-01 3.473750000000e+02 1.296234511405e+00-7.933901907432e-09
     8.750364487804e-11 1.000000000000e+00 2.434000000000e+03 0.000000000000e+00
     2.800000000000e+00 0.000000000000e+00 1.396983861923e-09 8.600000000000e+01
     5.688180000000e+05 4.000000000000e+00                                      
G03 2026 09 05 18 00 00 2.841763198376e-04-2.103206497850e-11 0.000000000000e+00
     8.700000000000e+01-4.659375000000e+01 3.964093691842e-09-5.938620267943e-01
    -2.335757017136e-06 6.936397170648e-03 3.010034561157e-06 5.153742094040e+03
     5.832000000000e+05-4.097819328308e-08 8.677138573194e-01 1.192092895508e-07
     9.954354709229e-01 3.466250000000e+02 1.296261465670e+00-8.126767083898e-09
     9.321816862518e-11 1.000000000000e+00 2.434000000000e+03 0.000000000000e+00
     2.800000000000e+00 0.000000000000e+00 1.396983861923e-09 8.700000000000e+01
     5.760180000000e+05 4.000000000000e+00                                      
G03 2026 09 05 20 00 00 2.840249799192e-04-2.103206497850e-11 0.000000000000e+00
     8.800000000000e+01-4.903125000000e+01 3.822659229101e-09 4.562296581508e-01
    -2.777203917503e-06 6.936680292711e-03 2.862885594368e-06 5.153742591858e+03
     5.904000000000e+05-1.173466444016e-07 8.676558555434e-01 2.421438694000e-08
     9.954359551488e-01 3.421875000000e+02 1.296304396464e+00-8.102123200238e-09
     5.357366012941e-12 1.000000000000e+00 2.434000000000e+03 0.000000000000e+00
     2.800000000000e+00 0.000000000000e+00 1.396983861923e-09 8.800000000000e+01
     5.832180000000e+05 4.000000000000e+00                                      
G03 2026 09 05 22 00 00 2.838731743395e-04-2.103206497850e-11 0.000000000000e+00
     8.900000000000e+01-4.025000000000e+01 3.775157250453e-09 1.506523768533e+00
    -2.197921276093e-06 6.936252349988e-03 2.924352884293e-06 5.153740392685e+03
     5.976000000000e+05-1.545995473862e-07 8.675973300427e-01-1.154839992523e-07
     9.954364057276e-01 3.396250000000e+02 1.296144468797e+00-8.014619555360e-09
     5.643092200298e-11 1.000000000000e+00 2.434000000000e+03 0.000000000000e+00
     4.000000000000e+00 0.000000000000e+00 1.396983861923e-09 8.900000000000e+01
     5.904180000000e+05 4.000000000000e+00                                      
G03 2026 09 05 21 59 44 2.838750369847e-04-2.103206497850e-11 0.000000000000e+00
     2.000000000000e+00-4.025000000000e+01 3.775157250453e-09 1.504191233431e+00
    -2.197921276093e-06 6.936255493201e-03 2.924352884293e-06 5.153740381241e+03
     5.975840000000e+05-1.545995473862e-07 8.675974470761e-01-1.154839992523e-07
     9.954364130422e-01 3.396250000000e+02 1.296143482790e+00-8.014619555360e-09
     5.643092200298e-11 1.000000000000e+00 2.434000000000e+03 0.000000000000e+00
     2.000000000000e+00 0.000000000000e+00 1.396983861923e-09 2.000000000000e+00
     5.955780000000e+05 4.000000000000e+00                                      
G03 2026 09 05 23 59 44 2.837236970663e-04-2.103206497850e-11 0.000000000000e+00
     3.000000000000e+00-3.062500000000e+01 3.634794260914e-09 2.554153716377e+00
    -1.624226570129e-06 6.935219513252e-03 2.441927790642e-06 5.153743246078e+03
     6.047840000000e+05 6.519258022308e-08 8.675408336094e-01-4.842877388000e-08
     9.954377764818e-01 3.475000000000e+02 1.296314708574e+00-7.793896075627e-09
     3.607293115380e-11 1.000000000000e+00 2.434000000000e+03 0.000000000000e+00
     2.000000000000e+00 0.000000000000e+00 1.396983861923e-09 3.000000000000e+00
     5.976180000000e+05 4.000000000000e+00                                      
G04 2026 09 05 00 00 00 6.472459062934e-05 3.410605131648e-13 0.000000000000e+00
     1.180000000000e+02-7.212500000000e+01 4.116242886610e-09-7.085462402864e-01
    -3.775581717491e-06 3.912077634595e-03 8.555129170418e-06 5.153665630341e+03
     5.184000000000e+05 1.136213541031e-07 1.935899767413e+00-2.235174179077e-08
     9.725340179684e-01 2.177187500000e+02-2.915527356651e+00-7.823897325299e-09
     3.032269163325e-10 1.000000000000e+00 2.434000000000e+03 0.000000000000e+00
     2.000000000000e+00 0.000000000000e+00-4.656612873077e-09 1.180000000000e+02
     5.112180000000e+05 4.000000000000e+00                                      
G04 2026 09 05 02 00 00 6.472691893578e-05 3.410605131648e-13 0.000000000000e+00
     1.190000000000e+02-7.671875000000e+01 4.017667351972e-09 3.418143538713e-01
    -3.967434167862e-06 3.913773107342e-03 8.065253496170e-06 5.153669034958e+03
     5.256000000000e+05 1.061707735062e-07 1.935843445067e+00 6.332993507385e-08
     9.725361377367e-01 2.309062500000e+02-2.915706945938e+00-7.822111536628e-09
     2.828689254833e-10 1.000000000000e+00 2.434000000000e+03 0.000000000000e+00
     2.000000000000e+00 0.000000000000e+00-4.656612873077e-09 1.190000000000e+02
     5.184180000000e+05 4.000000000000e+00                                      
G04 2026 09 05 04 00 00 6.472878158092e-05 3.410605131648e-13 0.000000000000e+00
     1.200000000000e+02-8.843750000000e+01 4.045168497505e-09 1.392248967295e+00
    -4.481524229050e-06 3.912540152669e-03 7.979571819305e-06 5.153666105270e+03
     5.328000000000e+05-5.215406417847e-08 1.935788098487e+00 6.891787052155e-08
     9.725379751618e-01 2.337812500000e+02-2.915960418439e+00-7.744251150574e-09
     1.732215010851e-10 1.000000000000e+00 2.434000000000e+03 0.000000000000e+00
     2.000000000000e+00 0.000000000000e+00-4.656612873077e-09 1.200000000000e+02
     5.256180000000e+05 4.000000000000e+00                                      
G04 2026 09 05 06 00 00 6.473110988736e-05 3.410605131648e-13 0.000000000000e+00
     1.210000000000e+02-1.039062500000e+02 3.971951161995e-09 2.441789568074e+00
    -5.342066287994e-06 3.911888576113e-03 8.538365364075e-06 5.153670944214e+03
     5.400000000000e+05-7.823109626770e-08 1.935732269145e+00 2.421438694000e-08
     9.725393166576e-01 2.229062500000e+02-2.915320868690e+00-7.718535793712e-09
     1.889364413897e-10 1.000000000000e+00 2.434000000000e+03 0.000000000000e+00
     2.000000000000e+00 0.000000000000e+00-4.656612873077e-09 1.210000000000e+02
     5.328180000000e+05 4.000000000000e+00                                      
G04 2026 09 05 08 00 00 6.473297253251e-05 3.410605131648e-13 0.000000000000e+00
     1.220000000000e+02-1.020000000000e+02 4.053025967657e-09-2.791068534590e+00
    -5.280598998070e-06 3.913825028576e-03 9.164214134216e-06 5.153667194366e+03
     5.472000000000e+05-5.774199962616e-08 1.935676761644e+00-3.725290298462e-09
     9.725407810386e-01 2.080312500000e+02-2.915467652039e+00-7.701749380204e-09
     1.957224383395e-10 1.000000000000e+00 2.434000000000e+03 0.000000000000e+00
     2.000000000000e+00 0.000000000000e+00-4.656612873077e-09 1.220000000000e+02
     5.400180000000e+05 4.000000000000e+00                                      
G04 2026 09 05 10 00 00 6.473530083895e-05 3.410605131648e-13 0.000000000000e+00
     1.230000000000e+02-9.262500000000e+01 4.001952411667e-09-1.740754051611e+00
    -4.880130290985e-06 3.912880551070e-03 9.138137102127e-06 5.153669075012e+03
     5.544000000000e+05-9.685754776001e-08 1.935621520394e+00-6.705522537231e-08
     9.725421386266e-01 2.084062500000e+02-2.915601994732e+00-7.692820436849e-09
     1.525063525017e-10 1.000000000000e+00 2.434000000000e+03 0.000000000000e+00
     2.000000000000e+00 0.000000000000e+00-4.656612873077e-09 1.230000000000e+02
     5.472180000000e+05 4.000000000000e+00                                      
G04 2026 09 05 12 00 00 6.473762914538e-05 3.410605131648e-13 0.000000000000e+00
     1.240000000000e+02-8.665625000000e+01 4.140886770269e-09-6.909379248408e-01
    -4.688277840614e-06 3.912859712727e-03 8.666887879372e-06 5.153666530609e+03
     5.616000000000e+05 1.098960638046e-07 1.935566636097e+00-2.607703208923e-08
     9.725423317318e-01 2.188125000000e+02-2.915236747975e+00-7.811753962337e-09
     5.357366012941e-12 1.000000000000e+00 2.434000000000e+03 0.000000000000e+00
     2.000000000000e+00 0.000000000000e+00-4.656612873077e-09 1.240000000000e+02
     5.544180000000e+05 4.000000000000e+00                                      
G04 2026 09 05 14 00 00 6.473949179053e-05 3.410605131648e-13 0.000000000000e+00
     1.250000000000e+02-8.946875000000e+01 4.167673600334e-09 3.594168951792e-01
    -4.781410098076e-06 3.914992907085e-03 7.670372724533e-06 5.153670732498e+03
     5.688000000000e+05 1.676380634308e-08 1.935510029945e+00 1.862645149231e-09
     9.725419338181e-01 2.350937500000e+02-2.915410605548e+00-7.901757711354e-09
    -3.571577341961e-13 1.000000000000e+00 2.434000000000e+03 0.000000000000e+00
     2.000000000000e+00 0.000000000000e+00-4.656612873077e-09 1.250000000000e+02
     5.616180000000e+05 4.000000000000e+00                                      
G04 2026 09 05 15 14 40 6.474042311311e-05 3.410605131648e-13 0.000000000000e+00
     1.260000000000e+02-1.008125000000e+02 4.279821128872e-09 1.013124028888e+00
    -5.118548870087e-06 3.913810476661e-03 7.554888725281e-06 5.153667837143e+03
     5.732800000000e+05 5.960464477539e-08 1.935474456166e+00-3.725290298462e-09
     9.725419382068e-01 2.387500000000e+02-2.915671448230e+00-7.920329913532e-09
     2.285809498855e-11 1.000000000000e+00 2.434000000000e+03 0.000000000000e+00
     2.000000000000e+00 0.000000000000e+00-4.656612873077e-09 1.260000000000e+02
     5.661180000000e+05 4.000000000000e+00                                      
G04 2026 09 05 16 00 00 6.474135443568e-05 3.410605131648e-13 0.000000000000e+00
     1.270000000000e+02-1.013750000000e+02 4.323751530178e-09 1.409929278791e+00
    -5.105510354042e-06 3.913708380423e-03 7.586553692818e-06 5.153667306900e+03
     5.760000000000e+05 8.754432201385e-08 1.935452695259e+00 7.078051567078e-08
     9.725420508515e-01 2.410000000000e+02-2.915740742271e+00-7.927115910482e-09
     7.000291590243e-11 1.000000000000e+00 2.434000000000e+03 0.000000000000e+00
     2.000000000000e+00 0.000000000000e+00-4.656612873077e-09 1.270000000000e+02
     5.688180000000e+05 4.000000000000e+00                                      
G04 2026 09 05 18 00 00 6.474368274212e-05 3.410605131648e-13 0.000000000000e+00
     1.280000000000e+02-1.195312500000e+02 4.177316859157e-09 2.459429947758e+00
    -6.025657057762e-06 3.912810352631e-03 8.109956979752e-06 5.153672582626e+03
     5.832000000000e+05-1.266598701477e-07 1.935395125044e+00 2.793967723846e-08
     9.725434918258e-01 2.318437500000e+02-2.915059731961e+00-7.806753754058e-09
     2.189376910622e-10 1.000000000000e+00 2.434000000000e+03 0.000000000000e+00
     2.000000000000e+00 0.000000000000e+00-4.656612873077e-09 1.280000000000e+02
     5.760180000000e+05 4.000000000000e+00                                      
G04 2026 09 05 20 00 00 6.474554538727e-05 3.410605131648e-13 0.000000000000e+00
     1.290000000000e+02-1.200000000000e+02 4.190531695323e-09-2.773447095307e+00
    -6.105750799179e-06 3.915128763765e-03 9.085983037949e-06 5.153668155670e+03
     5.904000000000e+05-6.332993507385e-08 1.935339133317e+00-2.980232238770e-08
     9.725453658239e-01 2.145312500000e+02-2.915187279400e+00-7.753537251663e-09
     2.317953694933e-10 1.000000000000e+00 2.434000000000e+03 0.000000000000e+00
     2.000000000000e+00 0.000000000000e+00-4.656612873077e-09 1.290000000000e+02
     5.832180000000e+05 4.000000000000e+00                                      
G04 2026 09 05 22 00 00 6.474787369370e-05 3.410605131648e-13 0.000000000000e+00
     1.300000000000e+02-1.095937500000e+02 4.048740074847e-09-1.723084097575e+00
    -5.954876542091e-06 3.914088127203e-03 8.862465620041e-06 5.153670406342e+03
     5.976000000000e+05-3.166496753693e-08 1.935283110870e+00-5.960464477539e-08
     9.725470759751e-01 2.133125000000e+02-2.915369934963e+00-7.772823769309e-09
     2.453673633927e-10 1.000000000000e+00 2.434000000000e+03 0.000000000000e+00
     2.000000000000e+00 0.000000000000e+00-4.656612873077e-09 1.300000000000e+02
     5.904180000000e+05 4.000000000000e+00                                      
G05 2026 09 05 00 00 00-2.365354448557e-04-3.410605131648e-13 0.000000000000e+00
     1.130000000000e+02-7.265625000000e+01 3.930520864828e-09-1.998387438344e-01
    -3.635883331299e-06 5.409833393060e-03 3.930181264877e-06 5.153562406540e+03
     5.184000000000e+05-1.285225152969e-07 8.060332841445e-01 8.940696716309e-08
     9.818154197989e-01 3.150625000000e+02 1.502286629662e+00-8.079265105250e-09
     6.071681481333e-12 1.000000000000e+00 2.434000000000e+03 0.000000000000e+00
     2.800000000000e+00 0.000000000000e+00-1.024454832077e-08 1.130000000000e+02
     5.112180000000e+05 4.000000000000e+00                                      
G05 2026 09 05 01 59 44-2.365368418396e-04-3.410605131648e-13 0.000000000000e+00
     5.000000000000e+00-6.512500000000e+01 4.034096607745e-09 8.481831709650e-01
    -3.427267074585e-06 5.409299395978e-03 4.082918167114e-06 5.153561073303e+03
     5.255840000000e+05-5.587935447693e-08 8.059758134077e-01-5.960464477539e-08
     9.818148390204e-01 3.162500000000e+02 1.502175436185e+00-8.104980462112e-09
    -1.235765760318e-10 1.000000000000e+00 2.434000000000e+03 0.000000000000e+00
     2.000000000000e+00 0.000000000000e+00-1.024454832077e-08 5.000000000000e+00
     5.184180000000e+05 4.000000000000e+00                                      
G05 2026 09 05 04 00 00-2.365391701460e-04-3.410605131648e-13 0.000000000000e+00
     1.200000000000e+01-5.721875000000e+01 4.041239762429e-09 1.900792676902e+00
    -3.172084689140e-06 5.408725584857e-03 3.734603524208e-06 5.153560581207e+03
     5.328000000000e+05 7.264316082001e-08 8.059175585469e-01-1.005828380585e-07
     9.818145522884e-01 3.185000000000e+02 1.502147071666e+00-7.981403886080e-09
    -1.110760553350e-10 1.000000000000e+00 2.434000000000e+03 0.000000000000e+00
     2.000000000000e+00 0.000000000000e+00-1.024454832077e-08 1.200000000000e+01
     5.256180000000e+05 4.000000000000e+00                                      
G05 2026 09 05 06 00 00-2.365410327911e-04-3.410605131648e-13 0.000000000000e+00
     5.500000000000e+01-4.400000000000e+01 4.033739450011e-09 2.950766586701e+00
    -2.251937985420e-06 5.407557124272e-03 3.453344106674e-06 5.153564044952e+03
     5.400000000000e+05 9.872019290924e-08 8.058603028591e-01-3.911554813385e-08
     9.818137915710e-01 3.235625000000e+02 1.502418201589e+00-7.956760002420e-09
    -1.117903708034e-10 1.000000000000e+00 2.434000000000e+03 0.000000000000e+00
     2.000000000000e+00 0.000000000000e+00-1.024454832077e-08 5.500000000000e+01
     5.328180000000e+05 4.000000000000e+00                                      
G05 2026 09 05 08 00 00-2.365433610976e-04-3.410605131648e-13 0.000000000000e+00
     5.800000000000e+01-4.040625000000e+01 4.085170163735e-09-2.282238093040e+00
    -2.058222889900e-06 5.409005563706e-03 2.956017851830e-06 5.153561271667e+03
     5.472000000000e+05 1.080334186554e-07 8.058028686953e-01 2.980232238770e-08
     9.818131771454e-01 3.339062500000e+02 1.502483318998e+00-7.962117368433e-09
    -7.821754378894e-11 1.000000000000e+00 2.434000000000e+03 0.000000000000e+00
     2.000000000000e+00 0.000000000000e+00-1.024454832077e-08 5.800000000000e+01
     5.400180000000e+05 4.000000000000e+00                                      
G05 2026 09 05 10 00 00-2.365452237427e-04-3.410605131648e-13 0.000000000000e+00
     6.100000000000e+01-4.584375000000e+01 4.180888436499e-09-1.231817718198e+00
    -2.322718501091e-06 5.408673663624e-03 2.661719918251e-06 5.153563125610e+03
     5.544000000000e+05-8.009374141693e-08 8.057451580400e-01 1.583248376846e-07
     9.818115123447e-01 3.390312500000e+02 1.502308803112e+00-8.176769166685e-09
    -1.146476326769e-10 1.000000000000e+00 2.434000000000e+03 0.000000000000e+00
     2.000000000000e+00 0.000000000000e+00-1.024454832077e-08 6.100000000000e+01
     5.472180000000e+05 4.000000000000e+00                                      
G05 2026 09 05 12 00 00-2.365475520492e-04-3.410605131648e-13 0.000000000000e+00
     6.900000000000e+01-5.481250000000e+01 4.301607750658e-09-1.817490069185e-01
    -2.674758434296e-06 5.407855845988e-03 2.801418304443e-06 5.153560754776e+03
     5.616000000000e+05-4.284083843231e-08 8.056853363939e-01 1.862645149231e-08
     9.818105819288e-01 3.361250000000e+02 1.502487896469e+00-8.281416382805e-09
    -5.071639825584e-11 1.000000000000e+00 2.434000000000e+03 0.000000000000e+00
     2.000000000000e+00 0.000000000000e+00-1.024454832077e-08 6.900000000000e+01
     5.544180000000e+05 4.000000000000e+00                                      
G05 2026 09 05 14 00 00-2.365494146943e-04-3.410605131648e-13 0.000000000000e+00
     7.000000000000e+01-5.146875000000e+01 4.316251217760e-09 8.685441057540e-01
    -2.613291144371e-06 5.408107186668e-03 3.101304173470e-06 5.153561038971e+03
     5.688000000000e+05-1.396983861923e-07 8.056254372132e-01 3.166496753693e-08
     9.818104692841e-01 3.326250000000e+02 1.502442936608e+00-8.243557662980e-09
     1.321483616526e-11 1.000000000000e+00 2.434000000000e+03 0.000000000000e+00
     2.000000000000e+00 0.000000000000e+00-1.024454832077e-08 7.000000000000e+01
     5.616180000000e+05 4.000000000000e+00                                      
G05 2026 09 05 16 00 00-2.365517430007e-04-3.410605131648e-13 0.000000000000e+00
     7.100000000000e+01-4.353125000000e+01 4.230890519287e-09 1.918878205002e+00
    -2.300366759300e-06 5.407566204667e-03 3.054738044739e-06 5.153560010910e+03
     5.760000000000e+05 3.166496753693e-08 8.055665401313e-01-1.285225152969e-07
     9.818117859104e-01 3.321875000000e+02 1.502357984955e+00-8.015333870829e-09
     6.178828801592e-11 1.000000000000e+00 2.434000000000e+03 0.000000000000e+00
     2.000000000000e+00 0.000000000000e+00-1.024454832077e-08 7.100000000000e+01
     5.688180000000e+05 4.000000000000e+00                                      
G05 2026 09 05 18 00 00-2.365540713072e-04-3.410605131648e-13 0.000000000000e+00
     7.200000000000e+01-2.575000000000e+01 4.110528362863e-09 2.968795097569e+00
    -1.577660441399e-06 5.405863747001e-03 2.840533852577e-06 5.153564601898e+03
     5.832000000000e+05 1.005828380585e-07 8.055088338647e-01-7.636845111847e-08
     9.818122686733e-01 3.355000000000e+02 1.502687261482e+00-8.012119451221e-09
     8.678932940965e-11 1.000000000000e+00 2.434000000000e+03 0.000000000000e+00
     2.000000000000e+00 0.000000000000e+00-1.024454832077e-08 7.200000000000e+01
     5.760180000000e+05 4.000000000000e+00                                      
G05 2026 09 05 20 00 00-2.365559339523e-04-3.410605131648e-13 0.000000000000e+00
     7.300000000000e+01-1.984375000000e+01 4.053025967657e-09-2.264243062515e+00
    -1.024454832077e-06 5.407360731624e-03 1.994892954826e-06 5.153561624527e+03
     5.904000000000e+05 1.061707735062e-07 8.054509330301e-01 1.490116119385e-08
     9.818131683679e-01 3.452500000000e+02 1.502785629556e+00-8.016048186297e-09
     1.353627812603e-10 1.000000000000e+00 2.434000000000e+03 0.000000000000e+00
     2.000000000000e+00 0.000000000000e+00-1.024454832077e-08 7.300000000000e+01
     5.832180000000e+05 4.000000000000e+00                                      
G05 2026 09 05 22 00 00-2.365582622588e-04-3.410605131648e-13 0.000000000000e+00
     7.400000000000e+01-2.253125000000e+01 4.041239762429e-09-1.213849132843e+00
    -9.480863809586e-07 5.407229298726e-03 2.050772309303e-06 5.153563144684e+03
     5.976000000000e+05-5.215406417847e-08 8.053928464048e-01 1.452863216400e-07
     9.818131274062e-01 3.505625000000e+02 1.502637059985e+00-8.210341993700e-09
     9.821837690392e-11 1.000000000000e+00 2.434000000000e+03 0.000000000000e+00
     2.000000000000e+00 0.000000000000e+00-1.024454832077e-08 7.400000000000e+01
     5.904180000000e+05 4.000000000000e+00                                      
G05 2026 09 05 21 59 44-2.365573309362e-04-3.410605131648e-13 0.000000000000e+00
     6.000000000000e+00-2.253125000000e+01 4.041239762429e-09-1.216183142567e+00
    -9.480863809586e-07 5.407230346464e-03 2.050772309303e-06 5.153563146591e+03
     5.975840000000e+05-5.215406417847e-08 8.053929488091e-01 1.452863216400e-07
     9.818131230175e-01 3.505625000000e+02 1.502637185796e+00-8.210341993700e-09
     9.821837690392e-11 1.000000000000e+00 2.434000000000e+03 0.000000000000e+00
     2.000000000000e+00 0.000000000000e+00-1.024454832077e-08 6.000000000000e+00
     5.950860000000e+05 4.000000000000e+00                                      
G05 2026 09 05 23 59 44-2.365596592426e-04-3.410605131648e-13 0.000000000000e+00
     1.300000000000e+01-3.159375000000e+01 4.057311860468e-09-1.660906734975e-01
    -1.505017280579e-06 5.406272714026e-03 2.104789018631e-06 5.153560747147e+03
     6.047840000000e+05-1.545995473862e-07 8.053338513074e-01 7.823109626770e-08
     9.818137725531e-01 3.505937500000e+02 1.502790527406e+00-8.212484940105e-09
     6.000249934494e-11 1.000000000000e+00 2.434000000000e+03 0.000000000000e+00
     2.000000000000e+00 0.000000000000e+00-1.024454832077e-08 1.300000000000e+01
     5.976180000000e+05 4.000000000000e+00                                      
G06 2026 09 05 00 00 00-5.322233773768e-04 1.080024958355e-11 0.000000000000e+00
     5.200000000000e+01 6.096875000000e+01 3.938735492714e-09-2.406775892196e+00
     3.162771463394e-06 3.775303601287e-03 3.531575202942e-06 5.153751829147e+03
     5.184000000000e+05 2.048909664154e-08-1.695131952136e-01 1.676380634308e-08
     9.855021854817e-01 3.266875000000e+02-5.729679007900e-01-7.973546415928e-09
    -3.000124967247e-11 1.000000000000e+00 2.434000000000e+03 0.000000000000e+00
     2.000000000000e+00 0.000000000000e+00 3.725290298462e-09 5.200000000000e+01
     5.112180000000e+05 4.000000000000e+00                                      
G06 2026 09 05 02 00 00-5.321451462805e-04 1.091393642128e-11 0.000000000000e+00
     5.300000000000e+01 5.925000000000e+01 3.972665477463e-09-1.356721164951e+00
     3.157183527946e-06 3.775948309340e-03 3.928318619728e-06 5.153750953674e+03
     5.256000000000e+05-3.725290298462e-09-1.695705752494e-01 9.313225746155e-09
     9.855019689699e-01 3.182812500000e+02-5.728925985448e-01-7.970689154054e-09
    -3.964450849577e-11 1.000000000000e+00 2.434000000000e+03 0.000000000000e+00
     2.000000000000e+00 0.000000000000e+00 3.725290298462e-09 5.300000000000e+01
     5.184180000000e+05 4.000000000000e+00                                      
G06 2026 09 05 04 00 00-5.320669151843e-04 1.091393642128e-11 0.000000000000e+00
     5.400000000000e+01 6.078125000000e+01 3.926234972018e-09-3.061438248506e-01
     3.194436430931e-06 3.776927129366e-03 4.708766937256e-06 5.153754581451e+03
     5.328000000000e+05 1.117587089539e-08-1.696278382518e-01-1.490116119385e-08
     9.855015783707e-01 3.034062500000e+02-5.733421064572e-01-7.976046520067e-09
    -6.500270762369e-11 1.000000000000e+00 2.434000000000e+03 0.000000000000e+00
     2.000000000000e+00 0.000000000000e+00 3.725290298462e-09 5.400000000000e+01
     5.256180000000e+05 4.000000000000e+00                                      
G06 2026 09 05 06 00 00-5.319886840880e-04 1.091393642128e-11 0.000000000000e+00
     8.400000000000e+01 7.065625000000e+01 4.033382292276e-09 7.440140278792e-01
     3.553926944733e-06 3.775361226872e-03 4.816800355911e-06 5.153751640320e+03
     5.400000000000e+05-5.587935447693e-09-1.696852621751e-01-3.725290298462e-08
     9.855011365695e-01 2.972187500000e+02-5.733711951203e-01-7.974617889130e-09
    -5.821671067396e-11 1.000000000000e+00 2.434000000000e+03 0.000000000000e+00
     2.000000000000e+00 0.000000000000e+00 3.725290298462e-09 8.400000000000e+01
     5.328180000000e+05 4.000000000000e+00                                      
G06 2026 09 05 08 00 00-5.319104529917e-04 1.091393642128e-11 0.000000000000e+00
     8.500000000000e+01 8.565625000000e+01 4.048740074847e-09 1.793603000044e+00
     4.546716809273e-06 3.776132478379e-03 4.515051841736e-06 5.153755744934e+03
     5.472000000000e+05 6.332993507385e-08-1.697430240326e-01-5.587935447693e-08
     9.855006786761e-01 3.019062500000e+02-5.728316475260e-01-8.013548082158e-09
    -1.571494030463e-11 1.000000000000e+00 2.434000000000e+03 0.000000000000e+00
     2.000000000000e+00 0.000000000000e+00 3.725290298462e-09 8.500000000000e+01
     5.400180000000e+05 4.000000000000e+00                                      
G06 2026 09 05 10 00 00-5.318322218955e-04 1.091393642128e-11 0.000000000000e+00
     8.600000000000e+01 8.753125000000e+01 4.114814255673e-09 2.844043365662e+00
     4.617497324944e-06 3.777043661103e-03 4.140660166740e-06 5.153752969742e+03
     5.544000000000e+05-4.470348358154e-08-1.698013783718e-01 7.823109626770e-08
     9.855011424211e-01 3.127187500000e+02-5.731429169945e-01-7.976403677801e-09
     1.257195224370e-10 1.000000000000e+00 2.434000000000e+03 0.000000000000e+00
     2.000000000000e+00 0.000000000000e+00 3.725290298462e-09 8.600000000000e+01
     5.472180000000e+05 4.000000000000e+00                                      
G06 2026 09 05 09 59 44-5.318317562342e-04 1.091393642128e-11 0.000000000000e+00
     1.100000000000e+01 8.753125000000e+01 4.114814255673e-09 2.841709380808e+00
     4.617497324944e-06 3.777051460929e-03 4.140660166740e-06 5.153752977371e+03
     5.543840000000e+05-4.470348358154e-08-1.698012657271e-01 7.823109626770e-08
     9.855011409582e-01 3.127187500000e+02-5.731425980783e-01-7.976403677801e-09
     1.257195224370e-10 1.000000000000e+00 2.434000000000e+03 0.000000000000e+00
     2.000000000000e+00 0.000000000000e+00 3.725290298462e-09 1.100000000000e+01
     5.532480000000e+05 4.000000000000e+00                                      
G06 2026 09 05 11 59 44-5.317530594766e-04 1.091393642128e-11 0.000000000000e+00
     1.200000000000e+01 8.237500000000e+01 4.027310610795e-09-2.391415056333e+00
     4.429370164871e-06 3.776709781960e-03 4.347413778305e-06 5.153753477097e+03
     5.615840000000e+05-2.048909664154e-08-1.698586018754e-01 9.313225746155e-09
     9.855025087866e-01 3.112812500000e+02-5.730746923469e-01-7.897828976278e-09
     1.525063525017e-10 1.000000000000e+00 2.434000000000e+03 0.000000000000e+00
     2.000000000000e+00 0.000000000000e+00 3.725290298462e-09 1.200000000000e+01
     5.544180000000e+05 4.000000000000e+00                                      
G06 2026 09 05 14 00 00-5.316743627191e-04 1.091393642128e-11 0.000000000000e+00
     1.300000000000e+01 7.690625000000e+01 3.985880313628e-09-1.339153236285e+00
     3.829598426819e-06 3.777429228649e-03 4.781410098076e-06 5.153751716614e+03
     5.688000000000e+05-2.607703208923e-08-1.699157449185e-01-2.421438694000e-08
     9.855035796427e-01 3.032812500000e+02-5.728732382870e-01-7.916401178456e-09
     1.585780339831e-10 1.000000000000e+00 2.434000000000e+03 0.000000000000e+00
     2.000000000000e+00 0.000000000000e+00 3.725290298462e-09 1.300000000000e+01
     5.616180000000e+05 4.000000000000e+00                                      
G06 2026 09 05 16 00 00-5.315961316228e-04 1.091393642128e-11 0.000000000000e+00
     3.200000000000e+01 7.506250000000e+01 3.814801758948e-09-2.885038343027e-01
     3.864988684654e-06 3.778871730901e-03 5.286186933517e-06 5.153756313324e+03
     5.760000000000e+05 5.587935447693e-09-1.699726275622e-01-4.097819328308e-08
     9.855046285549e-01 2.855312500000e+02-5.733957692182e-01-7.927473068216e-09
     1.325055193867e-10 1.000000000000e+00 2.434000000000e+03 0.000000000000e+00
     2.000000000000e+00 0.000000000000e+00 3.725290298462e-09 3.200000000000e+01
     5.688180000000e+05 4.000000000000e+00                                      
G06 2026 09 05 18 00 00-5.315174348652e-04 1.091393642128e-11 0.000000000000e+00
     6.000000000000e+01 8.440625000000e+01 3.809801550670e-09 7.617077572598e-01
     4.477798938751e-06 3.777086618356e-03 5.856156349182e-06 5.153752885818e+03
     5.832000000000e+05 3.166496753693e-08-1.700296652752e-01-7.264316082001e-08
     9.855057432985e-01 2.763437500000e+02-5.734808539966e-01-7.896043187607e-09
     1.403629895391e-10 1.000000000000e+00 2.434000000000e+03 0.000000000000e+00
     2.000000000000e+00 0.000000000000e+00 3.725290298462e-09 6.000000000000e+01
     5.760180000000e+05 4.000000000000e+00                                      
G06 2026 09 05 20 00 00-5.314392037690e-04 1.091393642128e-11 0.000000000000e+00
     7.100000000000e+01 1.026562500000e+02 3.686224974638e-09 1.811179505799e+00
     5.392357707024e-06 3.777812351473e-03 5.748122930527e-06 5.153757743835e+03
     5.904000000000e+05-7.450580596924e-09-1.700858603474e-01 2.607703208923e-08
     9.855068478017e-01 2.790000000000e+02-5.728273860456e-01-7.819611432489e-09
     9.178953768839e-11 1.000000000000e+00 2.434000000000e+03 0.000000000000e+00
     2.000000000000e+00 0.000000000000e+00 3.725290298462e-09 7.100000000000e+01
     5.832180000000e+05 4.000000000000e+00                                      
G06 2026 09 05 22 00 00-5.313605070114e-04 1.091393642128e-11 0.000000000000e+00
     7.200000000000e+01 1.087500000000e+02 3.818730494025e-09 2.861700447482e+00
     5.602836608887e-06 3.779280348681e-03 5.288049578667e-06 5.153753822327e+03
     5.976000000000e+05 1.490116119385e-08-1.701419281457e-01-3.539025783539e-08
     9.855072793625e-01 2.929375000000e+02-5.732232765475e-01-7.827111744907e-09
     4.107313943255e-11 1.000000000000e+00 2.434000000000e+03 0.000000000000e+00
     2.000000000000e+00 0.000000000000e+00 3.725290298462e-09 7.200000000000e+01
     5.904180000000e+05 4.000000000000e+00                                      
G07 2026 09 05 00 00 00-2.217614091933e-04-3.296918293927e-12 0.000000000000e+00
     8.300000000000e+01-1.556250000000e+01 4.875203071777e-09 3.049479200420e+00
    -9.797513484955e-07 2.092752966564e-02 7.802620530128e-06 5.153763835907e+03
     5.184000000000e+05 2.067536115646e-07 2.942918434971e+00-2.887099981308e-07
     9.516221496937e-01 2.226562500000e+02-1.950394365594e+00-7.714607058635e-09
     2.950122884460e-10 1.000000000000e+00 2.434000000000e+03 0.000000000000e+00
     2.000000000000e+00 0.000000000000e+00-1.071020960808e-08 8.300000000000e+01
     5.112180000000e+05 4.000000000000e+00                                      
G07 2026 09 05 02 00 00-2.217851579189e-04-3.296918293927e-12 0.000000000000e+00
     8.500000000000e+01-1.231250000000e+01 4.764841331910e-09-2.183573648824e+00
    -7.618218660355e-07 2.092669554986e-02 7.744878530502e-06 5.153765296936e+03
     5.256000000000e+05 2.700835466385e-07 2.942861539161e+00 2.048909664154e-08
     9.516252423025e-01 2.163750000000e+02-1.950398830420e+00-7.728893368003e-09
     5.296649198128e-10 1.000000000000e+00 2.434000000000e+03 0.000000000000e+00
     2.000000000000e+00 0.000000000000e+00-1.071020960808e-08 8.500000000000e+01
     5.184180000000e+05 4.000000000000e+00                                      
G07 2026 09 05 04 00 00-2.218089066446e-04-3.296918293927e-12 0.000000000000e+00
     8.700000000000e+01-1.100000000000e+01 4.833415616876e-09-1.133446167737e+00
    -1.173466444016e-07 2.092684316449e-02 8.093193173409e-06 5.153765285492e+03
     5.328000000000e+05 1.098960638046e-07 2.942805840018e+00 4.880130290985e-07
     9.516268178653e-01 2.183125000000e+02-1.950400000754e+00-8.156768333570e-09
     3.796586714504e-10 1.000000000000e+00 2.434000000000e+03 0.000000000000e+00
     2.000000000000e+00 0.000000000000e+00-1.071020960808e-08 8.700000000000e+01
     5.256180000000e+05 4.000000000000e+00                                      
G07 2026 09 05 06 00 00-2.218326553702e-04-3.296918293927e-12 0.000000000000e+00
     8.800000000000e+01-2.025000000000e+01 4.867702759358e-09-8.334687415471e-02
    -9.536743164062e-07 2.092568948865e-02 8.476898074150e-06 5.153762786865e+03
     5.400000000000e+05-2.048909664154e-07 2.942745683364e+00 3.073364496231e-07
     9.516289215415e-01 2.170000000000e+02-1.950371137381e+00-8.351419298707e-09
     3.875161416028e-10 1.000000000000e+00 2.434000000000e+03 0.000000000000e+00
     2.000000000000e+00 0.000000000000e+00-1.071020960808e-08 8.800000000000e+01
     5.328180000000e+05 4.000000000000e+00                                      
G07 2026 09 05 08 00 00-2.218564040959e-04-3.296918293927e-12 0.000000000000e+00
     8.900000000000e+01-2.396875000000e+01 4.856988027333e-09 9.667651453517e-01
    -1.214444637299e-06 2.092589100357e-02 8.633360266685e-06 5.153763435364e+03
     5.472000000000e+05-3.166496753693e-07 2.942686711673e+00 7.450580596924e-09
     9.516307150790e-01 2.151875000000e+02-1.950354783420e+00-8.317846471693e-09
     1.725071856167e-10 1.000000000000e+00 2.434000000000e+03 0.000000000000e+00
     2.000000000000e+00 0.000000000000e+00-1.071020960808e-08 8.900000000000e+01
     5.400180000000e+05 4.000000000000e+00                                      
G07 2026 09 05 07 59 44-2.218582667410e-04-3.296918293927e-12 0.000000000000e+00
     1.000000000000e+00-2.396875000000e+01 4.856988027333e-09 9.644314574699e-01
    -1.214444637299e-06 2.092589181848e-02 8.633360266685e-06 5.153763442993e+03
     5.471840000000e+05-3.166496753693e-07 2.942686811152e+00 7.450580596924e-09
     9.516307077644e-01 2.151875000000e+02-1.950354724903e+00-8.317846471693e-09
     1.728643433509e-10 1.000000000000e+00 2.434000000000e+03 0.000000000000e+00
     2.000000000000e+00 0.000000000000e+00-1.071020960808e-08 1.000000000000e+00
     5.409360000000e+05 4.000000000000e+00                                      
G07 2026 09 05 09 59 44-2.218820154667e-04-3.296918293927e-12 0.000000000000e+00
     9.000000000000e+00-2.346875000000e+01 4.704124517097e-09 2.014581189541e+00
    -1.547858119011e-06 2.092608727980e-02 8.441507816315e-06 5.153762617111e+03
     5.543840000000e+05 1.117587089539e-08 2.942627290867e+00-4.637986421585e-07
     9.516346956791e-01 2.108125000000e+02-1.950375760202e+00-7.797824810703e-09
     3.278707999920e-10 1.000000000000e+00 2.434000000000e+03 0.000000000000e+00
     2.000000000000e+00 0.000000000000e+00-1.071020960808e-08 9.000000000000e+00
     5.472180000000e+05 4.000000000000e+00                                      
G07 2026 09 05 12 00 00-2.219062298536e-04-3.296918293927e-12 0.000000000000e+00
     1.100000000000e+01-1.478125000000e+01 4.633050127992e-09 3.067026096713e+00
    -8.419156074524e-07 2.092505898327e-02 8.324161171913e-06 5.153764524460e+03
     5.616000000000e+05 1.695007085800e-07 2.942572596748e+00-2.048909664154e-07
     9.516375790907e-01 2.092812500000e+02-1.950360060165e+00-7.598887952756e-09
     2.775115594704e-10 1.000000000000e+00 2.434000000000e+03 0.000000000000e+00
     2.000000000000e+00 0.000000000000e+00-1.071020960808e-08 1.100000000000e+01
     5.544180000000e+05 4.000000000000e+00                                      
G07 2026 09 05 14 00 00-2.219299785793e-04-3.296918293927e-12 0.000000000000e+00
     1.200000000000e+01-1.225000000000e+01 4.633050127992e-09-2.166026964654e+00
    -7.078051567078e-07 2.092426782474e-02 8.657574653625e-06 5.153765956879e+03
     5.688000000000e+05 2.644956111908e-07 2.942517337944e+00-6.705522537231e-08
     9.516400236268e-01 2.034375000000e+02-1.950366536503e+00-7.624246151884e-09
     3.664438352852e-10 1.000000000000e+00 2.434000000000e+03 0.000000000000e+00
     2.000000000000e+00 0.000000000000e+00-1.071020960808e-08 1.200000000000e+01
     5.616180000000e+05 4.000000000000e+00                                      
G07 2026 09 05 16 00 00-2.219537273049e-04-3.296918293927e-12 0.000000000000e+00
     2.600000000000e+01-1.487500000000e+01 4.842701717965e-09-1.115869487895e+00
    -5.979090929031e-07 2.092431625351e-02 8.665025234222e-06 5.153767196655e+03
     5.760000000000e+05 5.587935447693e-08 2.942462311743e+00 4.917383193970e-07
     9.516398436879e-01 2.078125000000e+02-1.950399188835e+00-8.159268437710e-09
     1.832219176426e-10 1.000000000000e+00 2.434000000000e+03 0.000000000000e+00
     2.000000000000e+00 0.000000000000e+00-1.071020960808e-08 2.600000000000e+01
     5.688180000000e+05 4.000000000000e+00                                      
G07 2026 09 05 18 00 00-2.219774760306e-04-3.296918293927e-12 0.000000000000e+00
     2.700000000000e+01-2.346875000000e+01 5.021994900531e-09-6.576680912015e-02
    -1.082196831703e-06 2.092321636155e-02 8.841976523399e-06 5.153764852524e+03
     5.832000000000e+05-1.583248376846e-07 2.942401350484e+00 1.732259988785e-07
     9.516404054484e-01 2.072187500000e+02-1.950374118808e+00-8.456066514826e-09
     2.692969315838e-10 1.000000000000e+00 2.434000000000e+03 0.000000000000e+00
     2.000000000000e+00 0.000000000000e+00-1.071020960808e-08 2.700000000000e+01
     5.760180000000e+05 4.000000000000e+00                                      
G07 2026 09 05 20 00 00-2.220012247562e-04-3.296918293927e-12 0.000000000000e+00
     2.800000000000e+01-2.800000000000e+01 5.048067415127e-09 9.843389022835e-01
    -1.378357410431e-06 2.092358027585e-02 9.289011359215e-06 5.153765899658e+03
     5.904000000000e+05-3.296881914139e-07 2.942340497481e+00 1.136213541031e-07
     9.516422165410e-01 2.041562500000e+02-1.950350805745e+00-8.401421381494e-09
     2.792973481413e-10 1.000000000000e+00 2.434000000000e+03 0.000000000000e+00
     2.000000000000e+00 0.000000000000e+00-1.071020960808e-08 2.800000000000e+01
     5.832180000000e+05 4.000000000000e+00                                      
G07 2026 09 05 22 00 00-2.220249734819e-04-3.296918293927e-12 0.000000000000e+00
     4.500000000000e+01-2.737500000000e+01 4.828415408597e-09 2.034498525144e+00
    -1.646578311920e-06 2.092386514414e-02 9.233132004738e-06 5.153764669418e+03
     5.976000000000e+05-9.313225746155e-09 2.942280531006e+00-4.749745130539e-07
     9.516475956908e-01 1.978750000000e+02-1.950381977604e+00-7.783538501335e-09
     4.810914679621e-10 1.000000000000e+00 2.434000000000e+03 0.000000000000e+00
     2.000000000000e+00 0.000000000000e+00-1.071020960808e-08 4.500000000000e+01
     5.904180000000e+05 4.000000000000e+00                                      
G08 2026 09 05 00 00 00 3.553070127964e-04-1.034550223267e-11 0.000000000000e+00
     4.900000000000e+01 6.775000000000e+01 4.964492505326e-09-5.042756300184e-01
     3.537163138390e-06 1.180231955368e-02 7.841736078262e-06 5.153771667480e+03
     5.184000000000e+05 1.415610313416e-07-1.297203649282e+00 1.918524503708e-07
     9.408373947282e-01 2.175937500000e+02 5.502457811111e-01-8.346419090428e-09
    -3.914448766789e-10 1.000000000000e+00 2.434000000000e+03 0.000000000000e+00
     2.000000000000e+00 0.000000000000e+00 4.656612873077e-09 4.900000000000e+01
     5.112180000000e+05 4.000000000000e+00                                      
G08 2026 09 05 02 00 00 3.552325069904e-04-1.034550223267e-11 0.000000000000e+00
     5.400000000000e+01 6.840625000000e+01 5.051281834735e-09 5.457957891225e-01
     3.840774297714e-06 1.180179661606e-02 8.216127753258e-06 5.153770694733e+03
     5.256000000000e+05-2.607703208923e-08-1.297263693291e+00 2.123415470123e-07
     9.408344805954e-01 2.072812500000e+02 5.503000436685e-01-8.339990251213e-09
    -4.407326439980e-10 1.000000000000e+00 2.434000000000e+03 0.000000000000e+00
     2.000000000000e+00 0.000000000000e+00 4.656612873077e-09 5.400000000000e+01
     5.184180000000e+05 4.000000000000e+00                                      
G08 2026 09 05 04 00 00 3.551580011845e-04-1.034550223267e-11 0.000000000000e+00
     5.900000000000e+01 7.590625000000e+01 5.016637534518e-09 1.595774832301e+00
     4.136934876442e-06 1.180343737360e-02 9.343028068542e-06 5.153775030136e+03
     5.328000000000e+05-1.955777406693e-07-1.297323797281e+00 2.104789018631e-07
     9.408312738790e-01 1.899687500000e+02 5.504442625215e-01-8.289273852957e-09
    -4.078741324519e-10 1.000000000000e+00 2.434000000000e+03 0.000000000000e+00
     2.000000000000e+00 0.000000000000e+00 4.656612873077e-09 5.900000000000e+01
     5.256180000000e+05 4.000000000000e+00                                      
G08 2026 09 05 06 00 00 3.550834953785e-04-1.034550223267e-11 0.000000000000e+00
     6.900000000000e+01 8.706250000000e+01 4.888417907942e-09 2.645996379021e+00
     4.436820745468e-06 1.180348417256e-02 9.143725037575e-06 5.153773138046e+03
     5.400000000000e+05-1.452863216400e-07-1.297383308788e+00-2.030283212662e-07
     9.408304956065e-01 1.924687500000e+02 5.503468819167e-01-7.918544124861e-09
    -2.492960984689e-10 1.000000000000e+00 2.434000000000e+03 0.000000000000e+00
     2.000000000000e+00 0.000000000000e+00 4.656612873077e-09 6.900000000000e+01
     5.328180000000e+05 4.000000000000e+00                                      
G08 2026 09 05 08 00 00 3.550089895725e-04-1.034550223267e-11 0.000000000000e+00
     7.200000000000e+01 7.759375000000e+01 4.876631702713e-09-2.587132882823e+00
     3.710389137268e-06 1.180421875324e-02 8.840113878250e-06 5.153771718979e+03
     5.472000000000e+05 9.313225746155e-09-1.297440747341e+00-2.775341272354e-07
     9.408286698848e-01 2.008437500000e+02 5.504131594203e-01-7.973546415928e-09
    -1.821504444400e-10 1.000000000000e+00 2.434000000000e+03 0.000000000000e+00
     2.000000000000e+00 0.000000000000e+00 4.656612873077e-09 7.200000000000e+01
     5.400180000000e+05 4.000000000000e+00                                      
G08 2026 09 05 10 00 00 3.549344837666e-04-1.034550223267e-11 0.000000000000e+00
     7.300000000000e+01 6.709375000000e+01 4.863059708814e-09-1.537089114297e+00
     3.276392817497e-06 1.180562353693e-02 7.893890142441e-06 5.153768878937e+03
     5.544000000000e+05 1.788139343262e-07-1.297498632083e+00-1.825392246246e-07
     9.408277599497e-01 2.125937500000e+02 5.504949979834e-01-8.021762710044e-09
    -1.217907873609e-10 1.000000000000e+00 2.434000000000e+03 0.000000000000e+00
     2.000000000000e+00 0.000000000000e+00 4.656612873077e-09 7.300000000000e+01
     5.472180000000e+05 4.000000000000e+00                                      
G08 2026 09 05 12 00 00 3.548604436219e-04-1.034550223267e-11 0.000000000000e+00
     8.100000000000e+01 5.396875000000e+01 4.887703592473e-09-4.868340857709e-01
     3.006309270859e-06 1.180596335325e-02 8.087605237961e-06 5.153771720886e+03
     5.616000000000e+05 1.583248376846e-07-1.297556496345e+00 1.657754182816e-07
     9.408251705847e-01 2.125312500000e+02 5.503630793456e-01-8.327132572782e-09
    -2.542963067476e-10 1.000000000000e+00 2.434000000000e+03 0.000000000000e+00
     2.000000000000e+00 0.000000000000e+00 4.656612873077e-09 8.100000000000e+01
     5.544180000000e+05 4.000000000000e+00                                      
G08 2026 09 05 14 00 00 3.547859378159e-04-1.034550223267e-11 0.000000000000e+00
     8.800000000000e+01 5.256250000000e+01 4.827701093128e-09 5.632485173787e-01
     2.894550561905e-06 1.180531061254e-02 8.573755621910e-06 5.153770523071e+03
     5.688000000000e+05-7.078051567078e-08-1.297615586532e+00 2.961605787277e-07
     9.408234267864e-01 2.036562500000e+02 5.504046584033e-01-8.213556413307e-09
    -3.721583590323e-10 1.000000000000e+00 2.434000000000e+03 0.000000000000e+00
     2.000000000000e+00 0.000000000000e+00 4.656612873077e-09 8.800000000000e+01
     5.616180000000e+05 4.000000000000e+00                                      
G08 2026 09 05 16 00 00 3.547114320099e-04-1.034550223267e-11 0.000000000000e+00
     8.900000000000e+01 5.800000000000e+01 4.774484590733e-09 1.613236261994e+00
     3.086403012276e-06 1.180671877228e-02 9.475275874138e-06 5.153774431229e+03
     5.760000000000e+05-1.862645149231e-07-1.297673870651e+00 8.568167686462e-08
     9.408200211131e-01 1.879062500000e+02 5.505382959698e-01-8.179983586293e-09
    -5.178787145843e-10 1.000000000000e+00 2.434000000000e+03 0.000000000000e+00
     2.000000000000e+00 0.000000000000e+00 4.656612873077e-09 8.900000000000e+01
     5.688180000000e+05 4.000000000000e+00                                      
G08 2026 09 05 18 00 00 3.546364605427e-04-1.034550223267e-11 0.000000000000e+00
     9.200000000000e+01 6.900000000000e+01 4.706267463502e-09 2.663459663694e+00
     3.423541784286e-06 1.180690713227e-02 9.339302778244e-06 5.153772363663e+03
     5.832000000000e+05-9.313225746155e-08-1.297732609738e+00-1.899898052216e-07
     9.408177843114e-01 1.885625000000e+02 5.504376077072e-01-7.912829601114e-09
    -4.200174954146e-10 1.000000000000e+00 2.434000000000e+03 0.000000000000e+00
     2.800000000000e+00 0.000000000000e+00 4.656612873077e-09 9.200000000000e+01
     5.760180000000e+05 4.000000000000e+00                                      
G08 2026 09 05 17 59 44 3.546364605427e-04-1.034550223267e-11 0.000000000000e+00
     5.000000000000e+00 6.900000000000e+01 4.706267463502e-09 2.661125869020e+00
     3.423541784286e-06 1.180690608453e-02 9.339302778244e-06 5.153772356033e+03
     5.831840000000e+05-9.313225746155e-08-1.297732507334e+00-1.899898052216e-07
     9.408177887001e-01 1.885625000000e+02 5.504377847203e-01-7.912829601114e-09
    -4.196603376804e-10 1.000000000000e+00 2.434000000000e+03 0.000000000000e+00
     2.000000000000e+00 0.000000000000e+00 4.656612873077e-09 5.000000000000e+00
     5.773380000000e+05 4.000000000000e+00                                      
G08 2026 09 05 19 59 44 3.545619547367e-04-1.034550223267e-11 0.000000000000e+00
     1.400000000000e+01 6.115625000000e+01 4.743411867858e-09-2.571997997583e+00
     3.082677721977e-06 1.180748827755e-02 8.959323167801e-06 5.153771207809e+03
     5.903840000000e+05 2.235174179077e-08-1.297789577231e+00-2.048909664154e-07
     9.408148072731e-01 1.965000000000e+02 5.504978989500e-01-7.924972964077e-09
    -3.825159333240e-10 1.000000000000e+00 2.434000000000e+03 0.000000000000e+00
     2.000000000000e+00 0.000000000000e+00 4.656612873077e-09 1.400000000000e+01
     5.832180000000e+05 4.000000000000e+00                                      
G08 2026 09 05 22 00 00 3.544869832695e-04-1.034550223267e-11 0.000000000000e+00
     1.500000000000e+01 5.243750000000e+01 4.830915512736e-09-1.519637651465e+00
     2.689659595490e-06 1.180886651855e-02 8.326023817062e-06 5.153768093109e+03
     5.976000000000e+05 1.918524503708e-07-1.297846828530e+00-1.862645149231e-07
     9.408121681688e-01 2.096250000000e+02 5.505961836382e-01-7.975332204599e-09
    -3.943021385525e-10 1.000000000000e+00 2.434000000000e+03 0.000000000000e+00
     2.000000000000e+00 0.000000000000e+00 4.656612873077e-09 1.500000000000e+01
     5.904180000000e+05 4.000000000000e+00                                      
G09 2026 09 05 00 00 00 6.859195418656e-04-8.753886504564e-12 0.000000000000e+00
     4.200000000000e+01-7.353125000000e+01 4.236247885300e-09 1.249793795157e-01
    -4.017725586891e-06 3.829954308458e-03 8.441507816315e-06 5.153674869537e+03
     5.184000000000e+05-1.490116119385e-08 1.870384891804e+00-1.173466444016e-07
     9.668404007835e-01 2.177187500000e+02 2.054229078292e+00-7.904972130962e-09
     2.850118718885e-10 1.000000000000e+00 2.434000000000e+03 0.000000000000e+00
     2.000000000000e+00 0.000000000000e+00 4.656612873077e-10 4.200000000000e+01
     5.112180000000e+05 4.000000000000e+00                                      
G09 2026 09 05 02 00 00 6.858562119305e-04-8.753886504564e-12 0.000000000000e+00
     4.300000000000e+01-8.237500000000e+01 4.122671725825e-09 1.174747701049e+00
    -4.325062036514e-06 3.831495065242e-03 7.843598723412e-06 5.153678987503e+03
     5.256000000000e+05 8.009374141693e-08 1.870327981365e+00-8.754432201385e-08
     9.668424064442e-01 2.312500000000e+02 2.054637642053e+00-7.893185925733e-09
     2.642967233051e-10 1.000000000000e+00 2.434000000000e+03 0.000000000000e+00
     2.000000000000e+00 0.000000000000e+00 4.656612873077e-10 4.300000000000e+01
     5.184180000000e+05 4.000000000000e+00                                      
G09 2026 09 05 04 00 00 6.857928819954e-04-8.753886504564e-12 0.000000000000e+00
     4.400000000000e+01-9.300000000000e+01 4.112314151534e-09 2.225232336030e+00
    -4.714354872704e-06 3.832084243186e-03 7.683411240578e-06 5.153676631927e+03
     5.328000000000e+05 3.166496753693e-08 1.870272312943e+00 8.940696716309e-08
     9.668445788775e-01 2.343125000000e+02 2.054327564863e+00-7.746036939245e-09
     1.792931825664e-10 1.000000000000e+00 2.434000000000e+03 0.000000000000e+00
     2.000000000000e+00 0.000000000000e+00 4.656612873077e-10 4.400000000000e+01
     5.256180000000e+05 4.000000000000e+00                                      
G09 2026 09 05 06 00 00 6.857295520604e-04-8.753886504564e-12 0.000000000000e+00
     4.500000000000e+01-1.026875000000e+02 4.094099107090e-09-3.007794465958e+00
    -5.202367901802e-06 3.830539062619e-03 8.240342140198e-06 5.153679361343e+03
     5.400000000000e+05 1.862645149231e-08 1.870216803980e+00 3.166496753693e-08
     9.668456599740e-01 2.255312500000e+02 2.054344894591e+00-7.743179677371e-09
     1.328626771209e-10 1.000000000000e+00 2.434000000000e+03 0.000000000000e+00
     2.000000000000e+00 0.000000000000e+00 4.656612873077e-10 4.500000000000e+01
     5.328180000000e+05 4.000000000000e+00                                      
G09 2026 09 05 08 00 00 6.856662221253e-04-8.867573342286e-12 0.000000000000e+00
     4.600000000000e+01-1.037187500000e+02 4.212675474843e-09-1.957876267005e+00
    -5.377456545830e-06 3.830846981145e-03 8.663162589073e-06 5.153677785873e+03
     5.472000000000e+05-4.097819328308e-08 1.870160998044e+00 1.154839992523e-07
     9.668461456628e-01 2.148125000000e+02 2.054601064713e+00-7.832826268654e-09
     1.071473202588e-10 1.000000000000e+00 2.434000000000e+03 0.000000000000e+00
     2.000000000000e+00 0.000000000000e+00 4.656612873077e-10 4.600000000000e+01
     5.400180000000e+05 4.000000000000e+00                                      
G09 2026 09 05 10 00 00 6.856028921902e-04-8.867573342286e-12 0.000000000000e+00
     4.700000000000e+01-9.571875000000e+01 4.218389998590e-09-9.075014986343e-01
    -5.034729838371e-06 3.831405309029e-03 8.868053555489e-06 5.153679338455e+03
     5.544000000000e+05-8.009374141693e-08 1.870104011533e+00 2.235174179077e-08
     9.668467381446e-01 2.104687500000e+02 2.054402831998e+00-7.908186550570e-09
     1.328626771209e-10 1.000000000000e+00 2.434000000000e+03 0.000000000000e+00
     2.000000000000e+00 0.000000000000e+00 4.656612873077e-10 4.700000000000e+01
     5.472180000000e+05 4.000000000000e+00                                      
G09 2026 09 05 12 00 00 6.855390965939e-04-8.867573342286e-12 0.000000000000e+00
     4.800000000000e+01-8.875000000000e+01 4.296607542379e-09 1.425883825328e-01
    -4.731118679047e-06 3.829741152003e-03 8.391216397285e-06 5.153676185608e+03
     5.616000000000e+05-3.352761268616e-08 1.870047547284e+00-8.940696716309e-08
     9.668473218489e-01 2.212500000000e+02 2.054488747714e+00-7.923901490874e-09
     3.428714248282e-11 1.000000000000e+00 2.434000000000e+03 0.000000000000e+00
     2.000000000000e+00 0.000000000000e+00 4.656612873077e-10 4.800000000000e+01
     5.544180000000e+05 4.000000000000e+00                                      
G09 2026 09 05 14 00 00 6.854757666588e-04-8.867573342286e-12 0.000000000000e+00
     5.800000000000e+01-9.500000000000e+01 4.269463554580e-09 1.192369833755e+00
    -5.161389708519e-06 3.831014968455e-03 7.592141628265e-06 5.153679857254e+03
     5.688000000000e+05 2.421438694000e-08 1.869990503719e+00-7.450580596924e-08
     9.668475690821e-01 2.349375000000e+02 2.054884392446e+00-7.911400970177e-09
     2.321525272275e-11 1.000000000000e+00 2.434000000000e+03 0.000000000000e+00
     2.000000000000e+00 0.000000000000e+00 4.656612873077e-10 5.800000000000e+01
     5.616180000000e+05 4.000000000000e+00                                      
G09 2026 09 05 16 00 00 6.854124367237e-04-8.867573342286e-12 0.000000000000e+00
     9.300000000000e+01-1.042500000000e+02 4.369824877889e-09 2.242786285051e+00
    -5.353242158890e-06 3.831683658063e-03 7.269904017448e-06 5.153677957535e+03
     5.760000000000e+05 8.195638656616e-08 1.869933528912e+00-5.960464477539e-08
     9.668477592614e-01 2.403125000000e+02 2.054643534688e+00-7.912115285646e-09
     4.035882396416e-11 1.000000000000e+00 2.434000000000e+03 0.000000000000e+00
     2.800000000000e+00 0.000000000000e+00 4.656612873077e-10 9.300000000000e+01
     5.688180000000e+05 4.000000000000e+00                                      
G09 2026 09 05 15 59 44 6.854119710624e-04-8.867573342286e-12 0.000000000000e+00
     1.000000000000e+00-1.042500000000e+02 4.369824877889e-09 2.240451821823e+00
    -5.353242158890e-06 3.831679467112e-03 7.269904017448e-06 5.153677959442e+03
     5.759840000000e+05 8.195638656616e-08 1.869933648871e+00-5.960464477539e-08
     9.668477695019e-01 2.403125000000e+02 2.054644282239e+00-7.912115285646e-09
     4.000166622996e-11 1.000000000000e+00 2.434000000000e+03 0.000000000000e+00
     2.000000000000e+00 0.000000000000e+00 4.656612873077e-10 1.000000000000e+00
     5.724480000000e+05 4.000000000000e+00                                      
G09 2026 09 05 17 59 44 6.853481754661e-04-8.867573342286e-12 0.000000000000e+00
     2.000000000000e+00-1.145000000000e+02 4.372324982028e-09-2.992481454350e+00
    -5.824491381645e-06 3.830719739199e-03 7.610768079758e-06 5.153679443359e+03
     5.831840000000e+05 2.235174179077e-08 1.869875970400e+00 1.098960638046e-07
     9.668486282348e-01 2.368437500000e+02 2.054570333193e+00-7.892828767999e-09
     1.839362331110e-10 1.000000000000e+00 2.434000000000e+03 0.000000000000e+00
     2.000000000000e+00 0.000000000000e+00 4.656612873077e-10 2.000000000000e+00
     5.760180000000e+05 4.000000000000e+00                                      
G09 2026 09 05 20 00 00 6.852843798697e-04-8.867573342286e-12 0.000000000000e+00
     4.900000000000e+01-1.183437500000e+02 4.343038047824e-09-1.940204665724e+00
    -5.885958671570e-06 3.830744768493e-03 8.257105946541e-06 5.153678361893e+03
     5.904000000000e+05-3.539025783539e-08 1.869819017536e+00 8.568167686462e-08
     9.668500443395e-01 2.265000000000e+02 2.054802959111e+00-7.890685821594e-09
     2.007226466182e-10 1.000000000000e+00 2.434000000000e+03 0.000000000000e+00
     2.000000000000e+00 0.000000000000e+00 4.656612873077e-10 4.900000000000e+01
     5.832180000000e+05 4.000000000000e+00                                      
G09 2026 09 05 22 00 00 6.852210499346e-04-8.867573342286e-12 0.000000000000e+00
     5.000000000000e+01-1.117187500000e+02 4.246248301857e-09-8.899013886962e-01
    -5.997717380524e-06 3.831394831650e-03 8.674338459969e-06 5.153679439545e+03
     5.976000000000e+05-6.705522537231e-08 1.869761772089e+00 1.676380634308e-08
     9.668513609657e-01 2.196875000000e+02 2.054676716595e+00-7.945330954926e-09
     2.185805333280e-10 1.000000000000e+00 2.434000000000e+03 0.000000000000e+00
     2.000000000000e+00 0.000000000000e+00 4.656612873077e-10 5.000000000000e+01
     5.904180000000e+05 4.000000000000e+00                                      
G10 2026 09 05 00 00 00-5.389712750912e-04 7.162270776462e-12 0.000000000000e+00
     3.700000000000e+01-6.062500000000e+01 3.696939706664e-09 1.624012063901e+00
    -3.226101398468e-06 1.133771694731e-02 4.176050424576e-06 5.153653268814e+03
     5.184000000000e+05-1.825392246246e-07 8.657173749807e-01-4.097819328308e-08
     9.949364724919e-01 3.195625000000e+02-2.264077549426e+00-7.922115702203e-09
    -5.143071372424e-11 1.000000000000e+00 2.434000000000e+03 0.000000000000e+00
     2.000000000000e+00 0.000000000000e+00 2.328306436539e-09 3.700000000000e+01
     5.112180000000e+05 4.000000000000e+00                                      
G10 2026 09 05 02 00 00-5.389195866883e-04 7.162270776462e-12 0.000000000000e+00
     3.900000000000e+01-7.121875000000e+01 3.581577758518e-09 2.674085730084e+00
    -3.758817911148e-06 1.133760658558e-02 3.715977072716e-06 5.153655357361e+03
     5.256000000000e+05 4.097819328308e-08 8.656609663225e-01-1.192092895508e-07
     9.949371980993e-01 3.257187500000e+02-2.263965532326e+00-7.707106746217e-09
    -3.000124967247e-11 1.000000000000e+00 2.434000000000e+03 0.000000000000e+00
     2.000000000000e+00 0.000000000000e+00 2.328306436539e-09 3.900000000000e+01
     5.184180000000e+05 4.000000000000e+00                                      
G10 2026 09 05 04 00 00-5.388678982854e-04 7.162270776462e-12 0.000000000000e+00
     4.600000000000e+01-7.987500000000e+01 3.619436478343e-09-2.558870787468e+00
    -4.090368747711e-06 1.133854442742e-02 3.976747393608e-06 5.153653673172e+03
     5.328000000000e+05 5.029141902924e-08 8.656056958145e-01-6.519258022308e-08
     9.949370020683e-01 3.200312500000e+02-2.264007652663e+00-7.683891493495e-09
    -3.428714248282e-11 1.000000000000e+00 2.434000000000e+03 0.000000000000e+00
     2.000000000000e+00 0.000000000000e+00 2.328306436539e-09 4.600000000000e+01
     5.256180000000e+05 4.000000000000e+00                                      
G10 2026 09 05 06 00 00-5.388162098825e-04 7.162270776462e-12 0.000000000000e+00
     4.800000000000e+01-6.628125000000e+01 3.717297697513e-09-1.508819912086e+00
    -3.462657332420e-06 1.133866573218e-02 3.937631845474e-06 5.153650983810e+03
     5.400000000000e+05 2.272427082062e-07 8.655508056653e-01-3.911554813385e-08
     9.949362589059e-01 3.208125000000e+02-2.263871880699e+00-7.764251983689e-09
    -1.403629895391e-10 1.000000000000e+00 2.434000000000e+03 0.000000000000e+00
     2.000000000000e+00 0.000000000000e+00 2.328306436539e-09 4.800000000000e+01
     5.328180000000e+05 4.000000000000e+00                                      
G10 2026 09 05 08 00 00-5.387640558183e-04 7.162270776462e-12 0.000000000000e+00
     4.900000000000e+01-5.556250000000e+01 3.921234763739e-09-4.586625508963e-01
    -2.946704626083e-06 1.133929833304e-02 3.708526492119e-06 5.153651037216e+03
     5.472000000000e+05-6.146728992462e-08 8.654939639833e-01 1.285225152969e-07
     9.949334939907e-01 3.238437500000e+02-2.263838713421e+00-8.104623304378e-09
    -1.860791795162e-10 1.000000000000e+00 2.434000000000e+03 0.000000000000e+00
     2.000000000000e+00 0.000000000000e+00 2.328306436539e-09 4.900000000000e+01
     5.400180000000e+05 4.000000000000e+00                                      
G10 2026 09 05 10 00 00-5.387123674154e-04 7.162270776462e-12 0.000000000000e+00
     5.000000000000e+01-4.193750000000e+01 3.945878647398e-09 5.915680995630e-01
    -2.067536115646e-06 1.134096051101e-02 3.593042492867e-06 5.153654159546e+03
     5.544000000000e+05-3.352761268616e-08 8.654352161191e-01 6.891787052155e-08
     9.949321641982e-01 3.284687500000e+02-2.263880437307e+00-8.144267812873e-09
    -1.589351917173e-10 1.000000000000e+00 2.434000000000e+03 0.000000000000e+00
     2.000000000000e+00 0.000000000000e+00 2.328306436539e-09 5.000000000000e+01
     5.472180000000e+05 4.000000000000e+00                                      
G10 2026 09 05 09 59 44-5.387123674154e-04 7.162270776462e-12 0.000000000000e+00
     1.200000000000e+01-4.193750000000e+01 3.945521489664e-09 5.892341746885e-01
    -2.067536115646e-06 1.134096109308e-02 3.593042492867e-06 5.153654161453e+03
     5.543840000000e+05-3.352761268616e-08 8.654353287638e-01 6.891787052155e-08
     9.949321685870e-01 3.284687500000e+02-2.263880279312e+00-8.144267812873e-09
    -1.589351917173e-10 1.000000000000e+00 2.434000000000e+03 0.000000000000e+00
     2.000000000000e+00 0.000000000000e+00 2.328306436539e-09 1.200000000000e+01
     5.543880000000e+05 4.000000000000e+00                                      
G10 2026 09 05 11 59 44-5.386606790125e-04 7.162270776462e-12 0.000000000000e+00
     1.300000000000e+01-4.178125000000e+01 3.983023051755e-09 1.639472840476e+00
    -2.253800630569e-06 1.134017272852e-02 3.343448042870e-06 5.153652570724e+03
     5.615840000000e+05-2.346932888031e-07 8.653761332466e-01 1.862645149231e-09
     9.949317136194e-01 3.377812500000e+02-2.263928435649e+00-8.033906073007e-09
    -2.321525272275e-11 1.000000000000e+00 2.434000000000e+03 0.000000000000e+00
     2.000000000000e+00 0.000000000000e+00 2.328306436539e-09 1.300000000000e+01
     5.544180000000e+05 4.000000000000e+00                                      
G10 2026 09 05 14 00 00-5.386085249484e-04 7.162270776462e-12 0.000000000000e+00
     1.400000000000e+01-5.100000000000e+01 3.845517324089e-09 2.691862894072e+00
    -2.721324563026e-06 1.133975666016e-02 2.743676304817e-06 5.153655302048e+03
     5.688000000000e+05-1.303851604462e-08 8.653188556151e-01-1.303851604462e-07
     9.949327552171e-01 3.471250000000e+02-2.263796708654e+00-7.805682280855e-09
     1.107188976008e-11 1.000000000000e+00 2.434000000000e+03 0.000000000000e+00
     2.000000000000e+00 0.000000000000e+00 2.328306436539e-09 1.400000000000e+01
     5.616180000000e+05 4.000000000000e+00                                      
G10 2026 09 05 16 00 00-5.385568365455e-04 7.162270776462e-12 0.000000000000e+00
     1.500000000000e+01-6.206250000000e+01 3.886947621256e-09-2.541099012871e+00
    -3.339722752571e-06 1.134104246739e-02 2.803280949593e-06 5.153652984619e+03
     5.760000000000e+05 1.434236764908e-07 8.652619949152e-01-8.940696716309e-08
     9.949329205268e-01 3.431562500000e+02-2.263830978973e+00-7.859970256453e-09
     1.082187934614e-10 1.000000000000e+00 2.434000000000e+03 0.000000000000e+00
     2.000000000000e+00 0.000000000000e+00 2.328306436539e-09 1.500000000000e+01
     5.688180000000e+05 4.000000000000e+00                                      
G10 2026 09 05 18 00 00-5.385046824813e-04 7.162270776462e-12 0.000000000000e+00
     1.600000000000e+01-5.156250000000e+01 3.825516490974e-09-1.490998165670e+00
    -2.549961209297e-06 1.134083955549e-02 2.665445208549e-06 5.153651453018e+03
     5.832000000000e+05 1.750886440277e-07 8.652053478013e-01 1.117587089539e-08
     9.949338509427e-01 3.399687500000e+02-2.263743402845e+00-7.881399720505e-09
     1.260766801712e-10 1.000000000000e+00 2.434000000000e+03 0.000000000000e+00
     2.000000000000e+00 0.000000000000e+00 2.328306436539e-09 1.600000000000e+01
     5.760180000000e+05 4.000000000000e+00                                      
G10 2026 09 05 20 00 00-5.384529940784e-04 7.162270776462e-12 0.000000000000e+00
     1.800000000000e+01-4.003125000000e+01 3.892304987269e-09-4.408969337213e-01
    -1.914799213409e-06 1.134101650678e-02 3.155320882797e-06 5.153650039673e+03
     5.904000000000e+05-1.862645149231e-08 8.651479121746e-01 1.508742570877e-07
     9.949335056941e-01 3.370937500000e+02-2.263653601619e+00-8.121052560151e-09
     8.928943354902e-11 1.000000000000e+00 2.434000000000e+03 0.000000000000e+00
     2.000000000000e+00 0.000000000000e+00 2.328306436539e-09 1.800000000000e+01
     5.832180000000e+05 4.000000000000e+00                                      
G10 2026 09 05 22 00 00-5.384008400142e-04 7.162270776462e-12 0.000000000000e+00
     6.600000000000e+01-2.537500000000e+01 3.771942830845e-09 6.093194167137e-01
    -1.337379217148e-06 1.134291430935e-02 3.056600689888e-06 5.153653629303e+03
     5.976000000000e+05-1.508742570877e-07 8.650900040253e-01 1.024454832077e-07
     9.949340586771e-01 3.391250000000e+02-2.263681505318e+00-8.074622054705e-09
     7.143154683922e-13 1.000000000000e+00 2.434000000000e+03 0.000000000000e+00
     2.000000000000e+00 0.000000000000e+00 2.328306436539e-09 6.600000000000e+01
     5.904180000000e+05 4.000000000000e+00                                      
G11 2026 09 05 00 00 00-2.200980670750e-04 1.205080479849e-11 0.000000000000e+00
     1.800000000000e+02 5.768750000000e+01 4.457685680501e-09-1.206886911136e+00
     2.957880496979e-06 2.663960680366e-03 3.062188625336e-06 5.153673961639e+03
     5.184000000000e+05 1.061707735062e-07-1.548373502600e-01-2.421438694000e-08
     9.624060824992e-01 3.249687500000e+02-2.321575955803e+00-8.281773540539e-09
    -6.928860043404e-11 1.000000000000e+00 2.434000000000e+03 0.000000000000e+00
     2.000000000000e+00 0.000000000000e+00-8.847564458847e-09 4.360000000000e+02
     5.112180000000e+05 4.000000000000e+00                                      
G11 2026 09 05 02 00 00-2.200114540756e-04 1.205080479849e-11 0.000000000000e+00
     1.810000000000e+02 5.340625000000e+01 4.551618164595e-09-1.570650965403e-01
     2.807006239891e-06 2.662656130269e-03 3.447756171227e-06 5.153670909882e+03
     5.256000000000e+05 7.636845111847e-08-1.548969963559e-01 4.097819328308e-08
     9.624055061095e-01 3.140937500000e+02-2.321216320800e+00-8.286059433349e-09
    -8.607501394126e-11 1.000000000000e+00 2.434000000000e+03 0.000000000000e+00
     2.000000000000e+00 0.000000000000e+00-8.847564458847e-09 4.370000000000e+02
     5.184180000000e+05 4.000000000000e+00                                      
G11 2026 09 05 04 00 00-2.199248410761e-04 1.205080479849e-11 0.000000000000e+00
     1.820000000000e+02 6.365625000000e+01 4.474472094009e-09 8.926660346891e-01
     3.397464752197e-06 2.665036823601e-03 4.315748810768e-06 5.153675935745e+03
     5.328000000000e+05 1.862645149231e-08-1.549563484053e-01 6.891787052155e-08
     9.624048009830e-01 2.977500000000e+02-2.320766185296e+00-8.258201130082e-09
    -1.121475285376e-10 1.000000000000e+00 2.434000000000e+03 0.000000000000e+00
     2.000000000000e+00 0.000000000000e+00-8.847564458847e-09 4.380000000000e+02
     5.256180000000e+05 4.000000000000e+00                                      
G11 2026 09 05 06 00 00-2.198382280767e-04 1.205080479849e-11 0.000000000000e+00
     1.830000000000e+02 7.265625000000e+01 4.488401245642e-09 1.943266184608e+00
     3.727152943611e-06 2.665321109816e-03 4.561617970467e-06 5.153673931122e+03
     5.400000000000e+05-1.043081283569e-07-1.550160661842e-01 0.000000000000e+00
     9.624045771565e-01 2.929375000000e+02-2.321186731819e+00-8.172840431609e-09
    -2.678683006471e-11 1.000000000000e+00 2.434000000000e+03 0.000000000000e+00
     2.000000000000e+00 0.000000000000e+00-8.847564458847e-09 4.390000000000e+02
     5.328180000000e+05 4.000000000000e+00                                      
G11 2026 09 05 08 00 00-2.197520807385e-04 1.205080479849e-11 0.000000000000e+00
     1.840000000000e+02 8.134375000000e+01 4.511616498365e-09 2.993411033459e+00
     4.189088940620e-06 2.664408879355e-03 4.258006811142e-06 5.153675382614e+03
     5.472000000000e+05-8.568167686462e-08-1.550749983761e-01-8.940696716309e-08
     9.624043781996e-01 2.960625000000e+02-2.321150735256e+00-8.191412633787e-09
    -3.571577341961e-12 1.000000000000e+00 2.434000000000e+03 0.000000000000e+00
     2.000000000000e+00 0.000000000000e+00-8.847564458847e-09 4.400000000000e+02
     5.400180000000e+05 4.000000000000e+00                                      
G11 2026 09 05 10 00 00-2.196654677391e-04 1.205080479849e-11 0.000000000000e+00
     1.850000000000e+02 8.459375000000e+01 4.591619830825e-09-2.239824743451e+00
     4.431232810020e-06 2.664621686563e-03 3.980472683907e-06 5.153674594879e+03
     5.544000000000e+05 7.264316082001e-08-1.551349882578e-01-3.166496753693e-08
     9.624046444507e-01 3.033750000000e+02-2.320920113536e+00-8.257843972348e-09
     1.257195224370e-10 1.000000000000e+00 2.434000000000e+03 0.000000000000e+00
     2.000000000000e+00 0.000000000000e+00-8.847564458847e-09 4.410000000000e+02
     5.472180000000e+05 4.000000000000e+00                                      
G11 2026 09 05 12 00 00-2.195788547397e-04 1.205080479849e-11 0.000000000000e+00
     1.860000000000e+02 8.021875000000e+01 4.553761111000e-09-1.189459681542e+00
     4.289671778679e-06 2.664879430085e-03 3.803521394730e-06 5.153675428391e+03
     5.616000000000e+05 2.980232238770e-08-1.551945143945e-01-1.303851604462e-08
     9.624057343247e-01 3.073750000000e+02-2.321104164722e+00-8.244271978448e-09
     1.535778257043e-10 1.000000000000e+00 2.434000000000e+03 0.000000000000e+00
     2.000000000000e+00 0.000000000000e+00-8.847564458847e-09 4.420000000000e+02
     5.544180000000e+05 4.000000000000e+00                                      
G11 2026 09 05 14 00 00-2.194922417402e-04 1.205080479849e-11 0.000000000000e+00
     1.870000000000e+02 7.393750000000e+01 4.531617331480e-09-1.395741744189e-01
     3.905966877937e-06 2.663542632945e-03 4.447996616364e-06 5.153672527313e+03
     5.688000000000e+05 4.842877388000e-08-1.552536616353e-01 4.656612873077e-08
     9.624069924342e-01 2.977812500000e+02-2.320809053184e+00-8.198912946205e-09
     1.371485699313e-10 1.000000000000e+00 2.434000000000e+03 0.000000000000e+00
     2.000000000000e+00 0.000000000000e+00-8.847564458847e-09 4.430000000000e+02
     5.616180000000e+05 4.000000000000e+00                                      
G11 2026 09 05 16 00 00-2.194060944021e-04 1.205080479849e-11 0.000000000000e+00
     1.880000000000e+02 8.040625000000e+01 4.356252883990e-09 9.101432638973e-01
     4.027038812637e-06 2.665529493243e-03 4.993751645088e-06 5.153676895142e+03
     5.760000000000e+05-3.166496753693e-08-1.553122193202e-01 3.911554813385e-08
     9.624078365380e-01 2.816250000000e+02-2.320346417045e+00-8.163911488254e-09
     8.286059433349e-11 1.000000000000e+00 2.434000000000e+03 0.000000000000e+00
     2.000000000000e+00 0.000000000000e+00-8.847564458847e-09 4.440000000000e+02
     5.688180000000e+05 4.000000000000e+00                                      
G11 2026 09 05 18 00 00-2.193194814026e-04 1.205080479849e-11 0.000000000000e+00
     1.890000000000e+02 8.700000000000e+01 4.278035340201e-09 1.960611318165e+00
     4.619359970093e-06 2.666004002094e-03 5.271285772324e-06 5.153675569534e+03
     5.832000000000e+05-9.685754776001e-08-1.553711500492e-01-2.421438694000e-08
     9.624087713426e-01 2.741875000000e+02-2.320637142755e+00-8.107123408517e-09
     1.307197307158e-10 1.000000000000e+00 2.434000000000e+03 0.000000000000e+00
     2.000000000000e+00 0.000000000000e+00-8.847564458847e-09 4.450000000000e+02
     5.760180000000e+05 4.000000000000e+00                                      
G11 2026 09 05 20 00 00-2.192328684032e-04 1.205080479849e-11 0.000000000000e+00
     1.900000000000e+02 9.615625000000e+01 4.196960534538e-09 3.010895360746e+00
     5.029141902924e-06 2.665397827514e-03 5.448237061501e-06 5.153676147461e+03
     5.904000000000e+05-2.421438694000e-08-1.554292308228e-01-3.725290298462e-08
     9.624100031197e-01 2.734062500000e+02-2.320742901491e+00-8.045692278235e-09
     1.332198348551e-10 1.000000000000e+00 2.434000000000e+03 0.000000000000e+00
     2.800000000000e+00 0.000000000000e+00-8.847564458847e-09 4.460000000000e+02
     5.832180000000e+05 4.000000000000e+00                                      
G11 2026 09 05 21 14 40-2.191797830164e-04 1.205080479849e-11 0.000000000000e+00
     1.910000000000e+02 1.026250000000e+02 4.184102856107e-09-2.618833281855e+00
     5.399808287621e-06 2.664567320608e-03 5.550682544708e-06 5.153677663803e+03
     5.948800000000e+05-3.725290298462e-08-1.554652756613e-01-4.470348358154e-08
     9.624106014531e-01 2.722500000000e+02-2.320756572461e+00-8.043549331830e-09
     1.267909956396e-10 1.000000000000e+00 2.434000000000e+03 0.000000000000e+00
     2.000000000000e+00 0.000000000000e+00-8.847564458847e-09 4.470000000000e+02
     5.877180000000e+05 4.000000000000e+00                                      
G11 2026 09 05 22 00 00-2.191471867263e-04 1.205080479849e-11 0.000000000000e+00
     1.920000000000e+02 1.020937500000e+02 4.244105355452e-09-2.222362431618e+00
     5.379319190979e-06 2.665365114808e-03 5.260109901428e-06 5.153675735474e+03
     5.976000000000e+05-3.911554813385e-08-1.554870160869e-01-9.685754776001e-08
     9.624109086659e-01 2.807187500000e+02-2.320494018164e+00-8.042835016362e-09
     9.571827276455e-11 1.000000000000e+00 2.434000000000e+03 0.000000000000e+00
     2.000000000000e+00 0.000000000000e+00-8.847564458847e-09 4.480000000000e+02
     5.904180000000e+05 4.000000000000e+00                                      
G13 2026 09 05 00 00 00 4.380415193737e-04 4.888534022029e-12 0.000000000000e+00
     1.530000000000e+02 2.071875000000e+01 4.770198697923e-09 2.222068886865e+00
     1.013278961182e-06 2.323851571418e-03 7.962808012962e-06 5.153550962448e+03
     5.184000000000e+05 2.048909664154e-08-2.330016801478e+00-8.754432201385e-08
     9.591684604621e-01 2.223125000000e+02 1.791187536505e+00-7.920687071267e-09
    -2.900120801672e-10 1.000000000000e+00 2.434000000000e+03 0.000000000000e+00
     2.000000000000e+00 0.000000000000e+00-8.381903171539e-09 6.650000000000e+02
     5.112180000000e+05 4.000000000000e+00                                      
G13 2026 09 05 02 00 00 4.380764439702e-04 4.888534022029e-12 0.000000000000e+00
     1.540000000000e+02 1.965625000000e+01 4.855202238662e-09-3.010758278007e+00
     1.033768057823e-06 2.324538072571e-03 7.886439561844e-06 5.153549606323e+03
     5.256000000000e+05 8.754432201385e-08-2.330074604297e+00 5.587935447693e-08
     9.591667473850e-01 2.274687500000e+02 1.791088198516e+00-7.944616639458e-09
    -1.632210845276e-10 1.000000000000e+00 2.434000000000e+03 0.000000000000e+00
     2.000000000000e+00 0.000000000000e+00-8.381903171539e-09 6.660000000000e+02
     5.184180000000e+05 4.000000000000e+00                                      
G13 2026 09 05 04 00 00 4.381113685668e-04 4.888534022029e-12 0.000000000000e+00
     1.550000000000e+02 1.500000000000e+01 4.811628995090e-09-1.960273236334e+00
     8.903443813324e-07 2.324054483324e-03 7.813796401024e-06 5.153550930023e+03
     5.328000000000e+05 2.048909664154e-08-2.330131807320e+00 8.381903171539e-08
     9.591656531223e-01 2.301875000000e+02 1.790861968475e+00-7.950688320939e-09
    -1.453631978178e-10 1.000000000000e+00 2.434000000000e+03 0.000000000000e+00
     2.000000000000e+00 0.000000000000e+00-8.381903171539e-09 6.670000000000e+02
     5.256180000000e+05 4.000000000000e+00                                      
G13 2026 09 05 06 00 00 4.381467588246e-04 4.888534022029e-12 0.000000000000e+00
     1.560000000000e+02 1.287500000000e+01 4.814129099229e-09-9.100513107185e-01
     6.090849637985e-07 2.323898137547e-03 7.942318916321e-06 5.153550735474e+03
     5.400000000000e+05-4.470348358154e-08-2.330189674507e+00-5.587935447693e-09
     9.591642560355e-01 2.310000000000e+02 1.790898153754e+00-8.054621221590e-09
    -1.175048945505e-10 1.000000000000e+00 2.434000000000e+03 0.000000000000e+00
     2.000000000000e+00 0.000000000000e+00-8.381903171539e-09 6.680000000000e+02
     5.328180000000e+05 4.000000000000e+00                                      
G13 2026 09 05 08 00 00 4.381816834211e-04 4.888534022029e-12 0.000000000000e+00
     1.570000000000e+02 1.134375000000e+01 4.740554605985e-09 1.400978288712e-01
     3.892928361893e-07 2.323267399333e-03 7.335096597672e-06 5.153549440384e+03
     5.472000000000e+05-1.862645149231e-08-2.330247761133e+00-1.303851604462e-08
     9.591634528935e-01 2.355000000000e+02 1.791007369366e+00-8.063550164945e-09
    -1.107188976008e-10 1.000000000000e+00 2.434000000000e+03 0.000000000000e+00
     2.000000000000e+00 0.000000000000e+00-8.381903171539e-09 6.690000000000e+02
     5.400180000000e+05 4.000000000000e+00                                      
G13 2026 09 05 10 00 00 4.382170736790e-04 4.888534022029e-12 0.000000000000e+00
     1.580000000000e+02 1.584375000000e+01 4.679837791171e-09 1.190505897646e+00
     8.195638656616e-07 2.322745393030e-03 7.357448339462e-06 5.153548255920e+03
     5.544000000000e+05-7.450580596924e-09-2.330305875553e+00-8.195638656616e-08
     9.591629174655e-01 2.353437500000e+02 1.790858090279e+00-8.011047978018e-09
    -8.786080261224e-11 1.000000000000e+00 2.434000000000e+03 0.000000000000e+00
     2.000000000000e+00 0.000000000000e+00-8.381903171539e-09 6.700000000000e+02
     5.472180000000e+05 4.000000000000e+00                                      
G13 2026 09 05 12 00 00 4.382519982755e-04 4.888534022029e-12 0.000000000000e+00
     1.590000000000e+02 1.612500000000e+01 4.599834458711e-09 2.240754732177e+00
     8.791685104370e-07 2.322728978470e-03 7.368624210358e-06 5.153548299789e+03
     5.616000000000e+05 5.774199962616e-08-2.330362651404e+00 5.960464477539e-08
     9.591627580074e-01 2.353750000000e+02 1.790867474899e+00-7.863541833795e-09
    -1.353627812603e-10 1.000000000000e+00 2.434000000000e+03 0.000000000000e+00
     2.000000000000e+00 0.000000000000e+00-8.381903171539e-09 6.710000000000e+02
     5.544180000000e+05 4.000000000000e+00                                      
G13 2026 09 05 14 00 00 4.382873885334e-04 4.888534022029e-12 0.000000000000e+00
     1.600000000000e+02 1.587500000000e+01 4.628049919713e-09-2.992157877352e+00
     9.089708328247e-07 2.322802669369e-03 7.485970854759e-06 5.153548151016e+03
     5.688000000000e+05-1.862645149231e-09-2.330418689944e+00-2.980232238770e-08
     9.591614969720e-01 2.359062500000e+02 1.790852784275e+00-7.842826685212e-09
    -2.246522148093e-10 1.000000000000e+00 2.434000000000e+03 0.000000000000e+00
     2.000000000000e+00 0.000000000000e+00-8.381903171539e-09 6.720000000000e+02
     5.616180000000e+05 4.000000000000e+00                                      
G13 2026 09 05 16 00 00 4.383223131299e-04 4.888534022029e-12 0.000000000000e+00
     1.610000000000e+02 1.234375000000e+01 4.735197239972e-09-1.941729166802e+00
     5.103647708893e-07 2.322419080883e-03 7.338821887970e-06 5.153549184799e+03
     5.760000000000e+05 3.539025783539e-08-2.330475022530e+00 1.080334186554e-07
     9.591591884873e-01 2.377812500000e+02 1.790682347005e+00-7.960688737497e-09
    -2.939408152434e-10 1.000000000000e+00 2.434000000000e+03 0.000000000000e+00
     2.800000000000e+00 0.000000000000e+00-8.381903171539e-09 6.730000000000e+02
     5.688180000000e+05 4.000000000000e+00                                      
G13 2026 09 05 18 00 00 4.383577033877e-04 4.888534022029e-12 0.000000000000e+00
     1.620000000000e+02 1.268750000000e+01 4.856273711864e-09-8.913342174765e-01
     6.183981895447e-07 2.322362968698e-03 7.076188921928e-06 5.153549760818e+03
     5.832000000000e+05-5.215406417847e-08-2.330533313964e+00-3.539025783539e-08
     9.591565508460e-01 2.403750000000e+02 1.790546349751e+00-8.119623929214e-09
    -2.471531520637e-10 1.000000000000e+00 2.434000000000e+03 0.000000000000e+00
     2.800000000000e+00 0.000000000000e+00-8.381903171539e-09 6.740000000000e+02
     5.760180000000e+05 4.000000000000e+00                                      
G13 2026 09 05 18 44 32 4.383716732264e-04 4.888534022029e-12 0.000000000000e+00
     1.630000000000e+02 1.143750000000e+01 4.878417491384e-09-5.016248839013e-01
     5.792826414108e-07 2.322220359929e-03 7.048249244690e-06 5.153549415588e+03
     5.858720000000e+05 1.862645149231e-09-2.330555202145e+00-2.793967723846e-08
     9.591558925329e-01 2.412500000000e+02 1.790600016901e+00-8.138553289126e-09
    -2.175090601254e-10 1.000000000000e+00 2.434000000000e+03 0.000000000000e+00
     2.000000000000e+00 0.000000000000e+00-8.381903171539e-09 6.750000000000e+02
     5.787180000000e+05 4.000000000000e+00                                      
G13 2026 09 05 20 00 00 4.383940249681e-04 4.888534022029e-12 0.000000000000e+00
     1.640000000000e+02 1.178125000000e+01 4.898775482233e-09 1.588420051157e-01
     5.923211574554e-07 2.321806270629e-03 6.927177309990e-06 5.153548639297e+03
     5.904000000000e+05-7.450580596924e-09-2.330592252008e+00 3.911554813385e-08
     9.591550089304e-01 2.444687500000e+02 1.790629948205e+00-8.135696027253e-09
    -1.742929742877e-10 1.000000000000e+00 2.434000000000e+03 0.000000000000e+00
     2.000000000000e+00 0.000000000000e+00-8.381903171539e-09 6.760000000000e+02
     5.832180000000e+05 4.000000000000e+00                                      
G13 2026 09 05 22 00 00 4.384294152260e-04 4.888534022029e-12 0.000000000000e+00
     1.650000000000e+02 1.628125000000e+01 4.889846538879e-09 1.209273834606e+00
     7.115304470062e-07 2.321298699826e-03 6.938353180885e-06 5.153547416687e+03
     5.976000000000e+05-5.029141902924e-08-2.330650928189e+00-7.450580596924e-08
     9.591543476914e-01 2.435625000000e+02 1.790458824825e+00-8.037477650349e-09
    -1.135761594744e-10 1.000000000000e+00 2.434000000000e+03 0.000000000000e+00
     2.000000000000e+00 0.000000000000e+00-8.381903171539e-09 6.770000000000e+02
     5.904180000000e+05 4.000000000000e+00                                      
G14 2026 09 05 00 00 00 7.499787025154e-04-2.273736754432e-13 0.000000000000e+00
     9.700000000000e+01 1.909375000000e+01 5.164500836475e-09 2.182118310124e+00
     1.000240445137e-06 7.484508329071e-03 8.136034011841e-06 5.153653169632e+03
     5.184000000000e+05-1.937150955200e-07-2.279233718662e+00 2.235174179077e-08
     9.419113740923e-01 2.146875000000e+02-2.674338023473e+00-8.132124449911e-09
    -2.510818871398e-10 1.000000000000e+00 2.434000000000e+03 0.000000000000e+00
     2.000000000000e+00 0.000000000000e+00-7.916241884232e-09 6.090000000000e+02
     5.112180000000e+05 4.000000000000e+00                                      
G14 2026 09 05 02 00 00 7.499768398702e-04-2.273736754432e-13 0.000000000000e+00
     9.800000000000e+01 1.715625000000e+01 5.135213902271e-09-3.050886732421e+00
     8.735805749893e-07 7.484534755349e-03 8.098781108856e-06 5.153653224945e+03
     5.256000000000e+05-1.247972249985e-07-2.279292055446e+00-9.313225746155e-08
     9.419099184888e-01 2.150937500000e+02-2.674320462605e+00-8.076050685642e-09
    -2.242950570751e-10 1.000000000000e+00 2.434000000000e+03 0.000000000000e+00
     2.000000000000e+00 0.000000000000e+00-7.916241884232e-09 6.100000000000e+02
     5.184180000000e+05 4.000000000000e+00                                      
G14 2026 09 05 04 00 00 7.499749772251e-04-2.273736754432e-13 0.000000000000e+00
     9.900000000000e+01 9.281250000000e+00 5.189144720135e-09-2.000800017009e+00
     3.278255462646e-07 7.485645241104e-03 7.668510079384e-06 5.153650617599e+03
     5.328000000000e+05 8.009374141693e-08-2.279351473327e+00-9.126961231232e-08
     9.419085301796e-01 2.211562500000e+02-2.674207844245e+00-8.176054851217e-09
    -8.071764792831e-11 1.000000000000e+00 2.434000000000e+03 0.000000000000e+00
     2.000000000000e+00 0.000000000000e+00-7.916241884232e-09 6.110000000000e+02
     5.256180000000e+05 4.000000000000e+00                                      
G14 2026 09 05 06 00 00 7.499731145799e-04-2.273736754432e-13 0.000000000000e+00
     1.000000000000e+02 1.531250000000e+01 5.195216401616e-09-9.507424780347e-01
     8.493661880493e-07 7.485651760362e-03 7.323920726776e-06 5.153648595810e+03
     5.400000000000e+05 1.415610313416e-07-2.279410187544e+00-3.725290298462e-09
     9.419077621476e-01 2.258750000000e+02-2.674064977128e+00-8.229271353612e-09
    -1.142904749427e-10 1.000000000000e+00 2.434000000000e+03 0.000000000000e+00
     2.000000000000e+00 0.000000000000e+00-7.916241884232e-09 6.120000000000e+02
     5.328180000000e+05 4.000000000000e+00                                      
G14 2026 09 05 08 00 00 7.499712519348e-04-2.273736754432e-13 0.000000000000e+00
     1.010000000000e+02 1.637500000000e+01 5.162715047804e-09 9.946599458649e-02
     9.126961231232e-07 7.485924870707e-03 7.413327693939e-06 5.153649116516e+03
     5.472000000000e+05 9.685754776001e-08-2.279469580555e+00 9.313225746155e-08
     9.419066898286e-01 2.277187500000e+02-2.674072543341e+00-8.266772915703e-09
    -1.367914121971e-10 1.000000000000e+00 2.434000000000e+03 0.000000000000e+00
     2.000000000000e+00 0.000000000000e+00-7.916241884232e-09 6.130000000000e+02
     5.400180000000e+05 4.000000000000e+00                                      
G14 2026 09 05 09 44 32 7.499698549509e-04-2.273736754432e-13 0.000000000000e+00
     1.020000000000e+02 1.846875000000e+01 5.086283292686e-09 1.014283311005e+00
     9.499490261078e-07 7.486213231459e-03 7.433816790581e-06 5.153649759293e+03
     5.534720000000e+05-7.078051567078e-08-2.279520520825e+00 1.061707735062e-07
     9.419057140623e-01 2.265625000000e+02-2.674049315127e+00-8.184626636837e-09
    -2.450102056585e-10 1.000000000000e+00 2.434000000000e+03 0.000000000000e+00
     2.000000000000e+00 0.000000000000e+00-7.916241884232e-09 6.140000000000e+02
     5.463180000000e+05 4.000000000000e+00                                      
G14 2026 09 05 10 00 00 7.499698549509e-04-2.273736754432e-13 0.000000000000e+00
     1.030000000000e+02 1.846875000000e+01 5.081283084408e-09 1.149634975734e+00
     9.518116712570e-07 7.486242335290e-03 7.443130016327e-06 5.153649873734e+03
     5.544000000000e+05-6.891787052155e-08-2.279528075334e+00 8.940696716309e-08
     9.419054843841e-01 2.260625000000e+02-2.674041947872e+00-8.184626636837e-09
    -2.542963067476e-10 1.000000000000e+00 2.434000000000e+03 0.000000000000e+00
     2.000000000000e+00 0.000000000000e+00-7.916241884232e-09 6.150000000000e+02
     5.472180000000e+05 4.000000000000e+00                                      
G14 2026 09 05 12 00 00 7.499679923058e-04-2.273736754432e-13 0.000000000000e+00
     1.040000000000e+02 1.578125000000e+01 5.021637742797e-09 2.199776389653e+00
     8.214265108109e-07 7.486212649383e-03 7.480382919312e-06 5.153650691986e+03
     5.616000000000e+05-1.508742570877e-07-2.279587232815e+00-1.862645149231e-09
     9.419039965965e-01 2.246250000000e+02-2.673984077759e+00-8.114623720935e-09
    -1.992940156814e-10 1.000000000000e+00 2.434000000000e+03 0.000000000000e+00
     2.000000000000e+00 0.000000000000e+00-7.916241884232e-09 6.160000000000e+02
     5.544180000000e+05 4.000000000000e+00                                      
G14 2026 09 05 14 00 00 7.499661296606e-04-2.273736754432e-13 0.000000000000e+00
     1.050000000000e+02 1.521875000000e+01 4.981636076567e-09-3.033226483384e+00
     7.674098014832e-07 7.486060378142e-03 7.420778274536e-06 5.153651037216e+03
     5.688000000000e+05-8.568167686462e-08-2.279645452566e+00-6.891787052155e-08
     9.419028525945e-01 2.260937500000e+02-2.673968228504e+00-8.063193007211e-09
    -1.832219176426e-10 1.000000000000e+00 2.434000000000e+03 0.000000000000e+00
     2.000000000000e+00 0.000000000000e+00-7.916241884232e-09 6.170000000000e+02
     5.616180000000e+05 4.000000000000e+00                                      
G14 2026 09 05 16 00 00 7.499642670155e-04-2.273736754432e-13 0.000000000000e+00
     1.060000000000e+02 8.250000000000e+00 5.061639409027e-09-1.983146773886e+00
     4.377216100693e-07 7.487093447708e-03 7.126480340958e-06 5.153648487091e+03
     5.760000000000e+05-9.313225746155e-09-2.279703995622e+00-1.061707735062e-07
     9.419016222804e-01 2.331250000000e+02-2.673848768077e+00-8.106051935314e-09
    -1.400058318049e-10 1.000000000000e+00 2.434000000000e+03 0.000000000000e+00
     2.000000000000e+00 0.000000000000e+00-7.916241884232e-09 6.180000000000e+02
     5.688180000000e+05 4.000000000000e+00                                      
G14 2026 09 05 18 00 00 7.499624043703e-04-2.273736754432e-13 0.000000000000e+00
     1.070000000000e+02 1.234375000000e+01 5.204502502705e-09-9.330549528897e-01
     5.159527063370e-07 7.487173308618e-03 6.956979632378e-06 5.153646955490e+03
     5.832000000000e+05 2.011656761169e-07-2.279761818922e+00-1.303851604462e-08
     9.418997307273e-01 2.378437500000e+02-2.673739782143e+00-8.244986293917e-09
    -2.857261873569e-10 1.000000000000e+00 2.434000000000e+03 0.000000000000e+00
     2.000000000000e+00 0.000000000000e+00-7.916241884232e-09 6.190000000000e+02
     5.760180000000e+05 4.000000000000e+00                                      
G14 2026 09 05 20 00 00 7.499605417252e-04-2.273736754432e-13 0.000000000000e+00
     1.080000000000e+02 1.296875000000e+01 5.335579391155e-09 1.171622021503e-01
     6.034970283508e-07 7.487482042052e-03 6.593763828278e-06 5.153647575378e+03
     5.904000000000e+05 5.774199962616e-08-2.279821719566e+00 5.774199962616e-08
     9.418970082368e-01 2.401250000000e+02-2.673754431804e+00-8.380706232911e-09
    -3.010839699273e-10 1.000000000000e+00 2.434000000000e+03 0.000000000000e+00
     2.000000000000e+00 0.000000000000e+00-7.916241884232e-09 6.200000000000e+02
     5.832180000000e+05 4.000000000000e+00                                      
G14 2026 09 05 22 00 00 7.499586790800e-04-2.273736754432e-13 0.000000000000e+00
     1.090000000000e+02 1.662500000000e+01 5.372366637777e-09 1.167312376023e+00
     1.003965735435e-06 7.488003699109e-03 6.884336471558e-06 5.153648818970e+03
     5.976000000000e+05 4.097819328308e-08-2.279881984476e+00 1.061707735062e-07
     9.418948255630e-01 2.373437500000e+02-2.673702107613e+00-8.367848554480e-09
    -2.950122884460e-10 1.000000000000e+00 2.434000000000e+03 0.000000000000e+00
     2.000000000000e+00 0.000000000000e+00-7.916241884232e-09 6.210000000000e+02
     5.904180000000e+05 4.000000000000e+00                                      
G15 2026 09 05 00 00 00 4.421179182827e-04 2.955857780762e-12 0.000000000000e+00
     1.070000000000e+02-9.525000000000e+01 4.654836749778e-09-1.543081193103e+00
    -4.455447196960e-06 1.715735474136e-02 8.041039109230e-06 5.153775705338e+03
     5.184000000000e+05 6.705522537231e-08 1.721837287606e+00 4.433095455170e-07
     9.449580970234e-01 2.117500000000e+02 1.557780080479e+00-8.083550998060e-09
     2.814402945465e-10 1.000000000000e+00 2.434000000000e+03 0.000000000000e+00
     2.000000000000e+00 0.000000000000e+00-1.071020960808e-08 1.070000000000e+02
     5.112180000000e+05 4.000000000000e+00                                      
G15 2026 09 05 02 00 00 4.421393387020e-04 2.955857780762e-12 0.000000000000e+00
     1.080000000000e+02-8.759375000000e+01 4.680552106640e-09-4.929384874266e-01
    -4.535540938377e-06 1.715806522407e-02 8.543953299522e-06 5.153777036667e+03
     5.256000000000e+05-2.328306436539e-07 1.721776733038e+00 1.545995473862e-07
     9.449591166773e-01 2.091562500000e+02 1.557757735868e+00-8.416064848597e-09
     3.575148919303e-10 1.000000000000e+00 2.434000000000e+03 0.000000000000e+00
     2.000000000000e+00 0.000000000000e+00-1.071020960808e-08 1.080000000000e+02
     5.184180000000e+05 4.000000000000e+00                                      
G15 2026 09 05 04 00 00 4.421612247825e-04 2.955857780762e-12 0.000000000000e+00
     1.090000000000e+02-8.331250000000e+01 4.798414158924e-09 5.572000474700e-01
    -4.421919584274e-06 1.715621398762e-02 8.106231689453e-06 5.153773433685e+03
     5.328000000000e+05-1.974403858185e-07 1.721717713071e+00-2.160668373108e-07
     9.449605693550e-01 2.220000000000e+02 1.557738274669e+00-8.427493896091e-09
     4.750197864808e-11 1.000000000000e+00 2.434000000000e+03 0.000000000000e+00
     2.000000000000e+00 0.000000000000e+00-1.071020960808e-08 1.090000000000e+02
     5.256180000000e+05 4.000000000000e+00                                      
G15 2026 09 05 06 00 00 4.421826452017e-04 2.955857780762e-12 0.000000000000e+00
     1.110000000000e+02-9.578125000000e+01 4.638407494005e-09 1.607162823000e+00
    -5.368143320084e-06 1.715711562429e-02 7.018446922302e-06 5.153778808594e+03
     5.400000000000e+05 1.434236764908e-07 1.721657151188e+00-4.228204488754e-07
     9.449622326928e-01 2.386875000000e+02 1.557896323949e+00-8.130695818974e-09
     9.250385315679e-11 1.000000000000e+00 2.434000000000e+03 0.000000000000e+00
     2.000000000000e+00 0.000000000000e+00-1.071020960808e-08 1.110000000000e+02
     5.328180000000e+05 4.000000000000e+00                                      
G15 2026 09 05 08 00 00 4.422045312822e-04 2.955857780762e-12 0.000000000000e+00
     1.150000000000e+02-1.056250000000e+02 4.628049919713e-09 2.657311984533e+00
    -5.371868610382e-06 1.715809223242e-02 6.558373570442e-06 5.153776988983e+03
     5.472000000000e+05 2.179294824600e-07 1.721600888822e+00-4.470348358154e-08
     9.449635975954e-01 2.427500000000e+02 1.557863844242e+00-7.831040479983e-09
    -2.571535686212e-11 1.000000000000e+00 2.434000000000e+03 0.000000000000e+00
     2.000000000000e+00 0.000000000000e+00-1.071020960808e-08 1.150000000000e+02
     5.400180000000e+05 4.000000000000e+00                                      
G15 2026 09 05 10 00 00 4.422259517014e-04 2.955857780762e-12 0.000000000000e+00
     1.170000000000e+02-1.130312500000e+02 4.581262256533e-09-2.575725651826e+00
    -5.669891834259e-06 1.715724472888e-02 6.794929504395e-06 5.153778573990e+03
     5.544000000000e+05 2.030283212662e-07 1.721543949124e+00 1.061707735062e-07
     9.449638038669e-01 2.366875000000e+02 1.557835059866e+00-7.826754587173e-09
     8.178912113090e-11 1.000000000000e+00 2.434000000000e+03 0.000000000000e+00
     2.000000000000e+00 0.000000000000e+00-1.071020960808e-08 1.170000000000e+02
     5.472180000000e+05 4.000000000000e+00                                      
G15 2026 09 05 12 00 00 4.422478377819e-04 2.955857780762e-12 0.000000000000e+00
     1.200000000000e+02-1.090937500000e+02 4.782342060886e-09-1.525688555669e+00
    -5.366280674934e-06 1.715736696497e-02 7.452443242073e-06 5.153776189804e+03
     5.616000000000e+05 2.980232238770e-08 1.721487604834e+00 4.749745130539e-07
     9.449627549546e-01 2.249062500000e+02 1.557915243869e+00-8.153553913962e-09
    -2.142946405177e-11 1.000000000000e+00 2.434000000000e+03 0.000000000000e+00
     2.000000000000e+00 0.000000000000e+00-1.071020960808e-08 1.200000000000e+02
     5.544180000000e+05 4.000000000000e+00                                      
G15 2026 09 05 14 00 00 4.422692582011e-04 2.955857780762e-12 0.000000000000e+00
     1.230000000000e+02-1.030625000000e+02 4.954134931034e-09-4.755657910298e-01
    -5.258247256279e-06 1.715796242934e-02 7.875263690948e-06 5.153776815414e+03
     5.688000000000e+05-2.030283212662e-07 1.721425884321e+00 6.332993507385e-08
     9.449614690496e-01 2.196250000000e+02 1.557914534354e+00-8.572499936174e-09
     1.160762636137e-10 1.000000000000e+00 2.434000000000e+03 0.000000000000e+00
     2.000000000000e+00 0.000000000000e+00-1.071020960808e-08 1.230000000000e+02
     5.616180000000e+05 4.000000000000e+00                                      
G15 2026 09 05 16 00 00 4.422911442816e-04 2.955857780762e-12 0.000000000000e+00
     1.240000000000e+02-9.746875000000e+01 5.081283084408e-09 5.745797453927e-01
    -5.068257451057e-06 1.715637068264e-02 7.631257176399e-06 5.153773694992e+03
     5.760000000000e+05-2.011656761169e-07 1.721364734345e+00-8.195638656616e-08
     9.449618669633e-01 2.304687500000e+02 1.557890602477e+00-8.573571409377e-09
     1.785788670980e-12 1.000000000000e+00 2.434000000000e+03 0.000000000000e+00
     2.000000000000e+00 0.000000000000e+00-1.071020960808e-08 1.240000000000e+02
     5.688180000000e+05 4.000000000000e+00                                      
G15 2026 09 05 15 59 44 4.422916099429e-04 2.955857780762e-12 0.000000000000e+00
     1.100000000000e+01-9.746875000000e+01 5.080925926673e-09 5.722460736031e-01
    -5.068257451057e-06 1.715636672452e-02 7.631257176399e-06 5.153773694992e+03
     5.759840000000e+05-2.011656761169e-07 1.721364858693e+00-8.381903171539e-08
     9.449618684262e-01 2.304687500000e+02 1.557890656605e+00-8.573571409377e-09
     1.785788670980e-12 1.000000000000e+00 2.434000000000e+03 0.000000000000e+00
     2.000000000000e+00 0.000000000000e+00-1.071020960808e-08 1.100000000000e+01
     5.719260000000e+05 4.000000000000e+00                                      
G15 2026 09 05 17 59 44 4.423134960234e-04 2.955857780762e-12 0.000000000000e+00
     4.100000000000e+01-1.077812500000e+02 4.846987610775e-09 1.622216367069e+00
    -5.898997187614e-06 1.715709944256e-02 6.537884473801e-06 5.153778778076e+03
     5.831840000000e+05 1.024454832077e-07 1.721303340062e+00-4.302710294724e-07
     9.449640072125e-01 2.476562500000e+02 1.558043193610e+00-8.150339494355e-09
     1.150047904111e-10 1.000000000000e+00 2.434000000000e+03 0.000000000000e+00
     2.000000000000e+00 0.000000000000e+00-1.071020960808e-08 4.100000000000e+01
     5.760180000000e+05 4.000000000000e+00                                      
G15 2026 09 05 20 00 00 4.423349164426e-04 2.955857780762e-12 0.000000000000e+00
     4.200000000000e+01-1.136562500000e+02 4.773055959796e-09 2.674669441712e+00
    -6.018206477165e-06 1.715778640937e-02 6.062909960747e-06 5.153778045654e+03
     5.904000000000e+05 2.104789018631e-07 1.721246349162e+00-1.210719347000e-07
     9.449653940588e-01 2.541875000000e+02 1.558041470292e+00-7.914258232051e-09
     3.535861568541e-11 1.000000000000e+00 2.434000000000e+03 0.000000000000e+00
     2.000000000000e+00 0.000000000000e+00-1.071020960808e-08 4.200000000000e+01
     5.832180000000e+05 4.000000000000e+00                                      
G15 2026 09 05 22 00 00 4.423568025231e-04 2.955857780762e-12 0.000000000000e+00
     4.300000000000e+01-1.212500000000e+02 4.633764443460e-09-2.558367464651e+00
    -6.275251507759e-06 1.715731481090e-02 5.742534995079e-06 5.153778940201e+03
     5.976000000000e+05 2.048909664154e-07 1.721188547806e+00 8.568167686462e-08
     9.449662381625e-01 2.509062500000e+02 1.558012413814e+00-7.911400970177e-09
     1.882221259213e-10 1.000000000000e+00 2.434000000000e+03 0.000000000000e+00
     2.000000000000e+00 0.000000000000e+00-1.071020960808e-08 4.300000000000e+01
     5.904180000000e+05 4.000000000000e+00                                      
G16 2026 09 05 00 00 00 3.281831741333e-04 6.593836587854e-12 0.000000000000e+00
     6.100000000000e+01 1.703125000000e+01 4.953420615565e-09 5.799425104877e-01
     1.208856701851e-06 1.516572688706e-02 8.158385753632e-06 5.153728902817e+03
     5.184000000000e+05-1.583248376846e-07-2.204935853023e+00 1.192092895508e-07
     9.575793730131e-01 2.221562500000e+02 9.441055873644e-01-8.299988584983e-09
    -4.343038047824e-10 1.000000000000e+00 2.434000000000e+03 0.000000000000e+00
     2.000000000000e+00 0.000000000000e+00-1.071020960808e-08 6.100000000000e+01
     5.112180000000e+05 4.000000000000e+00                                      
G16 2026 09 05 02 00 00 3.282306715846e-04 6.593836587854e-12 0.000000000000e+00
     6.200000000000e+01 1.715625000000e+01 4.946277460882e-09 1.630085668205e+00
     8.475035429001e-07 1.516595564317e-02 8.482486009598e-06 5.153729272842e+03
     5.256000000000e+05-4.209578037262e-07-2.204996308113e+00-8.754432201385e-08
     9.575771391372e-01 2.193750000000e+02 9.441131126150e-01-8.119266771480e-09
    -2.692969315838e-10 1.000000000000e+00 2.434000000000e+03 0.000000000000e+00
     2.000000000000e+00 0.000000000000e+00-1.071020960808e-08 6.200000000000e+01
     5.184180000000e+05 4.000000000000e+00                                      
G16 2026 09 05 04 00 00 3.282781690359e-04 6.593836587854e-12 0.000000000000e+00
     6.300000000000e+01 2.062500000000e+01 4.750912180276e-09 2.680243599933e+00
     9.182840585709e-07 1.516578381415e-02 8.210539817810e-06 5.153729242325e+03
     5.328000000000e+05 3.166496753693e-08-2.205053211237e+00-2.440065145493e-07
     9.575774434241e-01 2.195937500000e+02 9.441048646829e-01-7.671033815063e-09
    -2.282237921513e-10 1.000000000000e+00 2.434000000000e+03 0.000000000000e+00
     2.800000000000e+00 0.000000000000e+00-1.071020960808e-08 6.300000000000e+01
     5.256180000000e+05 4.000000000000e+00                                      
G16 2026 09 05 06 00 00 3.283261321485e-04 6.593836587854e-12 0.000000000000e+00
     6.400000000000e+01 2.181250000000e+01 4.727696927554e-09-2.552812748612e+00
     7.394701242447e-07 1.516587554943e-02 7.845461368561e-06 5.153729032516e+03
     5.400000000000e+05 2.440065145493e-07-2.205109432642e+00-1.583248376846e-07
     9.575759570994e-01 2.238125000000e+02 9.441245862815e-01-7.745322623776e-09
    -8.464638300447e-11 1.000000000000e+00 2.434000000000e+03 0.000000000000e+00
     2.800000000000e+00 0.000000000000e+00-1.071020960808e-08 6.400000000000e+01
     5.328180000000e+05 4.000000000000e+00                                      
G16 2026 09 05 05 59 44 3.283261321485e-04 6.593836587854e-12 0.000000000000e+00
     7.000000000000e+01 2.181250000000e+01 4.728054085288e-09-2.555146451123e+00
     7.394701242447e-07 1.516587613150e-02 7.845461368561e-06 5.153729034424e+03
     5.399840000000e+05 2.440065145493e-07-2.205109330238e+00-1.583248376846e-07
     9.575759614881e-01 2.238125000000e+02 9.441246009107e-01-7.745322623776e-09
    -8.500354073867e-11 1.000000000000e+00 2.434000000000e+03 0.000000000000e+00
     2.000000000000e+00 0.000000000000e+00-1.071020960808e-08 7.000000000000e+01
     5.333460000000e+05 4.000000000000e+00                                      
G16 2026 09 05 07 59 44 3.283740952611e-04 6.593836587854e-12 0.000000000000e+00
     7.100000000000e+01 2.131250000000e+01 4.651622330170e-09-1.505010903505e+00
     1.206994056702e-06 1.516631641425e-02 7.288530468941e-06 5.153728321075e+03
     5.471840000000e+05 3.706663846970e-07-2.205164868460e+00 3.725290298462e-08
     9.575752080853e-01 2.289062500000e+02 9.441376969533e-01-7.838540792401e-09
    -1.246480492344e-10 1.000000000000e+00 2.434000000000e+03 0.000000000000e+00
     2.000000000000e+00 0.000000000000e+00-1.071020960808e-08 7.100000000000e+01
     5.400180000000e+05 4.000000000000e+00                                      
G16 2026 09 05 10 00 00 3.284215927124e-04 6.593836587854e-12 0.000000000000e+00
     7.200000000000e+01 1.775000000000e+01 4.755555230821e-09-4.524816137554e-01
     1.164153218269e-06 1.516653329600e-02 7.541850209236e-06 5.153729684830e+03
     5.544000000000e+05-4.284083843231e-08-2.205222858532e+00 2.272427082062e-07
     9.575721315686e-01 2.337812500000e+02 9.440900497115e-01-8.284273644678e-09
    -1.692927660089e-10 1.000000000000e+00 2.434000000000e+03 0.000000000000e+00
     2.000000000000e+00 0.000000000000e+00-1.071020960808e-08 7.200000000000e+01
     5.472180000000e+05 4.000000000000e+00                                      
G16 2026 09 05 12 00 00 3.284695558250e-04 6.593836587854e-12 0.000000000000e+00
     7.300000000000e+01 1.325000000000e+01 4.735197239972e-09 5.976651851654e-01
     8.922070264816e-07 1.516589627136e-02 7.558614015579e-06 5.153728464127e+03
     5.616000000000e+05-2.514570951462e-07-2.205281590304e+00 1.043081283569e-07
     9.575707154639e-01 2.347500000000e+02 9.440915857755e-01-8.217127990649e-09
    -3.217991185107e-10 1.000000000000e+00 2.434000000000e+03 0.000000000000e+00
     2.000000000000e+00 0.000000000000e+00-1.071020960808e-08 7.300000000000e+01
     5.544180000000e+05 4.000000000000e+00                                      
G16 2026 09 05 14 00 00 3.285170532763e-04 6.593836587854e-12 0.000000000000e+00
     7.400000000000e+01 1.521875000000e+01 4.789128057835e-09 1.647830566072e+00
     6.202608346939e-07 1.516585645732e-02 7.735565304756e-06 5.153728006363e+03
     5.688000000000e+05-3.241002559662e-07-2.205340959909e+00-1.266598701477e-07
     9.575685298643e-01 2.346875000000e+02 9.440757306693e-01-8.121409717885e-09
    -2.932264997750e-10 1.000000000000e+00 2.434000000000e+03 0.000000000000e+00
     2.000000000000e+00 0.000000000000e+00-1.071020960808e-08 7.400000000000e+01
     5.616180000000e+05 4.000000000000e+00                                      
G16 2026 09 05 16 00 00 3.285650163889e-04 6.593836587854e-12 0.000000000000e+00
     7.500000000000e+01 1.703125000000e+01 4.660194115791e-09 2.697989066874e+00
     6.835907697678e-07 1.516582083423e-02 7.357448339462e-06 5.153727823257e+03
     5.760000000000e+05 8.754432201385e-08-2.205397997622e+00-1.974403858185e-07
     9.575683528512e-01 2.341250000000e+02 9.440666283930e-01-7.722107371054e-09
    -2.739399821284e-10 1.000000000000e+00 2.434000000000e+03 0.000000000000e+00
     2.000000000000e+00 0.000000000000e+00-1.071020960808e-08 7.500000000000e+01
     5.688180000000e+05 4.000000000000e+00                                      
G16 2026 09 05 18 00 00 3.286125138402e-04 6.593836587854e-12 0.000000000000e+00
     7.600000000000e+01 1.634375000000e+01 4.719125141933e-09-2.535059153698e+00
     7.841736078262e-07 1.516607601661e-02 7.223337888718e-06 5.153727331161e+03
     5.832000000000e+05 2.048909664154e-07-2.205454077123e+00-1.117587089539e-07
     9.575664773902e-01 2.371875000000e+02 9.440787808535e-01-7.753537251663e-09
    -1.907222300607e-10 1.000000000000e+00 2.434000000000e+03 0.000000000000e+00
     2.000000000000e+00 0.000000000000e+00-1.071020960808e-08 7.600000000000e+01
     5.760180000000e+05 4.000000000000e+00                                      
G16 2026 09 05 20 00 00 3.286600112915e-04 6.593836587854e-12 0.000000000000e+00
     7.700000000000e+01 1.693750000000e+01 4.766627120581e-09-1.484926455844e+00
     9.536743164062e-07 1.516642526258e-02 6.962567567825e-06 5.153726606369e+03
     5.904000000000e+05 3.781169652939e-07-2.205509486609e+00 7.264316082001e-08
     9.575646750751e-01 2.412812500000e+02 9.440958238491e-01-7.876042354492e-09
    -2.778687172046e-10 1.000000000000e+00 2.434000000000e+03 0.000000000000e+00
     2.000000000000e+00 0.000000000000e+00-1.071020960808e-08 7.700000000000e+01
     5.832180000000e+05 4.000000000000e+00                                      
G16 2026 09 05 22 00 00 3.287079744041e-04 6.593836587854e-12 0.000000000000e+00
     7.800000000000e+01 1.468750000000e+01 5.021280585063e-09-4.347456616333e-01
     9.126961231232e-07 1.516654365696e-02 6.876885890961e-06 5.153727428436e+03
     5.976000000000e+05-1.061707735062e-07-2.205567878984e+00 2.030283212662e-07
     9.575602804692e-01 2.444687500000e+02 9.440656877367e-01-8.382492021582e-09
    -3.064413359402e-10 1.000000000000e+00 2.434000000000e+03 0.000000000000e+00
     2.000000000000e+00 0.000000000000e+00-1.071020960808e-08 7.800000000000e+01
     5.904180000000e+05 4.000000000000e+00                                      
G17 2026 09 05 00 00 00-1.972247846425e-04-4.661160346586e-12 0.000000000000e+00
     6.200000000000e+01 8.043750000000e+01 4.661979904461e-09-4.792992720757e-01
     4.181638360023e-06 1.264946244191e-02 7.638707756996e-06 5.153700536728e+03
     5.184000000000e+05-1.695007085800e-07-1.189662747737e+00-7.636845111847e-08
     9.564346966699e-01 2.350000000000e+02-1.086991512805e+00-8.209627678231e-09
    -2.239378993409e-10 1.000000000000e+00 2.434000000000e+03 0.000000000000e+00
     2.000000000000e+00 0.000000000000e+00-1.071020960808e-08 6.200000000000e+01
     5.112180000000e+05 4.000000000000e+00                                      
G17 2026 09 05 02 00 00-1.972578465939e-04-4.661160346586e-12 0.000000000000e+00
     6.600000000000e+01 6.468750000000e+01 4.613406452611e-09 5.708573547288e-01
     3.276392817497e-06 1.265205198433e-02 8.080154657364e-06 5.153705511093e+03
     5.256000000000e+05-6.519258022308e-08-1.189721644819e+00-1.788139343262e-07
     9.564326281037e-01 2.256562500000e+02-1.086984571259e+00-8.231057142283e-09
    -3.021554431299e-10 1.000000000000e+00 2.434000000000e+03 0.000000000000e+00
     2.000000000000e+00 0.000000000000e+00-1.071020960808e-08 6.600000000000e+01
     5.184180000000e+05 4.000000000000e+00                                      
G17 2026 09 05 04 00 00-1.972909085453e-04-4.547473508865e-12 0.000000000000e+00
     6.700000000000e+01 6.371875000000e+01 4.594477092698e-09 1.621154212472e+00
     3.274530172348e-06 1.265123218764e-02 8.251518011093e-06 5.153701953888e+03
     5.328000000000e+05 2.738088369370e-07-1.189779548580e+00-6.332993507385e-08
     9.564319814939e-01 2.121250000000e+02-1.087118360969e+00-7.874613723555e-09
    -3.278707999920e-10 1.000000000000e+00 2.434000000000e+03 0.000000000000e+00
     2.000000000000e+00 0.000000000000e+00-1.071020960808e-08 6.700000000000e+01
     5.256180000000e+05 4.000000000000e+00                                      
G17 2026 09 05 06 00 00-1.973239704967e-04-4.547473508865e-12 0.000000000000e+00
     6.800000000000e+01 8.525000000000e+01 4.491972822984e-09 2.671072850300e+00
     4.565343260765e-06 1.264895626809e-02 9.203329682350e-06 5.153709083557e+03
     5.400000000000e+05 2.030283212662e-07-1.189835645636e+00 9.872019290924e-08
     9.564295471982e-01 1.945625000000e+02-1.086875288353e+00-7.808896700463e-09
    -3.450143712334e-10 1.000000000000e+00 2.434000000000e+03 0.000000000000e+00
     2.000000000000e+00 0.000000000000e+00-1.071020960808e-08 6.800000000000e+01
     5.328180000000e+05 4.000000000000e+00                                      
G17 2026 09 05 08 00 00-1.973570324481e-04-4.547473508865e-12 0.000000000000e+00
     6.900000000000e+01 9.934375000000e+01 4.520188283986e-09-2.561975948125e+00
     5.247071385384e-06 1.265089050867e-02 9.076669812202e-06 5.153705501556e+03
     5.472000000000e+05 0.000000000000e+00-1.189892357119e+00 1.732259988785e-07
     9.564279218962e-01 1.988750000000e+02-1.086851271627e+00-7.730679156674e-09
    -2.010798043524e-10 1.000000000000e+00 2.434000000000e+03 0.000000000000e+00
     2.000000000000e+00 0.000000000000e+00-1.071020960808e-08 6.900000000000e+01
     5.400180000000e+05 4.000000000000e+00                                      
G17 2026 09 05 10 00 00-1.973900943995e-04-4.547473508865e-12 0.000000000000e+00
     7.000000000000e+01 9.618750000000e+01 4.500187450871e-09-1.511702719435e+00
     5.075708031654e-06 1.264990889467e-02 8.983537554741e-06 5.153708688736e+03
     5.544000000000e+05-3.036111593246e-07-1.189949043731e+00 1.043081283569e-07
     9.564252125720e-01 2.116250000000e+02-1.086964342028e+00-8.017476817234e-09
    -1.832219176426e-10 1.000000000000e+00 2.434000000000e+03 0.000000000000e+00
     2.000000000000e+00 0.000000000000e+00-1.071020960808e-08 7.000000000000e+01
     5.472180000000e+05 4.000000000000e+00                                      
G17 2026 09 05 12 00 00-1.974231563509e-04-4.547473508865e-12 0.000000000000e+00
     7.100000000000e+01 6.959375000000e+01 4.579119310128e-09-4.618209208093e-01
     3.363937139511e-06 1.264789968263e-02 8.152797818184e-06 5.153700931549e+03
     5.616000000000e+05-2.048909664154e-07-1.190007857427e+00-1.043081283569e-07
     9.564239924983e-01 2.233125000000e+02-1.086683378370e+00-8.126052768429e-09
    -1.264338379054e-10 1.000000000000e+00 2.434000000000e+03 0.000000000000e+00
     2.000000000000e+00 0.000000000000e+00-1.071020960808e-08 7.100000000000e+01
     5.544180000000e+05 4.000000000000e+00                                      
G17 2026 09 05 14 00 00-1.974562183022e-04-4.547473508865e-12 0.000000000000e+00
     7.200000000000e+01 5.378125000000e+01 4.460542942375e-09 5.883251378749e-01
     2.790242433548e-06 1.265035115648e-02 8.298084139824e-06 5.153705657959e+03
     5.688000000000e+05-3.911554813385e-08-1.190066015735e+00-1.918524503708e-07
     9.564223730480e-01 2.161250000000e+02-1.086666933708e+00-8.182126532698e-09
    -2.467959943295e-10 1.000000000000e+00 2.434000000000e+03 0.000000000000e+00
     2.000000000000e+00 0.000000000000e+00-1.071020960808e-08 7.200000000000e+01
     5.616180000000e+05 4.000000000000e+00                                      
G17 2026 09 05 16 00 00-1.974892802536e-04-4.547473508865e-12 0.000000000000e+00
     7.500000000000e+01 5.128125000000e+01 4.344466678761e-09 1.638618924953e+00
     2.721324563026e-06 1.264966710005e-02 8.737668395042e-06 5.153702245712e+03
     5.760000000000e+05 3.259629011154e-07-1.190123382604e+00-1.676380634308e-08
     9.564222311449e-01 2.032500000000e+02-1.086799396551e+00-7.790324498285e-09
    -2.875119760278e-10 1.000000000000e+00 2.434000000000e+03 0.000000000000e+00
     2.000000000000e+00 0.000000000000e+00-1.071020960808e-08 7.500000000000e+01
     5.688180000000e+05 4.000000000000e+00                                      
G17 2026 09 05 18 00 00-1.975223422050e-04-4.547473508865e-12 0.000000000000e+00
     7.600000000000e+01 6.637500000000e+01 4.224461680071e-09 2.688602443198e+00
     3.665685653687e-06 1.264786731917e-02 9.620562195778e-06 5.153707578659e+03
     5.832000000000e+05 4.656612873077e-08-1.190177617366e+00 8.009374141693e-08
     9.564198304963e-01 1.886562500000e+02-1.086623262678e+00-7.633532252973e-09
    -4.628764235181e-10 1.000000000000e+00 2.434000000000e+03 0.000000000000e+00
     2.000000000000e+00 0.000000000000e+00-1.071020960808e-08 7.600000000000e+01
     5.760180000000e+05 4.000000000000e+00                                      
G17 2026 09 05 20 00 00-1.975554041564e-04-4.547473508865e-12 0.000000000000e+00
     9.400000000000e+01 8.093750000000e+01 4.383754029523e-09-2.544449834046e+00
     4.151836037636e-06 1.264982996508e-02 9.611248970032e-06 5.153703945160e+03
     5.904000000000e+05 9.126961231232e-08-1.190232428518e+00 1.396983861923e-07
     9.564163019379e-01 1.926250000000e+02-1.086596908208e+00-7.675319707874e-09
    -4.943063041274e-10 1.000000000000e+00 2.434000000000e+03 0.000000000000e+00
     2.800000000000e+00 0.000000000000e+00-1.071020960808e-08 9.400000000000e+01
     5.832180000000e+05 4.000000000000e+00                                      
G17 2026 09 05 19 59 44-1.975558698177e-04-4.547473508865e-12 0.000000000000e+00
     3.000000000000e+00 8.093750000000e+01 4.383754029523e-09-2.546783713570e+00
     4.151836037636e-06 1.264982996508e-02 9.611248970032e-06 5.153703945160e+03
     5.903840000000e+05 9.126961231232e-08-1.190232317336e+00 1.396983861923e-07
     9.564163151042e-01 1.926250000000e+02-1.086596729732e+00-7.675319707874e-09
    -4.943063041274e-10 1.000000000000e+00 2.434000000000e+03 0.000000000000e+00
     2.000000000000e+00 0.000000000000e+00-1.071020960808e-08 3.000000000000e+00
     5.889060000000e+05 4.000000000000e+00                                      
G17 2026 09 05 21 59 44-1.975889317691e-04-4.547473508865e-12 0.000000000000e+00
     4.000000000000e+00 7.959375000000e+01 4.499473135402e-09-1.496508754248e+00
     4.092231392860e-06 1.264896558132e-02 9.197741746902e-06 5.153707067490e+03
     5.975840000000e+05-2.868473529816e-07-1.190288954210e+00 7.264316082001e-08
     9.564110866350e-01 2.050000000000e+02-1.086710954376e+00-8.048906697843e-09
    -4.757341019492e-10 1.000000000000e+00 2.434000000000e+03 0.000000000000e+00
     2.000000000000e+00 0.000000000000e+00-1.071020960808e-08 4.000000000000e+00
     5.904180000000e+05 4.000000000000e+00                                      
G18 2026 09 05 00 00 00-2.638781443238e-04 8.867573342286e-12 0.000000000000e+00
     1.510000000000e+02 7.493750000000e+01 4.174459597284e-09-2.442469883497e+00
     3.769993782043e-06 6.500772316940e-03 4.054978489876e-06 5.153616405487e+03
     5.184000000000e+05-6.519258022308e-08-1.771836141002e-01-9.872019290924e-08
     9.704690023065e-01 3.068125000000e+02-2.831014513381e+00-8.074622054705e-09
     4.393040130612e-11 1.000000000000e+00 2.434000000000e+03 0.000000000000e+00
     2.000000000000e+00 0.000000000000e+00-8.381903171539e-09 9.190000000000e+02
     5.112180000000e+05 4.000000000000e+00                                      
G18 2026 09 05 02 00 00-2.638143487275e-04 8.867573342286e-12 0.000000000000e+00
     1.520000000000e+02 7.187500000000e+01 4.252677141073e-09-1.392495580173e+00
     3.632158041000e-06 6.501486524940e-03 3.488734364510e-06 5.153613193512e+03
     5.256000000000e+05 2.235174179077e-08-1.772415412673e-01-1.788139343262e-07
     9.704692144296e-01 3.190000000000e+02-2.830774097424e+00-8.098908780630e-09
    -1.357199389945e-11 1.000000000000e+00 2.434000000000e+03 0.000000000000e+00
     2.000000000000e+00 0.000000000000e+00-8.381903171539e-09 9.200000000000e+02
     5.184180000000e+05 4.000000000000e+00                                      
G18 2026 09 05 04 00 00-2.637500874698e-04 8.867573342286e-12 0.000000000000e+00
     1.530000000000e+02 6.475000000000e+01 4.335537735406e-09-3.421564280058e-01
     3.213062882423e-06 6.501837517135e-03 3.429129719734e-06 5.153614774704e+03
     5.328000000000e+05 9.313225746155e-08-1.772998136832e-01 0.000000000000e+00
     9.704681611286e-01 3.183437500000e+02-2.830898158728e+00-8.249629344461e-09
    -1.053615315878e-10 1.000000000000e+00 2.434000000000e+03 0.000000000000e+00
     2.800000000000e+00 0.000000000000e+00-8.381903171539e-09 9.210000000000e+02
     5.256180000000e+05 4.000000000000e+00                                      
G18 2026 09 05 04 59 44-2.637174911797e-04 8.867573342286e-12 0.000000000000e+00
     1.540000000000e+02 6.143750000000e+01 4.402683389435e-09 1.806047475069e-01
     3.129243850708e-06 6.500857765786e-03 3.607943654060e-06 5.153612951279e+03
     5.363840000000e+05 9.126961231232e-08-1.773293719430e-01 1.303851604462e-08
     9.704677968620e-01 3.115000000000e+02-2.830884922246e+00-8.244986293917e-09
    -1.085759511956e-10 1.000000000000e+00 2.434000000000e+03 0.000000000000e+00
     2.000000000000e+00 0.000000000000e+00-8.381903171539e-09 9.220000000000e+02
     5.292180000000e+05 4.000000000000e+00                                      
G18 2026 09 05 06 00 00-2.636853605509e-04 8.867573342286e-12 0.000000000000e+00
     1.550000000000e+02 6.503125000000e+01 4.410183701853e-09 7.080103807085e-01
     3.496184945107e-06 6.501248804852e-03 3.619119524956e-06 5.153613792419e+03
     5.400000000000e+05 5.215406417847e-08-1.773589638499e-01 5.587935447693e-08
     9.704674603908e-01 3.110000000000e+02-2.830848283462e+00-8.212842097839e-09
    -1.335769925893e-10 1.000000000000e+00 2.434000000000e+03 0.000000000000e+00
     2.000000000000e+00 0.000000000000e+00-8.381903171539e-09 9.230000000000e+02
     5.328180000000e+05 4.000000000000e+00                                      
G18 2026 09 05 08 00 00-2.636215649545e-04 8.867573342286e-12 0.000000000000e+00
     1.560000000000e+02 7.000000000000e+01 4.387682764599e-09 1.757855069491e+00
     3.769993782043e-06 6.502378499135e-03 4.854053258896e-06 5.153618801117e+03
     5.472000000000e+05-4.097819328308e-08-1.774186947951e-01 2.086162567139e-07
     9.704668532798e-01 2.923437500000e+02-2.830477806773e+00-8.187841056445e-09
    -5.714523747137e-12 1.000000000000e+00 2.434000000000e+03 0.000000000000e+00
     2.000000000000e+00 0.000000000000e+00-8.381903171539e-09 9.240000000000e+02
     5.400180000000e+05 4.000000000000e+00                                      
G18 2026 09 05 10 00 00-2.635577693582e-04 8.867573342286e-12 0.000000000000e+00
     1.570000000000e+02 8.381250000000e+01 4.346966782901e-09 2.808322496167e+00
     4.414469003677e-06 6.503854878247e-03 5.276873707771e-06 5.153614660263e+03
     5.544000000000e+05-1.285225152969e-07-1.774776752633e-01-4.470348358154e-08
     9.704681304073e-01 2.844687500000e+02-2.830730165994e+00-7.982832517017e-09
     1.167905790821e-10 1.000000000000e+00 2.434000000000e+03 0.000000000000e+00
     2.000000000000e+00 0.000000000000e+00-8.381903171539e-09 9.250000000000e+02
     5.472180000000e+05 4.000000000000e+00                                      
G18 2026 09 05 12 00 00-2.634939737618e-04 8.867573342286e-12 0.000000000000e+00
     1.580000000000e+02 9.325000000000e+01 4.288392914492e-09-2.424591618704e+00
     4.652887582779e-06 6.502507021651e-03 5.181878805161e-06 5.153617248535e+03
     5.616000000000e+05-4.470348358154e-08-1.775357501852e-01-1.695007085800e-07
     9.704688165159e-01 2.886562500000e+02-2.830786279142e+00-8.067478900021e-09
     1.792931825664e-10 1.000000000000e+00 2.434000000000e+03 0.000000000000e+00
     2.000000000000e+00 0.000000000000e+00-8.381903171539e-09 9.260000000000e+02
     5.544180000000e+05 4.000000000000e+00                                      
G18 2026 09 05 14 00 00-2.634301781654e-04 8.867573342286e-12 0.000000000000e+00
     1.590000000000e+02 9.337500000000e+01 4.269106396846e-09-1.374633931204e+00
     4.654750227928e-06 6.503034732305e-03 4.185363650322e-06 5.153613962173e+03
     5.688000000000e+05 5.774199962616e-08-1.775942288725e-01-1.154839992523e-07
     9.704703847640e-01 3.013125000000e+02-2.830529165438e+00-8.096051518757e-09
     2.310810540249e-10 1.000000000000e+00 2.434000000000e+03 0.000000000000e+00
     2.000000000000e+00 0.000000000000e+00-8.381903171539e-09 9.270000000000e+02
     5.616180000000e+05 4.000000000000e+00                                      
G18 2026 09 05 16 00 00-2.633659169078e-04 8.867573342286e-12 0.000000000000e+00
     1.600000000000e+02 8.725000000000e+01 4.220175787261e-09-3.243118205691e-01
     4.649162292480e-06 6.503510638140e-03 4.218891263008e-06 5.153615539551e+03
     5.760000000000e+05 1.117587089539e-07-1.776525056771e-01 5.587935447693e-09
     9.704714190471e-01 3.028437500000e+02-2.830636676751e+00-8.193555580192e-09
     1.700070814773e-10 1.000000000000e+00 2.434000000000e+03 0.000000000000e+00
     2.000000000000e+00 0.000000000000e+00-8.381903171539e-09 9.280000000000e+02
     5.688180000000e+05 4.000000000000e+00                                      
G18 2026 09 05 18 00 00-2.633021213114e-04 8.867573342286e-12 0.000000000000e+00
     1.610000000000e+02 8.137500000000e+01 4.165173496195e-09 7.259010042334e-01
     4.341825842857e-06 6.502180593088e-03 4.678964614868e-06 5.153613079071e+03
     5.832000000000e+05 2.607703208923e-08-1.777103889567e-01 2.030283212662e-07
     9.704729609628e-01 2.943750000000e+02-2.830634600870e+00-8.036763334880e-09
     7.214586230761e-11 1.000000000000e+00 2.434000000000e+03 0.000000000000e+00
     2.000000000000e+00 0.000000000000e+00-8.381903171539e-09 9.290000000000e+02
     5.760180000000e+05 4.000000000000e+00                                      
G18 2026 09 05 20 00 00-2.632383257151e-04 8.867573342286e-12 0.000000000000e+00
     1.620000000000e+02 8.309375000000e+01 4.065169330620e-09 1.775674849745e+00
     4.410743713379e-06 6.503229960799e-03 5.815178155899e-06 5.153618835449e+03
     5.904000000000e+05-8.568167686462e-08-1.777676841433e-01 9.499490261078e-08
     9.704730560525e-01 2.726875000000e+02-2.830195576229e+00-8.004976296537e-09
    -1.428630936784e-11 1.000000000000e+00 2.434000000000e+03 0.000000000000e+00
     2.000000000000e+00 0.000000000000e+00-8.381903171539e-09 9.300000000000e+02
     5.832180000000e+05 4.000000000000e+00                                      
G18 2026 09 05 22 00 00-2.631745301187e-04 8.867573342286e-12 0.000000000000e+00
     1.630000000000e+02 9.637500000000e+01 4.102313734976e-09 2.826135608441e+00
     4.967674612999e-06 6.504916236736e-03 6.305053830147e-06 5.153614477158e+03
     5.976000000000e+05-9.872019290924e-08-1.778253201898e-01-4.097819328308e-08
     9.704736251276e-01 2.620625000000e+02-2.830443671043e+00-7.893900241202e-09
     4.250177036933e-11 1.000000000000e+00 2.434000000000e+03 0.000000000000e+00
     2.000000000000e+00 0.000000000000e+00-8.381903171539e-09 9.310000000000e+02
     5.904180000000e+05 4.000000000000e+00                                      
G19 2026 09 05 00 00 00 7.049529813230e-04 1.136868377216e-13 0.000000000000e+00
     5.900000000000e+01 9.065625000000e+01 4.605191824724e-09 1.133236002000e+00
     4.827976226807e-06 1.181106769945e-02 7.376074790955e-06 5.153585586548e+03
     5.184000000000e+05 1.098960638046e-07-1.145911900425e+00 1.899898052216e-07
     9.555799721529e-01 2.325312500000e+02 3.056135997017e+00-8.042120700893e-09
    -4.332323315798e-10 1.000000000000e+00 2.434000000000e+03 0.000000000000e+00
     2.000000000000e+00 0.000000000000e+00-1.536682248116e-08 5.900000000000e+01
     5.112180000000e+05 4.000000000000e+00                                      
G19 2026 09 05 02 00 00 7.049534469843e-04 1.136868377216e-13 0.000000000000e+00
     6.100000000000e+01 8.421875000000e+01 4.572690470912e-09 2.183331225744e+00
     4.507601261139e-06 1.181050110608e-02 8.178874850273e-06 5.153588779449e+03
     5.256000000000e+05-7.823109626770e-08-1.145970036789e+00 2.644956111908e-07
     9.555769468383e-01 2.207187500000e+02 3.056275844671e+00-7.988189883030e-09
    -3.585863651329e-10 1.000000000000e+00 2.434000000000e+03 0.000000000000e+00
     2.000000000000e+00 0.000000000000e+00-1.536682248116e-08 6.100000000000e+01
     5.184180000000e+05 4.000000000000e+00                                      
G19 2026 09 05 04 00 00 7.049543783069e-04 1.136868377216e-13 0.000000000000e+00
     6.300000000000e+01 8.000000000000e+01 4.487329772440e-09-3.049661731635e+00
     4.200264811516e-06 1.181066711433e-02 8.473172783852e-06 5.153588859558e+03
     5.328000000000e+05-1.676380634308e-07-1.146027545562e+00 2.421438694000e-08
     9.555755482886e-01 2.145625000000e+02 3.056316129046e+00-7.806753754058e-09
    -2.489389407347e-10 1.000000000000e+00 2.434000000000e+03 0.000000000000e+00
     2.000000000000e+00 0.000000000000e+00-1.536682248116e-08 6.300000000000e+01
     5.256180000000e+05 4.000000000000e+00                                      
G19 2026 09 05 06 00 00 7.049553096294e-04 1.136868377216e-13 0.000000000000e+00
     6.800000000000e+01 7.606250000000e+01 4.602334562851e-09-1.999454446903e+00
     3.885477781296e-06 1.181174907833e-02 8.963048458099e-06 5.153586881638e+03
     5.400000000000e+05-9.685754776001e-08-1.146085171368e+00-2.197921276093e-07
     9.555733158756e-01 2.059062500000e+02 3.056343286657e+00-8.002119034663e-09
    -1.367914121971e-10 1.000000000000e+00 2.434000000000e+03 0.000000000000e+00
     2.000000000000e+00 0.000000000000e+00-1.536682248116e-08 6.800000000000e+01
     5.328180000000e+05 4.000000000000e+00                                      
G19 2026 09 05 08 00 00 7.049557752907e-04 1.136868377216e-13 0.000000000000e+00
     6.900000000000e+01 8.125000000000e+01 4.598048670040e-09-9.492409403810e-01
     4.146248102188e-06 1.181137992535e-02 8.720904588699e-06 5.153586347580e+03
     5.472000000000e+05 4.097819328308e-08-1.146143097072e+00-1.918524503708e-07
     9.555725683245e-01 2.078750000000e+02 3.056364158109e+00-8.041049227691e-09
    -1.078616357272e-10 1.000000000000e+00 2.434000000000e+03 0.000000000000e+00
     2.000000000000e+00 0.000000000000e+00-1.536682248116e-08 6.900000000000e+01
     5.400180000000e+05 4.000000000000e+00                                      
G19 2026 09 05 10 00 00 7.049567066133e-04 1.136868377216e-13 0.000000000000e+00
     7.000000000000e+01 8.453125000000e+01 4.631264339321e-09 1.009604941413e-01
     4.421919584274e-06 1.181158027612e-02 8.467584848404e-06 5.153586374283e+03
     5.544000000000e+05 1.434236764908e-07-1.146201006684e+00-5.029141902924e-08
     9.555710439638e-01 2.136875000000e+02 3.056398058310e+00-8.149982336620e-09
    -1.860791795162e-10 1.000000000000e+00 2.434000000000e+03 0.000000000000e+00
     2.000000000000e+00 0.000000000000e+00-1.536682248116e-08 7.000000000000e+01
     5.472180000000e+05 4.000000000000e+00                                      
G19 2026 09 05 12 00 00 7.049571722746e-04 1.136868377216e-13 0.000000000000e+00
     9.900000000000e+01 8.025000000000e+01 4.501973239542e-09 1.151233715517e+00
     4.170462489128e-06 1.181160705164e-02 8.264556527138e-06 5.153585914612e+03
     5.616000000000e+05 7.078051567078e-08-1.146258040008e+00 2.160668373108e-07
     9.555701515838e-01 2.178437500000e+02 3.056358623890e+00-7.925330121811e-09
    -3.110843864848e-10 1.000000000000e+00 2.434000000000e+03 0.000000000000e+00
     2.800000000000e+00 0.000000000000e+00-1.536682248116e-08 9.900000000000e+01
     5.544180000000e+05 4.000000000000e+00                                      
G19 2026 09 05 11 59 44 7.049581035972e-04 1.136868377216e-13 0.000000000000e+00
     0.000000000000e+00 8.025000000000e+01 4.502330397276e-09 1.148900043727e+00
     4.170462489128e-06 1.181160588749e-02 8.264556527138e-06 5.153585918427e+03
     5.615840000000e+05 7.078051567078e-08-1.146257908346e+00 2.142041921616e-07
     9.555701574355e-01 2.178437500000e+02 3.056358419082e+00-7.925687279545e-09
    -3.114415442190e-10 1.000000000000e+00 2.434000000000e+03 0.000000000000e+00
     2.000000000000e+00 0.000000000000e+00-1.536682248116e-08 0.000000000000e+00
     5.559060000000e+05 4.000000000000e+00                                      
G19 2026 09 05 13 59 44 7.049590349197e-04 1.136868377216e-13 0.000000000000e+00
     5.000000000000e+00 7.303125000000e+01 4.394111603814e-09 2.199032156413e+00
     3.825873136520e-06 1.181102916598e-02 8.523464202881e-06 5.153588287354e+03
     5.687840000000e+05-8.940696716309e-08-1.146314780749e+00 1.899898052216e-07
     9.555677275286e-01 2.093750000000e+02 3.056460185515e+00-7.879256774100e-09
    -3.196561721055e-10 1.000000000000e+00 2.434000000000e+03 0.000000000000e+00
     2.000000000000e+00 0.000000000000e+00-1.536682248116e-08 5.000000000000e+00
     5.616180000000e+05 4.000000000000e+00                                      
G19 2026 09 05 16 00 00 7.049599662423e-04 1.136868377216e-13 0.000000000000e+00
     8.000000000000e+00 6.787500000000e+01 4.278392497935e-09-3.031631500375e+00
     3.682449460030e-06 1.181104395073e-02 8.879229426384e-06 5.153588634491e+03
     5.760000000000e+05-1.378357410431e-07-1.146371619505e+00 2.607703208923e-08
     9.555662177971e-01 2.042500000000e+02 3.056503727809e+00-7.755680198068e-09
    -2.482246252663e-10 1.000000000000e+00 2.434000000000e+03 0.000000000000e+00
     2.000000000000e+00 0.000000000000e+00-1.536682248116e-08 8.000000000000e+00
     5.688180000000e+05 4.000000000000e+00                                      
G19 2026 09 05 18 00 00 7.049604319036e-04 1.136868377216e-13 0.000000000000e+00
     3.400000000000e+01 6.078125000000e+01 4.329466053925e-09-1.981451361551e+00
     3.149732947350e-06 1.181235315744e-02 9.438022971153e-06 5.153585985184e+03
     5.832000000000e+05-1.210719347000e-07-1.146428240286e+00-1.061707735062e-07
     9.555641901926e-01 1.958750000000e+02 3.056556302159e+00-7.861398887390e-09
    -1.928651764659e-10 1.000000000000e+00 2.434000000000e+03 0.000000000000e+00
     2.000000000000e+00 0.000000000000e+00-1.536682248116e-08 3.400000000000e+01
     5.760180000000e+05 4.000000000000e+00                                      
G19 2026 09 05 20 00 00 7.049613632262e-04 1.136868377216e-13 0.000000000000e+00
     3.500000000000e+01 6.465625000000e+01 4.417326856537e-09-9.312738340361e-01
     3.311783075333e-06 1.181202603038e-02 9.352341294289e-06 5.153584661484e+03
     5.904000000000e+05 3.725290298462e-08-1.146484012575e+00-3.259629011154e-07
     9.555622869362e-01 2.006250000000e+02 3.056611717496e+00-7.909258023772e-09
    -3.775157250453e-10 1.000000000000e+00 2.434000000000e+03 0.000000000000e+00
     2.000000000000e+00 0.000000000000e+00-1.536682248116e-08 3.500000000000e+01
     5.832180000000e+05 4.000000000000e+00                                      
G19 2026 09 05 22 00 00 7.049622945487e-04 1.136868377216e-13 0.000000000000e+00
     3.700000000000e+01 6.784375000000e+01 4.602334562851e-09 1.189297026995e-01
     3.298744559288e-06 1.181221788283e-02 8.925795555115e-06 5.153584692001e+03
     5.976000000000e+05 1.750886440277e-07-1.146541016641e+00-3.725290298462e-08
     9.555580839726e-01 2.061875000000e+02 3.056643522798e+00-8.137838973658e-09
    -5.207359764579e-10 1.000000000000e+00 2.434000000000e+03 0.000000000000e+00
     2.000000000000e+00 0.000000000000e+00-1.536682248116e-08 3.700000000000e+01
     5.904180000000e+05 4.000000000000e+00                                      
G20 2026 09 05 00 00 00 2.781269140542e-04 9.094947017729e-12 0.000000000000e+00
     1.800000000000e+02-9.734375000000e+01 4.318394164165e-09 2.112660709370e+00
    -4.976987838745e-06 1.838382682763e-03 8.815899491310e-06 5.153628675461e+03
     5.184000000000e+05 1.676380634308e-08 1.875047741299e+00-2.235174179077e-08
     9.622044631295e-01 2.099687500000e+02-1.708665884198e+00-7.862113202858e-09
     3.475144753728e-10 1.000000000000e+00 2.434000000000e+03 0.000000000000e+00
     2.000000000000e+00 0.000000000000e+00-6.519258022308e-09 6.920000000000e+02
     5.112180000000e+05 4.000000000000e+00                                      
G20 2026 09 05 02 00 00 2.781921066344e-04 9.094947017729e-12 0.000000000000e+00
     1.810000000000e+02-8.496875000000e+01 4.211246843906e-09-3.120808164518e+00
    -4.485249519348e-06 1.836901414208e-03 8.888542652130e-06 5.153631917953e+03
     5.256000000000e+05-4.284083843231e-08 1.874991524283e+00-1.117587089539e-08
     9.622069427757e-01 2.074062500000e+02-1.708176941866e+00-7.826397429439e-09
     3.046555472693e-10 1.000000000000e+00 2.434000000000e+03 0.000000000000e+00
     2.800000000000e+00 0.000000000000e+00-6.519258022308e-09 6.930000000000e+02
     5.184180000000e+05 4.000000000000e+00                                      
G20 2026 09 05 02 14 40 2.782000228763e-04 9.094947017729e-12 0.000000000000e+00
     1.820000000000e+02-8.531250000000e+01 4.213032632577e-09-2.992450537039e+00
    -4.503875970840e-06 1.837067888118e-03 8.808448910713e-06 5.153631607056e+03
     5.264800000000e+05-4.656612873077e-08 1.874984639791e+00-2.980232238770e-08
     9.622072119526e-01 2.087500000000e+02-1.708176230888e+00-7.825683113970e-09
     2.939408152434e-10 1.000000000000e+00 2.434000000000e+03 0.000000000000e+00
     2.000000000000e+00 0.000000000000e+00-6.519258022308e-09 6.940000000000e+02
     5.193180000000e+05 4.000000000000e+00                                      
G20 2026 09 05 04 00 00 2.782568335533e-04 9.094947017729e-12 0.000000000000e+00
     1.830000000000e+02-7.615625000000e+01 4.290893018632e-09-2.071086261376e+00
    -3.991648554802e-06 1.838623196818e-03 8.299946784973e-06 5.153628276825e+03
     5.328000000000e+05 9.499490261078e-08 1.874935551574e+00-3.911554813385e-08
     9.622086119652e-01 2.184375000000e+02-1.707693361129e+00-7.888185717455e-09
     2.003654888840e-10 1.000000000000e+00 2.434000000000e+03 0.000000000000e+00
     2.000000000000e+00 0.000000000000e+00-6.519258022308e-09 6.950000000000e+02
     5.256180000000e+05 4.000000000000e+00                                      
G20 2026 09 05 06 00 00 2.783220261335e-04 9.094947017729e-12 0.000000000000e+00
     1.840000000000e+02-8.050000000000e+01 4.234104938895e-09-1.019908713783e+00
    -4.153698682785e-06 1.838568598032e-03 7.851049304008e-06 5.153631635666e+03
     5.400000000000e+05 4.656612873077e-08 1.874878554823e+00 4.656612873077e-08
     9.622096433224e-01 2.306562500000e+02-1.708665281476e+00-7.960331579762e-09
     1.785788670980e-10 1.000000000000e+00 2.434000000000e+03 0.000000000000e+00
     2.000000000000e+00 0.000000000000e+00-6.519258022308e-09 6.960000000000e+02
     5.328180000000e+05 4.000000000000e+00                                      
G20 2026 09 05 08 00 00 2.783872187138e-04 8.981260180008e-12 0.000000000000e+00
     1.850000000000e+02-9.612500000000e+01 4.283392706214e-09 2.970805382540e-02
    -4.880130290985e-06 1.836549490690e-03 7.642433047295e-06 5.153627307892e+03
     5.472000000000e+05-8.195638656616e-08 1.874821983781e+00 5.960464477539e-08
     9.622108677849e-01 2.356562500000e+02-1.708076297491e+00-7.893185925733e-09
     9.143237995420e-11 1.000000000000e+00 2.434000000000e+03 0.000000000000e+00
     2.000000000000e+00 0.000000000000e+00-6.519258022308e-09 6.970000000000e+02
     5.400180000000e+05 4.000000000000e+00                                      
G20 2026 09 05 10 00 00 2.784524112940e-04 8.981260180008e-12 0.000000000000e+00
     1.860000000000e+02-1.132812500000e+02 4.245533986389e-09 1.079006290040e+00
    -5.872920155525e-06 1.838790718466e-03 8.264556527138e-06 5.153632568359e+03
     5.544000000000e+05-2.607703208923e-08 1.874765380555e+00-9.313225746155e-09
     9.622111867010e-01 2.249687500000e+02-1.707168589007e+00-7.911043812443e-09
     3.035840740667e-11 1.000000000000e+00 2.434000000000e+03 0.000000000000e+00
     2.000000000000e+00 0.000000000000e+00-6.519258022308e-09 6.980000000000e+02
     5.472180000000e+05 4.000000000000e+00                                      
G20 2026 09 05 12 00 00 2.785171382129e-04 8.981260180008e-12 0.000000000000e+00
     1.870000000000e+02-1.147812500000e+02 4.398040338891e-09 2.129977569110e+00
    -6.007030606270e-06 1.839082222432e-03 8.383765816689e-06 5.153629913330e+03
     5.616000000000e+05-2.980232238770e-08 1.874708408673e+00-1.862645149231e-08
     9.622113900466e-01 2.140625000000e+02-1.707934761630e+00-7.914972547519e-09
     3.214419607765e-11 1.000000000000e+00 2.434000000000e+03 0.000000000000e+00
     2.000000000000e+00 0.000000000000e+00-6.519258022308e-09 6.990000000000e+02
     5.544180000000e+05 4.000000000000e+00                                      
G20 2026 09 05 14 00 00 2.785823307931e-04 8.981260180008e-12 0.000000000000e+00
     1.880000000000e+02-1.031250000000e+02 4.428755904031e-09-3.103435554433e+00
    -5.204230546951e-06 1.837610383518e-03 8.597970008850e-06 5.153633047104e+03
     5.688000000000e+05 6.146728992462e-08 1.874650880882e+00-2.793967723846e-08
     9.622116680011e-01 2.104375000000e+02-1.707500773815e+00-7.963188841636e-09
     9.428964182777e-11 1.000000000000e+00 2.434000000000e+03 0.000000000000e+00
     2.000000000000e+00 0.000000000000e+00-6.519258022308e-09 7.000000000000e+02
     5.616180000000e+05 4.000000000000e+00                                      
G20 2026 09 05 16 00 00 2.786470577121e-04 8.981260180008e-12 0.000000000000e+00
     1.890000000000e+02-9.025000000000e+01 4.533045962417e-09-2.053922206356e+00
    -4.643574357033e-06 1.839764649048e-03 8.074566721916e-06 5.153628345490e+03
     5.760000000000e+05 1.862645149231e-08 1.874593382350e+00 2.235174179077e-08
     9.622125940282e-01 2.230937500000e+02-1.706806971750e+00-7.949259690002e-09
     1.385772008681e-10 1.000000000000e+00 2.434000000000e+03 0.000000000000e+00
     2.000000000000e+00 0.000000000000e+00-6.519258022308e-09 7.010000000000e+02
     5.688180000000e+05 4.000000000000e+00                                      
G20 2026 09 05 18 00 00 2.787122502923e-04 8.981260180008e-12 0.000000000000e+00
     1.900000000000e+02-9.237500000000e+01 4.455542734096e-09-1.002741746093e+00
    -4.759058356285e-06 1.839862321503e-03 7.642433047295e-06 5.153631719589e+03
     5.832000000000e+05-2.980232238770e-08 1.874536009629e+00 2.421438694000e-08
     9.622133737635e-01 2.358750000000e+02-1.707779962953e+00-7.996047353182e-09
     1.375057276655e-10 1.000000000000e+00 2.434000000000e+03 0.000000000000e+00
     2.000000000000e+00 0.000000000000e+00-6.519258022308e-09 7.020000000000e+02
     5.760180000000e+05 4.000000000000e+00                                      
G20 2026 09 05 20 00 00 2.787769772112e-04 8.981260180008e-12 0.000000000000e+00
     1.910000000000e+02-1.066875000000e+02 4.469829043464e-09 4.697569222328e-02
    -5.716457962990e-06 1.837832620367e-03 7.227063179016e-06 5.153627531052e+03
     5.904000000000e+05-2.421438694000e-08 1.874478313603e+00 0.000000000000e+00
     9.622143641591e-01 2.430625000000e+02-1.707290118001e+00-8.008905031613e-09
     1.432202514126e-10 1.000000000000e+00 2.434000000000e+03 0.000000000000e+00
     2.000000000000e+00 0.000000000000e+00-6.519258022308e-09 7.030000000000e+02
     5.832180000000e+05 4.000000000000e+00                                      
G20 2026 09 05 22 00 00 2.788417041302e-04 8.981260180008e-12 0.000000000000e+00
     1.920000000000e+02-1.262500000000e+02 4.322322899241e-09 1.096153193809e+00
    -6.521120667458e-06 1.840045209974e-03 7.541850209236e-06 5.153632986069e+03
     5.976000000000e+05-3.352761268616e-08 1.874420629280e+00-2.048909664154e-08
     9.622154028309e-01 2.343125000000e+02-1.706260491387e+00-8.000333245992e-09
     1.457203555520e-10 1.000000000000e+00 2.434000000000e+03 0.000000000000e+00
     2.000000000000e+00 0.000000000000e+00-6.519258022308e-09 7.040000000000e+02
     5.904180000000e+05 4.000000000000e+00                                      
G21 2026 09 05 00 00 00 3.695972263813e-04-7.958078640513e-12 0.000000000000e+00
     9.700000000000e+01-8.125000000000e+01 4.276963866998e-09 1.957651188281e+00
    -4.138797521591e-06 8.237835718319e-04 4.185363650322e-06 5.153626461029e+03
     5.184000000000e+05-2.607703208923e-08 8.688985298429e-01 3.725290298462e-09
     9.648391200736e-01 3.006250000000e+02-1.568844246946e-01-8.168554538799e-09
    -3.214419607765e-11 1.000000000000e+00 2.434000000000e+03 0.000000000000e+00
     2.000000000000e+00 0.000000000000e+00-9.778887033463e-09 9.700000000000e+01
     5.112180000000e+05 4.000000000000e+00                                      
G21 2026 09 05 02 00 00 3.695399500430e-04-7.958078640513e-12 0.000000000000e+00
     9.800000000000e+01-6.153125000000e+01 4.388039922333e-09 3.009813464069e+00
    -3.218650817871e-06 8.260045433417e-04 4.215165972710e-06 5.153621295929e+03
     5.256000000000e+05 3.725290298462e-09 8.688397556461e-01 7.450580596924e-09
     9.648387587328e-01 3.005625000000e+02-1.588368249227e-01-8.183198005901e-09
    -5.000208278745e-11 1.000000000000e+00 2.434000000000e+03 0.000000000000e+00
     2.800000000000e+00 0.000000000000e+00-9.778887033463e-09 9.800000000000e+01
     5.184180000000e+05 4.000000000000e+00                                      
G21 2026 09 05 03 44 32 3.694905899465e-04-7.958078640513e-12 0.000000000000e+00
     9.900000000000e+01-5.453125000000e+01 4.345895309698e-09-2.357658195322e+00
    -2.851709723473e-06 8.246422512457e-04 3.732740879059e-06 5.153624134064e+03
     5.318720000000e+05 1.862645149231e-09 8.687884159990e-01 9.313225746155e-09
     9.648384295762e-01 3.099375000000e+02-1.596996788755e-01-8.184626636837e-09
    -5.035924052165e-11 1.000000000000e+00 2.434000000000e+03 0.000000000000e+00
     2.000000000000e+00 0.000000000000e+00-9.778887033463e-09 9.900000000000e+01
     5.247180000000e+05 4.000000000000e+00                                      
G21 2026 09 05 04 00 00 3.694831393659e-04-7.958078640513e-12 0.000000000000e+00
     1.000000000000e+02-5.225000000000e+01 4.340180785951e-09-2.222033504729e+00
    -2.721324563026e-06 8.244613418356e-04 3.715977072716e-06 5.153624645233e+03
     5.328000000000e+05 0.000000000000e+00 8.687808263801e-01 1.117587089539e-08
     9.648383856887e-01 3.102500000000e+02-1.599639915995e-01-8.183555163635e-09
    -5.107355599004e-11 1.000000000000e+00 2.434000000000e+03 0.000000000000e+00
     2.000000000000e+00 0.000000000000e+00-9.778887033463e-09 1.000000000000e+02
     5.256180000000e+05 4.000000000000e+00                                      
G21 2026 09 05 06 00 00 3.694258630276e-04-7.958078640513e-12 0.000000000000e+00
     1.010000000000e+02-5.196875000000e+01 4.391611499675e-09-1.173216221851e+00
    -2.659857273102e-06 8.242388721555e-04 3.300607204437e-06 5.153622554779e+03
     5.400000000000e+05-2.048909664154e-08 8.687221399584e-01-4.097819328308e-08
     9.648379307212e-01 3.199062500000e+02-1.585714413427e-01-8.176412008951e-09
    -9.250385315679e-11 1.000000000000e+00 2.434000000000e+03 0.000000000000e+00
     2.000000000000e+00 0.000000000000e+00-9.778887033463e-09 1.010000000000e+02
     5.328180000000e+05 4.000000000000e+00                                      
G21 2026 09 05 08 00 00 3.693685866892e-04-7.958078640513e-12 0.000000000000e+00
     1.020000000000e+02-5.884375000000e+01 4.451971156754e-09-1.227887737996e-01
    -3.173947334290e-06 8.252572733909e-04 2.948567271233e-06 5.153624290466e+03
     5.472000000000e+05 6.146728992462e-08 8.686634535367e-01 4.284083843231e-08
     9.648367267396e-01 3.266875000000e+02-1.587876255248e-01-8.259272603284e-09
    -1.607209803882e-10 1.000000000000e+00 2.434000000000e+03 0.000000000000e+00
     2.000000000000e+00 0.000000000000e+00-9.778887033463e-09 1.020000000000e+02
     5.400180000000e+05 4.000000000000e+00                                      
G21 2026 09 05 10 00 00 3.693108446896e-04-7.958078640513e-12 0.000000000000e+00
     1.030000000000e+02-6.565625000000e+01 4.593048461762e-09 9.280378782627e-01
    -3.337860107422e-06 8.252251427621e-04 2.574175596237e-06 5.153623865128e+03
     5.544000000000e+05-9.313225746155e-09 8.686035221718e-01-9.313225746155e-09
     9.648352272485e-01 3.283437500000e+02-1.594035345170e-01-8.347490563631e-09
    -1.450060400836e-10 1.000000000000e+00 2.434000000000e+03 0.000000000000e+00
     2.000000000000e+00 0.000000000000e+00-9.778887033463e-09 1.030000000000e+02
     5.472180000000e+05 4.000000000000e+00                                      
G21 2026 09 05 12 00 00 3.692535683513e-04-7.958078640513e-12 0.000000000000e+00
     1.040000000000e+02-6.646875000000e+01 4.635907389865e-09 1.977426222917e+00
    -3.246590495110e-06 8.250410901383e-04 3.030523657799e-06 5.153625085831e+03
     5.616000000000e+05 5.587935447693e-08 8.685428183861e-01 9.126961231232e-08
     9.648344138661e-01 3.222187500000e+02-1.585795356685e-01-8.371777289556e-09
    -4.857345185067e-11 1.000000000000e+00 2.434000000000e+03 0.000000000000e+00
     2.000000000000e+00 0.000000000000e+00-9.778887033463e-09 1.040000000000e+02
     5.544180000000e+05 4.000000000000e+00                                      
G21 2026 09 05 14 00 00 3.691958263516e-04-7.958078640513e-12 0.000000000000e+00
     1.050000000000e+02-5.021875000000e+01 4.661265588993e-09 3.029022426942e+00
    -2.514570951462e-06 8.270011749119e-04 3.224238753319e-06 5.153620838165e+03
     5.688000000000e+05-7.823109626770e-08 8.684822901505e-01-1.303851604462e-08
     9.648348556674e-01 3.188750000000e+02-1.599628110246e-01-8.257129656879e-09
     5.321650239522e-11 1.000000000000e+00 2.434000000000e+03 0.000000000000e+00
     2.000000000000e+00 0.000000000000e+00-9.778887033463e-09 1.050000000000e+02
     5.616180000000e+05 4.000000000000e+00                                      
G21 2026 09 05 16 00 00 3.691380843520e-04-7.958078640513e-12 0.000000000000e+00
     1.060000000000e+02-3.925000000000e+01 4.559475634747e-09-2.202717377255e+00
    -2.108514308929e-06 8.257157169282e-04 3.037974238396e-06 5.153623823166e+03
     5.760000000000e+05-4.284083843231e-08 8.684228415485e-01-5.774199962616e-08
     9.648352843023e-01 3.258437500000e+02-1.611947723750e-01-8.256772499145e-09
     6.678849629467e-11 1.000000000000e+00 2.434000000000e+03 0.000000000000e+00
     2.000000000000e+00 0.000000000000e+00-9.778887033463e-09 1.060000000000e+02
     5.688180000000e+05 4.000000000000e+00                                      
G21 2026 09 05 18 00 00 3.690808080137e-04-7.958078640513e-12 0.000000000000e+00
     1.070000000000e+02-3.506250000000e+01 4.508044921023e-09-1.153160337665e+00
    -2.065673470497e-06 8.253034902737e-04 2.432614564896e-06 5.153622898102e+03
     5.832000000000e+05 1.676380634308e-08 8.683630579383e-01-4.097819328308e-08
     9.648358958021e-01 3.325000000000e+02-1.605404939674e-01-8.278916278665e-09
     1.075044779930e-10 1.000000000000e+00 2.434000000000e+03 0.000000000000e+00
     2.000000000000e+00 0.000000000000e+00-9.778887033463e-09 1.070000000000e+02
     5.760180000000e+05 4.000000000000e+00                                      
G21 2026 09 05 20 00 00 3.690230660141e-04-7.958078640513e-12 0.000000000000e+00
     1.080000000000e+02-3.800000000000e+01 4.455542734096e-09-1.031399407182e-01
    -1.925975084305e-06 8.259165333584e-04 2.054497599602e-06 5.153623659134e+03
     5.904000000000e+05 5.215406417847e-08 8.683035537454e-01 2.607703208923e-08
     9.648363522325e-01 3.397812500000e+02-1.603489789729e-01-8.334275727466e-09
     6.964575816824e-11 1.000000000000e+00 2.434000000000e+03 0.000000000000e+00
     2.000000000000e+00 0.000000000000e+00-9.778887033463e-09 1.080000000000e+02
     5.832180000000e+05 4.000000000000e+00                                      
G21 2026 09 05 22 00 00 3.689653240144e-04-8.071765478235e-12 0.000000000000e+00
     1.090000000000e+02-4.218750000000e+01 4.428398746297e-09 9.473432152532e-01
    -2.138316631317e-06 8.264848729596e-04 1.845881342888e-06 5.153624469757e+03
     5.976000000000e+05 1.862645149231e-08 8.682434994954e-01 5.215406417847e-08
     9.648367881821e-01 3.456250000000e+02-1.606220340953e-01-8.343204670821e-09
     6.143113028173e-11 1.000000000000e+00 2.434000000000e+03 0.000000000000e+00
     2.000000000000e+00 0.000000000000e+00-9.778887033463e-09 1.090000000000e+02
     5.904180000000e+05 4.000000000000e+00                                      
G22 2026 09 05 00 00 00 7.391907274723e-05 8.867573342286e-12 0.000000000000e+00
     6.200000000000e+01 2.303125000000e+01 4.936277044324e-09 1.223849147829e-01
     1.158565282822e-06 1.168563170359e-02 8.136034011841e-06 5.153712013245e+03
     5.184000000000e+05-2.421438694000e-08-2.201544946430e+00-1.061707735062e-07
     9.570555532510e-01 2.239375000000e+02-9.742509015520e-01-8.220699567991e-09
    -2.567964108870e-10 1.000000000000e+00 2.434000000000e+03 0.000000000000e+00
     2.000000000000e+00 0.000000000000e+00-1.117587089539e-08 6.200000000000e+01
     5.112180000000e+05 4.000000000000e+00                                      
G22 2026 09 05 02 00 00 7.398240268230e-05 8.867573342286e-12 0.000000000000e+00
     6.300000000000e+01 1.887500000000e+01 4.854845080927e-09 1.172528265606e+00
     8.735805749893e-07 1.168615825009e-02 7.888302206993e-06 5.153713043213e+03
     5.256000000000e+05 1.750886440277e-07-2.201603847900e+00-1.899898052216e-07
     9.570546184464e-01 2.254687500000e+02-9.742343910586e-01-8.027834391525e-09
    -2.325096849617e-10 1.000000000000e+00 2.434000000000e+03 0.000000000000e+00
     2.000000000000e+00 0.000000000000e+00-1.117587089539e-08 6.300000000000e+01
     5.184180000000e+05 4.000000000000e+00                                      
G22 2026 09 05 04 00 00 7.404573261738e-05 8.867573342286e-12 0.000000000000e+00
     6.400000000000e+01 1.650000000000e+01 4.791628161975e-09 2.222718421030e+00
     8.475035429001e-07 1.168610691093e-02 7.912516593933e-06 5.153712383270e+03
     5.328000000000e+05 1.434236764908e-07-2.201660162932e+00 4.097819328308e-08
     9.570531686946e-01 2.236562500000e+02-9.742656287483e-01-7.857470152314e-09
    -3.217991185107e-10 1.000000000000e+00 2.434000000000e+03 0.000000000000e+00
     2.000000000000e+00 0.000000000000e+00-1.117587089539e-08 6.400000000000e+01
     5.256180000000e+05 4.000000000000e+00                                      
G22 2026 09 05 06 00 00 7.410952821374e-05 8.867573342286e-12 0.000000000000e+00
     6.500000000000e+01 1.943750000000e+01 4.736983028643e-09-3.010308416069e+00
     1.059845089912e-06 1.168647210579e-02 7.715076208115e-06 5.153711751938e+03
     5.400000000000e+05 1.862645149231e-09-2.201717427397e+00 1.844018697739e-07
     9.570514760984e-01 2.249062500000e+02-9.742645695956e-01-7.809968173666e-09
    -1.707213969457e-10 1.000000000000e+00 2.434000000000e+03 0.000000000000e+00
     2.000000000000e+00 0.000000000000e+00-1.117587089539e-08 6.500000000000e+01
     5.328180000000e+05 4.000000000000e+00                                      
G22 2026 09 05 08 00 00 7.417285814881e-05 8.867573342286e-12 0.000000000000e+00
     7.700000000000e+01 2.215625000000e+01 4.719482299667e-09-1.960141421564e+00
     1.370906829834e-06 1.168667455204e-02 7.960945367813e-06 5.153711547852e+03
     5.472000000000e+05-1.732259988785e-07-2.201773800945e+00 2.011656761169e-07
     9.570497776505e-01 2.260937500000e+02-9.742722118797e-01-7.922115702203e-09
    -1.682212928064e-10 1.000000000000e+00 2.434000000000e+03 0.000000000000e+00
     2.000000000000e+00 0.000000000000e+00-1.117587089539e-08 7.700000000000e+01
     5.400180000000e+05 4.000000000000e+00                                      
G22 2026 09 05 10 00 00 7.423665374517e-05 8.867573342286e-12 0.000000000000e+00
     1.010000000000e+02 1.868750000000e+01 4.757698177226e-09-9.100162416463e-01
     8.679926395416e-07 1.168639829848e-02 7.906928658485e-06 5.153710725784e+03
     5.544000000000e+05-1.564621925354e-07-2.201832444942e+00-4.842877388000e-08
     9.570482781594e-01 2.289687500000e+02-9.742375816829e-01-8.110694985859e-09
    -7.036007363663e-11 1.000000000000e+00 2.434000000000e+03 0.000000000000e+00
     2.800000000000e+00 0.000000000000e+00-1.117587089539e-08 1.010000000000e+02
     5.472180000000e+05 4.000000000000e+00                                      
G22 2026 09 05 09 59 44 7.423665374517e-05 8.867573342286e-12 0.000000000000e+00
     3.000000000000e+00 1.868750000000e+01 4.758055334960e-09-9.123501270220e-01
     8.679926395416e-07 1.168639434036e-02 7.906928658485e-06 5.153710729599e+03
     5.543840000000e+05-1.564621925354e-07-2.201832319131e+00-4.842877388000e-08
     9.570482693819e-01 2.289687500000e+02-9.742374134473e-01-8.110694985859e-09
    -7.036007363663e-11 1.000000000000e+00 2.434000000000e+03 0.000000000000e+00
     2.000000000000e+00 0.000000000000e+00-1.117587089539e-08 3.000000000000e+00
     5.487960000000e+05 4.000000000000e+00                                      
G22 2026 09 05 11 59 44 7.430044934154e-05 8.867573342286e-12 0.000000000000e+00
     1.200000000000e+01 1.721875000000e+01 4.765555647378e-09 1.377784951416e-01
     8.251518011093e-07 1.168602670077e-02 7.538124918938e-06 5.153709800720e+03
     5.615840000000e+05-5.587935447693e-09-2.201890059045e+00-1.844018697739e-07
     9.570471561013e-01 2.332500000000e+02-9.742059826524e-01-8.163911488254e-09
    -2.235807416067e-10 1.000000000000e+00 2.434000000000e+03 0.000000000000e+00
     2.000000000000e+00 0.000000000000e+00-1.117587089539e-08 1.200000000000e+01
     5.544180000000e+05 4.000000000000e+00                                      
G22 2026 09 05 14 00 00 7.436424493790e-05 8.867573342286e-12 0.000000000000e+00
     1.300000000000e+01 1.478125000000e+01 4.721268088338e-09 1.190254054836e+00
     6.277114152908e-07 1.168640062679e-02 7.264316082001e-06 5.153710622787e+03
     5.688000000000e+05 2.030283212662e-07-2.201948749855e+00-1.713633537292e-07
     9.570460998744e-01 2.351250000000e+02-9.741876127901e-01-8.026762918323e-09
    -2.303667385565e-10 1.000000000000e+00 2.434000000000e+03 0.000000000000e+00
     2.000000000000e+00 0.000000000000e+00-1.117587089539e-08 1.300000000000e+01
     5.616180000000e+05 4.000000000000e+00                                      
G22 2026 09 05 16 00 00 7.442757487297e-05 8.867573342286e-12 0.000000000000e+00
     1.400000000000e+01 1.390625000000e+01 4.664122850867e-09 2.240424087822e+00
     8.344650268555e-07 1.168642449193e-02 7.255002856255e-06 5.153710390091e+03
     5.760000000000e+05 8.754432201385e-08-2.202004647955e+00 8.568167686462e-08
     9.570446618259e-01 2.350937500000e+02-9.741986519699e-01-7.814254066476e-09
    -3.668009930194e-10 1.000000000000e+00 2.434000000000e+03 0.000000000000e+00
     2.000000000000e+00 0.000000000000e+00-1.117587089539e-08 1.400000000000e+01
     5.688180000000e+05 4.000000000000e+00                                      
G22 2026 09 05 18 00 00 7.449090480804e-05 8.867573342286e-12 0.000000000000e+00
     2.000000000000e+01 1.581250000000e+01 4.726982612085e-09-2.992589877060e+00
     8.363276720047e-07 1.168685709126e-02 7.338821887970e-06 5.153709556580e+03
     5.832000000000e+05 2.793967723846e-08-2.202061080020e+00 1.136213541031e-07
     9.570421690135e-01 2.378437500000e+02-9.742098857178e-01-7.794967548830e-09
    -3.267993267894e-10 1.000000000000e+00 2.434000000000e+03 0.000000000000e+00
     2.000000000000e+00 0.000000000000e+00-1.117587089539e-08 2.000000000000e+01
     5.760180000000e+05 4.000000000000e+00                                      
G22 2026 09 05 20 00 00 7.455470040441e-05 8.867573342286e-12 0.000000000000e+00
     2.100000000000e+01 1.637500000000e+01 4.864131182016e-09-1.942415290011e+00
     8.083879947662e-07 1.168679189868e-02 7.223337888718e-06 5.153709846497e+03
     5.904000000000e+05-2.123415470123e-07-2.202117507696e+00 2.011656761169e-07
     9.570387852840e-01 2.394375000000e+02-9.742237366262e-01-8.011405135752e-09
    -3.482287908412e-10 1.000000000000e+00 2.434000000000e+03 0.000000000000e+00
     2.000000000000e+00 0.000000000000e+00-1.117587089539e-08 2.100000000000e+01
     5.832180000000e+05 4.000000000000e+00                                      
G22 2026 09 05 22 00 00 7.461803033948e-05 8.867573342286e-12 0.000000000000e+00
     2.200000000000e+01 1.468750000000e+01 5.036638367633e-09-8.922700125247e-01
     7.487833499908e-07 1.168661902193e-02 7.148832082748e-06 5.153709430695e+03
     5.976000000000e+05-7.450580596924e-08-2.202177621926e+00-1.341104507446e-07
     9.570359384454e-01 2.412187500000e+02-9.742063630111e-01-8.290702483894e-09
    -1.660783464012e-10 1.000000000000e+00 2.434000000000e+03 0.000000000000e+00
     2.000000000000e+00 0.000000000000e+00-1.117587089539e-08 2.200000000000e+01
     5.904180000000e+05 4.000000000000e+00                                      
G23 2026 09 05 00 00 00 6.859875284135e-04 3.637978807092e-12 0.000000000000e+00
     9.900000000000e+01-6.509375000000e+01 3.698011179866e-09 2.598431974916e+00
    -3.313645720482e-06 6.669061258435e-03 3.518536686897e-06 5.153743831635e+03
     5.184000000000e+05-6.146728992462e-08 8.327339499801e-01-3.166496753693e-08
     9.898611371524e-01 3.269687500000e+02-2.730689695181e+00-7.860684571922e-09
     1.035757429169e-11 1.000000000000e+00 2.434000000000e+03 0.000000000000e+00
     2.000000000000e+00 0.000000000000e+00-8.381903171539e-09 9.900000000000e+01
     5.112180000000e+05 4.000000000000e+00                                      
G23 2026 09 05 02 00 00 6.860136054456e-04 3.637978807092e-12 0.000000000000e+00
     1.000000000000e+02-7.631250000000e+01 3.730155375944e-09-2.634652511395e+00
    -3.872439265251e-06 6.670732982457e-03 3.844499588013e-06 5.153740728378e+03
     5.256000000000e+05-2.980232238770e-08 8.326775252298e-01-1.676380634308e-08
     9.898613156284e-01 3.209687500000e+02-2.730657699700e+00-7.833540584123e-09
     6.785996949726e-12 1.000000000000e+00 2.434000000000e+03 0.000000000000e+00
     2.000000000000e+00 0.000000000000e+00-8.381903171539e-09 1.000000000000e+02
     5.184180000000e+05 4.000000000000e+00                                      
G23 2026 09 05 04 00 00 6.860396824777e-04 3.637978807092e-12 0.000000000000e+00
     1.010000000000e+02-7.503125000000e+01 3.736227057425e-09-1.584451802480e+00
    -3.820285201073e-06 6.670447066426e-03 4.114583134651e-06 5.153741699219e+03
     5.328000000000e+05-7.450580596924e-09 8.326215217999e-01-1.359730958939e-07
     9.898611649479e-01 3.171562500000e+02-2.730724708662e+00-7.839255107870e-09
    -7.678891285216e-11 1.000000000000e+00 2.434000000000e+03 0.000000000000e+00
     2.000000000000e+00 0.000000000000e+00-8.381903171539e-09 1.010000000000e+02
     5.256180000000e+05 4.000000000000e+00                                      
G23 2026 09 05 06 00 00 6.860657595098e-04 3.637978807092e-12 0.000000000000e+00
     1.020000000000e+02-5.806250000000e+01 3.965522322779e-09-5.346381158578e-01
    -3.194436430931e-06 6.669445894659e-03 4.146248102188e-06 5.153737215042e+03
     5.400000000000e+05 1.024454832077e-07 8.325652521189e-01 6.705522537231e-08
     9.898594665000e-01 3.153125000000e+02-2.730402740874e+00-8.018191132702e-09
    -1.971510692762e-10 1.000000000000e+00 2.434000000000e+03 0.000000000000e+00
     2.000000000000e+00 0.000000000000e+00-8.381903171539e-09 1.020000000000e+02
     5.328180000000e+05 4.000000000000e+00                                      
G23 2026 09 05 08 00 00 6.860918365419e-04 3.637978807092e-12 0.000000000000e+00
     1.030000000000e+02-4.146875000000e+01 3.973022635197e-09 5.154795914741e-01
    -2.169981598854e-06 6.672383402474e-03 3.317371010780e-06 5.153742809296e+03
     5.472000000000e+05 2.793967723846e-08 8.325071274577e-01 2.980232238770e-08
     9.898578148655e-01 3.281250000000e+02-2.730383741957e+00-8.080336578452e-09
    -1.889364413897e-10 1.000000000000e+00 2.434000000000e+03 0.000000000000e+00
     2.000000000000e+00 0.000000000000e+00-8.381903171539e-09 1.030000000000e+02
     5.400180000000e+05 4.000000000000e+00                                      
G23 2026 09 05 10 00 00 6.861179135740e-04 3.637978807092e-12 0.000000000000e+00
     1.040000000000e+02-3.809375000000e+01 4.066955119291e-09 1.565791410480e+00
    -1.940876245499e-06 6.672113784589e-03 3.090128302574e-06 5.153740631104e+03
     5.544000000000e+05 3.725290298462e-09 8.324485375887e-01 1.396983861923e-07
     9.898566694006e-01 3.374062500000e+02-2.730560048455e+00-8.075336370173e-09
    -1.053615315878e-10 1.000000000000e+00 2.434000000000e+03 0.000000000000e+00
     2.000000000000e+00 0.000000000000e+00-8.381903171539e-09 1.040000000000e+02
     5.472180000000e+05 4.000000000000e+00                                      
G23 2026 09 05 12 00 00 6.861435249448e-04 3.637978807092e-12 0.000000000000e+00
     1.050000000000e+02-4.556250000000e+01 3.961593587703e-09 2.615782982089e+00
    -2.374872565269e-06 6.671149167232e-03 2.708286046982e-06 5.153743093491e+03
     5.616000000000e+05-8.754432201385e-08 8.323902768762e-01-2.235174179077e-08
     9.898568464137e-01 3.453437500000e+02-2.730415199084e+00-7.935687696103e-09
    -8.928943354902e-12 1.000000000000e+00 2.434000000000e+03 0.000000000000e+00
     2.000000000000e+00 0.000000000000e+00-8.381903171539e-09 1.050000000000e+02
     5.544180000000e+05 4.000000000000e+00                                      
G23 2026 09 05 14 00 00 6.861696019769e-04 3.637978807092e-12 0.000000000000e+00
     1.060000000000e+02-5.675000000000e+01 4.044097024302e-09-2.617319738033e+00
    -2.915039658546e-06 6.672564195469e-03 2.840533852577e-06 5.153740463257e+03
     5.688000000000e+05-4.842877388000e-08 8.323327841957e-01-1.098960638046e-07
     9.898566547714e-01 3.421562500000e+02-2.730362577921e+00-7.991404302637e-09
     2.785830326729e-11 1.000000000000e+00 2.434000000000e+03 0.000000000000e+00
     2.000000000000e+00 0.000000000000e+00-8.381903171539e-09 1.060000000000e+02
     5.616180000000e+05 4.000000000000e+00                                      
G23 2026 09 05 15 29 36 6.861891597509e-04 3.637978807092e-12 0.000000000000e+00
     1.070000000000e+02-5.665625000000e+01 3.999809465262e-09-1.833135533316e+00
    -2.982094883919e-06 6.672328920104e-03 2.913177013397e-06 5.153741544724e+03
     5.741760000000e+05 5.215406417847e-08 8.322892843266e-01-3.539025783539e-08
     9.898569868538e-01 3.372187500000e+02-2.730444684198e+00-8.021405552310e-09
     1.096474243982e-10 1.000000000000e+00 2.434000000000e+03 0.000000000000e+00
     2.000000000000e+00 0.000000000000e+00-8.381903171539e-09 1.070000000000e+02
     5.670180000000e+05 4.000000000000e+00                                      
G23 2026 09 05 16 00 00 6.861956790090e-04 3.637978807092e-12 0.000000000000e+00
     1.080000000000e+02-5.765625000000e+01 3.978380001210e-09-1.567071855861e+00
    -2.993270754814e-06 6.672314833850e-03 2.909451723099e-06 5.153741899490e+03
     5.760000000000e+05 4.097819328308e-08 8.322746244245e-01-2.793967723846e-08
     9.898571960511e-01 3.359687500000e+02-2.730474001076e+00-8.018905448170e-09
     1.160762636137e-10 1.000000000000e+00 2.434000000000e+03 0.000000000000e+00
     2.000000000000e+00 0.000000000000e+00-8.381903171539e-09 1.080000000000e+02
     5.688180000000e+05 4.000000000000e+00                                      
G23 2026 09 05 18 00 00 6.862217560410e-04 3.637978807092e-12 0.000000000000e+00
     1.090000000000e+02-4.159375000000e+01 4.047311443910e-09-5.172393370945e-01
    -2.047047019005e-06 6.671108771116e-03 3.211200237274e-06 5.153737426758e+03
     5.832000000000e+05 5.960464477539e-08 8.322169386388e-01 4.842877388000e-08
     9.898576729624e-01 3.306875000000e+02-2.730169781410e+00-8.079622262984e-09
     8.107480566251e-11 1.000000000000e+00 2.434000000000e+03 0.000000000000e+00
     2.000000000000e+00 0.000000000000e+00-8.381903171539e-09 1.090000000000e+02
     5.760180000000e+05 4.000000000000e+00                                      
G23 2026 09 05 20 00 00 6.862478330731e-04 3.637978807092e-12 0.000000000000e+00
     1.100000000000e+02-2.537500000000e+01 3.911234347181e-09 5.328549386785e-01
    -1.356005668640e-06 6.673694588244e-03 2.864748239517e-06 5.153742362976e+03
     5.904000000000e+05 1.303851604462e-08 8.321589046786e-01 9.685754776001e-08
     9.898582786105e-01 3.399687500000e+02-2.730127201716e+00-8.057835641198e-09
     5.750239520557e-11 1.000000000000e+00 2.434000000000e+03 0.000000000000e+00
     2.000000000000e+00 0.000000000000e+00-8.381903171539e-09 1.100000000000e+02
     5.832180000000e+05 4.000000000000e+00                                      
G23 2026 09 05 22 00 00 6.862734444439e-04 3.637978807092e-12 0.000000000000e+00
     1.110000000000e+02-2.025000000000e+01 3.902305403826e-09 1.583141440424e+00
    -1.128762960434e-06 6.673626368865e-03 2.367421984673e-06 5.153740629196e+03
     5.976000000000e+05-4.097819328308e-08 8.321011457470e-01 6.705522537231e-08
     9.898585346212e-01 3.476562500000e+02-2.730279327642e+00-8.041763543159e-09
     2.250093725435e-11 1.000000000000e+00 2.434000000000e+03 0.000000000000e+00
     2.000000000000e+00 0.000000000000e+00-8.381903171539e-09 1.110000000000e+02
     5.904180000000e+05 4.000000000000e+00                                      
G24 2026 09 05 00 00 00 1.930450089276e-04 1.728039933369e-11 0.000000000000e+00
     6.900000000000e+01-2.831250000000e+01 5.189501877869e-09-2.253919110652e+00
    -1.590698957443e-06 1.871674961876e-02 7.469207048416e-06 5.153721698761e+03
     5.184000000000e+05 2.682209014893e-07 2.831124167868e+00-1.862645149231e-08
     9.357470015729e-01 2.153750000000e+02 1.176636974899e+00-7.902472026823e-09
     5.371652322309e-10 1.000000000000e+00 2.434000000000e+03 0.000000000000e+00
     2.000000000000e+00 0.000000000000e+00 2.328306436539e-09 6.900000000000e+01
     5.112180000000e+05 4.000000000000e+00                                      
G24 2026 09 05 02 00 00 1.931693404913e-04 1.728039933369e-11 0.000000000000e+00
     7.000000000000e+01-1.706250000000e+01 5.325221816864e-09-1.203836096423e+00
    -4.544854164124e-07 1.871727430262e-02 7.798895239830e-06 5.153718927383e+03
     5.256000000000e+05 1.769512891769e-07 2.831067457849e+00 4.656612873077e-07
     9.357486970950e-01 2.150625000000e+02 1.176711071699e+00-8.322132364503e-09
     3.696582548929e-10 1.000000000000e+00 2.434000000000e+03 0.000000000000e+00
     2.000000000000e+00 0.000000000000e+00 2.328306436539e-09 7.000000000000e+01
     5.184180000000e+05 4.000000000000e+00                                      
G24 2026 09 05 04 00 00 1.932936720550e-04 1.728039933369e-11 0.000000000000e+00
     7.100000000000e+01-1.337500000000e+01 5.329507709674e-09-1.536588717316e-01
    -6.854534149170e-07 1.871774729807e-02 8.080154657364e-06 5.153720054626e+03
     5.328000000000e+05-1.341104507446e-07 2.831005652486e+00 2.756714820862e-07
     9.357504438191e-01 2.169375000000e+02 1.176693099751e+00-8.599643923973e-09
     4.125171829965e-10 1.000000000000e+00 2.434000000000e+03 0.000000000000e+00
     2.000000000000e+00 0.000000000000e+00 2.328306436539e-09 7.100000000000e+01
     5.256180000000e+05 4.000000000000e+00                                      
G24 2026 09 05 06 00 00 1.934180036187e-04 1.728039933369e-11 0.000000000000e+00
     7.400000000000e+01-1.675000000000e+01 5.202002398566e-09 8.964354084301e-01
    -9.220093488693e-07 1.871999492869e-02 8.873641490936e-06 5.153724967957e+03
     5.400000000000e+05-2.831220626831e-07 2.830944868240e+00 2.980232238770e-08
     9.357525913829e-01 1.996250000000e+02 1.176754969482e+00-8.553927733996e-09
     2.210806374674e-10 1.000000000000e+00 2.434000000000e+03 0.000000000000e+00
     2.000000000000e+00 0.000000000000e+00 2.328306436539e-09 7.400000000000e+01
     5.328180000000e+05 4.000000000000e+00                                      
G24 2026 09 05 08 00 00 1.935423351824e-04 1.728039933369e-11 0.000000000000e+00
     7.500000000000e+01-2.990625000000e+01 4.921633577222e-09 1.946500010373e+00
    -1.817941665649e-06 1.872061565518e-02 8.596107363701e-06 5.153728219986e+03
     5.472000000000e+05-2.980232238770e-08 2.830883333517e+00-5.010515451431e-07
     9.357568587149e-01 2.009375000000e+02 1.176843320957e+00-8.039620596754e-09
     3.989451890970e-10 1.000000000000e+00 2.434000000000e+03 0.000000000000e+00
     2.000000000000e+00 0.000000000000e+00 2.328306436539e-09 7.500000000000e+01
     5.400180000000e+05 4.000000000000e+00                                      
G24 2026 09 05 07 59 44 1.935423351824e-04 1.728039933369e-11 0.000000000000e+00
     1.700000000000e+01-2.990625000000e+01 4.921633577222e-09 1.944166040148e+00
    -1.817941665649e-06 1.872061297763e-02 8.596107363701e-06 5.153728218079e+03
     5.471840000000e+05-2.980232238770e-08 2.830883438847e+00-5.029141902924e-07
     9.357568543262e-01 2.009375000000e+02 1.176843635484e+00-8.039620596754e-09
     3.993023468312e-10 1.000000000000e+00 2.434000000000e+03 0.000000000000e+00
     2.000000000000e+00 0.000000000000e+00 2.328306436539e-09 1.700000000000e+01
     5.412480000000e+05 4.000000000000e+00                                      
G24 2026 09 05 09 59 44 1.936666667461e-04 1.728039933369e-11 0.000000000000e+00
     1.800000000000e+01-3.678125000000e+01 4.873417283106e-09 2.994361589351e+00
    -1.853331923485e-06 1.872152253054e-02 8.663162589073e-06 5.153725940704e+03
     5.543840000000e+05 1.508742570877e-07 2.830827736778e+00-1.918524503708e-07
     9.357605891560e-01 1.950937500000e+02 1.176798584922e+00-7.741393888700e-09
     3.107272287506e-10 1.000000000000e+00 2.434000000000e+03 0.000000000000e+00
     2.000000000000e+00 0.000000000000e+00 2.328306436539e-09 1.800000000000e+01
     5.472180000000e+05 4.000000000000e+00                                      
G24 2026 09 05 12 00 00 1.937909983099e-04 1.728039933369e-11 0.000000000000e+00
     1.900000000000e+01-3.356250000000e+01 4.918776315348e-09-2.236367398433e+00
    -1.678243279457e-06 1.872227771673e-02 8.333474397659e-06 5.153724267960e+03
     5.616000000000e+05 2.458691596985e-07 2.830771211086e+00-6.146728992462e-08
     9.357632706849e-01 2.017812500000e+02 1.176828176829e+00-7.767466403296e-09
     4.125171829965e-10 1.000000000000e+00 2.434000000000e+03 0.000000000000e+00
     2.000000000000e+00 0.000000000000e+00 2.328306436539e-09 1.900000000000e+01
     5.544180000000e+05 4.000000000000e+00                                      
G24 2026 09 05 14 00 00 1.939153298736e-04 1.728039933369e-11 0.000000000000e+00
     2.000000000000e+01-1.962500000000e+01 5.240218276125e-09-1.186308076162e+00
    -8.214265108109e-07 1.872283359990e-02 8.540228009224e-06 5.153720771790e+03
     5.688000000000e+05 1.359730958939e-07 2.830715453427e+00 5.196779966354e-07
     9.357634945113e-01 2.000000000000e+02 1.176923080713e+00-8.289631010691e-09
     2.042942239602e-10 1.000000000000e+00 2.434000000000e+03 0.000000000000e+00
     2.000000000000e+00 0.000000000000e+00 2.328306436539e-09 2.000000000000e+01
     5.616180000000e+05 4.000000000000e+00                                      
G24 2026 09 05 16 00 00 1.940396614373e-04 1.728039933369e-11 0.000000000000e+00
     2.200000000000e+01-1.634375000000e+01 5.392010313158e-09-1.361336822171e-01
    -7.189810276031e-07 1.872323220596e-02 8.570030331612e-06 5.153721731186e+03
     5.760000000000e+05-1.434236764908e-07 2.830653415460e+00 2.309679985046e-07
     9.357639553305e-01 2.018437500000e+02 1.176906871581e+00-8.629645173646e-09
     2.871548182937e-10 1.000000000000e+00 2.434000000000e+03 0.000000000000e+00
     2.000000000000e+00 0.000000000000e+00 2.328306436539e-09 2.200000000000e+01
     5.688180000000e+05 4.000000000000e+00                                      
G24 2026 09 05 18 00 00 1.941635273397e-04 1.728039933369e-11 0.000000000000e+00
     2.300000000000e+01-2.131250000000e+01 5.355223066536e-09 9.139584211225e-01
    -1.005828380585e-06 1.872527680825e-02 9.657815098763e-06 5.153726305008e+03
     5.832000000000e+05-3.073364496231e-07 2.830591811979e+00 1.024454832077e-07
     9.357655718550e-01 1.857187500000e+02 1.176971258994e+00-8.580000248593e-09
     2.082229590363e-10 1.000000000000e+00 2.434000000000e+03 0.000000000000e+00
     2.000000000000e+00 0.000000000000e+00 2.328306436539e-09 2.300000000000e+01
     5.760180000000e+05 4.000000000000e+00                                      
G24 2026 09 05 20 00 00 1.942878589034e-04 1.728039933369e-11 0.000000000000e+00
     7.600000000000e+01-3.543750000000e+01 5.066996775040e-09 1.964018018422e+00
    -2.097338438034e-06 1.872593350708e-02 9.300187230110e-06 5.153729734421e+03
     5.904000000000e+05-5.960464477539e-08 2.830530170463e+00-5.122274160385e-07
     9.357702297862e-01 1.872187500000e+02 1.177064894529e+00-7.987475567561e-09
     4.232319150224e-10 1.000000000000e+00 2.434000000000e+03 0.000000000000e+00
     2.000000000000e+00 0.000000000000e+00 2.328306436539e-09 7.600000000000e+01
     5.832180000000e+05 4.000000000000e+00                                      
G24 2026 09 05 22 00 00 1.944121904671e-04 1.728039933369e-11 0.000000000000e+00
     7.700000000000e+01-4.296875000000e+01 5.036281209899e-09 3.014217340491e+00
    -2.345070242882e-06 1.872692187317e-02 9.449198842049e-06 5.153727272034e+03
     5.976000000000e+05 1.713633537292e-07 2.830474128997e+00-3.147870302200e-07
     9.357738987847e-01 1.809062500000e+02 1.177016593363e+00-7.790324498285e-09
     3.932306653499e-10 1.000000000000e+00 2.434000000000e+03 0.000000000000e+00
     2.000000000000e+00 0.000000000000e+00 2.328306436539e-09 7.700000000000e+01
     5.904180000000e+05 4.000000000000e+00                                      
G25 2026 09 05 00 00 00 3.916122950613e-04-3.524291969370e-12 0.000000000000e+00
     1.000000000000e+01 1.768750000000e+01 5.008065748897e-09 2.425267551225e+00
     7.245689630508e-07 1.167944574263e-02 8.087605237961e-06 5.153272125244e+03
     5.184000000000e+05 1.862645149231e-09-2.317555700389e+00-2.440065145493e-07
     9.470209548812e-01 2.140937500000e+02 9.829705838018e-01-7.897828976278e-09
    -2.500104139373e-10 1.000000000000e+00 2.434000000000e+03 0.000000000000e+00
     2.000000000000e+00 0.000000000000e+00 5.587935447693e-09 1.000000000000e+01
     5.112180000000e+05 4.000000000000e+00                                      
G25 2026 09 05 02 00 00 3.915871493518e-04-3.524291969370e-12 0.000000000000e+00
     1.100000000000e+01 1.800000000000e+01 5.048067415127e-09-2.807503484406e+00
     7.841736078262e-07 1.167945179623e-02 7.947906851768e-06 5.153272174835e+03
     5.256000000000e+05 1.955777406693e-07-2.317613073110e+00-2.123415470123e-07
     9.470191949907e-01 2.168125000000e+02 9.829863584474e-01-7.946759585863e-09
    -1.582208762489e-10 1.000000000000e+00 2.434000000000e+03 0.000000000000e+00
     2.000000000000e+00 0.000000000000e+00 5.587935447693e-09 1.100000000000e+01
     5.184180000000e+05 4.000000000000e+00                                      
G25 2026 09 05 04 00 00 3.915620036423e-04-3.524291969370e-12 0.000000000000e+00
     1.200000000000e+01 1.965625000000e+01 5.068425405977e-09-1.757138210374e+00
     9.890645742416e-07 1.168039382901e-02 7.435679435730e-06 5.153269937515e+03
     5.328000000000e+05 2.421438694000e-07-2.317670703305e+00-2.980232238770e-08
     9.470185673989e-01 2.258125000000e+02 9.830525657310e-01-7.964974630307e-09
    -7.178870457341e-11 1.000000000000e+00 2.434000000000e+03 0.000000000000e+00
     2.000000000000e+00 0.000000000000e+00 5.587935447693e-09 1.200000000000e+01
     5.256180000000e+05 4.000000000000e+00                                      
G25 2026 09 05 06 00 00 3.915368579328e-04-3.524291969370e-12 0.000000000000e+00
     1.300000000000e+01 1.500000000000e+01 5.141642741487e-09-7.066216091692e-01
     9.927898645401e-07 1.168064982630e-02 7.504597306252e-06 5.153271877289e+03
     5.400000000000e+05-1.676380634308e-08-2.317728696303e+00 2.421438694000e-07
     9.470161682132e-01 2.316562500000e+02 9.829668416573e-01-8.330704150124e-09
    -1.507205638307e-10 1.000000000000e+00 2.434000000000e+03 0.000000000000e+00
     2.000000000000e+00 0.000000000000e+00 5.587935447693e-09 1.300000000000e+01
     5.328180000000e+05 4.000000000000e+00                                      
G25 2026 09 05 08 00 00 3.915117122233e-04-3.524291969370e-12 0.000000000000e+00
     1.500000000000e+01 1.221875000000e+01 5.089140554560e-09 3.438013565008e-01
     5.308538675308e-07 1.168027694803e-02 7.508322596550e-06 5.153271146774e+03
     5.472000000000e+05-1.359730958939e-07-2.317788874901e+00 1.415610313416e-07
     9.470149832496e-01 2.313437500000e+02 9.829750691086e-01-8.356776664720e-09
    -1.814361289716e-10 1.000000000000e+00 2.434000000000e+03 0.000000000000e+00
     2.000000000000e+00 0.000000000000e+00 5.587935447693e-09 1.500000000000e+01
     5.400180000000e+05 4.000000000000e+00                                      
G25 2026 09 05 10 00 00 3.914865665138e-04-3.524291969370e-12 0.000000000000e+00
     4.600000000000e+01 1.268750000000e+01 5.031638159354e-09 1.394232047841e+00
     5.681067705154e-07 1.168034970760e-02 7.404014468193e-06 5.153271238327e+03
     5.544000000000e+05-2.328306436539e-07-2.317849021315e+00 2.607703208923e-08
     9.470135495898e-01 2.306250000000e+02 9.829752256409e-01-8.312846263414e-09
    -1.864363372504e-10 1.000000000000e+00 2.434000000000e+03 0.000000000000e+00
     2.000000000000e+00 0.000000000000e+00 5.587935447693e-09 4.600000000000e+01
     5.472180000000e+05 4.000000000000e+00                                      
G25 2026 09 05 12 00 00 3.914614208043e-04-3.524291969370e-12 0.000000000000e+00
     6.000000000000e+01 1.465625000000e+01 4.854487923193e-09 2.444693574569e+00
     6.239861249924e-07 1.168043515645e-02 7.357448339462e-06 5.153270534515e+03
     5.616000000000e+05 7.450580596924e-08-2.317908066152e+00-2.197921276093e-07
     9.470142093659e-01 2.286875000000e+02 9.829443068673e-01-7.928544541419e-09
    -1.125046862718e-10 1.000000000000e+00 2.434000000000e+03 0.000000000000e+00
     2.000000000000e+00 0.000000000000e+00 5.587935447693e-09 6.000000000000e+01
     5.544180000000e+05 4.000000000000e+00                                      
G25 2026 09 05 14 00 00 3.914362750947e-04-3.524291969370e-12 0.000000000000e+00
     6.300000000000e+01 1.415625000000e+01 4.855916554130e-09-2.788067944781e+00
     7.580965757370e-07 1.168052956928e-02 7.292255759239e-06 5.153270381927e+03
     5.688000000000e+05 9.499490261078e-08-2.317964527475e+00-9.499490261078e-08
     9.470134837585e-01 2.300000000000e+02 9.829500619870e-01-7.859970256453e-09
    -1.353627812603e-10 1.000000000000e+00 2.434000000000e+03 0.000000000000e+00
     2.000000000000e+00 0.000000000000e+00 5.587935447693e-09 6.300000000000e+01
     5.616180000000e+05 4.000000000000e+00                                      
G25 2026 09 05 16 00 00 3.914111293852e-04-3.524291969370e-12 0.000000000000e+00
     6.400000000000e+01 1.543750000000e+01 4.931991151514e-09-1.737674892860e+00
     8.065253496170e-07 1.168102351949e-02 7.107853889465e-06 5.153269165039e+03
     5.760000000000e+05 2.682209014893e-07-2.318020743028e+00-7.264316082001e-08
     9.470122212602e-01 2.348125000000e+02 9.829873356767e-01-7.930330330090e-09
    -2.196520065306e-10 1.000000000000e+00 2.434000000000e+03 0.000000000000e+00
     2.000000000000e+00 0.000000000000e+00 5.587935447693e-09 6.400000000000e+01
     5.688180000000e+05 4.000000000000e+00                                      
G25 2026 09 05 18 00 00 3.913859836757e-04-3.524291969370e-12 0.000000000000e+00
     6.500000000000e+01 1.306250000000e+01 5.184858827325e-09-6.871862436311e-01
     6.873160600662e-07 1.168124645483e-02 6.839632987976e-06 5.153270488739e+03
     5.832000000000e+05-6.332993507385e-08-2.318078711157e+00 2.495944499969e-07
     9.470082860106e-01 2.393125000000e+02 9.829298927354e-01-8.388563703063e-09
    -3.128701751558e-10 1.000000000000e+00 2.434000000000e+03 0.000000000000e+00
     2.000000000000e+00 0.000000000000e+00 5.587935447693e-09 6.500000000000e+01
     5.760180000000e+05 4.000000000000e+00                                      
G25 2026 09 05 20 00 00 3.913608379662e-04-3.524291969370e-12 0.000000000000e+00
     6.600000000000e+01 1.243750000000e+01 5.266647948455e-09 3.632461915076e-01
     7.729977369308e-07 1.168114668690e-02 6.843358278275e-06 5.153270294189e+03
     5.904000000000e+05-8.195638656616e-08-2.318139886002e+00 1.043081283569e-07
     9.470059365642e-01 2.395625000000e+02 9.829302774829e-01-8.475353032473e-09
    -2.803688213439e-10 1.000000000000e+00 2.434000000000e+03 0.000000000000e+00
     2.000000000000e+00 0.000000000000e+00 5.587935447693e-09 6.600000000000e+01
     5.832180000000e+05 4.000000000000e+00                                      
G25 2026 09 05 19 59 44 3.913613036275e-04-3.524291969370e-12 0.000000000000e+00
     1.000000000000e+00 1.243750000000e+01 5.266647948455e-09 3.609110889841e-01
     7.729977369308e-07 1.168115611654e-02 6.843358278275e-06 5.153270292282e+03
     5.903840000000e+05-8.195638656616e-08-2.318139760192e+00 1.043081283569e-07
     9.470059482675e-01 2.395625000000e+02 9.829311347529e-01-8.475353032473e-09
    -2.803688213439e-10 1.000000000000e+00 2.434000000000e+03 0.000000000000e+00
     2.000000000000e+00 0.000000000000e+00 5.587935447693e-09 1.000000000000e+00
     5.877480000000e+05 4.000000000000e+00                                      
G25 2026 09 05 21 59 44 3.913361579180e-04-3.524291969370e-12 0.000000000000e+00
     6.000000000000e+00 1.337500000000e+01 5.278434153684e-09 1.411352512291e+00
     6.407499313354e-07 1.168113877065e-02 7.027760148048e-06 5.153270122528e+03
     5.975840000000e+05-3.017485141754e-07-2.318201324173e+00 7.450580596924e-08
     9.470044224440e-01 2.396250000000e+02 9.829231618493e-01-8.379991917443e-09
    -1.557207721095e-10 1.000000000000e+00 2.434000000000e+03 0.000000000000e+00
     2.000000000000e+00 0.000000000000e+00 5.587935447693e-09 6.000000000000e+00
     5.904180000000e+05 4.000000000000e+00                                      
G26 2026 09 05 00 00 00-3.917668946087e-04-1.364242052659e-12 0.000000000000e+00
     6.500000000000e+01 9.343750000000e+00 5.709880696593e-09 1.375724055332e+00
     6.947666406631e-07 1.136869715992e-02 7.845461368561e-06 5.153596681595e+03
     5.184000000000e+05-1.657754182816e-07-2.395574321149e+00 1.881271600723e-07
     9.278481655832e-01 2.144687500000e+02 7.285810584513e-01-8.585357614605e-09
    -2.860833450911e-10 1.000000000000e+00 2.434000000000e+03 0.000000000000e+00
     2.000000000000e+00 0.000000000000e+00 6.519258022308e-09 6.500000000000e+01
     5.112180000000e+05 4.000000000000e+00                                      
G26 2026 09 05 02 00 00-3.917766734958e-04-1.364242052659e-12 0.000000000000e+00
     7.000000000000e+01 1.175000000000e+01 5.564874656509e-09 2.425995683589e+00
     5.420297384262e-07 1.136887911707e-02 7.811933755875e-06 5.153595853806e+03
     5.256000000000e+05-1.136213541031e-07-2.395636063606e+00-2.458691596985e-07
     9.278483001717e-01 2.124375000000e+02 7.285464911600e-01-8.197484315269e-09
    -1.189335254873e-10 1.000000000000e+00 2.434000000000e+03 0.000000000000e+00
     2.000000000000e+00 0.000000000000e+00 6.519258022308e-09 7.000000000000e+01
     5.184180000000e+05 4.000000000000e+00                                      
G26 2026 09 05 04 00 00-3.917864523828e-04-1.364242052659e-12 0.000000000000e+00
     7.100000000000e+01 1.315625000000e+01 5.493085951936e-09-2.806958784415e+00
     4.097819328308e-07 1.136867282912e-02 7.785856723785e-06 5.153596235275e+03
     5.328000000000e+05 4.470348358154e-08-2.395694859747e+00-2.328306436539e-07
     9.278476155261e-01 2.134062500000e+02 7.285512705133e-01-8.167125907862e-09
    -9.107522222000e-11 1.000000000000e+00 2.434000000000e+03 0.000000000000e+00
     2.000000000000e+00 0.000000000000e+00 6.519258022308e-09 7.100000000000e+01
     5.256180000000e+05 4.000000000000e+00                                      
G26 2026 09 05 06 00 00-3.917962312698e-04-1.364242052659e-12 0.000000000000e+00
     9.900000000000e+01 1.328125000000e+01 5.436655029933e-09-1.756797132486e+00
     4.488974809647e-07 1.136941357981e-02 6.940215826035e-06 5.153594135284e+03
     5.400000000000e+05 1.564621925354e-07-2.395754303960e+00-1.173466444016e-07
     9.278474092546e-01 2.214062500000e+02 7.286256789156e-01-8.198198630737e-09
     3.214419607765e-12 1.000000000000e+00 2.434000000000e+03 0.000000000000e+00
     2.000000000000e+00 0.000000000000e+00 6.519258022308e-09 9.900000000000e+01
     5.328180000000e+05 4.000000000000e+00                                      
G26 2026 09 05 08 00 00-3.918055444956e-04-1.364242052659e-12 0.000000000000e+00
     1.030000000000e+02 9.468750000000e+00 5.475228065226e-09-7.065012958605e-01
     7.022172212601e-07 1.136976538692e-02 6.947666406631e-06 5.153595569611e+03
     5.472000000000e+05 1.080334186554e-07-2.395813342945e+00 2.197921276093e-07
     9.278457576201e-01 2.257187500000e+02 7.285651492171e-01-8.508925859488e-09
    -1.242908915002e-10 1.000000000000e+00 2.434000000000e+03 0.000000000000e+00
     2.800000000000e+00 0.000000000000e+00 6.519258022308e-09 1.030000000000e+02
     5.400180000000e+05 4.000000000000e+00                                      
G26 2026 09 05 07 59 44-3.918046131730e-04-1.364242052659e-12 0.000000000000e+00
     1.000000000000e+00 9.468750000000e+00 5.475228065226e-09-7.088353289909e-01
     7.022172212601e-07 1.136975688860e-02 6.947666406631e-06 5.153595567703e+03
     5.471840000000e+05 1.080334186554e-07-2.395813246393e+00 2.197921276093e-07
     9.278457517684e-01 2.257187500000e+02 7.285653642661e-01-8.508925859488e-09
    -1.242908915002e-10 1.000000000000e+00 2.434000000000e+03 0.000000000000e+00
     2.000000000000e+00 0.000000000000e+00 6.519258022308e-09 1.000000000000e+00
     5.450880000000e+05 4.000000000000e+00                                      
G26 2026 09 05 09 59 44-3.918143920600e-04-1.364242052659e-12 0.000000000000e+00
     1.900000000000e+01 1.071875000000e+01 5.465227648668e-09 3.414108591212e-01
     6.947666406631e-07 1.137002732139e-02 6.966292858124e-06 5.153596128464e+03
     5.543840000000e+05-5.215406417847e-08-2.395874849873e+00 1.899898052216e-07
     9.278446472653e-01 2.275937500000e+02 7.285544786927e-01-8.555713522667e-09
    -1.457203555520e-10 1.000000000000e+00 2.434000000000e+03 0.000000000000e+00
     2.000000000000e+00 0.000000000000e+00 6.519258022308e-09 1.900000000000e+01
     5.472180000000e+05 4.000000000000e+00                                      
G26 2026 09 05 12 00 00-3.918237052858e-04-1.364242052659e-12 0.000000000000e+00
     2.200000000000e+01 1.109375000000e+01 5.500943422088e-09 1.393976866652e+00
     6.500631570816e-07 1.137008983642e-02 7.217749953270e-06 5.153596252441e+03
     5.616000000000e+05-1.583248376846e-07-2.395936118345e+00 8.381903171539e-08
     9.278432121426e-01 2.270625000000e+02 7.285572772550e-01-8.523926484324e-09
    -2.171519023912e-10 1.000000000000e+00 2.434000000000e+03 0.000000000000e+00
     2.000000000000e+00 0.000000000000e+00 6.519258022308e-09 2.200000000000e+01
     5.544180000000e+05 4.000000000000e+00                                      
G26 2026 09 05 14 00 00-3.918334841728e-04-1.364242052659e-12 0.000000000000e+00
     2.300000000000e+01 1.343750000000e+01 5.412011146273e-09 2.444244542105e+00
     5.271285772324e-07 1.137023023330e-02 7.143244147301e-06 5.153595508575e+03
     5.688000000000e+05-5.587935447693e-08-2.395997401446e+00-2.160668373108e-07
     9.278431872730e-01 2.255000000000e+02 7.285253944183e-01-8.239628927904e-09
    -1.125046862718e-10 1.000000000000e+00 2.434000000000e+03 0.000000000000e+00
     2.000000000000e+00 0.000000000000e+00 6.519258022308e-09 2.300000000000e+01
     5.616180000000e+05 4.000000000000e+00                                      
G26 2026 09 05 16 00 00-3.918427973986e-04-1.364242052659e-12 0.000000000000e+00
     2.400000000000e+01 1.150000000000e+01 5.412011146273e-09-2.788704769113e+00
     5.383044481277e-07 1.137049635872e-02 7.076188921928e-06 5.153595014572e+03
     5.760000000000e+05 5.029141902924e-08-2.396056212216e+00-1.452863216400e-07
     9.278426006429e-01 2.251875000000e+02 7.285244961866e-01-8.171054642938e-09
    -1.153619481453e-10 1.000000000000e+00 2.434000000000e+03 0.000000000000e+00
     2.000000000000e+00 0.000000000000e+00 6.519258022308e-09 2.400000000000e+01
     5.688180000000e+05 4.000000000000e+00                                      
G26 2026 09 05 18 00 00-3.918525762856e-04-1.364242052659e-12 0.000000000000e+00
     2.500000000000e+01 1.165625000000e+01 5.445226815553e-09-1.738533064012e+00
     5.718320608139e-07 1.137113035657e-02 6.668269634247e-06 5.153593204498e+03
     5.832000000000e+05 1.545995473862e-07-2.396115159037e+00-1.303851604462e-07
     9.278418852759e-01 2.321250000000e+02 7.285889391909e-01-8.201055892610e-09
    -1.114332130692e-10 1.000000000000e+00 2.434000000000e+03 0.000000000000e+00
     2.000000000000e+00 0.000000000000e+00 6.519258022308e-09 2.500000000000e+01
     5.760180000000e+05 4.000000000000e+00                                      
G26 2026 09 05 20 00 00-3.918618895113e-04-1.364242052659e-12 0.000000000000e+00
     2.600000000000e+01 1.031250000000e+01 5.641306411627e-09-6.882695081362e-01
     5.587935447693e-07 1.137133454904e-02 6.521120667458e-06 5.153593860626e+03
     5.904000000000e+05 7.450580596924e-08-2.396174266779e+00 2.514570951462e-07
     9.278391379158e-01 2.348437500000e+02 7.285620010174e-01-8.563928150554e-09
    -2.528676758108e-10 1.000000000000e+00 2.434000000000e+03 0.000000000000e+00
     2.000000000000e+00 0.000000000000e+00 6.519258022308e-09 2.600000000000e+01
     5.832180000000e+05 4.000000000000e+00                                      
G26 2026 09 05 22 00 00-3.918716683984e-04-1.364242052659e-12 0.000000000000e+00
     2.700000000000e+01 1.253125000000e+01 5.775954877419e-09 3.619744855988e-01
     8.922070264816e-07 1.137167541310e-02 6.388872861862e-06 5.153594518661e+03
     5.976000000000e+05-2.048909664154e-08-2.396237039131e+00 9.499490261078e-08
     9.278369318353e-01 2.360625000000e+02 7.285563878008e-01-8.714648714384e-09
    -2.082229590363e-10 1.000000000000e+00 2.434000000000e+03 0.000000000000e+00
     2.000000000000e+00 0.000000000000e+00 6.519258022308e-09 2.700000000000e+01
     5.904180000000e+05 4.000000000000e+00                                      
G27 2026 09 05 00 00 00 4.339963197708e-07-1.136868377216e-13 0.000000000000e+00
     1.010000000000e+02 6.684375000000e+01 4.877346018182e-09-3.263994236861e-01
     3.626570105553e-06 1.439994922839e-02 8.234754204750e-06 5.153675476074e+03
     5.184000000000e+05-1.490116119385e-08-1.263572318345e+00 2.030283212662e-07
     9.499445454604e-01 2.135625000000e+02 9.035899263302e-01-8.378563286506e-09
    -3.614436270064e-10 1.000000000000e+00 2.434000000000e+03 0.000000000000e+00
     2.000000000000e+00 0.000000000000e+00 2.328306436539e-09 1.010000000000e+02
     5.112180000000e+05 4.000000000000e+00                                      
G27 2026 09 05 02 00 00 4.335306584835e-07-1.136868377216e-13 0.000000000000e+00
     1.100000000000e+02 7.803125000000e+01 4.795199739317e-09 7.237129220510e-01
     4.317611455917e-06 1.440251723398e-02 9.145587682724e-06 5.153680706024e+03
     5.256000000000e+05-1.601874828339e-07-1.263631879591e+00 1.341104507446e-07
     9.499417425094e-01 1.967812500000e+02 9.036583660267e-01-8.323918153174e-09
    -4.718053668730e-10 1.000000000000e+00 2.434000000000e+03 0.000000000000e+00
     2.000000000000e+00 0.000000000000e+00 2.328306436539e-09 1.100000000000e+02
     5.184180000000e+05 4.000000000000e+00                                      
G27 2026 09 05 04 00 00 4.330649971962e-07-1.136868377216e-13 0.000000000000e+00
     1.140000000000e+02 9.106250000000e+01 4.809486048684e-09 1.774004387478e+00
     4.576519131660e-06 1.440250978339e-02 9.356066584587e-06 5.153677799225e+03
     5.328000000000e+05-4.135072231293e-07-1.263692539489e+00-1.396983861923e-07
     9.499395642244e-01 1.940937500000e+02 9.035466722314e-01-8.096051518757e-09
    -2.828689254833e-10 1.000000000000e+00 2.434000000000e+03 0.000000000000e+00
     2.000000000000e+00 0.000000000000e+00 2.328306436539e-09 1.140000000000e+02
     5.256180000000e+05 4.000000000000e+00                                      
G27 2026 09 05 06 00 00 4.325993359089e-07-1.136868377216e-13 0.000000000000e+00
     1.150000000000e+02 9.525000000000e+01 4.575904890520e-09 2.824122880397e+00
     4.693865776062e-06 1.440149301197e-02 8.795410394669e-06 5.153680229187e+03
     5.400000000000e+05-1.862645149231e-08-1.263749340210e+00-2.328306436539e-07
     9.499392628633e-01 2.036562500000e+02 9.036072487432e-01-7.738179469092e-09
    -2.610823036973e-10 1.000000000000e+00 2.434000000000e+03 0.000000000000e+00
     2.000000000000e+00 0.000000000000e+00 2.328306436539e-09 1.150000000000e+02
     5.328180000000e+05 4.000000000000e+00                                      
G27 2026 09 05 08 00 00 4.316680133343e-07-1.136868377216e-13 0.000000000000e+00
     1.160000000000e+02 7.600000000000e+01 4.716267880059e-09-2.408940624743e+00
     3.663823008537e-06 1.440487266518e-02 7.916241884232e-06 5.153673816681e+03
     5.472000000000e+05 2.123415470123e-07-1.263806350127e+00-1.415610313416e-07
     9.499376712084e-01 2.205000000000e+02 9.036656250262e-01-7.827468902641e-09
    -8.893227581482e-11 1.000000000000e+00 2.434000000000e+03 0.000000000000e+00
     2.000000000000e+00 0.000000000000e+00 2.328306436539e-09 1.160000000000e+02
     5.400180000000e+05 4.000000000000e+00                                      
G27 2026 09 05 10 00 00 4.312023520470e-07-1.136868377216e-13 0.000000000000e+00
     1.170000000000e+02 6.012500000000e+01 4.639121809473e-09-1.358614935811e+00
     3.285706043243e-06 1.440451887902e-02 7.892027497292e-06 5.153677717209e+03
     5.544000000000e+05 3.799796104431e-07-1.263862226283e+00 9.126961231232e-08
     9.499363809146e-01 2.186875000000e+02 9.035206044941e-01-7.985332621156e-09
    -1.967939115420e-10 1.000000000000e+00 2.434000000000e+03 0.000000000000e+00
     2.800000000000e+00 0.000000000000e+00 2.328306436539e-09 1.170000000000e+02
     5.472180000000e+05 4.000000000000e+00                                      
G27 2026 09 05 12 00 00 4.307366907597e-07-1.136868377216e-13 0.000000000000e+00
     1.190000000000e+02 5.368750000000e+01 4.778770483544e-09-3.084899021855e-01
     2.996996045113e-06 1.440331712365e-02 8.728355169296e-06 5.153675045013e+03
     5.616000000000e+05 3.539025783539e-08-1.263920999017e+00 2.272427082062e-07
     9.499334009505e-01 2.095000000000e+02 9.035757184698e-01-8.312131947945e-09
    -2.246522148093e-10 1.000000000000e+00 2.434000000000e+03 0.000000000000e+00
     2.800000000000e+00 0.000000000000e+00 2.328306436539e-09 1.190000000000e+02
     5.544180000000e+05 4.000000000000e+00                                      
G27 2026 09 05 11 59 44 4.279427230358e-07-1.136868377216e-13 0.000000000000e+00
     4.000000000000e+00 5.368750000000e+01 4.778770483544e-09-3.108234832743e-01
     2.996996045113e-06 1.440331246704e-02 8.728355169296e-06 5.153675041199e+03
     5.615840000000e+05 3.539025783539e-08-1.263920890761e+00 2.272427082062e-07
     9.499333877843e-01 2.095000000000e+02 9.035755692522e-01-8.312131947945e-09
    -2.246522148093e-10 1.000000000000e+00 2.434000000000e+03 0.000000000000e+00
     2.000000000000e+00 0.000000000000e+00 2.328306436539e-09 4.000000000000e+00
     5.548980000000e+05 4.000000000000e+00                                      
G27 2026 09 05 11 59 44 4.274770617485e-07-1.136868377216e-13 0.000000000000e+00
     1.230000000000e+02 5.368750000000e+01 4.778770483544e-09-3.108234437755e-01
     2.996996045113e-06 1.440331037156e-02 8.728355169296e-06 5.153675041199e+03
     5.615840000000e+05 3.539025783539e-08-1.263920893687e+00 2.272427082062e-07
     9.499333863213e-01 2.095000000000e+02 9.035755326792e-01-8.312131947945e-09
    -2.246522148093e-10 1.000000000000e+00 2.434000000000e+03 0.000000000000e+00
     2.000000000000e+00 0.000000000000e+00 2.328306436539e-09 1.230000000000e+02
     5.584680000000e+05 4.000000000000e+00                                      
G27 2026 09 05 13 59 44 4.265457391739e-07-1.136868377216e-13 0.000000000000e+00
     1.240000000000e+02 6.190625000000e+01 4.585548149344e-09 7.392887190969e-01
     3.250315785408e-06 1.440550049301e-02 9.395182132721e-06 5.153679588318e+03
     5.687840000000e+05-2.551823854446e-07-1.263979038829e+00 9.126961231232e-08
     9.499313323844e-01 1.936562500000e+02 9.036431341237e-01-8.192841264724e-09
    -4.621621080497e-10 1.000000000000e+00 2.434000000000e+03 0.000000000000e+00
     2.000000000000e+00 0.000000000000e+00 2.328306436539e-09 1.240000000000e+02
     5.616180000000e+05 4.000000000000e+00                                      
G27 2026 09 05 16 00 00 4.260800778866e-07-1.136868377216e-13 0.000000000000e+00
     1.250000000000e+02 7.253125000000e+01 4.584119518407e-09 1.791890050247e+00
     3.594905138016e-06 1.440563320648e-02 9.575858712196e-06 5.153677335739e+03
     5.760000000000e+05-3.371387720108e-07-1.264038503523e+00-1.676380634308e-07
     9.499284899345e-01 1.895312500000e+02 9.035537790874e-01-8.052478275185e-09
    -3.903734034763e-10 1.000000000000e+00 2.434000000000e+03 0.000000000000e+00
     2.000000000000e+00 0.000000000000e+00 2.328306436539e-09 1.250000000000e+02
     5.688180000000e+05 4.000000000000e+00                                      
G27 2026 09 05 18 00 00 4.256144165993e-07-1.136868377216e-13 0.000000000000e+00
     1.260000000000e+02 7.728125000000e+01 4.374467928434e-09 2.842018395919e+00
     3.825873136520e-06 1.440468861256e-02 9.011477231979e-06 5.153679468155e+03
     5.832000000000e+05 4.656612873077e-08-1.264094932662e+00-1.825392246246e-07
     9.499273620247e-01 1.976250000000e+02 9.036033047160e-01-7.691391805913e-09
    -3.875161416028e-10 1.000000000000e+00 2.434000000000e+03 0.000000000000e+00
     2.000000000000e+00 0.000000000000e+00 2.328306436539e-09 1.260000000000e+02
     5.760180000000e+05 4.000000000000e+00                                      
G27 2026 09 05 20 00 00 4.246830940247e-07-1.136868377216e-13 0.000000000000e+00
     1.270000000000e+02 6.078125000000e+01 4.535546066556e-09-2.391046934942e+00
     3.144145011902e-06 1.440771459602e-02 8.312985301018e-06 5.153673688889e+03
     5.904000000000e+05 1.415610313416e-07-1.264150813207e+00-1.229345798492e-07
     9.499246995138e-01 2.139062500000e+02 9.036620350253e-01-7.723536001990e-09
    -3.135844906242e-10 1.000000000000e+00 2.434000000000e+03 0.000000000000e+00
     2.000000000000e+00 0.000000000000e+00 2.328306436539e-09 1.270000000000e+02
     5.832180000000e+05 4.000000000000e+00                                      
G27 2026 09 05 22 00 00 4.242174327374e-07-1.136868377216e-13 0.000000000000e+00
     1.280000000000e+02 4.690625000000e+01 4.605906140193e-09-1.340741397707e+00
     2.488493919373e-06 1.440748397727e-02 8.337199687958e-06 5.153677036285e+03
     5.976000000000e+05 4.060566425323e-07-1.264205660932e+00 1.359730958939e-07
     9.499212631192e-01 2.136562500000e+02 9.035362752726e-01-7.950688320939e-09
    -5.003779856087e-10 1.000000000000e+00 2.434000000000e+03 0.000000000000e+00
     2.000000000000e+00 0.000000000000e+00 2.328306436539e-09 1.280000000000e+02
     5.904180000000e+05 4.000000000000e+00                                      
G28 2026 09 05 00 00 00-4.230947233737e-04 1.068656274583e-11 0.000000000000e+00
     2.110000000000e+02-1.981250000000e+01 4.688409576792e-09-2.690493026360e+00
    -9.294599294662e-07 5.109185585752e-04 8.378177881241e-06 5.153647539139e+03
     5.184000000000e+05-1.117587089539e-08 2.919278405880e+00-2.421438694000e-08
     9.625081239611e-01 2.212812500000e+02-1.522425461303e-01-7.869613515277e-09
     3.578720496645e-10 1.000000000000e+00 2.434000000000e+03 0.000000000000e+00
     2.000000000000e+00 0.000000000000e+00-9.313225746155e-09 9.790000000000e+02
     5.112180000000e+05 4.000000000000e+00                                      
G28 2026 09 05 02 00 00-4.230174236000e-04 1.068656274583e-11 0.000000000000e+00
     2.120000000000e+02-2.518750000000e+01 4.628049919713e-09-1.641421826253e+00
    -1.542270183563e-06 5.113971419632e-04 8.352100849152e-06 5.153646131516e+03
     5.256000000000e+05 1.117587089539e-08 2.919221701713e+00-2.235174179077e-08
     9.625107133261e-01 2.206250000000e+02-1.511152975301e-01-7.873899408087e-09
     3.664438352852e-10 1.000000000000e+00 2.434000000000e+03 0.000000000000e+00
     2.000000000000e+00 0.000000000000e+00-9.313225746155e-09 9.800000000000e+02
     5.184180000000e+05 4.000000000000e+00                                      
G28 2026 09 05 04 00 00-4.229405894876e-04 1.068656274583e-11 0.000000000000e+00
     2.130000000000e+02-2.346875000000e+01 4.532331646948e-09-5.918400033689e-01
    -1.223757863045e-06 5.112185608596e-04 7.906928658485e-06 5.153645444870e+03
     5.328000000000e+05 7.450580596924e-09 2.919164958046e+00-5.587935447693e-09
     9.625134153358e-01 2.225000000000e+02-1.504987243731e-01-7.873185092618e-09
     3.782300405137e-10 1.000000000000e+00 2.434000000000e+03 0.000000000000e+00
     2.000000000000e+00 0.000000000000e+00-9.313225746155e-09 9.810000000000e+02
     5.256180000000e+05 4.000000000000e+00                                      
G28 2026 09 05 06 00 00-4.228632897139e-04 1.068656274583e-11 0.000000000000e+00
     2.140000000000e+02-2.115625000000e+01 4.487329772440e-09 4.581354176248e-01
    -9.760260581970e-07 5.108654731885e-04 8.195638656616e-06 5.153644763947e+03
     5.400000000000e+05 1.303851604462e-08 2.919108262656e+00 3.725290298462e-09
     9.625161041792e-01 2.207500000000e+02-1.502757405478e-01-7.877470985429e-09
     3.750156209059e-10 1.000000000000e+00 2.434000000000e+03 0.000000000000e+00
     2.000000000000e+00 0.000000000000e+00-9.313225746155e-09 9.820000000000e+02
     5.328180000000e+05 4.000000000000e+00                                      
G28 2026 09 05 08 00 00-4.227864556015e-04 1.068656274583e-11 0.000000000000e+00
     2.150000000000e+02-1.334375000000e+01 4.441613582462e-09 1.506441609591e+00
    -5.606561899185e-07 5.114403320476e-04 8.327886462212e-06 5.153646890640e+03
     5.472000000000e+05-4.470348358154e-08 2.919051842295e+00 1.862645149231e-08
     9.625187988743e-01 2.190937500000e+02-1.483844537224e-01-7.847469735756e-09
     3.403713206889e-10 1.000000000000e+00 2.434000000000e+03 0.000000000000e+00
     2.800000000000e+00 0.000000000000e+00-9.313225746155e-09 9.830000000000e+02
     5.400180000000e+05 4.000000000000e+00                                      
G28 2026 09 05 08 29 36-4.227659665048e-04 1.068656274583e-11 0.000000000000e+00
     2.160000000000e+02-1.290625000000e+01 4.445185159804e-09 1.764854886730e+00
    -5.252659320831e-07 5.114171653986e-04 8.527189493179e-06 5.153647493362e+03
     5.489760000000e+05-5.215406417847e-08 2.919037979683e+00-1.117587089539e-08
     9.625193972078e-01 2.165000000000e+02-1.477493322270e-01-7.845683947085e-09
     3.228705917133e-10 1.000000000000e+00 2.434000000000e+03 0.000000000000e+00
     2.000000000000e+00 0.000000000000e+00-9.313225746155e-09 9.840000000000e+02
     5.418180000000e+05 4.000000000000e+00                                      
G28 2026 09 05 10 00 00-4.227077588439e-04 1.068656274583e-11 0.000000000000e+00
     2.170000000000e+02-1.821875000000e+01 4.475186409477e-09 2.554502657449e+00
    -9.443610906601e-07 5.109087796882e-04 8.881092071533e-06 5.153649202347e+03
     5.544000000000e+05 1.117587089539e-08 2.918995590169e+00-3.539025783539e-08
     9.625209669189e-01 2.120625000000e+02-1.462495939626e-01-7.868184884340e-09
     2.800116636097e-10 1.000000000000e+00 2.434000000000e+03 0.000000000000e+00
     2.000000000000e+00 0.000000000000e+00-9.313225746155e-09 9.850000000000e+02
     5.472180000000e+05 4.000000000000e+00                                      
G28 2026 09 05 12 00 00-4.226309247315e-04 1.068656274583e-11 0.000000000000e+00
     2.180000000000e+02-2.103125000000e+01 4.481972406427e-09-2.678822860708e+00
    -1.128762960434e-06 5.107161123306e-04 8.793547749519e-06 5.153649580002e+03
     5.616000000000e+05 3.911554813385e-08 2.918938966461e+00-7.450580596924e-09
     9.625230120784e-01 2.124687500000e+02-1.459140941820e-01-7.856398679111e-09
     2.732256666600e-10 1.000000000000e+00 2.434000000000e+03 0.000000000000e+00
     2.000000000000e+00 0.000000000000e+00-9.313225746155e-09 9.860000000000e+02
     5.544180000000e+05 4.000000000000e+00                                      
G28 2026 09 05 14 00 00-4.225536249578e-04 1.068656274583e-11 0.000000000000e+00
     2.190000000000e+02-2.900000000000e+01 4.522331230391e-09-1.630252370646e+00
    -1.458451151848e-06 5.114333471283e-04 8.838251233101e-06 5.153647525787e+03
     5.688000000000e+05 2.793967723846e-08 2.918882587062e+00 1.303851604462e-08
     9.625249928694e-01 2.112812500000e+02-1.442882962667e-01-7.837112161465e-09
     2.585821995580e-10 1.000000000000e+00 2.434000000000e+03 0.000000000000e+00
     2.000000000000e+00 0.000000000000e+00-9.313225746155e-09 9.870000000000e+02
     5.616180000000e+05 4.000000000000e+00                                      
G28 2026 09 05 16 00 00-4.224767908454e-04 1.068656274583e-11 0.000000000000e+00
     2.200000000000e+02-2.712500000000e+01 4.531974489214e-09-5.804408301247e-01
    -1.391395926476e-06 5.112580256537e-04 8.804723620415e-06 5.153647039413e+03
     5.760000000000e+05 7.450580596924e-09 2.918826095017e+00 2.421438694000e-08
     9.625269283101e-01 2.120937500000e+02-1.439027734653e-01-7.829969006781e-09
     2.746542975968e-10 1.000000000000e+00 2.434000000000e+03 0.000000000000e+00
     2.000000000000e+00 0.000000000000e+00-9.313225746155e-09 9.880000000000e+02
     5.688180000000e+05 4.000000000000e+00                                      
G28 2026 09 05 18 00 00-4.223994910717e-04 1.068656274583e-11 0.000000000000e+00
     2.210000000000e+02-2.400000000000e+01 4.618763818624e-09 4.694906331065e-01
    -1.281499862671e-06 5.106410244480e-04 8.812174201012e-06 5.153645862579e+03
     5.832000000000e+05-3.725290298462e-08 2.918769623453e+00 2.235174179077e-08
     9.625287116072e-01 2.085625000000e+02-1.436361873666e-01-7.872113619416e-09
     2.739399821284e-10 1.000000000000e+00 2.434000000000e+03 0.000000000000e+00
     2.000000000000e+00 0.000000000000e+00-9.313225746155e-09 9.890000000000e+02
     5.760180000000e+05 4.000000000000e+00                                      
G28 2026 09 05 20 00 00-4.223221912980e-04 1.068656274583e-11 0.000000000000e+00
     2.220000000000e+02-1.584375000000e+01 4.674480425158e-09 1.517650035873e+00
    -6.519258022308e-07 5.112170474604e-04 8.950009942055e-06 5.153648109436e+03
     5.904000000000e+05 4.656612873077e-08 2.918712281453e+00-2.607703208923e-08
     9.625306704545e-01 2.061875000000e+02-1.415970741322e-01-7.938902115711e-09
     3.382283742837e-10 1.000000000000e+00 2.434000000000e+03 0.000000000000e+00
     2.000000000000e+00 0.000000000000e+00-9.313225746155e-09 9.900000000000e+02
     5.832180000000e+05 4.000000000000e+00                                      
G28 2026 09 05 22 00 00-4.222453571856e-04 1.068656274583e-11 0.000000000000e+00
     2.230000000000e+02-2.312500000000e+01 4.633764443460e-09 2.564982679264e+00
    -1.095235347748e-06 5.104594165459e-04 9.534880518913e-06 5.153651229858e+03
     5.976000000000e+05-6.519258022308e-08 2.918654693683e+00 3.539025783539e-08
     9.625335860502e-01 1.970937500000e+02-1.387327844002e-01-7.893900241202e-09
     4.389468553270e-10 1.000000000000e+00 2.434000000000e+03 0.000000000000e+00
     2.000000000000e+00 0.000000000000e+00-9.313225746155e-09 9.910000000000e+02
     5.904180000000e+05 4.000000000000e+00                                      
G29 2026 09 05 00 00 00-2.491879276931e-04 7.162270776462e-12 0.000000000000e+00
     4.100000000000e+01 9.575000000000e+01 4.419826960677e-09-6.579227135561e-01
     4.850327968597e-06 3.661257796921e-03 8.575618267059e-06 5.153670158386e+03
     5.184000000000e+05-5.587935447693e-09-1.172416176823e+00-6.332993507385e-08
     9.591423254306e-01 2.126875000000e+02 2.902479250905e+00-7.966760418978e-09
    -3.085842823454e-10 1.000000000000e+00 2.434000000000e+03 0.000000000000e+00
     2.000000000000e+00 0.000000000000e+00-9.778887033463e-09 4.100000000000e+01
     5.112180000000e+05 4.000000000000e+00                                      
G29 2026 09 05 02 00 00-2.491362392902e-04 7.162270776462e-12 0.000000000000e+00
     4.200000000000e+01 9.815625000000e+01 4.440899266994e-09 3.921538214093e-01
     4.893168807030e-06 3.661862690933e-03 8.098781108856e-06 5.153671190262e+03
     5.256000000000e+05 1.862645149231e-08-1.172473551007e+00-3.352761268616e-08
     9.591399950021e-01 2.203125000000e+02 2.902585413407e+00-7.979618097409e-09
    -3.214419607765e-10 1.000000000000e+00 2.434000000000e+03 0.000000000000e+00
     2.000000000000e+00 0.000000000000e+00-9.778887033463e-09 4.200000000000e+01
     5.184180000000e+05 4.000000000000e+00                                      
G29 2026 09 05 01 59 44-2.491371706128e-04 7.162270776462e-12 0.000000000000e+00
     3.500000000000e+01 9.815625000000e+01 4.440542109260e-09 3.898194986211e-01
     4.893168807030e-06 3.661864553578e-03 8.098781108856e-06 5.153671186447e+03
     5.255840000000e+05 1.862645149231e-08-1.172473444214e+00-3.352761268616e-08
     9.591400110942e-01 2.203125000000e+02 2.902586024907e+00-7.979618097409e-09
    -3.214419607765e-10 1.000000000000e+00 2.434000000000e+03 0.000000000000e+00
     2.000000000000e+00 0.000000000000e+00-9.778887033463e-09 3.500000000000e+01
     5.196960000000e+05 4.000000000000e+00                                      
G29 2026 09 05 03 59 44-2.490854822099e-04 7.162270776462e-12 0.000000000000e+00
     3.900000000000e+01 8.537500000000e+01 4.563047212089e-09 1.440431818556e+00
     4.528090357780e-06 3.661247785203e-03 7.858499884605e-06 5.153668111801e+03
     5.327840000000e+05 5.587935447693e-08-1.172530952986e+00-2.793967723846e-08
     9.591377026095e-01 2.246875000000e+02 2.902156349775e+00-7.985689778890e-09
    -3.064413359402e-10 1.000000000000e+00 2.434000000000e+03 0.000000000000e+00
     2.000000000000e+00 0.000000000000e+00-9.778887033463e-09 3.900000000000e+01
     5.256180000000e+05 4.000000000000e+00                                      
G29 2026 09 05 06 00 00-2.490342594683e-04 7.162270776462e-12 0.000000000000e+00
     4.400000000000e+01 7.606250000000e+01 4.581976572002e-09 2.492791303015e+00
     4.040077328682e-06 3.660438233055e-03 8.275732398033e-06 5.153669712067e+03
     5.400000000000e+05-2.235174179077e-08-1.172589106906e+00 8.754432201385e-08
     9.591359456449e-01 2.213750000000e+02 2.902315904398e+00-7.958902948826e-09
    -1.939366496685e-10 1.000000000000e+00 2.434000000000e+03 0.000000000000e+00
     2.000000000000e+00 0.000000000000e+00-9.778887033463e-09 4.400000000000e+01
     5.328180000000e+05 4.000000000000e+00                                      
G29 2026 09 05 08 00 00-2.489825710654e-04 7.162270776462e-12 0.000000000000e+00
     4.500000000000e+01 7.187500000000e+01 4.538403328430e-09-2.740342704536e+00
     3.879889845848e-06 3.660877351649e-03 8.743256330490e-06 5.153669004440e+03
     5.472000000000e+05-3.352761268616e-08-1.172646356742e+00 1.862645149231e-08
     9.591348630855e-01 2.140625000000e+02 2.902447862535e+00-7.909972339241e-09
    -1.685784505406e-10 1.000000000000e+00 2.434000000000e+03 0.000000000000e+00
     2.000000000000e+00 0.000000000000e+00-9.778887033463e-09 4.500000000000e+01
     5.400180000000e+05 4.000000000000e+00                                      
G29 2026 09 05 10 00 00-2.489313483238e-04 7.162270776462e-12 0.000000000000e+00
     9.200000000000e+01 7.228125000000e+01 4.464828835185e-09-1.690108687902e+00
     3.535300493240e-06 3.661422990263e-03 9.173527359962e-06 5.153668655396e+03
     5.544000000000e+05-3.725290298462e-08-1.172703455897e+00-5.587935447693e-09
     9.591336152164e-01 2.058437500000e+02 2.902398402738e+00-7.927830225950e-09
    -1.614352958566e-10 1.000000000000e+00 2.434000000000e+03 0.000000000000e+00
     2.000000000000e+00 0.000000000000e+00-9.778887033463e-09 9.200000000000e+01
     5.472180000000e+05 4.000000000000e+00                                      
G29 2026 09 05 12 00 00-2.488801255822e-04 7.162270776462e-12 0.000000000000e+00
     9.500000000000e+01 8.003125000000e+01 4.371253508826e-09-6.398632312491e-01
     4.008412361145e-06 3.660923917778e-03 8.903443813324e-06 5.153668684006e+03
     5.616000000000e+05 1.117587089539e-08-1.172760269784e+00-6.332993507385e-08
     9.591322254442e-01 2.030937500000e+02 2.902335264656e+00-7.943902323989e-09
    -2.200091642648e-10 1.000000000000e+00 2.434000000000e+03 0.000000000000e+00
     2.000000000000e+00 0.000000000000e+00-9.778887033463e-09 9.500000000000e+01
     5.544180000000e+05 4.000000000000e+00                                      
G29 2026 09 05 14 00 00-2.488284371793e-04 7.162270776462e-12 0.000000000000e+00
     9.600000000000e+01 8.412500000000e+01 4.302322066126e-09 4.101958189195e-01
     4.360452294350e-06 3.661290858872e-03 8.720904588699e-06 5.153669269562e+03
     5.688000000000e+05 7.078051567078e-08-1.172817449400e+00-4.097819328308e-08
     9.591306513443e-01 2.096250000000e+02 2.902459340590e+00-7.929258856887e-09
    -2.317953694933e-10 1.000000000000e+00 2.434000000000e+03 0.000000000000e+00
     2.000000000000e+00 0.000000000000e+00-9.778887033463e-09 9.600000000000e+01
     5.616180000000e+05 4.000000000000e+00                                      
G29 2026 09 05 16 00 00-2.487772144377e-04 7.162270776462e-12 0.000000000000e+00
     9.700000000000e+01 7.306250000000e+01 4.296607542379e-09 1.460760760789e+00
     3.898516297340e-06 3.660829272121e-03 8.501112461090e-06 5.153666620255e+03
     5.760000000000e+05-2.235174179077e-08-1.172873490866e+00 9.499490261078e-08
     9.591291342983e-01 2.146250000000e+02 2.902076265251e+00-7.806039438590e-09
    -3.200133298397e-10 1.000000000000e+00 2.434000000000e+03 0.000000000000e+00
     2.000000000000e+00 0.000000000000e+00-9.778887033463e-09 9.700000000000e+01
     5.688180000000e+05 4.000000000000e+00                                      
G29 2026 09 05 18 00 00-2.487259916961e-04 7.162270776462e-12 0.000000000000e+00
     9.900000000000e+01 6.350000000000e+01 4.315179744557e-09 2.510752976082e+00
     3.349035978317e-06 3.659964771941e-03 8.868053555489e-06 5.153668483734e+03
     5.832000000000e+05 1.862645149231e-09-1.172929290950e+00-5.587935447693e-09
     9.591264542324e-01 2.106250000000e+02 2.902267576900e+00-7.814968381945e-09
    -4.025167664390e-10 1.000000000000e+00 2.434000000000e+03 0.000000000000e+00
     2.000000000000e+00 0.000000000000e+00-9.778887033463e-09 9.900000000000e+01
     5.760180000000e+05 4.000000000000e+00                                      
G29 2026 09 05 20 00 00-2.486743032932e-04 7.162270776462e-12 0.000000000000e+00
     1.030000000000e+02 5.778125000000e+01 4.399111812093e-09-2.722384684375e+00
     2.928078174591e-06 3.660009941086e-03 8.966773748398e-06 5.153668502808e+03
     5.904000000000e+05-3.166496753693e-08-1.172985635240e+00 5.029141902924e-08
     9.591232094801e-01 2.059062500000e+02 2.902402140493e+00-7.878185300897e-09
    -4.210889686172e-10 1.000000000000e+00 2.434000000000e+03 0.000000000000e+00
     2.000000000000e+00 0.000000000000e+00-9.778887033463e-09 1.030000000000e+02
     5.832180000000e+05 4.000000000000e+00                                      
G29 2026 09 05 22 00 00-2.486230805516e-04 7.162270776462e-12 0.000000000000e+00
     1.810000000000e+02 5.534375000000e+01 4.427684430829e-09-1.672240239290e+00
     2.812594175339e-06 3.660659072921e-03 9.296461939812e-06 5.153667566299e+03
     5.976000000000e+05-6.332993507385e-08-1.173042507643e+00 1.676380634308e-08
     9.591201285746e-01 1.988125000000e+02 2.902441937717e+00-7.896400345341e-09
    -4.218032840856e-10 1.000000000000e+00 2.434000000000e+03 0.000000000000e+00
     2.000000000000e+00 0.000000000000e+00-9.778887033463e-09 1.810000000000e+02
     5.904180000000e+05 4.000000000000e+00                                      
G30 2026 09 05 00 00 00 3.531486727297e-04 1.227817847393e-11 0.000000000000e+00
     1.200000000000e+01-1.825000000000e+01 5.287005939305e-09 2.777683227690e+00
    -9.387731552124e-07 8.194934576750e-03 7.867813110352e-06 5.153650537491e+03
     5.184000000000e+05-1.117587089539e-08 2.931183915553e+00-7.078051567078e-08
     9.369347710940e-01 2.181875000000e+02-2.257762066247e+00-8.068193215490e-09
     3.189418566371e-10 1.000000000000e+00 2.434000000000e+03 0.000000000000e+00
     2.000000000000e+00 0.000000000000e+00 3.725290298462e-09 1.200000000000e+01
     5.112180000000e+05 4.000000000000e+00                                      
G30 2026 09 05 02 00 00 3.532371483743e-04 1.227817847393e-11 0.000000000000e+00
     1.400000000000e+01-1.043750000000e+01 5.200216609895e-09-2.455270821919e+00
    -8.400529623032e-07 8.193655055948e-03 7.931143045425e-06 5.153652967453e+03
     5.256000000000e+05 1.359730958939e-07 2.931124938010e+00-6.332993507385e-08
     9.369372053897e-01 2.128437500000e+02-2.257793315640e+00-8.138910446860e-09
     4.218032840856e-10 1.000000000000e+00 2.434000000000e+03 0.000000000000e+00
     2.000000000000e+00 0.000000000000e+00 3.725290298462e-09 1.400000000000e+01
     5.184180000000e+05 4.000000000000e+00                                      
G30 2026 09 05 04 00 00 3.533256240189e-04 1.227817847393e-11 0.000000000000e+00
     3.600000000000e+01-1.359375000000e+01 5.111284334080e-09-1.405005165293e+00
    -6.705522537231e-07 8.193350629881e-03 7.888302206993e-06 5.153654150009e+03
     5.328000000000e+05 1.713633537292e-07 2.931066428602e+00 6.146728992462e-08
     9.369402131492e-01 2.094062500000e+02-2.257861439346e+00-8.186412425508e-09
     4.125171829965e-10 1.000000000000e+00 2.434000000000e+03 0.000000000000e+00
     2.000000000000e+00 0.000000000000e+00 3.725290298462e-09 3.600000000000e+01
     5.256180000000e+05 4.000000000000e+00                                      
G30 2026 09 05 06 00 00 3.534145653248e-04 1.227817847393e-11 0.000000000000e+00
     4.600000000000e+01-1.621875000000e+01 5.097712340181e-09-3.548061138645e-01
    -7.376074790955e-07 8.193139103241e-03 8.292496204376e-06 5.153653911591e+03
     5.400000000000e+05 4.656612873077e-08 2.931007044368e+00 9.126961231232e-08
     9.369426020945e-01 2.085937500000e+02-2.257863623483e+00-8.311774790211e-09
     4.068026592493e-10 1.000000000000e+00 2.434000000000e+03 0.000000000000e+00
     2.000000000000e+00 0.000000000000e+00 3.725290298462e-09 4.600000000000e+01
     5.328180000000e+05 4.000000000000e+00                                      
G30 2026 09 05 08 00 00 3.535030409694e-04 1.227817847393e-11 0.000000000000e+00
     4.700000000000e+01-2.278125000000e+01 5.075568560661e-09 6.953855703088e-01
    -1.044943928719e-06 8.192279143259e-03 8.294358849525e-06 5.153652303696e+03
     5.472000000000e+05-1.490116119385e-07 2.930948409149e+00 7.636845111847e-08
     9.369453158075e-01 2.091250000000e+02-2.257857992711e+00-8.214270728776e-09
     2.635824078367e-10 1.000000000000e+00 2.434000000000e+03 0.000000000000e+00
     2.000000000000e+00 0.000000000000e+00 3.725290298462e-09 4.700000000000e+01
     5.400180000000e+05 4.000000000000e+00                                      
G30 2026 09 05 10 00 00 3.535915166140e-04 1.227817847393e-11 0.000000000000e+00
     4.900000000000e+01-2.146875000000e+01 5.098783813383e-09 1.745597871387e+00
    -1.180917024612e-06 8.192363311537e-03 8.426606655121e-06 5.153652145386e+03
     5.544000000000e+05-1.657754182816e-07 2.930889175596e+00-7.078051567078e-08
     9.369472322302e-01 2.077812500000e+02-2.257872184479e+00-8.161411384115e-09
     2.682254583813e-10 1.000000000000e+00 2.434000000000e+03 0.000000000000e+00
     2.000000000000e+00 0.000000000000e+00 3.725290298462e-09 4.900000000000e+01
     5.472180000000e+05 4.000000000000e+00                                      
G30 2026 09 05 12 00 00 3.536804579198e-04 1.227817847393e-11 0.000000000000e+00
     5.000000000000e+01-1.893750000000e+01 5.088426239092e-09 2.795843623549e+00
    -1.085922122002e-06 8.192460983992e-03 8.275732398033e-06 5.153651477814e+03
     5.616000000000e+05-9.313225746155e-09 2.930831001195e+00-4.284083843231e-08
     9.369498479277e-01 2.050625000000e+02-2.257919265572e+00-8.005690612005e-09
     2.607251459631e-10 1.000000000000e+00 2.434000000000e+03 0.000000000000e+00
     2.000000000000e+00 0.000000000000e+00 3.725290298462e-09 5.000000000000e+01
     5.544180000000e+05 4.000000000000e+00                                      
G30 2026 09 05 14 00 00 3.537689335644e-04 1.227817847393e-11 0.000000000000e+00
     5.800000000000e+01-1.025000000000e+01 5.079140138003e-09-2.437114630487e+00
    -6.258487701416e-07 8.191071101464e-03 8.551403880119e-06 5.153654115677e+03
     5.688000000000e+05 7.264316082001e-08 2.930772809240e+00-5.960464477539e-08
     9.369518097009e-01 1.999062500000e+02-2.257948352772e+00-8.051049644248e-09
     3.171560679661e-10 1.000000000000e+00 2.434000000000e+03 0.000000000000e+00
     2.000000000000e+00 0.000000000000e+00 3.725290298462e-09 5.800000000000e+01
     5.616180000000e+05 4.000000000000e+00                                      
G30 2026 09 05 16 00 00 3.538574092090e-04 1.227817847393e-11 0.000000000000e+00
     8.200000000000e+01-1.631250000000e+01 5.096283709244e-09-1.386803698009e+00
    -9.313225746155e-07 8.190702996217e-03 8.745118975639e-06 5.153656017303e+03
     5.760000000000e+05 1.657754182816e-07 2.930715117603e+00 5.774199962616e-08
     9.369537612336e-01 1.961250000000e+02-2.258063263524e+00-8.132124449911e-09
     2.589393572922e-10 1.000000000000e+00 2.434000000000e+03 0.000000000000e+00
     2.000000000000e+00 0.000000000000e+00 3.725290298462e-09 8.200000000000e+01
     5.688180000000e+05 4.000000000000e+00                                      
G30 2026 09 05 18 00 00 3.539458848536e-04 1.227817847393e-11 0.000000000000e+00
     9.900000000000e+01-1.962500000000e+01 5.203788187237e-09-3.365848430583e-01
    -1.056119799614e-06 8.190566324629e-03 8.765608072281e-06 5.153656110764e+03
     5.832000000000e+05-3.725290298462e-08 2.930655809441e+00 3.352761268616e-08
     9.369547267595e-01 1.966875000000e+02-2.258086210857e+00-8.338561620276e-09
     2.660825119761e-10 1.000000000000e+00 2.434000000000e+03 0.000000000000e+00
     2.000000000000e+00 0.000000000000e+00 3.725290298462e-09 9.900000000000e+01
     5.760180000000e+05 4.000000000000e+00                                      
G30 2026 09 05 17 59 44 3.539463505149e-04 1.227817847393e-11 0.000000000000e+00
     1.300000000000e+01-1.962500000000e+01 5.203788187237e-09-3.389178814044e-01
    -1.056119799614e-06 8.190576336347e-03 8.763745427132e-06 5.153656122208e+03
     5.831840000000e+05-3.725290298462e-08 2.930655927937e+00 3.352761268616e-08
     9.369547296853e-01 1.966875000000e+02-2.258087034480e+00-8.338561620276e-09
     2.660825119761e-10 1.000000000000e+00 2.434000000000e+03 0.000000000000e+00
     2.000000000000e+00 0.000000000000e+00 3.725290298462e-09 1.300000000000e+01
     5.776680000000e+05 4.000000000000e+00                                      
G30 2026 09 05 19 59 44 3.540348261595e-04 1.227817847393e-11 0.000000000000e+00
     1.500000000000e+01-2.653125000000e+01 5.309149718825e-09 7.112800669841e-01
    -1.192092895508e-06 8.189618121833e-03 8.847564458847e-06 5.153654310226e+03
     5.903840000000e+05 1.303851604462e-08 2.930595589881e+00 7.264316082001e-08
     9.369567060877e-01 1.980000000000e+02-2.258087112015e+00-8.358205295657e-09
     3.117987019532e-10 1.000000000000e+00 2.434000000000e+03 0.000000000000e+00
     2.000000000000e+00 0.000000000000e+00 3.725290298462e-09 1.500000000000e+01
     5.832180000000e+05 4.000000000000e+00                                      
G30 2026 09 05 22 00 00 3.541237674654e-04 1.227817847393e-11 0.000000000000e+00
     1.600000000000e+01-2.512500000000e+01 5.253433112290e-09 1.763828703825e+00
    -1.236796379089e-06 8.189712301828e-03 9.015202522278e-06 5.153654117584e+03
     5.976000000000e+05-2.272427082062e-07 2.930534634473e+00-4.842877388000e-08
     9.369599888758e-01 1.965312500000e+02-2.258103090006e+00-8.196055684332e-09
     4.818057834305e-10 1.000000000000e+00 2.434000000000e+03 0.000000000000e+00
     2.000000000000e+00 0.000000000000e+00 3.725290298462e-09 1.600000000000e+01
     5.904180000000e+05 4.000000000000e+00                                      
G31 2026 09 05 02 00 00-1.229448243976e-04 2.842170943040e-12 0.000000000000e+00
     3.200000000000e+01-2.471875000000e+01 4.762341227771e-09 3.018476992208e+00
    -1.396983861923e-06 1.105336553883e-02 8.357688784599e-06 5.153650541306e+03
     5.256000000000e+05 3.911554813385e-08 2.967872135239e+00-1.750886440277e-07
     9.553261748841e-01 2.165000000000e+02 1.002191431422e+00-7.756037355802e-09
     3.450143712334e-10 1.000000000000e+00 2.434000000000e+03 0.000000000000e+00
     2.000000000000e+00 0.000000000000e+00-1.350417733192e-08 3.200000000000e+01
     5.184180000000e+05 4.000000000000e+00                                      
G31 2026 09 05 04 00 00-1.229238696396e-04 2.842170943040e-12 0.000000000000e+00
     3.300000000000e+01-2.396875000000e+01 4.688409576792e-09-2.214546431902e+00
    -1.477077603340e-06 1.105388253927e-02 7.672235369682e-06 5.153649358749e+03
     5.328000000000e+05 1.415610313416e-07 2.967815457403e+00-4.470348358154e-08
     9.553290582956e-01 2.213750000000e+02 1.002226702376e+00-7.788895867348e-09
     4.710910514046e-10 1.000000000000e+00 2.434000000000e+03 0.000000000000e+00
     2.000000000000e+00 0.000000000000e+00-1.350417733192e-08 3.300000000000e+01
     5.256180000000e+05 4.000000000000e+00                                      
G31 2026 09 05 06 00 00-1.229033805430e-04 2.842170943040e-12 0.000000000000e+00
     3.800000000000e+01-1.334375000000e+01 4.702695886160e-09-1.164480176862e+00
    -3.539025783539e-07 1.105418091174e-02 7.785856723785e-06 5.153646556854e+03
     5.400000000000e+05 1.862645149231e-07 2.967759633912e+00 2.160668373108e-07
     9.553313711691e-01 2.212187500000e+02 1.002357940757e+00-7.990689987169e-09
     3.625151002090e-10 1.000000000000e+00 2.434000000000e+03 0.000000000000e+00
     2.000000000000e+00 0.000000000000e+00-1.350417733192e-08 3.800000000000e+01
     5.328180000000e+05 4.000000000000e+00                                      
G31 2026 09 05 08 00 00-1.228824257851e-04 2.842170943040e-12 0.000000000000e+00
     4.500000000000e+01-1.128125000000e+01 4.693766942805e-09-1.142746081333e-01
    -4.172325134277e-07 1.105442328844e-02 8.100643754005e-06 5.153647010803e+03
     5.472000000000e+05-4.470348358154e-08 2.967701164003e+00 1.918524503708e-07
     9.553333314793e-01 2.216875000000e+02 1.002351277165e+00-8.147482232481e-09
     3.625151002090e-10 1.000000000000e+00 2.434000000000e+03 0.000000000000e+00
     2.000000000000e+00 0.000000000000e+00-1.350417733192e-08 4.500000000000e+01
     5.400180000000e+05 4.000000000000e+00                                      
G31 2026 09 05 10 00 00-1.228614710271e-04 2.842170943040e-12 0.000000000000e+00
     5.400000000000e+01-1.056250000000e+01 4.685195157184e-09 9.358511540256e-01
    -3.688037395477e-07 1.105578243732e-02 8.946284651756e-06 5.153650022507e+03
     5.544000000000e+05-1.806765794754e-07 2.967643671322e+00-5.587935447693e-09
     9.553353210479e-01 2.105312500000e+02 1.002422642698e+00-8.101051727036e-09
     1.757216052245e-10 1.000000000000e+00 2.434000000000e+03 0.000000000000e+00
     2.000000000000e+00 0.000000000000e+00-1.350417733192e-08 5.400000000000e+01
     5.472180000000e+05 4.000000000000e+00                                      
G31 2026 09 05 12 00 00-1.228409819305e-04 2.842170943040e-12 0.000000000000e+00
     5.500000000000e+01-2.231250000000e+01 4.643050544549e-09 1.985902046963e+00
    -1.424923539162e-06 1.105613261461e-02 8.825212717056e-06 5.153653110504e+03
     5.616000000000e+05-1.173466444016e-07 2.967585167765e+00-2.570450305939e-07
     9.553375242025e-01 2.105312500000e+02 1.002567481828e+00-7.909615181506e-09
     2.525105180766e-10 1.000000000000e+00 2.434000000000e+03 0.000000000000e+00
     2.000000000000e+00 0.000000000000e+00-1.350417733192e-08 5.500000000000e+01
     5.544180000000e+05 4.000000000000e+00                                      
G31 2026 09 05 14 00 00-1.228200271726e-04 2.842170943040e-12 0.000000000000e+00
     5.900000000000e+01-2.759375000000e+01 4.669837374614e-09 3.036134925446e+00
    -1.454725861549e-06 1.105687767267e-02 8.702278137207e-06 5.153651533127e+03
     5.688000000000e+05 7.823109626770e-08 2.967529230167e+00-1.620501279831e-07
     9.553399497207e-01 2.070312500000e+02 1.002529225058e+00-7.748894201118e-09
     2.350097891010e-10 1.000000000000e+00 2.434000000000e+03 0.000000000000e+00
     2.000000000000e+00 0.000000000000e+00-1.350417733192e-08 5.900000000000e+01
     5.616180000000e+05 4.000000000000e+00                                      
G31 2026 09 05 16 00 00-1.227990724146e-04 2.842170943040e-12 0.000000000000e+00
     6.000000000000e+01-2.653125000000e+01 4.694124100539e-09-2.196886078998e+00
    -1.385807991028e-06 1.105729094706e-02 8.447095751762e-06 5.153650558472e+03
     5.760000000000e+05 1.713633537292e-07 2.967472539165e+00-3.725290298462e-09
     9.553420899698e-01 2.111875000000e+02 1.002561134227e+00-7.778895450791e-09
     3.771585673111e-10 1.000000000000e+00 2.434000000000e+03 0.000000000000e+00
     2.000000000000e+00 0.000000000000e+00-1.350417733192e-08 6.000000000000e+01
     5.688180000000e+05 4.000000000000e+00                                      
G31 2026 09 05 18 00 00-1.227785833180e-04 2.842170943040e-12 0.000000000000e+00
     6.200000000000e+01-1.512500000000e+01 4.806628786811e-09-1.146830248712e+00
    -6.165355443954e-07 1.105758198537e-02 8.540228009224e-06 5.153647552490e+03
     5.832000000000e+05 1.639127731323e-07 2.967416753710e+00 2.551823854446e-07
     9.553438176761e-01 2.106875000000e+02 1.002702569147e+00-7.974617889130e-09
     2.867976605595e-10 1.000000000000e+00 2.434000000000e+03 0.000000000000e+00
     2.000000000000e+00 0.000000000000e+00-1.350417733192e-08 6.200000000000e+01
     5.760180000000e+05 4.000000000000e+00                                      
G31 2026 09 05 20 00 00-1.227576285601e-04 2.842170943040e-12 0.000000000000e+00
     8.900000000000e+01-1.306250000000e+01 4.914490422538e-09-9.662703820685e-02
    -5.252659320831e-07 1.105779514182e-02 8.635222911835e-06 5.153647922516e+03
     5.904000000000e+05-6.519258022308e-08 2.967357893201e+00 1.173466444016e-07
     9.553450318981e-01 2.108437500000e+02 1.002699001090e+00-8.211413466902e-09
     3.264421690552e-10 1.000000000000e+00 2.434000000000e+03 0.000000000000e+00
     2.000000000000e+00 0.000000000000e+00-1.350417733192e-08 8.900000000000e+01
     5.832180000000e+05 4.000000000000e+00                                      
G31 2026 09 05 22 00 00-1.227366738021e-04 2.842170943040e-12 0.000000000000e+00
     9.000000000000e+01-1.271875000000e+01 4.883060541929e-09 9.534728668749e-01
    -4.731118679047e-07 1.105957583059e-02 9.570270776749e-06 5.153651912689e+03
     5.976000000000e+05-1.378357410431e-07 2.967298940528e+00 1.061707735062e-07
     9.553472643111e-01 1.960000000000e+02 1.002797524233e+00-8.189984002850e-09
     3.096557555480e-10 1.000000000000e+00 2.434000000000e+03 0.000000000000e+00
     2.000000000000e+00 0.000000000000e+00-1.350417733192e-08 9.000000000000e+01
     5.904180000000e+05 4.000000000000e+00                                      
G31 2026 09 05 21 59 44-1.227343454957e-04 2.955857780762e-12 0.000000000000e+00
     1.000000000000e+00-1.271875000000e+01 4.883060541929e-09 9.511391438831e-01
    -4.731118679047e-07 1.105957396794e-02 9.570270776749e-06 5.153651901245e+03
     5.975840000000e+05-1.378357410431e-07 2.967299054636e+00 1.061707735062e-07
     9.553472482190e-01 1.960000000000e+02 1.002797562269e+00-8.189984002850e-09
     3.096557555480e-10 1.000000000000e+00 2.434000000000e+03 0.000000000000e+00
     2.000000000000e+00 0.000000000000e+00-1.350417733192e-08 1.000000000000e+00
     5.917260000000e+05 4.000000000000e+00                                      
G31 2026 09 05 23 59 44-1.227138563991e-04 2.955857780762e-12 0.000000000000e+00
     3.400000000000e+01-2.731250000000e+01 4.707338936704e-09 2.001155476844e+00
    -1.486390829086e-06 1.106000295840e-02 9.471550583839e-06 5.153655708313e+03
     6.047840000000e+05-1.713633537292e-07 2.967239813768e+00-2.849847078323e-07
     9.553512961133e-01 1.961875000000e+02 1.002976758031e+00-7.867827726606e-09
     4.793056792911e-10 1.000000000000e+00 2.434000000000e+03 0.000000000000e+00
     2.000000000000e+00 0.000000000000e+00-1.350417733192e-08 3.400000000000e+01
     5.976180000000e+05 4.000000000000e+00                                      
G32 2026 09 05 00 00 00 2.520349808037e-04 1.875832822407e-11 0.000000000000e+00
     9.200000000000e+01-8.387500000000e+01 4.255177245212e-09 2.121037890313e-01
    -4.503875970840e-06 9.514892590232e-03 7.901340723038e-06 5.153594890594e+03
     5.184000000000e+05-1.322478055954e-07 1.888014112349e+00 1.080334186554e-07
     9.697839338620e-01 2.353437500000e+02-1.974973760716e+00-7.977832308738e-09
     2.596536727606e-10 1.000000000000e+00 2.434000000000e+03 0.000000000000e+00
     2.000000000000e+00 0.000000000000e+00 9.313225746155e-10 9.200000000000e+01
     5.112180000000e+05 4.000000000000e+00                                      
G32 2026 09 05 02 00 00 2.521700225770e-04 1.875832822407e-11 0.000000000000e+00
     9.400000000000e+01-1.010000000000e+02 4.075169747177e-09 1.262096879150e+00
    -5.196779966354e-06 9.516743943095e-03 8.311122655869e-06 5.153600341797e+03
     5.256000000000e+05-2.216547727585e-07 1.887956599188e+00 1.862645149231e-09
     9.697857844534e-01 2.232500000000e+02-1.974741367402e+00-7.931044645558e-09
     2.721541934574e-10 1.000000000000e+00 2.434000000000e+03 0.000000000000e+00
     2.800000000000e+00 0.000000000000e+00 9.313225746155e-10 9.400000000000e+01
     5.184180000000e+05 4.000000000000e+00                                      
G32 2026 09 05 01 59 44 2.521704882383e-04 1.875832822407e-11 0.000000000000e+00
     2.000000000000e+00-1.010000000000e+02 4.075169747177e-09 1.259763020106e+00
    -5.196779966354e-06 9.516747901216e-03 8.311122655869e-06 5.153600347519e+03
     5.255840000000e+05-2.216547727585e-07 1.887956711832e+00 1.862645149231e-09
     9.697857786017e-01 2.232500000000e+02-1.974741395197e+00-7.931044645558e-09
     2.721541934574e-10 1.000000000000e+00 2.434000000000e+03 0.000000000000e+00
     2.000000000000e+00 0.000000000000e+00 9.313225746155e-10 2.000000000000e+00
     5.189280000000e+05 4.000000000000e+00                                      
G32 2026 09 05 03 59 44 2.523055300117e-04 1.875832822407e-11 0.000000000000e+00
     4.100000000000e+01-1.025937500000e+02 3.973379792931e-09 2.310167778298e+00
    -5.234032869339e-06 9.517609258182e-03 8.990988135338e-06 5.153596828461e+03
     5.327840000000e+05 5.401670932770e-08 1.887900349987e+00-1.564621925354e-07
     9.697893115489e-01 2.081875000000e+02-1.974923336856e+00-7.624960467352e-09
     3.185846989029e-10 1.000000000000e+00 2.434000000000e+03 0.000000000000e+00
     2.000000000000e+00 0.000000000000e+00 9.313225746155e-10 4.100000000000e+01
     5.256180000000e+05 4.000000000000e+00                                      
G32 2026 09 05 06 00 00 2.524410374463e-04 1.875832822407e-11 0.000000000000e+00
     4.200000000000e+01-9.437500000000e+01 3.903376877029e-09-2.920481170312e+00
    -4.770234227180e-06 9.516453137621e-03 9.186565876007e-06 5.153598964691e+03
     5.400000000000e+05-3.725290298462e-09 1.887846167891e+00-5.401670932770e-08
     9.697916507549e-01 2.044687500000e+02-1.974902902816e+00-7.539599768879e-09
     2.571535686212e-10 1.000000000000e+00 2.434000000000e+03 0.000000000000e+00
     2.000000000000e+00 0.000000000000e+00 9.313225746155e-10 4.200000000000e+01
     5.328180000000e+05 4.000000000000e+00                                      
G32 2026 09 05 08 00 00 2.525765448809e-04 1.875832822407e-11 0.000000000000e+00
     4.400000000000e+01-8.178125000000e+01 4.114099940205e-09-1.870454074663e+00
    -4.289671778679e-06 9.518493548967e-03 8.586794137955e-06 5.153593805313e+03
     5.472000000000e+05 2.663582563400e-07 1.887792689457e+00-9.499490261078e-08
     9.697926733346e-01 2.203125000000e+02-1.974706210554e+00-7.652461612885e-09
     7.000291590243e-11 1.000000000000e+00 2.434000000000e+03 0.000000000000e+00
     2.000000000000e+00 0.000000000000e+00 9.313225746155e-10 4.400000000000e+01
     5.400180000000e+05 4.000000000000e+00                                      
G32 2026 09 05 10 00 00 2.527115866542e-04 1.875832822407e-11 0.000000000000e+00
     4.600000000000e+01-8.590625000000e+01 4.263034715364e-09-8.199833110705e-01
    -4.513189196587e-06 9.519168874249e-03 7.728114724159e-06 5.153598377228e+03
     5.544000000000e+05-3.539025783539e-08 1.887736700656e+00 1.695007085800e-07
     9.697911138640e-01 2.373750000000e+02-1.974951091337e+00-8.046406593704e-09
    -4.285892810353e-12 1.000000000000e+00 2.434000000000e+03 0.000000000000e+00
     2.000000000000e+00 0.000000000000e+00 9.313225746155e-10 4.600000000000e+01
     5.472180000000e+05 4.000000000000e+00                                      
G32 2026 09 05 12 00 00 2.528466284275e-04 1.875832822407e-11 0.000000000000e+00
     5.100000000000e+01-9.603125000000e+01 4.346252467432e-09 2.302212409302e-01
    -4.939734935760e-06 9.517632774077e-03 7.497146725655e-06 5.153595458984e+03
     5.616000000000e+05-8.009374141693e-08 1.887678554052e+00 9.126961231232e-08
     9.697910363293e-01 2.429062500000e+02-1.974929634718e+00-8.071764792831e-09
    -1.285767843106e-11 1.000000000000e+00 2.434000000000e+03 0.000000000000e+00
     2.000000000000e+00 0.000000000000e+00 9.313225746155e-10 5.100000000000e+01
     5.544180000000e+05 4.000000000000e+00                                      
G32 2026 09 05 14 00 00 2.529821358621e-04 1.875832822407e-11 0.000000000000e+00
     5.200000000000e+01-1.160937500000e+02 4.230176203818e-09 1.280183116765e+00
    -6.005167961121e-06 9.519555838779e-03 8.191913366318e-06 5.153601419449e+03
     5.688000000000e+05-2.477318048477e-07 1.887620057809e+00 1.490116119385e-08
     9.697912952658e-01 2.311562500000e+02-1.974665216664e+00-7.988189883030e-09
     7.321733551020e-11 1.000000000000e+00 2.434000000000e+03 0.000000000000e+00
     2.000000000000e+00 0.000000000000e+00 9.313225746155e-10 5.200000000000e+01
     5.616180000000e+05 4.000000000000e+00                                      
G32 2026 09 05 16 00 00 2.531171776354e-04 1.875832822407e-11 0.000000000000e+00
     7.000000000000e+01-1.210312500000e+02 4.190174537588e-09 2.330560031237e+00
    -6.284564733505e-06 9.520550258458e-03 8.590519428253e-06 5.153598320007e+03
     5.760000000000e+05 1.676380634308e-08 1.887563299514e+00-1.639127731323e-07
     9.697933696836e-01 2.168750000000e+02-1.974818988372e+00-7.691748963647e-09
     1.232194182976e-10 1.000000000000e+00 2.434000000000e+03 0.000000000000e+00
     2.000000000000e+00 0.000000000000e+00 9.313225746155e-10 7.000000000000e+01
     5.688180000000e+05 4.000000000000e+00                                      
G32 2026 09 05 18 00 00 2.532522194088e-04 1.875832822407e-11 0.000000000000e+00
     7.400000000000e+01-1.114687500000e+02 4.171959493144e-09-2.902413140174e+00
    -5.735084414482e-06 9.519085520878e-03 8.841976523399e-06 5.153600973129e+03
     5.832000000000e+05 1.303851604462e-07 1.887507664739e+00-1.098960638046e-07
     9.697943088771e-01 2.103437500000e+02-1.974806821282e+00-7.711392639028e-09
     1.800074980348e-10 1.000000000000e+00 2.434000000000e+03 0.000000000000e+00
     2.000000000000e+00 0.000000000000e+00 9.313225746155e-10 7.400000000000e+01
     5.760180000000e+05 4.000000000000e+00                                      
G32 2026 09 05 20 00 00 2.533872611821e-04 1.875832822407e-11 0.000000000000e+00
     7.500000000000e+01-9.556250000000e+01 4.264820504035e-09-1.852415809057e+00
    -4.896894097328e-06 9.521121275611e-03 8.052214980125e-06 5.153595443726e+03
     5.904000000000e+05 1.899898052216e-07 1.887452108962e+00-1.862645149231e-09
     9.697957337593e-01 2.251250000000e+02-1.974579533552e+00-7.743179677371e-09
     1.910793877949e-10 1.000000000000e+00 2.434000000000e+03 0.000000000000e+00
     2.000000000000e+00 0.000000000000e+00 9.313225746155e-10 7.500000000000e+01
     5.832180000000e+05 4.000000000000e+00                                      
G32 2026 09 05 22 00 00 2.535223029554e-04 1.875832822407e-11 0.000000000000e+00
     7.900000000000e+01-9.653125000000e+01 4.279821128872e-09-8.019684302099e-01
    -4.874542355537e-06 9.521951084025e-03 7.553026080132e-06 5.153599681854e+03
     5.976000000000e+05-5.960464477539e-08 1.887395638861e+00 1.732259988785e-07
     9.697955596720e-01 2.419375000000e+02-1.974800995942e+00-8.044977962767e-09
     1.428630936784e-10 1.000000000000e+00 2.434000000000e+03 0.000000000000e+00
     2.000000000000e+00 0.000000000000e+00 9.313225746155e-10 7.900000000000e+01
     5.904180000000e+05 4.000000000000e+00                                      
