#dP2026  9  5  0  0  0.00000000     289 d     IGc20 FIT AIUB
## 2434 518400.00000000   300.00000000 61288 0.0000000000000
%c M  cc GPS ccc cccc cccc cccc cccc ccccc ccccc ccccc ccccc
%c cc cc ccc ccc cccc cccc cccc cccc ccccc ccccc ccccc ccccc
/* Center for Orbit Determination in Europe (CODE)                              
/* Rapid GNSS orbits and clocks for year-day 2026-248                           
/* Middle day of a 3-day long-arc GRE solution                                  
/* Product reference - DOI 10.48620/97772                                       
/* PCV:IGS20_2425 OL/AL:FES2014b NONE     YN ORB:CoN CLK:CoN                    
*  2026  9  5  0  0  0.00000000
PG04   -692.120407 -24406.953952  10252.002729     64.724916
PG05  -3754.483100  15353.634213  21168.046936   -236.533766
PG06 -25955.847374   4873.559325  -3467.282812   -532.221978
PG07 -15853.065213  -9773.127122  19707.241675   -221.761971
PG09  -9130.163890 -17257.090718  17858.740302    685.920281
PG11 -22234.066699  11858.764742   8315.660105   -220.097587
PG13   5312.997871  19991.205701 -16718.299370    438.042784
PG14 -22151.674713 -11028.753004  -9962.104903    749.979439
PG15   -964.562772  26535.925581   -422.288832    442.118392
PG17 -14610.590014  -3968.247502 -21460.175919   -197.223510
PG18  17343.189972   8221.266924  18550.052422   -263.876579
PG19 -16706.069734   7825.087849 -18926.057243    704.953274
PG20 -10772.211687  22718.502564   8637.277931    278.127843
PG21 -14601.390940   6393.123912  21255.138962    369.598879
PG22 -20045.838799  -5278.500836 -16109.182199     73.920938
PG24  -5305.121372  17895.414476 -19342.864939    193.045874
PG25  16461.279687  20254.761177  -6047.781674    391.613200
PG26  19285.941716  -2420.639698  18018.540879   -391.766297
PG28  25492.008836  -3892.437796  -6411.131688   -423.093250
PG29   6631.471156  19189.331667  17004.753157   -249.187898
PG30 -24474.725172   -424.605920  10821.758312    353.150173
PG31  24736.584019  -9435.770615   3273.332252   -122.964343
*  2026  9  5  0  5  0.00000000
PG04   -531.603810 -24752.158023   9390.266706     64.725017
PG05  -4397.878112  14842.503526  21405.965537   -236.534047
PG06 -25826.074008   4776.967431  -4417.498663   -532.218729
PG07 -15181.880233 -10021.707176  20109.028568   -221.762964
PG09  -8957.166161 -17913.084363  17292.427854    685.917571
PG11 -22542.410688  11861.476566   7424.824424   -220.093984
PG13   4784.494806  19618.390161 -17312.311643    438.044260
PG14 -22362.165613 -11340.329097  -9125.555739    749.979368
PG15  -1063.988024  26510.423680    519.931246    442.119296
PG17 -14382.751058  -4780.864155 -21440.292121   -197.224932
PG18  16674.507553   8457.040344  19043.480052   -263.873897
PG19 -16529.805587   7110.912380 -19374.981567    704.953567
PG20 -10781.229615  22367.494964   9504.132266    278.130583
PG21 -15173.854620   5827.704324  21016.499189    369.596482
PG22 -20417.505046  -5783.010778 -15459.372987     73.923676
PG24  -5963.826221  18135.643884 -18898.868380    193.051098
PG25  16229.276742  20166.314706  -6942.034312    391.612144
PG26  19809.355423  -1965.725135  17518.383078   -391.766663
PG28  25271.132408  -3732.211204  -7315.846651   -423.090050
PG29   6395.844463  19787.308159  16394.826388   -249.185832
PG30 -24106.424226   -637.394532  11616.557157    353.153871
PG31  24872.341665  -9389.799702   2337.924930   -122.963720
*  2026  9  5  0 10  0.00000000
PG04   -384.780181 -25068.099983   8510.384190     64.725098
PG05  -5057.041209  14338.099062  21602.237362   -236.533821
PG06 -25664.126916   4667.206610  -5359.324661   -532.215453
PG07 -14501.883341 -10286.617515  20474.638798   -221.764013
PG09  -8799.404540 -18550.202791  16692.632038    685.914939
PG11 -22818.220105  11859.863262   6519.727655   -220.090383
PG13   4232.751204  19241.202347 -17873.322913    438.045769
PG14 -22554.216894 -11627.107683  -8271.771826    749.979280
PG15  -1163.735859  26451.069103   1461.152765    442.120250
PG17 -14168.910958  -5595.959692 -21377.925715   -197.226392
PG18  15993.040278   8710.442221  19500.968954   -263.871218
PG19 -16361.026878   6378.793767 -19786.315917    704.953529
PG20 -10790.877164  21984.901593  10352.843808    278.133350
PG21 -15748.936922   5279.036925  20737.666414    369.594103
PG22 -20780.007390  -6262.762253 -14778.920760     73.926296
PG24  -6603.759466  18379.408533 -18419.901759    193.056271
PG25  15970.545654  20060.670615  -7823.348464    391.611091
PG26  20323.612976  -1530.673251  16984.523275   -391.767037
PG28  25021.380002  -3556.336901  -8206.572218   -423.086832
PG29   6176.678987  20366.480531  15753.228538   -249.183356
PG30 -23714.220516   -865.935398  12389.625165    353.157567
PG31  24975.244882  -9335.821748   1398.104387   -122.962918
*  2026  9  5  0 15  0.00000000
PG04   -250.559265 -25353.729653   7614.050246     64.725184
PG05  -5730.679549  13841.819945  21756.476701   -236.533828
PG06 -25470.822559   4543.039645  -6290.968575   -532.212214
PG07 -13814.689103 -10567.860009  20803.417404   -221.765042
PG09  -8656.249926 -19166.867372  16060.516963    685.912293
PG11 -23061.303553  11852.491847   5602.104206   -220.086801
PG13   3658.399283  18861.192691 -18400.271937    438.047236
PG14 -22726.514219 -11889.536442  -7402.377304    749.979190
PG15  -1265.138536  26357.876278   2399.562328    442.121219
PG17 -13969.439542  -6411.680808 -21273.170927   -197.227885
PG18  15300.505586   8981.628069  19921.634650   -263.868551
PG19 -16200.780629   5630.170670 -20159.318656    704.953502
PG20 -10802.513542  21571.335670  11181.796453    278.136061
PG21 -16325.063943   4747.989507  20419.177517    369.591715
PG22 -21131.722933  -6717.473985 -14069.182612     73.928890
PG24  -7223.891949  18625.463810 -17906.784951    193.061437
PG25  15684.749050  19939.186240  -8690.094784    391.610046
PG26  20827.155254  -1115.682348  16418.036656   -391.767430
PG28  24743.814818  -3363.826515  -9081.604719   -423.083617
PG29   5973.432833  20925.287540  15081.190455   -249.181574
PG30 -23299.378818  -1110.929175  13139.523530    353.161236
PG31  25045.588347  -9272.504031    455.647842   -122.962003
*  2026  9  5  0 20  0.00000000
PG04   -127.788752 -25608.090567   6702.993118     64.725299
PG05  -6417.419444  13354.996030  21868.380859   -236.533885
PG06 -25247.074384   4403.287682  -7210.656111   -532.208950
PG07 -13121.916597 -10865.342130  21094.771527   -221.765877
PG09  -8526.984478 -19761.559764  15397.309777    685.909662
PG11 -23271.579504  11837.931843   4673.713768   -220.083204
PG13   3062.170214  18479.885139 -18892.162554    438.048702
PG14 -22877.791990 -12128.153958  -6519.022961    749.979105
PG15  -1369.522060  26230.967492   3333.343829    442.122153
PG17 -13784.606009  -7226.157895 -21126.209114   -197.229268
PG18  14598.641799   9270.651690  20304.660219   -263.865914
PG19 -16050.036698   4866.545933 -20493.325362    704.953564
PG20 -10817.465927  21127.512934  11989.412349    278.138772
PG21 -16900.624499   4235.334692  20061.644994    369.589318
PG22 -21471.038324  -7146.974572 -13331.574775     73.931514
PG24  -7823.271878  18872.514541 -17360.402510    193.066600
PG25  15371.644615  19803.251142  -9540.673145    391.608979
PG26  21318.435072   -720.851421  15820.058038   -391.767829
PG28  24439.581541  -3153.763845  -9939.270375   -423.080413
PG29   5785.474289  21462.223317  14380.003040   -249.179204
PG30 -22863.221929  -1372.997198  13864.856602    353.164925
PG31  25083.769186  -9198.541271   -487.667073   -122.961201
*  2026  9  5  0 25  0.00000000
PG04    -15.260115 -25830.324066   5778.970825     64.725386
PG05  -7115.811646  12878.882442  21937.730783   -236.534234
PG06 -24993.888952   4246.836101  -8116.634245   -532.205684
PG07 -12425.183561 -11178.876826  21348.171291   -221.766558
PG09  -8410.805418 -20332.827978  14704.298192    685.907016
PG11 -23449.076256  11814.762180   3736.337926   -220.079579
PG13   2444.891776  18098.770695 -19348.065492    438.050187
PG14 -23006.838866 -12343.586538  -5623.383172    749.979042
PG15  -1478.199533  26070.572950   4260.682044    442.123081
PG17 -13614.577879  -8037.512634 -20937.308575   -197.230720
PG18  13889.201366   9577.464247  20649.297941   -263.863268
PG19 -15909.683652   4089.480685 -20787.749694    704.953509
PG20 -10837.023133  20654.249044  12774.154848    278.141557
PG21 -17473.976642   3741.747356  19665.755760    369.586935
PG22 -21796.357076  -7551.202282 -12567.569450     73.934012
PG24  -8401.028285  19119.220237 -16781.702693    193.071803
PG25  15031.086618  19654.280901 -10373.515267    391.607927
PG26  21795.923530   -346.180843  15191.779327   -391.768235
PG28  24109.901450  -2925.309630 -10777.928494   -423.077193
PG29   5612.085269  21975.843538  13651.014746   -249.176868
PG30 -22407.125338  -1652.678161  14564.274259    353.168610
PG31  25090.284738  -9112.661804  -1430.065507   -122.960320
*  2026  9  5  0 30  0.00000000
PG04     88.285309 -26019.672990   4843.767688     64.725454
PG05  -7824.336972  12414.654463  21964.391525   -236.534414
PG06 -24712.361680   4072.640145  -9007.174519   -532.202423
PG07 -11726.100562 -11508.182768  21563.150604   -221.767777
PG09  -8306.829228 -20879.292175  13982.827874    685.904365
PG11 -23593.931425  11781.578066   2791.776707   -220.075985
PG13   1807.485600  17719.301133 -19767.120047    438.051647
PG14 -23112.503075 -12536.544682  -4717.152833    749.978944
PG15  -1592.464500  25877.030389   5179.766275    442.123798
PG17 -13459.420444  -8843.865641 -20706.824158   -197.231919
PG18  13173.944052   9901.913775  20954.870828   -263.860575
PG19 -15780.525032   3300.588213 -21042.084092    704.953403
PG20 -10862.429460  20152.456564  13534.531369    278.144277
PG21 -18043.454325   3267.802476  19232.269821    369.584539
PG22 -22106.106806  -7930.204344 -11778.691501     73.936890
PG24  -8956.374174  19364.200579 -16171.696378    193.076957
PG25  14663.027051  19493.710845 -11187.087267    391.606856
PG26  22258.116275      8.426530  14534.446887   -391.768628
PG28  23756.067207  -2677.705996 -11595.974601   -423.074004
PG29   5452.465139  22464.771324  12895.628951   -249.174874
PG30 -21932.511694  -1950.425138  15236.474209    353.172278
PG31  25065.729932  -9013.633593  -2369.778544   -122.959485
*  2026  9  5  0 35  0.00000000
PG04    184.149998 -26175.484934   3899.190794     64.725541
PG05  -8541.412256  11963.402794  21948.312511   -236.534246
PG06 -24403.672230   3879.730239  -9880.576311   -532.199168
PG07 -11026.265191 -11852.884950  21739.307916   -221.768751
PG09  -8214.096198 -21399.650145  13234.299727    685.901729
PG11 -23706.390983  11736.997810   1841.845099   -220.072363
PG13   1150.964017  17342.882900 -20148.535637    438.053124
PG14 -23193.697476 -12707.819222  -3802.044258    749.978884
PG15  -1713.584332  25650.784221   6088.794055    442.124912
PG17 -13319.096701  -9643.344154 -20435.196639   -197.233514
PG18  12454.630093  10243.745140  21220.774042   -263.857919
PG19 -15663.276039   2501.527639 -21255.900295    704.953576
PG20 -10894.878742  19623.141550  14269.096188    278.146992
PG21 -18607.374179   2813.973420  18762.018807    369.582138
PG22 -22398.746382  -8284.135740 -10966.515046     73.939565
PG24  -9488.609352  19606.041119 -15531.455848    193.082162
PG25  14267.516381  19322.989725 -11979.892144    391.605790
PG26  22703.539651    343.163836  13849.358842   -391.769016
PG28  23379.437362  -2410.280555 -12391.843506   -423.070790
PG29   5305.734930  22927.702879  12115.301216   -249.172645
PG30 -21440.845098  -2266.602959  15880.204204    353.175950
PG31  25010.794286  -8900.270057  -3305.046319   -122.958513
*  2026  9  5  0 40  0.00000000
PG04    273.673729 -26297.215078   2947.066405     64.725644
PG05  -9265.396599  11526.129208  21889.527636   -236.534312
PG06 -24069.079537   3667.217012 -10735.170050   -532.195901
PG07 -10327.256309 -12212.515655  21876.306903   -221.769820
PG09  -8131.575336 -21892.682462  12460.167060    685.899106
PG11 -23786.807828  11679.669557    888.369515   -220.068752
PG13    476.426515  16970.871226 -20491.593221    438.054610
PG14 -23249.404356 -12858.277137  -2879.784077    749.978831
PG15  -1842.793687  25392.384227   6985.974897    442.125876
PG17 -13193.467795 -10434.089695 -20122.951895   -197.235193
PG18  11733.013342  10602.600436  21446.476197   -263.855246
PG19 -15558.560637   1693.997435 -21428.849706    704.953721
PG20 -10935.508632  19067.399758  14976.453121    278.149729
PG21 -19164.042389   2380.630675  18255.904371    369.579772
PG22 -22672.772919  -8613.257492 -10132.659924     73.942186
PG24  -9997.122936  19843.299182 -14862.113465    193.087352
PG25  13844.703911  19143.573370 -12750.472198    391.604725
PG26  23130.756691    658.318268  13137.862300   -391.769409
PG28  22981.430591  -2122.450130 -13164.012288   -423.067591
PG29   5170.941897  23363.412826  11311.536426   -249.170820
PG30 -20933.625260  -2601.485955  16494.264185    353.179663
PG31  24926.258548  -8771.435699  -4234.121082   -122.957710
*  2026  9  5  0 45  0.00000000
PG04    358.226883 -26384.428543   1989.236317     64.725734
PG05  -9994.597877  11103.742616  21788.155176   -236.534579
PG06 -23709.916523   3434.295978 -11569.320401   -532.192634
PG07  -9630.628370 -12586.515782  21973.877092   -221.770743
PG09  -8058.169590 -22357.257282  11661.932646    685.896489
PG11 -23835.639910  11608.277909    -66.815763   -220.065120
PG13   -214.944168  16604.564486 -20795.646587    438.056092
PG14 -23278.679952 -12988.857072  -1952.110123    749.978764
PG15  -1981.288062  25102.483779   7869.534078    442.126752
PG17 -13082.293951 -11214.265689 -19770.699859   -197.236294
PG18  11010.834443  10978.019839  21631.520540   -263.852599
PG19 -15466.909087    879.728800 -21560.663574    704.953680
PG20 -10985.395143  18486.412480  15655.258125    278.152454
PG21 -19711.761617   1968.041032  17714.896451    369.577311
PG22 -22926.728614  -8917.934470  -9278.788082     73.944602
PG24 -10481.395509  20074.509946 -14164.860209    193.092547
PG25  13394.837751  18956.918346 -13497.411375    391.603652
PG26  23538.372954    954.268747  12401.350527   -391.769801
PG28  22563.519692  -1813.724100 -13911.003208   -423.064383
PG29   5047.064428  23770.759209  10485.885826   -249.168333
PG30 -20412.381516  -2955.256078  17077.508332    353.183347
PG31  24812.990988  -8626.051504  -5155.270225   -122.956682
*  2026  9  5  0 50  0.00000000
PG04    439.203620 -26436.802297   1027.554191     64.725839
PG05 -10727.279495  10697.055571  21644.397511   -236.534840
PG06 -23327.584497   3180.251866 -12381.429386   -532.189388
PG07  -8937.905832 -12974.236530  22031.814424   -221.771614
PG09  -7992.721371 -22792.334773  10841.145688    685.893818
PG11 -23853.447913  11521.550406  -1021.872167   -220.061509
PG13   -921.886310  16245.198813 -21060.123510    438.057562
PG14 -23280.658670 -13100.564580  -1020.768309    749.978649
PG15  -2130.217479  24781.837612   8737.716452    442.127652
PG17 -12985.235894 -11982.064999 -19379.133258   -197.237676
PG18  10289.814053  11369.442890  21775.526000   -263.849942
PG19 -15388.755919     60.478927 -21651.153028    704.953643
PG20 -11045.547463  17881.442031  16304.221785    278.155187
PG21 -20248.837968   1576.367218  17140.031415    369.574937
PG22 -23159.207366  -9198.632725  -8406.599867     73.947299
PG24 -10941.000919  20298.192675 -13440.944095    193.097724
PG25  12918.264404  18764.475634 -14219.337537    391.602590
PG26  23925.042162   1231.483211  11641.260055   -391.770192
PG28  22127.225366  -1483.707340 -14631.386531   -423.061161
PG29   4933.017255  24148.688154   9639.943953   -249.166185
PG30 -19878.666751  -3328.001401  17628.847038    353.187017
PG31  24671.943366  -8463.100090  -6066.779243   -122.956023
*  2026  9  5  0 55  0.00000000
PG04    518.014932 -26454.126581     63.881838     64.725928
PG05 -11461.667344  10306.781208  21458.540680   -236.534741
PG06 -22923.547285   2904.462570 -13169.939451   -532.186166
PG07  -8250.577673 -13374.941425  22049.981748   -221.772850
PG09  -7934.018347 -23196.971144   9999.398687    685.891172
PG11 -23840.892498  11418.263829  -1974.960443   -220.057963
PG13  -1643.063802  15893.943003 -21284.526765    438.058995
PG14 -23254.556988 -13194.467101    -87.509515    749.978537
PG15  -2290.680334  24431.299132   9588.790278    442.128720
PG17 -12901.856766 -12735.717335 -18949.026151   -197.238936
PG18   9571.646146  11776.210232  21878.188120   -263.847283
PG19 -15324.438348   -761.975799 -21700.208946    704.953845
PG20 -11116.903075  17253.826914  16922.111708    278.157881
PG21 -20773.587947   1205.667979  16532.410070    369.572527
PG22 -23368.861171  -9455.916361  -7517.830245     73.950175
PG24 -11375.607712  20512.857093 -12691.668460    193.102886
PG25  12415.427962  18567.684368 -14914.924664    391.601509
PG26  24289.471629   1490.515532  10859.067755   -391.770624
PG28  21674.109815  -1132.102752 -15323.783259   -423.057994
PG29   4827.656962  24496.238161   8775.345478   -249.164070
PG30 -19334.051243  -3719.715010  18147.248792    353.190683
PG31  24504.146591  -8281.630594  -6966.954656   -122.955075
*  2026  9  5  1  0  0.00000000
PG04    596.081625 -26436.305846   -899.914504     64.726022
PG05 -12195.956931   9933.530654  21230.953744   -236.534625
PG06 -22499.325088   2606.402710 -13933.336468   -532.182902
PG07  -7570.092047 -13787.808710  22028.309254   -221.773560
PG09  -7880.799490 -23570.322268   9138.324235    685.888548
PG11 -23798.731129  11297.250304  -2924.244256   -220.054327
PG13  -2377.071069  15551.893728 -21468.435009    438.060496
PG14 -23199.677035 -13271.688700    845.913528    749.978484
PG15  -2463.717444  24051.817288  10421.051059    442.129396
PG17 -12831.624508 -13473.496502 -18481.232252   -197.240375
PG18   8857.991420  12197.565780  21939.279850   -263.844603
PG19 -15274.195138  -1585.846657 -21707.801668    704.953722
PG20 -11200.323196  16604.976663  17507.754801    278.160637
PG21 -21284.345392    855.898623  15893.195560    369.570105
PG22 -23554.406242  -9690.443976  -6614.244965     73.952864
PG24 -11784.980182  20717.009858 -11918.390110    193.108061
PG25  11886.868923  18367.965632 -15582.894977    391.600457
PG26  24630.427451   1732.002091  10056.287860   -391.771001
PG28  21205.770170   -758.713374 -15986.867769   -423.054774
PG29   4729.787766  24812.544004   7893.761958   -249.162084
PG30 -18780.116443  -4130.294288  18631.741968    353.194385
PG31  24310.706083  -8080.763273  -7854.126854   -122.954195
*  2026  9  5  1  5  0.00000000
PG04    674.827248 -26383.359219  -1861.967916     64.726138
PG05 -12928.320658   9577.810902  20962.087980   -236.534912
PG06 -22056.488125   2285.646788 -14670.152665   -532.179660
PG07  -6897.851072 -14211.934058  21966.794831   -221.774633
PG09  -7831.761334 -23911.646880   8259.591721    685.885916
PG11 -23727.814485  11157.403175  -3867.893805   -220.050686
PG13  -3122.438279  15220.071067 -21611.503523    438.061985
PG14 -23115.409821 -13333.404598   1777.749338    749.978384
PG15  -2650.306310  23644.432998  11232.825371    442.130322
PG17 -12773.914711 -14193.727453 -17976.683060   -197.241534
PG18   8150.470844  12632.659311  21958.652210   -263.841930
PG19 -15238.165910  -2409.339464 -21673.980569    704.953925
PG20 -11296.588558  15936.366410  18060.039442    278.163371
PG21 -21779.468348    526.912005  15223.611142    369.567728
PG22 -23714.628836  -9902.964670  -5697.636666     73.955717
PG24 -12168.979038  20909.161125 -11122.517345    193.113271
PG25  11333.222630  18166.716370 -16222.020986    391.599405
PG26  24946.739445   1956.658009   9234.468957   -391.771394
PG28  20723.831791   -363.444052 -16619.370349   -423.051570
PG29   4638.167529  25096.840225   6996.898509   -249.159474
PG30 -18218.448737  -4559.540592  19081.416532    353.198060
PG31  24092.796875  -7859.693806  -8726.652901   -122.953080
*  2026  9  5  1 10  0.00000000
PG04    755.671016 -26295.420460  -2820.414540     64.726181
PG05 -13656.915203   9240.023171  20652.475895   -236.534894
PG06 -21596.650052   1941.871909 -15378.969484   -532.176414
PG07  -6235.205797 -14646.333628  21865.504366   -221.775739
PG09  -7785.564425 -24220.309334   7364.903974    685.883275
PG11 -23629.082483  10997.682626  -4804.089416   -220.047100
PG13  -3877.636833  14899.414391 -21713.464813    438.063469
PG14 -23001.238112 -13380.835500   2706.250773    749.978314
PG15  -2851.355645  23210.275149  12022.474681    442.131061
PG17 -12728.013920 -14894.793121 -17436.385790   -197.243348
PG18   7450.659357  13080.549488  21936.234816   -263.839284
PG19 -15216.390895  -3230.661435 -21598.873471    704.953823
PG20 -11406.395545  15249.531179  18577.917527    278.166091
PG21 -22257.345853    218.459964  14524.937850    369.565353
PG22 -23848.390766 -10094.313662  -4769.820948     73.958223
PG24 -12527.561671  21087.831165 -10305.507840    193.118446
PG25  10755.217339  17965.303403 -16831.127459    391.598332
PG26  25237.305812   2165.273069   8395.190959   -391.771796
PG28  20229.941464     53.697332 -17220.079625   -423.048347
PG29   4551.513986  25348.464209   6086.490403   -249.157816
PG30 -17650.633194  -5007.159336  19495.425647    353.201771
PG31  23851.658455  -7617.697277  -9582.919261   -122.952243
*  2026  9  5  1 15  0.00000000
PG04    840.020739 -26172.737451  -3773.397328     64.726290
PG05 -14379.888989   8920.461747  20302.730071   -236.534803
PG06 -21121.461222   1574.860077 -16058.420352   -532.173119
PG07  -5583.451341 -15089.947447  21724.571961   -221.776711
PG09  -7740.839935 -24495.781904   6455.993845    685.880646
PG11 -23503.559922  10817.121015  -5731.025136   -220.043513
PG13  -4641.085104  14590.778603 -21774.129074    438.064957
PG14 -22856.738943 -13415.241757   3629.678103    749.978241
PG15  -3067.700182  22750.556193  12788.399133    442.132330
PG17 -12693.123364 -15575.140970 -16861.421113   -197.244455
PG18   6760.079772  13540.207285  21872.036261   -263.836612
PG19 -15208.811135  -4048.028001 -21482.685928    704.954217
PG20 -11530.352708  14546.059947  19060.406409    278.168828
PG21 -22716.404604    -69.804813  13798.512053    369.562927
PG22 -23954.634560 -10265.407527  -3832.632421     73.961157
PG24 -12860.782017  21251.557015  -9468.866393    193.123671
PG25  10153.671924  17765.057592 -17409.093315    391.597268
PG26  25501.097513   2358.707348   7540.062038   -391.772183
PG28  19725.760523    492.599068 -17787.844887   -423.045137
PG29   4468.511163  25566.858819   5164.299603   -249.155491
PG30 -17078.247331  -5472.760462  19872.987185    353.205447
PG31  23588.589376  -7354.131829 -10421.344470   -122.951371
*  2026  9  5  1 20  0.00000000
PG04    929.265812 -26015.671181  -4719.069770     64.726374
PG05 -15095.389683   8619.313319  19913.541839   -236.534627
PG06 -20632.601778   1184.500038 -16707.193368   -532.169838
PG07  -4943.822247 -15541.643101  21544.200082   -221.777594
PG09  -7696.196402 -24737.646636   5534.620729    685.878000
PG11 -23352.351770  10614.827908  -6646.912297   -220.039932
PG13  -5411.154402  14294.930757 -21793.384511    438.066452
PG14 -22681.585751 -13437.917384   4546.302058    749.978178
PG15  -3300.095794  22266.567333  13529.041298    442.133053
PG17 -12668.363114 -16233.289271 -16252.940720   -197.246128
PG18   6080.196875  14010.519808  21766.144361   -263.833933
PG19 -15215.269118  -4859.669568 -21325.700373    704.954009
PG20 -11668.977667  13827.589480  19506.590704    278.171566
PG21 -23155.115488   -338.326481  13045.722909    369.560556
PG22 -24032.388255 -10417.239088  -2887.920728     73.963353
PG24 -13168.790023  21398.899130  -8614.142534    193.128844
PG25   9529.493234  17567.268169 -17954.853438    391.596214
PG26  25737.162336   2537.886563   6670.715562   -391.772533
PG28  19212.957922    953.045287 -18321.578287   -423.041950
PG29   4387.815943  25751.574585   4232.111241   -249.153442
PG30 -16502.854926  -5955.859322  20213.385145    353.209141
PG31  23304.941666  -7068.441969 -11240.381728   -122.950478
*  2026  9  5  1 25  0.00000000
PG04   1024.770279 -25824.694256  -5655.599604     64.726465
PG05 -15801.571711   8336.656809  19485.679785   -236.534793
PG06 -20131.774638    770.788660 -17324.033898   -532.166590
PG07  -4317.488041 -16000.219732  21324.659627   -221.778813
PG09  -7650.226574 -24945.596721   4602.567052    685.875337
PG11 -23176.638115  10389.994782  -7549.983051   -220.036328
PG13  -6186.175147  14012.547070 -21771.197518    438.067946
PG14 -22475.550124 -13450.183951   5454.406856    749.978082
PG15  -3549.214956  21759.673349  14242.889867    442.134013
PG17 -12652.776617 -16867.833036 -15612.164707   -197.247695
PG18   5412.411781  14490.294508  21618.726254   -263.831259
PG19 -15235.509849  -5663.838171 -21128.275126    704.954210
PG20 -11822.694416  13095.797992  19915.623979    278.174317
PG21 -23571.999926   -587.643323  12268.009716    369.558172
PG22 -24080.769800 -10550.871976  -1937.546576     73.965888
PG24 -13451.830691  21528.448013  -7742.928006    193.134039
PG25   8883.673097  17373.177247 -18467.400405    391.595089
PG26  25944.628647   2703.797173   5788.807008   -391.772903
PG28  18693.203295   1434.716080 -18820.256932   -423.038718
PG29   4308.064765  25902.271435   3291.730044   -249.151243
PG30 -15925.999890  -6455.877938  20515.970960    353.212830
PG31  23002.115059  -6760.161529 -12038.521437   -122.949693
*  2026  9  5  1 30  0.00000000
PG04   1127.866016 -25600.388934  -6581.172499     64.726542
PG05 -16496.603752   8072.463691  19019.988103   -236.534736
PG06 -19620.698384    333.831862 -17907.747067   -532.163323
PG07  -3705.549031 -16464.412338  21066.289923   -221.779661
PG09  -7601.514317 -25119.437404   3661.634707    685.872700
PG11 -22977.668803  10141.899379  -8438.493866   -220.032720
PG13  -6964.443216  13744.210330 -21707.612720    438.069420
PG14 -22238.503167 -13453.384382   6352.293199    749.977994
PG15  -3815.642581  21231.307055  14928.483282    442.134759
PG17 -12645.335618 -17477.449607 -14940.378798   -197.249216
PG18   4758.056544  14978.263755  21430.028350   -263.828613
PG19 -15269.182336  -6458.814014 -20890.843284    704.954169
PG20 -11991.831044  12352.398626  20286.730311    278.177052
PG21 -23965.636030   -818.384621  11466.859179    369.555767
PG22 -24098.991053 -10667.434899   -983.377765     73.968574
PG24 -13710.242721  21638.830782  -6856.854102    193.139251
PG25   8217.284999  17183.974537 -18945.786138    391.594046
PG26  26122.708804   2857.481248   4896.010874   -391.773290
PG28  18168.160029   1937.188066 -19282.924841   -423.035505
PG29   4227.880415  26018.719959   2344.976721   -249.149013
PG30 -15349.200239  -6972.146669  20780.164720    353.216527
PG31  22681.551052  -6428.916248 -12814.293653   -122.949057
*  2026  9  5  1 35  0.00000000
PG04   1239.846053 -25343.444688  -7493.995692     64.726610
PG05 -17178.676162   7826.598800  18517.384783   -236.535093
PG06 -19101.100086   -126.154943 -18457.200150   -532.160097
PG07  -3109.032368 -16932.896340  20769.498629   -221.780751
PG09  -7548.641563 -25259.086411   2713.641472    685.870034
PG11 -22756.757778   9869.909689  -9310.728982   -220.029100
PG13  -7744.226440  13490.407725 -21602.752871    438.070900
PG14 -21970.416461 -13448.876680   7238.281233    749.977891
PG15  -4099.872236  20682.963428  15584.413288    442.135729
PG17 -12644.945415 -18060.903863 -14238.931407   -197.250285
PG18   4118.389066  15473.089762  21200.376131   -263.825936
PG19 -15315.841503  -7242.911861 -20613.911488    704.954102
PG20 -12176.617871  11599.132815  20619.205712    278.179763
PG21 -24334.664528  -1031.267134  10643.802574    369.553374
PG22 -24086.361352 -10768.115648    -27.285240     73.971189
PG24 -13944.456737  21728.717663  -5957.588869    193.144435
PG25   7531.480442  17000.792294 -19389.123470    391.592996
PG26  26270.702230   3000.031132   3994.017595   -391.773699
PG28  17639.478378   2459.935414 -19708.694785   -423.032310
PG29   4145.878885  26100.802204   1393.684311   -249.147014
PG30 -14773.942169  -7503.906250  21005.456270    353.220211
PG31  22344.726833  -6074.425993 -13566.270477   -122.948192
*  2026  9  5  1 40  0.00000000
PG04   1361.958081 -25054.655318  -8392.301595     64.726712
PG05 -17846.008321   7598.821635  17978.859650   -236.535118
PG06 -18574.708104   -608.846871 -18971.324853   -532.156817
PG07  -2528.888360 -17404.292428  20434.761565   -221.781601
PG09  -7490.195269 -25364.573902   1760.417401    685.867400
PG11 -22515.277171   9573.487547 -10165.003809   -220.025479
PG13  -8523.771231  13251.529090 -21456.818609    438.072409
PG14 -21671.362635 -13438.027601   8110.713478    749.977880
PG15  -4402.302778  20116.193437  16209.328392    442.136541
PG17 -12650.450436 -18617.053016 -13509.230560   -197.251669
PG18   3494.588303  15973.369841  20930.173811   -263.823244
PG19 -15374.950490  -8014.487249 -20298.058578    704.954104
PG20 -12377.186032  10837.763518  20912.419428    278.182512
PG21 -24677.794439  -1227.091196   9800.412843    369.550992
PG22 -24042.290648 -10854.154858    928.860829     73.973986
PG24 -14154.993115  21796.828357  -5046.834188    193.149726
PG25   6827.484989  16824.700503 -19796.587626    391.591971
PG26  26387.998128   3132.583914   3084.530458   -391.774070
PG28  17108.788655   3002.331312 -20096.749992   -423.029050
PG29   4060.676255  26148.511994    439.694518   -249.144806
PG30 -14201.674278  -8050.310219  21191.406224    353.223932
PG31  21993.149092  -5696.506588 -14293.068367   -122.947463
*  2026  9  5  1 45  0.00000000
PG04   1495.398151 -24734.915615  -9274.351323     64.726769
PG05 -18496.855839   7388.788127  17405.472259   -236.535225
PG06 -18043.244882  -1113.810063 -19449.119480   -532.153575
PG07  -1965.987080 -17877.171655  20062.622443   -221.782480
PG09  -7424.774341 -25436.041956    803.801198    685.864733
PG11 -22254.651128   9252.191820 -10999.668269   -220.021895
PG13  -9301.309302  13027.865581 -21270.088081    438.073868
PG14 -21341.515530 -13422.206315   8967.957711    749.977763
PG15  -4723.235430  19532.597583  16801.937219    442.137858
PG17 -12660.640110 -19144.850989 -12752.740670   -197.253141
PG18   2887.749820  16477.641975  20619.903827   -263.820681
PG19 -15445.883359  -8771.942519 -19943.934129    704.954478
PG20 -12593.566475  10070.068394  21165.815094    278.185228
PG21 -24993.808471  -1406.736463   8938.301603    369.548559
PG22 -23966.292188 -10926.839570   1883.194934     73.976410
PG24 -14342.459391  21841.938278  -4126.322712    193.154906
PG25   6106.594026  16656.702328 -20167.417623    391.590893
PG26  26474.077837   3256.315752   2169.262530   -391.774498
PG28  16577.694518   3563.649871 -20446.345721   -423.025863
PG29   3970.895594  26161.954768   -515.145982   -249.142713
PG30 -13633.801941  -8610.427707  21337.646849    353.227597
PG31  21628.347743  -5295.071259 -14993.350371   -122.946659
*  2026  9  5  1 50  0.00000000
PG04   1641.304620 -24385.217600 -10138.438188     64.726849
PG05 -19129.517624   7196.052882  16798.349646   -236.535293
PG06 -17508.419781  -1640.502666 -19889.650982   -532.150317
PG07  -1421.115266 -18350.060770  19653.692515   -221.783648
PG09  -7350.996510 -25473.743568   -154.363411    685.862090
PG11 -21976.349446   8905.681181 -11813.110066   -220.018276
PG13 -10075.064455  12819.608793 -21042.916414    438.075350
PG14 -20981.149966 -13402.778065   9808.409815    749.977672
PG15  -5062.871302  18933.819192  17361.011751    442.138459
PG17 -12674.254990 -19643.352335 -11970.979199   -197.254321
PG18   2298.881691  16984.390668  20270.126192   -263.818002
PG19 -15527.928160  -9513.732610 -19552.256889    704.954301
PG20 -12825.689424   9297.832908  21378.911764    278.187919
PG21 -25281.568126  -1571.157303   8059.116082    369.546181
PG22 -23857.984740 -10987.496621   2833.860058     73.979009
PG24 -14507.547292  21862.884597  -3197.814690    193.160086
PG25   5370.168244  16497.729847 -20500.917577    391.589843
PG26  26528.516817   3372.436044   1249.933598   -391.774920
PG28  16047.766393   4143.068474 -20756.810697   -423.022617
PG29   3875.173816  26141.346956  -1468.989237   -249.140517
PG30 -13071.681874  -9183.246590  21443.882860    353.231292
PG31  21251.869576  -4870.131688 -15665.828288   -122.945860
*  2026  9  5  1 55  0.00000000
PG04   1800.752345 -24006.646352 -10982.891094     64.726935
PG05 -19742.342744   7020.071885  16158.683948   -236.535105
PG06 -16971.921968  -2188.276275 -20292.056877   -532.147055
PG07   -894.973543 -18821.447773  19208.650115   -221.784607
PG09  -7267.505121 -25478.041198  -1112.231301    685.859461
PG11 -21681.881014   8533.716445 -12603.757884   -220.014670
PG13 -10843.259416  12626.850304 -20775.735061    438.076850
PG14 -20590.641106 -13381.097858  10630.496568    749.977590
PG15  -5421.309388  18321.537496  17885.390435    442.139429
PG17 -12689.993110 -20111.715706 -11165.513193   -197.255569
PG18   1728.900770  17492.053068  19881.477687   -263.815329
PG19 -15620.290365 -10238.370635 -19123.813117    704.954559
PG20 -13073.384268   8522.843425  21551.304796    278.190617
PG21 -25540.018479  -1721.377873   7164.535989    369.543808
PG22 -23717.094344 -11037.485890   3779.011455     73.981789
PG24 -14651.029359  21858.572099  -2263.094661    193.165291
PG25   4619.628855  16348.640072 -20796.457921    391.588780
PG26  26550.986254   3482.181505    328.267130   -391.775328
PG28  15520.535057   4739.670533 -21027.548407   -423.019389
PG29   3772.168484  26087.014868  -2419.989717   -249.138496
PG30 -12516.616901  -9767.676993  21509.892084    353.234996
PG31  20865.271878  -4421.798669 -16309.264749   -122.945091
*  2026  9  5  2  0  0.00000000
PG04   1974.747179 -23600.375441 -11806.077879     64.727018
PG05 -20333.737088   6860.205643  15487.729888   -236.535371
PG06 -16435.413397  -2756.377852 -20655.547043   -532.143816
PG07   -388.173958 -19289.787673  18728.240114   -221.785701
PG09  -7172.975801 -25449.404853  -2067.959571    685.856808
PG11 -21372.787098   8136.162465 -13370.084506   -220.011096
PG13 -11604.122675  12449.581665 -20469.051002    438.078337
PG14 -20170.463426 -13358.504209  11432.678398    749.977485
PG15  -5798.545049  17697.460520  18373.981146    442.140250
PG17 -12706.516538 -20549.206826 -10337.955722   -197.257313
PG18   1178.629357  17999.025326  19454.670899   -263.812672
PG19 -15722.096647 -10944.433178 -18659.454821    704.954444
PG20 -13336.379905   7746.880307  21682.666594    278.193341
PG21 -25768.192619  -1858.486897   6256.270330    369.541379
PG22 -23543.455608 -11078.193439   4716.820363     73.984367
PG24 -14773.755206  21827.978795  -1323.968034    193.170487
PG25   3856.452572  16210.211293 -21053.476545    391.587695
PG26  26541.254298   3586.810137   -594.012747   -391.775744
PG28  14997.485398   5352.448673 -21258.038259   -423.016199
PG29   3660.564519  25999.393131  -3366.307996   -249.136154
PG30 -11969.850941 -10362.555125  21535.526030    353.238684
PG31  20470.116023  -3950.282370 -16922.475218   -122.944203
*  2026  9  5  2  5  0.00000000
PG04   2164.220767 -23167.661995 -12606.408553     64.727106
PG05 -20902.169764   6715.722752  14786.802148   -236.535465
PG06 -15900.521923  -3343.952103 -20979.405383   -532.140527
PG07     98.762137 -19753.508431  18213.273257   -221.786481
PG09  -7066.122984 -25388.409719  -3019.711140    685.854176
PG11 -21050.634504   7712.989570 -14110.609842   -220.007475
PG13 -12355.895319  12287.694831 -20123.445807    438.079829
PG14 -19721.189287 -13336.312962  12213.452064    749.977388
PG15  -6194.468989  17063.317821  18825.764006    442.141229
PG17 -12722.458089 -20955.200982  -9489.962219   -197.258974
PG18    648.792270  18503.669170  18990.493106   -263.810021
PG19 -15832.398973 -11630.565322 -18160.097907    704.954668
PG20 -13614.305524   6971.711044  21772.747224    278.196065
PG21 -25965.215734  -1983.632157   5336.054155    369.539004
PG22 -23337.012508 -11111.024572   5645.477635     73.987065
PG24 -14876.647406  21770.161274   -382.257560    193.175688
PG25   3082.166362  16083.139741 -21271.479828    391.586672
PG26  26499.186899   3687.595157  -1515.184237   -391.776155
PG28  14480.050398   5980.308304 -21447.836590   -423.012968
PG29   3539.080788  25879.022653  -4306.114430   -249.134252
PG30 -11432.564250 -10966.647440  21520.710321    353.242377
PG31  20067.961080  -3455.892187 -17504.329910   -122.943256
*  2026  9  5  2 10  0.00000000
PG04   2370.025684 -22709.841416 -13382.338454     64.727169
PG05 -21446.179238   6585.803883  14057.272618   -236.535622
PG06 -15368.834557  -3950.044309 -21262.991346   -532.137268
PG07    565.405855 -20211.017065  17664.625408   -221.787793
PG09  -6945.706264 -25295.733361  -3965.658325    685.851531
PG11 -20717.008651   7264.274551 -14823.903856   -220.003880
PG13 -13096.837817  12140.983028 -19739.574576    438.081309
PG14 -19243.487123 -13315.811224  12971.353304    749.977300
PG15  -6608.866739  16420.853116  19239.794020    442.142338
PG17 -12736.428171 -21329.185015  -8623.226750   -197.260178
PG18    140.014331  19004.318662  18489.805003   -263.807354
PG19 -15950.179018 -12295.485384 -17626.720249    704.954489
PG20 -13906.691828   6199.083448  21821.374870    278.198764
PG21 -26130.308811  -2098.014737   4405.645269    369.536571
PG22 -23097.818734 -11137.396862   6563.197299     73.989667
PG24 -14960.697025  21684.259760    560.200307    193.180878
PG25   2298.341994  15968.036591 -21450.043590    391.585621
PG26  26424.748284   3785.818863  -2433.530842   -391.776567
PG28  13969.605350   6622.071583 -21596.577533   -423.009756
PG29   3406.476542  25726.548150  -5237.592793   -249.132069
PG30 -10905.868923 -11578.655105  21465.445029    353.246053
PG31  19660.357448  -2939.036217 -18053.755630   -122.942451
*  2026  9  5  2 15  0.00000000
PG04   2592.930931 -22228.321767 -14132.371297     64.727257
PG05 -21964.379158   6469.546150  13300.567542   -236.535689
PG06 -14841.890912  -4573.603595 -21505.741306   -532.134000
PG07   1011.422186 -20660.705910  17083.236675   -221.788884
PG09  -6810.536539 -25172.152498  -4903.986384    685.848881
PG11 -20373.506566   6790.201178 -15508.589405   -220.000311
PG13 -13825.236734  12009.142051 -19318.164729    438.082787
PG14 -18738.119242 -13298.251418  13704.959399    749.977228
PG15  -7041.418651  15771.816822  19615.203550    442.143194
PG17 -12747.021723 -21670.758795  -7739.478203   -197.261694
PG18   -347.181705  19499.287118  17953.539279   -263.804678
PG19 -16074.352854 -12937.989322 -17060.359666    704.954694
PG20 -14212.972691   5430.718939  21828.456161    278.201492
PG21 -26262.791951  -2202.883037   3466.820896    369.534197
PG22 -22826.037552 -11158.733159   7468.220019     73.992233
PG24 -15026.958822  21569.502852   1501.559146    193.186085
PG25   1506.590396  15865.425319 -21588.813941    391.584571
PG26  26318.001027   3882.766512  -3347.344296   -391.776984
PG28  13467.462335   7276.481743 -21703.973733   -423.006523
PG29   3261.557667  25542.715229  -6158.943898   -249.129905
PG30 -10390.804682 -12197.218757  21369.804879    353.249738
PG31  19248.840549  -2400.220321 -18569.737526   -122.941417
*  2026  9  5  2 20  0.00000000
PG04   2833.617810 -21724.577868 -14855.062127     64.727352
PG05 -22455.463860   6365.967859  12518.164561   -236.535904
PG06 -14321.176858  -5213.486634 -21707.169800   -532.130734
PG07   1436.571035 -21100.958984  16470.110421   -221.789743
PG09  -6659.481929 -25018.539370  -5832.897020    685.846253
PG11 -20021.729861   6291.060248 -16163.344960   -219.996701
PG13 -14539.411343  11891.771992 -18860.014680    438.084283
PG14 -18205.939265 -13284.845494  14412.891693    749.977166
PG15  -7491.700409  15117.958559  19951.204591    442.144096
PG17 -12752.825218 -21979.636189  -6840.476431   -197.262414
PG18   -812.376788  19986.874151  17382.699041   -263.802006
PG19 -16203.775905 -13556.954833 -16462.111834    704.954739
PG20 -14532.487247   4668.305949  21793.976354    278.204216
PG21 -26362.087276  -2299.526580   2521.374299    369.531804
PG22 -22521.941207 -11176.454622   8358.816464     73.994748
PG24 -15076.546135  21425.211913   2439.966384    193.191292
PG25    708.555854  15775.739421 -21687.508042    391.583526
PG26  26179.105756   3979.720182  -4254.927459   -391.777373
PG28  12974.864996   7942.207770 -21769.816919   -423.003315
PG29   3103.182736  25328.367045  -7068.389159   -249.127756
PG30  -9888.334970 -12820.923535  21233.939330    353.253339
PG31  18834.924596  -1840.046804 -19051.320756   -122.940615
*  2026  9  5  2 25  0.00000000
PG04   3092.676189 -21200.145115 -15549.020146     64.727448
PG05 -22918.213523   6274.013590  11711.589663   -236.535831
PG06 -13808.118416  -5868.461764 -21866.870616   -532.127494
PG07   1840.707881 -21530.158475  15826.312163   -221.790806
PG09  -6491.473444 -24835.857713  -6750.611842    685.843596
PG11 -19663.277701   5767.249171 -16786.907216   -219.993111
PG13 -15237.720119  11788.379399 -18365.992374    438.085748
PG14 -17647.889185 -13276.759311  15093.818030    749.977092
PG15  -7959.184059  14461.019653  20247.090853    442.144708
PG17 -12752.423690 -22255.645515  -5928.008343   -197.264158
PG18  -1255.256749  20465.372815  16778.356079   -263.799355
PG19 -16337.248157 -14151.345096 -15833.128123    704.954743
PG20 -14864.482393   3913.493478  21717.999362    278.206938
PG21 -26427.721414  -2389.269648   1571.111382    369.529373
PG22 -22185.909856 -11191.973806   9233.290577     73.997512
PG24 -15110.625466  21250.805087   3373.567209    193.196463
PG25    -94.089939  15699.320506 -21745.914757    391.582470
PG26  26008.320476   4077.952691  -5154.597180   -391.777810
PG28  12492.983608   8617.849410 -21793.978315   -422.999987
PG29   2930.268811  25084.440557  -7964.174117   -249.125660
PG30  -9399.343355 -13448.304366  21058.072543    353.257022
PG31  18420.096472  -1259.212706 -19497.612077   -122.939927
*  2026  9  5  2 30  0.00000000
PG04   3370.601191 -20656.613054 -16212.911433     64.727541
PG05 -23351.498948   6192.559613  10882.414050   -236.535766
PG06 -13304.075922  -6537.213500 -21984.517724   -532.124227
PG07   2223.784058 -21946.691285  15152.968339   -221.791868
PG09  -6305.510360 -24625.158364  -7655.375765    685.840957
PG11 -19299.739799   5219.271083 -17378.073585   -219.989512
PG13 -15918.567070  11698.379826 -17837.033697    438.087241
PG14 -17064.996092 -13275.107225  15746.455135    749.976985
PG15  -8443.239539  13802.725663  20502.239637    442.145975
PG17 -12744.407752 -22498.729481  -5003.883966   -197.265699
PG18  -1675.613019  20933.076817  16141.648988   -263.796701
PG19 -16473.519577 -14720.212164 -15174.613359    704.954879
PG20 -15208.115706   3167.884816  21600.667658    278.209626
PG21 -26459.327553  -2473.464763    617.847256    369.526955
PG22 -21818.430055 -11206.687835  10089.982732     74.000160
PG24 -15130.410795  21045.800915   4300.508540    193.201643
PG25   -899.653956  15636.416766 -21763.895215    391.581418
PG26  25805.999508   4178.721559  -6044.687113   -391.778241
PG28  12022.910491   9301.942485 -21776.408914   -422.996765
PG29   2741.796997  24811.962382  -8844.571902   -249.123319
PG30  -8924.630282 -14077.851483  20842.503215    353.260720
PG31  18005.809721   -658.507712 -19907.781334   -122.938938
*  2026  9  5  2 35  0.00000000
PG04   3667.790299 -20095.618739 -16845.461537     64.727612
PG05 -23754.285956   6120.419600  10032.250921   -236.536022
PG06 -12810.338478  -7218.347432 -22059.866058   -532.120988
PG07   2585.846632 -22348.955643  14451.264958   -221.792932
PG09  -6100.665310 -24387.574515  -8545.460362    685.838327
PG11 -18932.689479   4647.733502 -17935.704563   -219.985898
PG13 -16580.407889  11621.100810 -17274.140765    438.088708
PG14 -16458.368541 -13280.946886  16369.570914    749.976902
PG15  -8943.136739  13144.778991  20716.113492    442.146601
PG17 -12727.380576 -22708.944617  -4069.932487   -197.266851
PG18  -2073.342888  21388.287759  15473.781137   -263.794015
PG19 -16611.295735 -15262.699996 -14487.823538    704.954969
PG20 -15562.458751   2433.031469  21442.202017    278.212333
PG21 -26456.647065  -2553.486053   -336.597200    369.524578
PG22 -21420.092806 -11221.971678  10927.272779     74.002946
PG24 -15137.157646  20809.821539   5218.943061    193.206838
PG25  -1706.428006  15587.181840 -21741.383262    391.580399
PG26  25572.592079   4283.263059  -6923.550494   -391.778683
PG28  11565.655763   9992.964499 -21717.139587   -422.993548
PG29   2536.817700  24512.044290  -9707.886628   -249.121504
PG30  -8464.910157 -14708.016165  20587.604290    353.264319
PG31  17593.478705    -38.811693 -20281.062871   -122.938214
*  2026  9  5  2 40  0.00000000
PG04   3984.540911 -19518.839912 -17445.457935     64.727720
PG05 -24125.639364   6056.350601   9162.752190   -236.535999
PG06 -12328.118727  -7910.395478 -22092.752138   -532.117732
PG07   2927.037892 -22735.367734  13722.446120   -221.793718
PG09  -5876.089035 -24124.316633  -9419.167145    685.835721
PG11 -18563.676824   4053.346525 -18458.725967   -219.982287
PG13 -17221.755907  11555.785214 -16678.380090    438.090185
PG14 -15829.192606 -13295.274288  16961.986676    749.976813
PG15  -9458.048037  12488.851596  20888.261650    442.147684
PG17 -12699.964795 -22886.460200  -3127.998279   -197.268594
PG18  -2448.449291  21829.322393  14776.018499   -263.791313
PG19 -16749.243610 -15778.047111 -13774.063464    704.954847
PG20 -15926.500782   1710.427309  21242.901128    278.215025
PG21 -26419.530673  -2630.722523  -1290.398805    369.522185
PG22 -20991.591165 -11239.171586  11743.582973     74.005677
PG24 -15132.156929  20542.595453   6127.033309    193.212039
PG25  -2512.694984  15551.674071 -21678.385817    391.579367
PG26  25308.640531   4392.786367  -7789.562869   -391.779100
PG28  11122.143467  10689.340499 -21616.281050   -422.990331
PG29   2314.455573  24185.878335 -10552.456728   -249.119191
PG30  -8020.808813 -15337.216657  20293.822543    353.268007
PG31  17184.472915    598.908125 -20616.756845   -122.937233
*  2026  9  5  2 45  0.00000000
PG04   4321.048341 -18927.988017 -18011.752364     64.727820
PG05 -24464.726545   5999.059269   8275.605139   -236.536147
PG06 -11858.547967  -8611.821477 -22083.094529   -532.114476
PG07   3247.594436 -23104.368338  12967.812398   -221.794822
PG09  -5631.014799 -23836.667077 -10274.830766    685.833072
PG11 -18194.221950   3436.920573 -18946.131044   -219.978688
PG13 -17841.187810  11501.594960 -16050.880625    438.091672
PG14 -15178.727618 -13319.019072  17522.579279    749.976770
PG15  -9987.051341  11836.577860  21018.321237    442.148779
PG17 -12660.809300 -23031.556698  -2179.936938   -197.270098
PG18  -2801.040123  22254.519838  14049.687327   -263.788638
PG19 -16885.997536 -16265.588859 -13034.684343    704.954986
PG20 -16299.152801   1001.502972  21003.141058    278.217748
PG21 -26347.939174  -2706.571265  -2241.735531    369.519795
PG22 -20533.717444 -11259.598684  12537.380783     74.008086
PG24 -15116.728583  20243.959803   7022.955797    193.217244
PG25  -3316.735176  15529.856161 -21574.983111    391.578326
PG26  25014.778191   4508.467843  -8641.124779   -391.779509
PG28  10693.208080  11389.449183 -21474.023667   -422.987078
PG29   2073.914138  23834.731667 -11376.658195   -249.116992
PG30  -7592.861329 -15963.844266  19961.678032    353.271717
PG31  16780.111489   1253.600334 -20914.230455   -122.936280
*  2026  9  5  2 50  0.00000000
PG04   4677.404279 -18324.801101 -18543.263014     64.727902
PG05 -24770.820548   5947.208302   7372.529015   -236.536538
PG06 -11402.671624  -9321.027097 -22030.894141   -532.111307
PG07   3547.845852 -23454.429438  12188.719092   -221.795884
PG09  -5364.762442 -23525.974432 -11110.822159    685.830443
PG11 -17825.808429   2799.363697 -19396.982431   -219.975076
PG13 -18437.349102  11457.615119 -15392.831695    438.093146
PG14 -14508.301605 -13353.040115  18050.283196    749.976694
PG15 -10529.133598  11189.547640  21106.018241    442.149484
PG17 -12608.595896 -23144.623713  -1227.611328   -197.271483
PG18  -3131.327099  22662.248745  13296.171702   -263.785951
PG19 -17020.165284 -16724.759307 -12271.081325    704.955008
PG20 -16679.251974    307.620533  20723.374575    278.220462
PG21 -26241.943706  -2782.430633  -3188.789967    369.517427
PG22 -20047.360006 -11284.522769  13307.181575     74.011129
PG24 -15092.215061  19913.862199   7904.905156    193.222425
PG25  -4116.832594  15521.595232 -21431.328829    391.577298
PG26  24691.726887   4631.445457  -9476.664389   -391.779935
PG28  10279.591423  12091.629214 -21290.637116   -422.983849
PG29   1814.480046  23459.941031 -12178.907750   -249.114782
PG30  -7181.510255 -16586.269601  19591.763424    353.275379
PG31  16381.657932   1924.132869 -21172.919072   -122.935581
*  2026  9  5  2 55  0.00000000
PG04   5053.595717 -17711.036614 -19038.976569     64.728087
PG05 -25043.302763   5899.423061   6455.271581   -236.536661
PG06 -10961.445115 -10036.358034 -21936.234367   -532.108052
PG07   3828.213007 -23784.060782  11386.574342   -221.796909
PG09  -5076.742051 -23193.647581 -11925.551580    685.827816
PG11 -17459.876895   2141.678464 -19810.413984   -219.971437
PG13 -19008.959288  11422.858336 -14705.480814    438.094635
PG14 -13819.306458 -13398.121415  18544.092485    749.976641
PG15 -11083.194761  10549.299535  21151.168248    442.150537
PG17 -12542.045792 -23226.157471   -272.887647   -197.272498
PG18  -3439.624133  23050.914359  12516.910942   -263.783288
PG19 -17150.334250 -17155.092731 -11484.690989    704.955110
PG20 -17065.566383   -369.931534  20404.130331    278.223185
PG21 -26101.725562  -2859.693415  -4129.752773    369.515077
PG22 -19533.499680 -11315.166330  14051.551164     74.013527
PG24 -15059.974670  19552.362043   8771.098302    193.227650
PG25  -4911.281312  15526.663287 -21247.650132    391.576276
PG26  24340.294138   4762.813386 -10294.640071   -391.780330
PG28   9881.939985  12794.185721 -21066.469885   -422.980587
PG29   1535.526973  23062.906990 -12957.665910   -249.112640
PG30  -6787.104211 -17202.848933  19184.743189    353.279060
PG31  15990.315073   2609.296861 -21392.327277   -122.934764
*  2026  9  5  3  0  0.00000000
PG04   5449.504348 -17088.464155 -19497.950117     64.728140
PG05 -25281.665128   5854.298350   5525.605630   -236.536563
PG06 -10535.730112 -10756.110471 -21799.281045   -532.104799
PG07   4089.205928 -24091.816359  10562.837103   -221.797839
PG09  -4766.457237 -22841.149555 -12717.471571    685.825160
PG11 -17097.818856   1464.958416 -20185.632453   -219.967845
PG13 -19554.816768  11396.269588 -13990.131396    438.096079
PG14 -13113.192837 -13454.968295  19003.062680    749.976554
PG15 -11648.052194   9917.314419  21153.676928    442.151450
PG17 -12459.925885 -23276.757852    682.368468   -197.274023
PG18  -3726.345278  23418.965470  11713.396873   -263.780663
PG19 -17275.077712 -17556.224705 -10676.988796    704.954867
PG20 -17456.800081  -1029.943068  20046.011906    278.225875
PG21 -25927.575547  -2939.740032  -5062.826113    369.512681
PG22 -18993.205813 -11352.698815  14769.108244     74.016011
PG24 -15021.374820  19159.631348   9619.778591    193.232868
PG25  -5698.391793  15544.738082 -21024.247573    391.575233
PG26  23961.370015   4903.616800 -11093.542925   -391.780726
PG28   9500.802664  13495.396961 -20801.948637   -422.977372
PG29   1236.519119  22645.087895 -13711.439964   -249.110421
PG30  -6409.896901 -17811.930648  18741.352653    353.282728
PG31  15607.220284   3307.810801 -21572.029806   -122.933746
*  2026  9  5  3  5  0.00000000
PG04   5864.906432 -16458.858192 -19919.312896     64.728243
PG05 -25485.511864   5810.405315   4585.325463   -236.536879
PG06 -10126.291221 -11478.537777 -21620.282272   -532.101544
PG07   4331.421282 -24376.300773   9719.014976   -221.799015
PG09  -4433.508005 -22469.991169 -13485.079825    685.822543
PG11 -16740.970743    770.384137 -20521.919010   -219.964240
PG13 -20073.803399  11376.731239 -13248.140355    438.097544
PG14 -12391.464832 -13524.203942  19426.312583    749.976486
PG15 -12222.445494   9295.009260  21113.540286    442.152309
PG17 -12361.054825 -23297.124984   1636.295797   -197.275309
PG18  -3992.002195  23764.901188  10887.170990   -263.778029
PG19 -17392.961159 -17927.892799  -9849.486488    704.955152
PG20 -17851.598452  -1671.286608  19649.696710    278.228591
PG21 -25719.892884  -3023.931793  -5986.227077    369.510323
PG22 -18427.631973 -11398.231167  15458.526678     74.018802
PG24 -14977.785192  18735.955045  10449.219962    193.238048
PG25  -6476.497168  15575.404398 -20761.494892    391.574182
PG26  23555.923699   5054.846855 -11871.899255   -391.781168
PG28   9136.628955  14193.521103 -20497.577403   -422.974170
PG29    917.014316  22207.993622 -14438.786837   -249.108075
PG30  -6050.046527 -18411.861775  18262.396931    353.286442
PG31  15233.440951   4018.325013 -21711.672392   -122.932859
*  2026  9  5  3 10  0.00000000
PG04   6299.473137 -15823.990778 -20302.267898     64.728353
PG05 -25654.560742   5766.298441   3636.243344   -236.536485
PG06  -9733.793104 -12201.857416 -21399.568030   -532.098273
PG07   4555.539478 -24636.175477   8856.661901   -221.800111
PG09  -4077.593204 -22081.724491 -14226.921957    685.819902
PG11 -16390.608225     59.218943 -20818.630631   -219.960647
PG13 -20564.888723  11363.068382 -12480.915606    438.099005
PG14 -11655.674410 -13606.366287  19813.025963    749.976415
PG15 -12805.041704   8683.731258  21030.844659    442.153227
PG17 -12244.308821 -23288.055423   2587.041332   -197.277019
PG18  -4237.201204  24087.277553  10039.821478   -263.775372
PG19 -17502.548630 -18269.936874  -9003.729464    704.955038
PG20 -18248.553828  -2292.921422  19215.934757    278.231267
PG21 -25479.183670  -3113.604228  -6898.191069    369.507965
PG22 -17838.011334 -11452.810654  16118.537663     74.021586
PG24 -14930.570876  18281.730761  11257.731052    193.243262
PG25  -7243.959449  15618.155716 -20459.838702    391.573133
PG26  23124.999737   5217.435918 -12628.272975   -391.781604
PG28   8789.767563  14886.803124 -20153.936649   -422.970957
PG29    576.666706  21753.179120 -15138.315856   -249.106126
PG30  -5707.615618 -19000.994547  17748.749720    353.290130
PG31  14869.970258   4739.426407 -21810.972512   -122.932106
*  2026  9  5  3 15  0.00000000
PG04   6752.771348 -15185.624313 -20646.093317     64.728457
PG05 -25788.643862   5720.522605   2680.185945   -236.536966
PG06  -9358.798042 -12924.258023 -21137.549665   -532.095005
PG07   4762.321367 -24870.164846   7977.375703   -221.801072
PG09  -3698.512553 -21677.936157 -14941.594166    685.817239
PG11 -16047.940806   -667.195803 -21075.201311   -219.957069
PG13 -21027.133841  11354.054439 -11689.913471    438.100487
PG14 -10907.415662 -13701.905254  20162.453156    749.976303
PG15 -13394.440888   8084.752339  20905.766473    442.154163
PG17 -12108.627171 -23250.437940   3532.764022   -197.278020
PG18  -4462.639887  24384.713903   9172.980133   -263.772707
PG19 -17602.409083 -18582.298970  -8141.294105    704.955174
PG20 -18646.211366  -2893.897161  18745.547291    278.233969
PG21 -25206.058899  -3210.060546  -7796.975160    369.505587
PG22 -17225.651753 -11517.416008  16747.931754     74.024345
PG24 -14881.085508  17797.468079  12043.659264    193.248435
PG25  -7999.175654  15672.396289 -20119.798045    391.572089
PG26  22669.714021   5392.253034 -13361.267966   -391.782029
PG28   8460.465479  15573.481764 -19771.682178   -422.967747
PG29    215.228998  21282.237777 -15808.691388   -249.103833
PG30  -5382.571269 -19577.692989  17201.351955    353.293813
PG31  14517.723259   5469.643504 -21869.720031   -122.931259
*  2026  9  5  3 20  0.00000000
PG04   7224.264938 -14545.504370 -20950.143831     64.728550
PG05 -25887.707962   5671.620165   1718.990772   -236.537071
PG06  -9001.763965 -13643.906638 -20834.719180   -532.091737
PG07   4952.604573 -25077.062052   7082.795497   -221.802048
PG09  -3296.168218 -21260.240573 -15627.745799    685.814596
PG11 -15714.106734  -1407.445704 -21291.143133   -219.953478
PG13 -21459.694906  11348.416997 -10876.635984    438.101942
PG14 -10148.318867 -13811.180379  20473.912557    749.976225
PG15 -13989.182047   7499.264031  20738.571748    442.155055
PG17 -11953.017487 -23185.248932   4471.638441   -197.279944
PG18  -4669.103289  24655.899011   8288.319168   -263.770020
PG19 -17691.122721 -18865.022809  -7263.785081    704.955173
PG20 -19043.075135  -3473.357140  18239.425293    278.236669
PG21 -24901.232045  -3314.565223  -8680.861407    369.503231
PG22 -16591.930574 -11592.952896  17345.560755     74.026924
PG24 -14830.664442  17283.787268  12805.394779    193.253678
PG25  -8740.583810  15737.443609 -19741.963838    391.571058
PG26  22191.249499   5580.099658 -14069.530367   -391.782416
PG28   8148.867498  16251.796532 -19351.543893   -422.964523
PG29   -167.445712  20796.794659 -16448.635371   -249.101814
PG30  -5074.785802 -20140.339486  16621.210340    353.297514
PG31  14177.533283   6207.451707 -21887.777741   -122.930288
*  2026  9  5  3 25  0.00000000
PG04   7713.316509 -13905.352618 -21213.851739     64.728623
PG05 -25951.814242   5618.138042    754.502596   -236.537263
PG06  -8663.042946 -14358.956052 -20491.648380   -532.088439
PG07   5127.299459 -25255.734722   6174.598945   -221.803136
PG09  -2870.565961 -20830.273022 -16284.081797    685.811983
PG11 -15390.168247  -2160.048672 -21466.047173   -219.949893
PG13 -21861.826237  11344.843857 -10042.628112    438.103420
PG14  -9380.044413 -13934.458815  20746.792021    749.976174
PG15 -14587.749330   6928.372738  20529.615373    442.156049
PG17 -11776.560604 -23093.547491   5401.858373   -197.281427
PG18  -4857.459719  24899.596936   7387.547912   -263.767336
PG19 -17767.287297 -19118.252892  -6372.832620    704.955476
PG20 -19437.614410  -4030.541204  17698.527849    278.239371
PG21 -24565.516221  -3428.337767  -9548.160123    369.500850
PG22 -15938.289177 -11680.249729  17910.339480     74.029391
PG24 -14780.617986  16741.417488  13541.374488    193.258872
PG25  -9466.668820  15812.531253 -19326.998188    391.570044
PG26  21690.851637   5781.705665 -14751.750800   -391.782803
PG28   7855.016190  16919.994720 -18894.324424   -422.961282
PG29   -571.402568  20298.499628 -17056.929713   -249.099538
PG30  -4784.037836 -20687.341318  16009.395736    353.301228
PG31  13850.148671   6951.278809 -21865.081801   -122.929425
*  2026  9  5  3 30  0.00000000
PG04   8219.189567 -13266.859880 -21436.727933     64.728684
PG05 -25981.137715   5558.634774   -211.430111   -236.537249
PG06  -8342.880172 -15067.552237 -20108.987838   -532.085214
PG07   5287.384732 -25405.130345   5254.499382   -221.804292
PG09  -2421.815836 -20389.682722 -16909.365030    685.809338
PG11 -15077.107164  -2923.460566 -21599.584246   -219.946293
PG13 -22232.883017  11341.989271  -9189.474894    438.104858
PG14  -8604.276581 -14071.913733  20980.550134    749.976081
PG15 -15188.578531   6373.095450  20279.340131    442.156912
PG17 -11578.415137 -22976.470148   6321.640323   -197.282535
PG18  -5028.656167  25114.652573   6472.409427   -263.764698
PG19 -17829.524342 -19342.233214  -5470.089756    704.955212
PG20 -19828.270123  -4564.788192  17123.880394    278.242051
PG21 -24199.820940  -3552.546682 -10397.213090    369.498432
PG22 -15266.227292 -11780.053842  18441.247371     74.031752
PG24 -14732.224754  16171.194469  14250.085846    193.264049
PG25 -10175.968169  15896.812111 -18875.633583    391.568995
PG26  21169.823652   5997.725654 -15406.666537   -391.783251
PG28   7578.852333  17576.338397 -18400.897600   -422.958063
PG29   -996.584032  19789.020385 -17632.418561   -249.097576
PG30  -4510.013770 -21217.137123  15367.041426    353.304931
PG31  13536.229868   7699.510710 -21801.642066   -122.928642
*  2026  9  5  3 35  0.00000000
PG04   8741.051149 -12631.679346 -21618.362703     64.728786
PG05 -25975.966087   5491.687508  -1176.958724   -236.537234
PG06  -8041.413406 -15767.841820 -19687.465701   -532.081953
PG07   5433.902714 -25524.281397   4324.242789   -221.805412
PG09  -1950.132432 -19940.125840 -17502.418516    685.806713
PG11 -14775.820858  -3696.081093 -21691.505490   -219.942646
PG13 -22572.323595  11338.480332  -8318.798490    438.106333
PG14  -7822.717225 -14223.623124  21174.717395    749.976018
PG15 -15790.063810   5834.355905  19988.275498    442.157948
PG17 -11357.821680 -22835.225324   7229.226926   -197.283915
PG18  -5183.713366  25299.996864   5544.677020   -263.761999
PG19 -17876.485300 -19537.305588  -4557.229550    704.955443
PG20 -20213.461473  -5075.537974  16516.572825    278.244751
PG21 -23805.148462  -3688.303644 -11226.396722    369.496033
PG22 -14577.297118 -11893.028040  18937.329989     74.034354
PG24 -14686.725146  15574.057688  14930.070608    193.269133
PG25 -10867.077432  15989.361978 -18388.671960    391.567965
PG26  20629.521523   6228.735565 -16033.063596   -391.783670
PG28   7320.215784  18219.111362 -17872.206796   -422.954877
PG29  -1442.829410  19270.035466 -18174.010451   -249.095668
PG30  -4252.309678 -21728.203274  14695.341237    353.308650
PG31  13236.346877   8450.497321 -21697.542306   -122.927751
*  2026  9  5  3 40  0.00000000
PG04   9277.974873 -12001.419983 -21758.426391     64.728880
PG05 -25936.698167   5415.898893  -2140.238007   -236.537345
PG06  -7758.672918 -16457.979589 -19227.886338   -532.078685
PG07   5567.954285 -25612.310164   3385.604637   -221.806181
PG09  -1455.834676 -19483.258521 -18062.127516    685.804070
PG11 -14487.118612  -4476.259970 -21741.642789   -219.939003
PG13 -22879.711345  11332.923503  -7432.255165    438.107776
PG14  -7037.079373 -14389.569010  21328.897268    749.975957
PG15 -16390.564627   5312.981209  19657.036204    442.158520
PG17 -11114.106633 -22671.087511   8122.890266   -197.285449
PG18  -5323.720513  25454.651668   4606.150689   -263.759307
PG19 -17906.857562 -19703.907603  -3635.942294    704.955380
PG20 -20591.592637  -5562.333062  15877.757500    278.247459
PG21 -23382.589775  -3836.657937 -12034.125156    369.493694
PG22 -13873.097246 -12019.747530  19397.700364     74.037424
PG24 -14645.315018  14951.047032  15579.928456    193.274333
PG25 -11538.655585  16089.183498 -17866.983639    391.566958
PG26  20071.348815   6475.229603 -16629.778768   -391.784002
PG28   7078.846808  18846.626008 -17309.263139   -422.951649
PG29  -1909.874839  18743.227215 -18680.680303   -249.092972
PG30  -4010.433602 -22219.060127  13995.547541    353.312345
PG31  12950.977086   9202.558645 -21552.940319   -122.926591
*  2026  9  5  3 45  0.00000000
PG04   9828.944402 -11377.640150 -21856.669880     64.729007
PG05 -25863.841831   5329.903858  -3099.429606   -236.537509
PG06  -7494.581916 -17136.135972 -18731.128820   -532.075402
PG07   5690.693523 -25668.433231   2440.386598   -221.807360
PG09   -939.345186 -19020.729934 -18587.441509    685.801457
PG11 -14211.718380  -5262.303292 -21749.909034   -219.935385
PG13 -23154.716108  11323.911250  -6531.532202    438.109263
PG14  -6249.080771 -14569.637075  21442.767117    749.975906
PG15 -16988.412840   4809.698948  19286.320585    442.159672
PG17 -10846.685633 -22485.391223   9000.935083   -197.286854
PG18  -5449.829682  25577.734231   3658.653492   -263.756627
PG19 -17919.370354 -19842.570200  -2707.932694    704.955469
PG20 -20961.059577  -6024.819775  15208.647113    278.250198
PG21 -22933.320204  -3998.591156 -12818.853277    369.491353
PG22 -13155.266450 -12160.697244  19821.540223     74.040106
PG24 -14609.139548  14303.298984  16198.320494    193.279518
PG25 -12189.430067  16195.210452 -17311.506133    391.565964
PG26  19496.751319   6737.617515 -17195.701580   -391.784372
PG28   6854.387847  19457.230090 -16713.143585   -422.948359
PG29  -2397.353727  18210.274772 -19151.471298   -249.091128
PG30  -3783.808243 -22688.278122  13268.969122    353.316051
PG31  12680.503484   9953.991000 -21368.067930   -122.925782
*  2026  9  5  3 50  0.00000000
PG04  10392.857303 -10761.841469 -21912.924920     64.729072
PG05 -25758.011530   5232.376233  -4052.705533   -236.537445
PG06  -7248.957454 -17800.504468 -18198.145251   -532.072171
PG07   5803.322062 -25691.965617   1490.413119   -221.808269
PG09   -401.189176 -18554.175385 -19077.376042    685.798815
PG11 -13950.243975  -6052.480096 -21716.298216   -219.931770
PG13 -23397.115187  11310.028749  -5618.344740    438.110715
PG14  -5460.437400 -14763.616707  21516.079032    749.975827
PG15 -17581.919932   4325.134797  18876.908711    442.160664
PG17 -10555.066583 -22279.524726   9861.701877   -197.288296
PG18  -5563.249937  25668.461272   2704.027845   -263.753976
PG19 -17912.800469 -19953.914902  -1774.917037    704.955178
PG20 -21320.256898  -6462.748972  14510.512453    278.252889
PG21 -22458.594672  -4175.012209 -13579.079667    369.488939
PG22 -12425.477331 -12316.269577  20208.101072     74.042841
PG24 -14579.287359  13632.042327  16783.972587    193.284711
PG25 -12818.201596  16306.312372 -16723.242819    391.564988
PG26  18907.211545   7016.222195 -17729.776176   -391.784786
PG28   6646.385718  20049.313347 -16084.988863   -422.945147
PG29  -2904.797638  17672.847103 -19585.496595   -249.088775
PG30  -3571.774033 -23134.483711  12516.968916    353.319747
PG31  12425.213269  10703.073362 -21143.230870   -122.924798
*  2026  9  5  3 55  0.00000000
PG04  10968.529292 -10155.462959 -21927.104295     64.729152
PG05 -25619.925377   5122.035193  -4998.251593   -236.537676
PG06  -7021.511824 -18449.309009 -17629.958941   -532.068921
PG07   5907.083174 -25682.324519    537.527881   -221.809249
PG09    158.007073 -18085.209514 -19531.014443    685.796171
PG11 -13703.222674  -6845.029088 -21640.885368   -219.928149
PG13 -23606.793898  11289.860640  -4694.432569    438.112176
PG14  -4672.856987 -14971.201461  21548.660515    749.975744
PG15 -18169.384332   3859.810628  18429.660310    442.161355
PG17 -10238.852274 -22054.923599  10703.569899   -197.289749
PG18  -5665.241195  25726.152640   1744.131781   -263.751325
PG19 -17885.977827 -20038.650688   -838.620346    704.955417
PG20 -21667.584743  -6875.976326  13784.680050    278.255585
PG21 -21959.742643  -4366.752630 -14313.349470    369.486572
PG22 -11685.429873 -12486.762514  20556.705161     74.045452
PG24 -14556.784906  12938.593402  17335.678551    193.289897
PG25 -13423.848704  16421.299457 -16103.261484    391.563947
PG26  18304.243069   7311.277649 -18231.003135   -391.785211
PG28   6454.294237  20621.313969 -15426.001301   -422.941928
PG29  -3431.637630  17132.596103 -19981.940918   -249.086535
PG30  -3373.592586 -23556.365084  11740.961628    353.323427
PG31  12185.296860  11448.073814 -20878.808550   -122.924008
*  2026  9  5  4  0  0.00000000
PG04  11554.698830  -9559.875468 -21899.201835     64.729261
PG05 -25450.401803   4997.651492  -5934.270773   -236.537681
PG06  -6811.854419 -19080.811191 -17027.662422   -532.065648
PG07   6003.255633 -25639.032656   -416.409867   -221.810160
PG09    737.518168 -17615.419606 -19947.509420    685.793547
PG11 -13471.083275  -7638.165500 -21523.826334   -219.924518
PG13 -23783.745682  11261.997803  -3761.556858    438.113651
PG14  -3888.032537 -15191.989951  21540.415055    749.975695
PG15 -18749.098791   3414.143133  17945.512497    442.162550
PG17  -9897.742578 -21813.064137  11524.960021   -197.290915
PG18  -5757.107843  25750.234528    780.835145   -263.748645
PG19 -17837.790821 -20097.570540     99.226475    704.955425
PG20 -22001.455680  -7264.462161  13032.529718    278.258264
PG21 -21438.162759  -4574.562241 -15020.257171    369.484195
PG22 -10936.844916 -12672.378186  20866.746315     74.047830
PG24 -14542.591175  12224.350943  17852.303159    193.295096
PG25 -14005.331972  16538.927794 -15452.692734    391.562948
PG26  17689.384773   7622.927322 -18698.441205   -391.785635
PG28   6277.477258  21171.724860 -14737.442530   -422.938714
PG29  -3977.206030  16591.149803 -20340.061991   -249.084476
PG30  -3188.450509 -23952.677662  10942.411221    353.327157
PG31  11960.847310  12187.256068 -20575.253700   -122.923195
*  2026  9  5  4  5  0.00000000
PG04  12150.032069  -8976.376418 -21829.292260     64.729313
PG05 -25250.355823   4858.053470  -6858.986583   -236.537792
PG06  -6619.494066 -19693.317371 -16392.415332   -532.062409
PG07   6093.147343 -25561.721180  -1369.529082   -221.811382
PG09   1336.521993 -17146.359054 -20326.084512    685.790904
PG11 -13254.154596  -8430.088054 -21365.357385   -219.920918
PG13 -23928.071757  11225.044122  -2821.496844    438.115096
PG14  -3107.635923 -15425.487146  21491.322558    749.975614
PG15 -19319.357776   2988.442968  17425.477317    442.163533
PG17  -9531.536220 -21555.456644  12324.337489   -197.292192
PG18  -5840.192165  25740.242241   -183.984234   -263.745954
PG19 -17767.191455 -20131.547656   1036.889507    704.955374
PG20 -22320.301563  -7628.270837  12255.491989    278.260963
PG21 -20895.317186  -4799.105158 -15698.449287    369.481780
PG22 -10181.457591 -12873.221834  21137.690639     74.050481
PG24 -14537.592722  11490.790495  18332.784975    193.300286
PG25 -14561.697950  16657.904838 -14772.728271    391.561903
PG26  17064.194987   7951.222795 -19131.208965   -391.786061
PG28   6115.212111  21699.099692 -14020.631068   -422.935512
PG29  -4540.738643  16050.105704 -20659.191825   -249.082515
PG30  -3015.463553 -24322.249339  10122.828294    353.330849
PG31  11751.860142  12918.886032 -20233.091906   -122.922391
*  2026  9  5  4 10  0.00000000
PG04  12753.128109  -8406.184896 -21717.530878     64.729389
PG05 -25020.794908   4702.132797  -7770.646335   -236.537951
PG06  -6443.841814 -20285.185581 -15725.442139   -532.059160
PG07   6178.088796 -25450.132140  -2319.950809   -221.812270
PG09   1954.102494 -16679.540979 -20666.035420    685.788262
PG11 -13052.664430  -9218.985998 -21165.794673   -219.917313
PG13 -24039.980336  11177.623205  -1876.046474    438.116570
PG14  -2333.311542 -15671.106092  21401.439661    749.975573
PG15 -19878.464844   2582.914406  16870.639106    442.164457
PG17  -9140.132124 -21283.638624  13100.214552   -197.293687
PG18  -5915.867578  25695.822486  -1148.444404   -263.743262
PG19 -17673.200233 -20141.531368   1972.634686    704.955345
PG20 -22622.580333  -7967.569690  11455.045447    278.263683
PG21 -20332.725717  -5040.956185 -16346.626952    369.479399
PG22  -9421.010717 -13089.301191  21369.077097     74.053021
PG24 -14542.599063  10739.458467  18776.138977    193.305479
PG25 -15092.082737  16776.895152 -14064.619034    391.560874
PG26  16430.245564   8296.122851 -19528.486403   -391.786435
PG28   5966.693420  22202.058708 -13276.939800   -422.932293
PG29  -5121.377376  15511.024275 -20938.737861   -249.080212
PG30  -2853.681103 -24663.985453   9283.767340    353.334529
PG31  11558.233588  13641.238413 -19852.921009   -122.921455
*  2026  9  5  4 15  0.00000000
PG04  13362.524549  -7850.437096 -21564.153122     64.729447
PG05 -24762.814494   4528.849935  -8667.524360   -236.538184
PG06  -6284.214168 -20854.832232 -15028.029739   -532.056020
PG07   6259.426371 -25304.120485  -3265.792146   -221.813267
PG09   2589.252878 -16216.432062 -20966.731190    685.785633
PG11 -12866.738955 -10003.046180 -20925.533530   -219.913699
PG13 -24119.785397  11118.385043   -927.011014    438.118036
PG14  -1566.670077 -15928.170046  21270.899898    749.975528
PG15 -20424.739960   2197.655509  16282.151695    442.165044
PG17  -8723.530315 -20999.167928  13851.152966   -197.295110
PG18  -5985.531736  25616.735188  -2110.663169   -263.740624
PG19 -17554.910796 -20128.542760   2904.730678    704.955671
PG20 -22906.782733  -8282.627537  10632.713969    278.266399
PG21 -19751.959634  -5300.597589 -16963.548408    369.476998
PG22  -8657.248218 -13320.526285  21560.517968     74.055959
PG24 -14558.338468   9971.965834  19181.458982    193.310664
PG25 -15595.715209  16894.526371 -13329.673211    391.559837
PG26  15789.115901   8657.492928 -19889.516416   -391.786851
PG28   5831.037292  22679.294253 -12507.793342   -422.929193
PG29  -5718.173278  14975.422638 -21178.183955   -249.078081
PG30  -2702.090975 -24976.873443   8426.823889    353.338233
PG31  11379.769254  14352.603307 -19435.410391   -122.920346
*  2026  9  5  4 20  0.00000000
PG04  13976.703313  -7310.182145 -21369.473935     64.729500
PG05 -24477.593149   4337.239303  -9547.925163   -236.538193
PG06  -6139.836750 -21400.738584 -14301.524916   -532.052769
PG07   6338.515502 -25123.655568  -4205.170312   -221.814579
PG09   3240.879186 -15758.446583 -21227.615277    685.782970
PG11 -12696.402606 -10780.460138 -20645.047608   -219.910106
PG13 -24167.905006  11046.012563     23.796372    438.119473
PG14   -809.282387 -16195.914999  21099.913738    749.975546
PG15 -20956.526720   1832.658811  15661.235454    442.165901
PG17  -8281.832400 -20703.615857  14575.766368   -197.296325
PG18  -6050.599521  25502.854814  -3068.761976   -263.737995
PG19 -17411.494272 -20093.670012   3831.451753    704.955272
PG20 -23171.438901  -8573.812735   9790.063872    278.269077
PG21 -19154.635362  -5578.416285 -17548.031387    369.474585
PG22  -7891.908558 -13566.709652  21711.699190     74.058407
PG24 -14585.454152   9189.981531  19547.919857    193.315837
PG25 -16071.919873  17009.395375 -12569.254111    391.558766
PG26  15142.386935   9035.104954 -20213.606220   -391.787297
PG28   5707.285857  23129.576014 -11714.665314   -422.926006
PG29  -6330.089969  14444.768462 -21377.091223   -249.075948
PG30  -2559.624504 -25259.987194   7553.631546    353.341918
PG31  11216.173199  15051.292768 -18981.300125   -122.919513
*  2026  9  5  4 25  0.00000000
PG04  14594.096714  -6786.378320 -21133.887007     64.729602
PG05 -24166.387408   4126.414108 -10410.186502   -236.538187
PG06  -6009.848372 -21921.456941 -13547.331676   -532.049488
PG07   6416.713755 -24908.822163  -5136.206771   -221.815795
PG09   3907.804238 -15306.940720 -21448.206456    685.780326
PG11 -12541.578403 -11549.431171 -20324.887874   -219.906485
PG13 -24184.859222  10959.228061    974.558065    438.120950
PG14    -62.673552 -16473.492615  20888.768480    749.975498
PG15 -21472.199450   1487.812502  15009.174200    442.167022
PG17  -7815.241614 -20398.560277  15272.722525   -197.297770
PG18  -6112.495954  25354.171199  -4020.869798   -263.735335
PG19 -17242.203345 -20038.063484   4751.080662    704.955514
PG20 -23415.124819  -8841.590830   8928.700982    278.271771
PG21 -18542.407952  -5874.701435 -18098.955378    369.472196
PG22  -7126.718237 -13827.566961  21822.380570     74.060978
PG24 -14624.500907   8395.225557  19874.779495    193.321009
PG25 -16520.119337  17120.074640 -11784.777910    391.557715
PG26  14491.635137   9428.637566 -20500.128683   -391.787706
PG28   5594.412131  23551.755943 -10899.075509   -422.922802
PG29  -6956.007450  13920.474105 -21535.098725   -249.073832
PG30  -2425.161910 -25512.491033   6665.858934    353.345594
PG31  11067.057429  15735.647325 -18491.400010   -122.918741
*  2026  9  5  4 30  0.00000000
PG04  15213.093744  -6279.889675 -20857.863860     64.729706
PG05 -23830.526316   3895.570838 -11252.682390   -236.537921
PG06  -5893.305511 -22415.616555 -12766.908456   -532.046218
PG07   6495.373843 -24659.820961  -6057.031433   -221.816660
PG09   4588.771935 -14863.207106 -21628.099608    685.777695
PG11 -12402.088740 -12308.181358 -19965.681445   -219.902891
PG13 -24171.267564  10856.799476   1923.455453    438.122410
PG14    671.682906 -16759.973539  20637.828004    749.975432
PG15 -21970.170141   1162.902099  14327.311972    442.167946
PG17  -7324.062436 -20085.578753  15940.745454   -197.299553
PG18  -6172.649060  25170.789870  -4965.127009   -263.732687
PG19 -17046.376000 -19962.930565   5661.911501    704.955405
PG20 -23636.468597  -9086.521776   8050.267608    278.274436
PG21 -17916.964404  -6189.642481 -18615.263782    369.469799
PG22  -6363.385361 -14102.718050  21892.395893     74.063794
PG24 -14675.942182   7589.461851  20161.380569    193.326178
PG25 -16939.836383  17225.118750 -10977.711265    391.556661
PG26  13838.426523   9837.676711 -20748.523558   -391.788112
PG28   5491.325191  23944.772836 -10062.586974   -422.919594
PG29  -7594.726281  13403.891009 -21651.924004   -249.071520
PG30  -2297.537901 -25733.643360   5765.206522    353.349281
PG31  10931.941798  16404.042413 -17966.588465   -122.917781
*  2026  9  5  4 35  0.00000000
PG04  15832.046541  -5791.483085 -20541.952798     64.729807
PG05 -23471.405686   3643.993394 -12073.826021   -236.538031
PG06  -5789.187150 -22881.929204 -11961.765222   -532.042928
PG07   6575.836616 -24376.968555  -6965.786897   -221.817811
PG09   5282.451890 -14428.469683 -21766.966360    685.775056
PG11 -12277.656621 -13054.958503 -19568.130284   -219.899298
PG13 -24127.846077  10737.546483   2868.672403    438.123875
PG14   1392.370595 -17054.351087  20347.532391    749.975364
PG15 -22448.895188    857.612604  13617.049691    442.168666
PG17  -6808.699786 -19766.241750  16578.617403   -197.300564
PG18  -6232.482728  24952.931873  -5899.689232   -263.730023
PG19 -16823.438956 -19869.530292   6562.252582    704.955555
PG20 -23834.156542  -9309.256755   7156.439459    278.277150
PG21 -17280.016868  -6523.327609 -19095.965946    369.467401
PG22  -5603.593320 -14391.688357  21921.652907     74.066397
PG24 -14740.147627   6774.490946  20407.152043    193.331368
PG25 -17330.695621  17323.071028 -10149.568794    391.555632
PG26  13184.310703  10261.716643 -20958.298633   -391.788507
PG28   5396.875637  24307.656562  -9206.803006   -422.916370
PG29  -8244.972093  12896.304393 -21727.363470   -249.069459
PG30  -2175.547514 -25922.799896   4853.403378    353.353006
PG31  10810.256325  17054.894704 -17407.811302   -122.916921
*  2026  9  5  4 40  0.00000000
PG04  16449.277032  -5321.825732 -20186.777699     64.729881
PG05 -23090.482112   3371.056838 -12872.072603   -236.538238
PG06  -5696.399977 -23319.194428 -11133.460455   -532.039664
PG07   6659.424059 -24060.696888  -7860.632735   -221.818744
PG09   5987.444377 -14003.878868 -21864.555598    685.772409
PG11 -12167.907342 -13788.042960 -19133.009748   -219.895676
PG13 -24055.403985  10600.346378   3808.398731    438.125323
PG14   2098.035597 -17355.545292  20018.397381    749.975275
PG15 -22906.881903    571.531122  12879.841722    442.169676
PG17  -6269.657806 -19442.105911  17185.180716   -197.301861
PG18  -6293.409582  24700.933089  -6822.731165   -263.727371
PG19 -16572.910746 -19759.167776   7450.429281    704.955797
PG20 -24006.939010  -9510.534609   6248.922473    278.279846
PG21 -16633.295756  -6875.742661 -19540.139072    369.465019
PG22  -4848.994587 -14693.910749  21910.133200     74.069041
PG24 -14817.391123   5952.142465  20611.610440    193.336550
PG25 -17692.424727  17412.470276  -9301.910439    391.554590
PG26  12530.815002  10700.161294 -21129.030785   -391.788898
PG28   5309.861311  24639.531908  -8333.364066   -422.913150
PG29  -8905.400428  12398.928240 -21761.292639   -249.067342
PG30  -2057.952146 -26079.416540   3932.203830    353.356685
PG31  10701.343906  17686.668303 -16816.080363   -122.915991
*  2026  9  5  4 45  0.00000000
PG04  17063.083700  -4871.483022 -19793.036688     64.729954
PG05 -22689.266748   3076.230751 -13645.922111   -236.538171
PG06  -5613.783912 -23726.304385 -10283.598032   -532.036419
PG07   6747.432334 -23711.552177  -8739.749801   -221.819599
PG09   6702.285573 -13590.507049 -21920.693828    685.769763
PG11 -12072.370615 -14505.754332 -18661.166999   -219.892097
PG13 -23954.839963  10444.139725   4740.833678    438.126772
PG14   2787.391564 -17662.407299  19651.013702    749.975185
PG15 -23342.694779    304.149921  12117.192332    442.170575
PG17  -5707.538235 -19114.707453  17759.339556   -197.303311
PG18  -6356.823918  24415.243056  -7732.450357   -263.724755
PG19 -16294.404462 -19633.188447   8324.786887    704.955581
PG20 -24153.636003  -9691.177890   5329.449597    278.282515
PG21 -15978.542785  -7246.770499 -19946.930000    369.462592
PG22  -4101.204675 -15008.727729  21857.891967     74.071510
PG24 -14907.849289   5124.267489  20774.360862    193.341711
PG25 -18024.855249  17491.857579  -8436.338694    391.553559
PG26  11879.438657  11152.326030 -21260.366935   -391.789293
PG28   5229.033256  24939.622036  -7443.944625   -422.909976
PG29  -9574.601887  11912.900630 -21753.666216   -249.064988
PG30  -1943.485761 -26203.051798   3003.384041    353.360350
PG31  10604.463415  18297.880783 -16192.472026   -122.915285
*  2026  9  5  4 50  0.00000000
PG04  17671.748462  -4440.916963 -19361.500660     64.730027
PG05 -22269.318897   2759.082187 -14393.921940   -236.538263
PG06  -5540.117937 -24102.248325  -9413.824015   -532.033166
PG07   6841.124903 -23330.193293  -9601.344545   -221.820633
PG09   7425.453075 -13189.344429 -21935.285413    685.767107
PG11 -11990.483118 -15206.457996 -18153.519274   -219.888456
PG13 -23827.138036  10267.935750   5664.189371    438.128207
PG14   3459.224532 -17973.724084  19246.046237    749.975132
PG15 -23754.961459     54.869926  11330.652090    442.171377
PG17  -5123.038382 -18785.555696  18300.061502   -197.304768
PG18  -6424.094724  24096.423293  -8627.070940   -263.722071
PG19 -15987.630119 -19492.972134   9183.693422    704.955597
PG20 -24273.142490  -9852.088553   4399.777497    278.285213
PG21 -15317.503979  -7636.190812 -20315.556861    369.460202
PG22  -3361.796257 -15335.394021  21765.057671     74.074171
PG24 -15011.600495   4292.730833  20895.097764    193.346887
PG25 -18327.922970  17559.783161  -7554.495720    391.552506
PG26  11231.647135  11617.439781 -21352.024909   -391.789698
PG28   5153.101877  25207.251531  -6540.249937   -422.906763
PG29 -10251.107551  11439.279404 -21704.518033   -249.062976
PG30  -1830.861244 -26293.368795   2068.738524    353.364004
PG31  10518.793195  18887.109040 -15538.125585   -122.914339
*  2026  9  5  4 55  0.00000000
PG04  18273.543617  -4030.484988 -18893.011682     64.730115
PG05 -21832.239415   2419.278206 -15114.669467   -236.538691
PG06  -5474.126202 -24446.116642  -8525.823353   -532.029908
PG07   6941.725766 -22917.389622 -10443.653327   -221.821497
PG09   8155.371659 -12801.295237 -21908.312662    685.764440
PG11 -11921.591452 -15888.571432 -17611.052028   -219.884842
PG13 -23673.363120  10070.817438   6576.694263    438.129659
PG14   4112.397445 -18288.223486  18804.233059    749.975046
PG15 -24142.378407   -176.995389  10521.814185    442.172616
PG17  -4516.948723 -18456.126761  18806.379018   -197.306512
PG18  -6496.558822  23745.145138  -9504.847294   -263.719415
PG19 -15652.396656 -19339.927015  10025.542456    704.955683
PG20 -24364.433422  -9994.243311   3461.683227    278.287885
PG21 -14651.922678  -8043.680393 -20645.310590    369.457849
PG22  -2632.293484 -15673.079516  21631.831595     74.076767
PG24 -15128.624371   3459.403275  20973.605471    193.352072
PG25 -18601.667836  17614.813240  -6658.060342    391.551475
PG26  10588.866578  12094.647542 -21403.794190   -391.790113
PG28   5080.743301  25441.849023  -5624.012756   -422.903543
PG29 -10933.394662  10979.038202 -21613.960840   -249.060901
PG30  -1718.776871 -26350.136847   1130.076581    353.367695
PG31  10443.434907  19452.994932 -14854.241483   -122.913584
*  2026  9  5  5  0  0.00000000
PG04  18866.738841  -3640.439239 -18388.481261     64.730228
PG05 -21379.663985   2056.587982 -15806.814510   -236.538263
PG06  -5414.484387 -24757.104496  -7621.316495   -532.026643
PG07   7050.412859 -22474.018388 -11264.946708   -221.822816
PG09   8890.419273 -12427.174318 -21839.835792    685.761789
PG11 -11864.955513 -16550.570338 -17034.816947   -219.881215
PG13 -23494.656234   9851.946337   7476.596560    438.131112
PG14   4745.854360 -18604.579529  18326.384302    749.974968
PG15 -24503.716236   -392.215723   9692.310698    442.173335
PG17  -3890.150111 -18127.857447  19277.390796   -197.307789
PG18  -6575.514166  23362.187109 -10364.067653   -263.716768
PG19 -15288.613552 -19175.483449  10848.755893    704.955748
PG20 -24426.568431 -10118.688664   2516.960840    278.290564
PG21 -13983.532555  -8468.813854 -20935.556311    369.455475
PG22  -1914.166518 -16020.872563  21458.487296     74.079152
PG24 -15258.801814   2626.153778  21009.758452    193.357283
PG25 -18846.233428  17655.536876  -5748.744927    391.550442
PG26   9952.478398  12583.013235 -21415.536574   -391.790459
PG28   5010.605873  25642.949383  -4696.989996   -422.900329
PG29 -11619.892535  10533.062884 -21482.185944   -249.058832
PG30  -1605.922866 -26373.232576    189.218690    353.371401
PG31  10377.417751  19994.250689 -14142.079430   -122.912674
*  2026  9  5  5  5  0.00000000
PG04  19449.608198  -3270.926317 -17848.888495     64.730348
PG05 -20913.256259   1670.884477 -16469.061687   -236.538536
PG06  -5359.826272 -25034.514999  -6702.055938   -532.023379
PG07   7168.311635 -22001.061463 -12063.533702   -221.823558
PG09   9628.933230 -12067.704120 -21729.992745    685.759072
PG11 -11819.752237 -17190.994488 -16425.929835   -219.877594
PG13 -23292.229385   9610.567022   8362.167609    438.132582
PG14   5358.624316 -18921.418013  17813.380894    749.974924
PG15 -24837.824690   -591.639316   8843.808841    442.174288
PG17  -3243.610640 -17802.139329  19712.262965   -197.308719
PG18  -6662.213323  22948.431800 -11203.057626   -263.714122
PG19 -14896.292046 -19001.087726  11651.786740    704.956061
PG20 -24458.696183 -10226.535634   1567.417972    278.293256
PG21 -13314.050703  -8911.064801 -21185.734572    369.453105
PG22  -1208.826293 -16377.783602  21245.369950     74.082505
PG24 -15401.915501   1794.841748  21003.521331    193.362471
PG25 -19061.865997  17680.572761  -4828.292166    391.549426
PG26   9323.814053  13081.522926 -21387.186711   -391.790888
PG28   4941.316791  25810.195475  -3760.959340   -422.897123
PG29 -12308.988679  10102.148331 -21309.462714   -249.056349
PG30  -1490.988020 -26362.640582   -752.007157    353.375087
PG31  10319.703015  20509.664061 -13402.956375   -122.911511
*  2026  9  5  5 10  0.00000000
PG04  20020.437139  -2921.987478 -17275.278104     64.730439
PG05 -20434.700925   1262.145671 -17100.172668   -236.538709
PG06  -5308.750513 -25277.761923  -5769.822710   -532.020128
PG07   7296.488868 -21499.601666 -12837.765975   -221.824439
PG09  10369.216567 -11723.512086 -21578.998876    685.756433
PG11 -11785.079723 -17808.453327 -15785.568384   -219.873974
PG13 -23067.360167   9346.011217   9231.705251    438.134074
PG14   5949.824847 -19237.322348  17266.173141    749.974857
PG15 -25143.637246   -776.187990   7978.007158    442.175165
PG17  -2578.382158 -17480.313076  20110.230186   -197.310313
PG18  -6757.857166  22504.862328 -12020.183630   -263.711497
PG19 -14475.545963 -18818.195735  12433.121837    704.955643
PG20 -24460.058367 -10318.954216    614.872383    278.295932
PG21 -12645.170792  -9369.807456 -21395.362445    369.450693
PG22   -517.619531 -16742.749109  20992.895608     74.084535
PG24 -15557.650888    967.309365  20954.948667    193.367646
PG25 -19248.913041  17688.575930  -3898.471740    391.548384
PG26   8704.150023  13589.088380 -21318.752540   -391.791289
PG28   4871.488834  25943.339455  -2817.715818   -422.893917
PG29 -12999.035096   9686.995669 -21096.137934   -249.054609
PG30  -1372.666334 -26318.453641  -1691.769160    353.378726
PG31  10269.188956  20998.103179 -12638.244357   -122.910751
*  2026  9  5  5 15  0.00000000
PG04  20577.529458  -2593.559296 -16668.758342     64.730525
PG05 -19945.696706    830.455353 -17698.968323   -236.538691
PG06  -5259.827565 -25486.371950  -4826.422787   -532.016857
PG07   7435.946726 -20970.818565 -13586.041982   -221.825326
PG09  11109.544567 -11395.128454 -21387.146501    685.753775
PG11 -11759.961698 -18401.631262 -15114.969833   -219.870347
PG13 -22821.386088   9057.701549  10083.537137    438.135528
PG14   6518.665123 -19550.839616  16685.779154    749.974794
PG15 -25420.175324   -946.851881   7096.631714    442.175998
PG17  -1895.596452 -17163.663033  20470.596608   -197.311646
PG18  -6863.588823  22032.558342 -12813.856233   -263.708849
PG19 -14026.592135 -18628.266609  13191.284569    704.955667
PG20 -24429.993304 -10397.167585   -338.851526    278.298615
PG21 -11978.556344  -9844.318713 -21564.034476    369.448275
PG22    158.175967 -17114.635855  20701.550347     74.087034
PG24 -15725.597704    145.374017  20864.184474    193.372820
PG25 -19407.821443  17678.244363  -2961.076900    391.547345
PG26   8094.702994  14104.550953 -21210.315611   -391.791686
PG28   4799.727162  26042.243617  -1869.068340   -422.890707
PG29 -13688.354737   9288.209903 -20842.635020   -249.052331
PG30  -1249.663661 -26240.872453  -2628.235451    353.382376
PG31  10224.715986  21458.521116 -11849.368216   -122.909922
*  2026  9  5  5 20  0.00000000
PG04  21119.214166  -2285.474778 -16030.498807     64.730636
PG05 -19447.949334    376.003463 -18264.330756   -236.538911
PG06  -5211.606737 -25659.986430  -3873.683471   -532.013604
PG07   7587.617133 -20415.983803 -14306.811003   -221.826586
PG09  11848.171390 -11082.984495 -21154.804319    685.751095
PG11 -11743.352320 -18969.292648 -14415.428514   -219.866726
PG13 -22555.698651   8745.154907  10916.023980    438.137000
PG14   7064.448708 -19860.486824  16073.283145    749.974694
PG15 -25666.552091  -1104.683899   6201.432286    442.177184
PG17  -1196.461121 -16853.412066  20792.736720   -197.313524
PG18  -6980.487884  21532.691622 -13582.533390   -263.706191
PG19 -13549.750418 -18432.756335  13924.837538    704.955825
PG20 -24367.939158 -10462.446067  -1291.926209    278.301292
PG21 -11315.834150 -10333.780634 -21691.423495    369.445864
PG22    817.355757 -17492.245443  20371.889326     74.089947
PG24 -15905.251913   -669.179100  20731.461510    193.377979
PG25 -19539.135177  17648.325435  -2017.920955    391.546290
PG26   7496.625291  14626.685802 -21062.031287   -391.792093
PG28   4724.636142  26106.880784   -916.836208   -422.887523
PG29 -14375.248085   8906.297971 -20549.453101   -249.050177
PG30  -1120.704315 -26130.204911  -3559.577851    353.386034
PG31  10185.072143  21889.960118 -11037.803181   -122.908856
*  2026  9  5  5 25  0.00000000
PG04  21643.852281  -1997.464917 -15361.728143     64.730687
PG05 -18943.164519   -100.914020 -18795.205226   -236.538990
PG06  -5162.623344 -25798.362654  -2913.449722   -532.010362
PG07   7752.356455 -19836.455978 -14998.577096   -221.827650
PG09  12583.336813 -10787.411168 -20882.416696    685.748437
PG11 -11734.141281 -19510.286421 -13688.293297   -219.863124
PG13 -22271.737204   8407.985418  11727.562762    438.138464
PG14   7586.575914 -20164.757337  15429.833558    749.974633
PG15 -25881.975851  -1250.793954   5294.178547    442.178004
PG17   -482.255165 -16550.716701  21076.096068   -197.314597
PG18  -7109.564921  21006.521287 -14324.723569   -263.703515
PG19 -13045.443291 -18233.111385  14632.385189    704.955621
PG20 -24273.436739 -10516.100911  -2242.524496    278.303980
PG21 -10658.587852 -10837.283359 -21777.281269    369.443648
PG22   1458.792871 -17874.319118  20004.535754     74.092739
PG24 -16096.018150  -1474.604210  20557.100327    193.383152
PG25 -19643.492568  17597.622202  -1070.833670    391.545267
PG26   6911.000562  15154.206391 -20874.128834   -391.792488
PG28   4644.826199  26137.334231     37.154396   -422.884280
PG29 -15057.999832   8541.667239 -20217.165960   -249.047916
PG30   -984.537612 -25986.864915  -4483.975646    353.389726
PG31  10148.998829  22291.555486 -10205.072335   -122.908214
*  2026  9  5  5 30  0.00000000
PG04  22149.843474  -1729.160691 -14663.731638     64.730774
PG05 -18433.040942   -599.895628 -19290.601961   -236.538934
PG06  -5111.405923 -25901.374628  -1947.580457   -532.007097
PG07   7930.940547 -19233.675071 -15659.902913   -221.828786
PG09  13313.273027 -10508.638224 -20570.502816    685.745799
PG11 -11731.159201 -20023.550388 -12934.964936   -219.859510
PG13 -21970.982610   8045.906991  12516.589870    438.139929
PG14   8084.545740 -20462.127444  14756.641077    749.974541
PG15 -26065.752991  -1386.342949   4376.656283    442.178789
PG17    245.675711 -16256.662572  21320.191861   -197.315847
PG18  -7251.756325  20455.388618 -15038.988762   -263.700846
PG19 -12514.195054 -18030.762370  15312.576409    704.955890
PG20 -24146.131875 -10559.477888  -3188.823108    278.306700
PG21 -10008.351724 -11353.828431 -21821.439009    369.441248
PG22   2081.441632 -18259.542832  19600.179758     74.095174
PG24 -16297.212593  -2269.201952  20341.508098    193.388338
PG25 -19721.623140  17524.999472   -121.657600    391.544223
PG26   6338.839739  15685.769299 -20646.911381   -391.792869
PG28   4558.920630  26133.797151    991.073932   -422.881079
PG29 -15734.885633   8194.624433 -19846.420845   -249.045881
PG30   -839.944321 -25811.370717  -5399.619369    353.393436
PG31  10115.196790  22662.539091  -9352.743943   -122.907081
*  2026  9  5  5 35  0.00000000
PG04  22635.632565  -1480.095488 -13937.848732     64.730867
PG05 -17919.263315  -1120.435401 -19749.597845   -236.538903
PG06  -5056.483474 -25969.013355   -977.944831   -532.003831
PG07   8124.060186 -18609.156484 -16289.413397   -221.829538
PG09  14036.211478 -10246.793733 -20219.655715    685.743126
PG11 -11733.183279 -20508.115131 -12156.893324   -219.855880
PG13 -21654.950738   7658.735446  13281.584169    438.141377
PG14   8557.957392 -20751.063047  14054.976473    749.974448
PG15 -26217.290504  -1512.536610   3450.663621    442.179913
PG17    985.924041 -15972.260186  21524.613461   -197.317356
PG18  -7407.919494  19880.711553 -15723.947360   -263.698220
PG19 -11956.630611 -17827.117757  15964.107066    704.955877
PG20 -23985.777354 -10593.950744  -4129.006178    278.309459
PG21  -9366.604678 -11882.332515 -21823.807728    369.438871
PG22   2684.341130 -18646.552532  19159.577168     74.097916
PG24 -16508.066274  -3051.326124  20085.177221    193.393501
PG25 -19774.344052  17429.389642    827.755654    391.543161
PG26   5781.077297  16219.979283 -20380.755762   -391.793280
PG28   4465.562375  26096.571670   1943.093033   -422.877865
PG29 -16404.178898   7865.375004 -19437.937152   -249.043646
PG30   -685.742981 -25604.342820  -6304.714575    353.397160
PG31  10082.332312  23002.242499  -8482.428675   -122.906365
*  2026  9  5  5 40  0.00000000
PG04  23099.715832  -1249.707944 -13185.470434     64.730955
PG05 -17403.495508  -1661.924325 -20171.337994   -236.539075
PG06  -4996.392702 -26001.386613     -6.418496   -532.000581
PG07   8332.316918 -17964.484688 -16885.799314   -221.830549
PG09  14750.389725 -10001.904069 -19830.541174    685.740479
PG11 -11738.943183 -20963.107531 -11355.574658   -219.852288
PG13 -21325.185819   7246.390200  14021.069985    438.142844
PG14   9006.511371 -21030.026432  13326.168324    749.974390
PG15 -26336.098059  -1630.619143   2518.007307    442.180594
PG17   1737.025775 -15698.441029  21689.022754   -197.318671
PG18  -7578.828392  19283.978844 -16378.276912   -263.695509
PG19 -11373.473840 -17623.557668  16585.722504    704.955912
PG20 -23792.234420 -10620.914524  -5061.268763    278.312136
PG21  -8734.764509 -12421.631497 -21784.378446    369.436491
PG22   3266.618360 -19033.939666  18683.548208     74.100064
PG24 -16727.728801  -3819.390134  19788.683709    193.398685
PG25 -19802.556134  17309.798279   1775.549238    391.542106
PG26   5238.567821  16755.394609 -20076.112229   -391.793646
PG28   4363.420700  26026.067396   2891.386034   -422.874650
PG29 -17064.157605   7554.022944 -18992.504977   -249.041576
PG30   -520.796070 -25366.501424  -7197.485601    353.400921
PG31  10049.043611  23310.099706  -7595.776694   -122.905349
*  2026  9  5  5 45  0.00000000
PG04  23540.647118  -1037.345190 -12408.036652     64.731059
PG05 -16887.373801  -2223.652199 -20555.037214   -236.539198
PG06  -4929.685226 -25998.718233    965.120143   -531.997338
PG07   8556.219341 -17301.306530 -17447.820636   -221.831410
PG09  15454.058272  -9773.894322 -19403.896492    685.737825
PG11 -11747.127150 -21387.753880 -10532.548527   -219.848664
PG13 -20983.253689   6808.895513  14733.620021    438.144296
PG14   9430.010117 -21297.483102  12571.600597    749.974324
PG15 -26421.789621  -1741.866788   1580.499016    442.181300
PG17   2497.465672 -15436.054022  21813.154417   -197.319934
PG18  -7765.169498  18666.743931 -17000.716732   -263.692856
PG19 -10765.545570 -17421.427787  17176.219979    704.956034
PG20 -23565.473814 -10641.778826  -5983.820341    278.314828
PG21  -8114.182430 -12970.484952 -21703.222236    369.434081
PG22   3827.491008 -19420.256878  18172.976100     74.102901
PG24 -16955.272456  -4571.873139  19452.685379    193.403862
PG25 -19807.239540  17165.309392   2719.864896    391.541072
PG26   4712.082903  17290.532606 -19733.504036   -391.794052
PG28   4251.197772  25922.799532   3834.134496   -422.871427
PG29 -17713.111091   7260.571039 -18510.983547   -249.039277
PG30   -344.015979 -25098.663438  -8076.179301    353.404688
PG31  10013.947387  23585.649433  -6694.474645   -122.904489
*  2026  9  5  5 50  0.00000000
PG04  23957.043689   -842.266485 -11607.033440     64.731149
PG05 -16372.500264  -2804.809928 -20899.981331   -236.539485
PG06  -4854.934714 -25961.346898   1934.793672   -531.994079
PG07   8796.179850 -16621.324224 -17974.309727   -221.832564
PG09  16145.487371  -9562.589153 -18940.529137    685.735185
PG11 -11756.388266 -21781.382579  -9689.394925   -219.845069
PG13 -20630.734957   6346.381273  15417.858170    438.145766
PG14   9828.358212 -21551.908630  11792.710093    749.974260
PG15 -26474.084629  -1847.581268    639.951728    442.182231
PG17   3265.682877 -15185.862331  21896.816065   -197.321360
PG18  -7967.538164  18030.618545 -17590.070370   -263.690185
PG19 -10133.761144 -17222.033398  17734.451039    704.956199
PG20 -23305.576360 -10657.960976  -6894.888283    278.317502
PG21  -7506.137883 -13527.580943 -21580.490127    369.431738
PG22   4366.269871 -19804.023865  17628.805584     74.105826
PG24 -17189.696673  -5307.325832  19077.919855    193.409056
PG25 -19789.449044  16995.090402   3658.846853    391.540040
PG26   4202.308376  17823.875439 -19353.526886   -391.794416
PG28   4127.635093  25787.386543   4769.530710   -422.868189
PG29 -18349.346806   6984.921563 -17994.299534   -249.037152
PG30   -154.370777 -24801.739064  -8939.068753    353.408471
PG31   9975.645517  23828.537016  -5780.242523   -122.903542
*  2026  9  5  5 55  0.00000000
PG04  24347.591851   -663.647217 -10783.990178     64.731233
PG05 -15860.436309  -3404.492236 -21205.528404   -236.539307
PG06  -4770.743924 -25889.724437   2900.729401   -531.990810
PG07   9052.511867 -15926.288069 -18464.174350   -221.833364
PG09  16822.973740  -9367.714086 -18441.315274    685.732534
PG11 -11765.350905 -22143.426408  -8827.731190   -219.841480
PG13 -20269.218109   5859.083336  16072.462242    438.147210
PG14  10201.562143 -21791.795512  10990.983767    749.974183
PG15 -26492.808718  -1949.083186   -301.823849    442.183097
PG17   4040.076676 -14948.540554  21939.888302   -197.323062
PG18  -8186.435395  17377.266078 -18145.207935   -263.687524
PG19  -9479.127600 -17026.633585  18259.323835    704.956084
PG20 -23012.733091 -10670.879188  -7792.721300    278.320220
PG21  -6911.833687 -14091.541162 -21416.412845    369.429331
PG22   4882.360907 -20183.733391  17052.041354     74.108560
PG24 -17429.932842  -6024.375865  18665.202373    193.414244
PG25 -19750.308987  16798.396751   4590.645737    391.539015
PG26   3709.841913  18353.876068 -18936.848254   -391.794791
PG28   3991.519765  25620.547403   5695.781185   -422.864966
PG29 -18971.196994   6726.877406 -17443.445244   -249.035117
PG30     49.110271 -24476.727979  -9784.456915    353.412189
PG31   9932.731853  24038.515827  -4854.830441   -122.902611
*  2026  9  5  6  0  0.00000000
PG04  24711.052272   -500.583267  -9940.476674     64.731300
PG05 -15352.696430  -4021.700772 -21471.109815   -236.539283
PG06  -4675.751605 -25784.413656   3861.063078   -531.987570
PG07   9325.427563 -15217.988923 -18916.400463   -221.834271
PG09  17484.847191  -9188.897221 -17907.198170    685.729849
PG11 -11772.617296 -22473.424364  -7949.208885   -219.837917
PG13 -19900.292604   5347.343400  16696.166584    438.148679
PG14  10549.729602 -22015.659985  10167.955924    749.974091
PG15 -26477.893998  -2047.705386  -1243.022776    442.183903
PG17   4819.012389 -14724.672288  21942.324651   -197.324244
PG18  -8422.265070  16708.394749 -18665.068261   -263.684877
PG19  -8802.740462 -16836.435614  18749.805367    704.956012
PG20 -22687.244914 -10681.945712  -8675.592850    278.322916
PG21  -6332.391514 -14660.926362 -21211.300410    369.426960
PG22   5375.266903 -20557.857419  16443.746404     74.111197
PG24 -17674.849430  -6721.732866  18215.423433    193.419406
PG25 -19691.007901  16574.576144   5513.422513    391.537957
PG26   3235.190984  18878.964378 -18484.206561   -391.795213
PG28   3841.690557  25423.098414   6611.110105   -422.861777
PG29 -19577.025282   6486.143635 -16859.476703   -249.032869
PG30    267.331455 -24124.715112 -10610.680228    353.415911
PG31   9883.799102  24215.448265  -3920.015299   -122.901748
*  2026  9  5  6  5  0.00000000
PG04  25046.265003   -352.095702  -9078.100209     64.731409
PG05 -14850.742153  -4655.347617 -21696.231231   -236.539222
PG06  -4568.639246 -25646.085690   4813.942580   -531.984329
PG07   9615.036098 -14498.250481 -19330.054792   -221.835200
PG09  18129.477129  -9025.671378 -17339.186489    685.727191
PG11 -11776.774185 -22771.023047  -7055.510624   -219.834315
PG13 -19525.541971   4811.608422  17287.764595    438.150142
PG14  10873.068359 -22222.048774   9325.205291    749.974011
PG15 -26429.378888  -2144.786320  -2181.849317    442.185079
PG17   5600.827391 -14514.748075  21904.151398   -197.325536
PG18  -8675.331616  16025.750596 -19148.660916   -263.682241
PG19  -8105.780153 -16652.589519  19204.923649    704.956164
PG20 -22329.521808 -10692.560028  -9541.804509    278.325600
PG21  -5768.847727 -15234.242069 -20965.541570    369.424590
PG22   5844.588765 -20924.853342  15805.040301     74.113851
PG24 -17923.257384  -7398.193055  17729.546277    193.424604
PG25 -19612.792839  16323.072405   6425.352429    391.536895
PG26   2778.771201  19397.553453 -17996.410221   -391.795589
PG28   3677.043755  25195.949633   7513.762750   -422.858587
PG29 -20165.233140   6262.329472 -16243.511624   -249.030712
PG30    501.125669 -23746.866064 -11416.112162    353.419634
PG31   9827.445750  24359.306269  -2977.597354   -122.900988
*  2026  9  5  6 10  0.00000000
PG04  25352.154186   -217.135782  -8198.502511     64.731479
PG05 -14355.976236  -5304.259163 -21880.473444   -236.539593
PG06  -4448.137620 -25475.516909   5757.531567   -531.981079
PG07   9921.342373 -13768.921392 -19704.287183   -221.836142
PG09  18755.278906  -8877.476646 -16738.352466    685.724547
PG11 -11776.399570 -23035.977609  -6148.346840   -219.830744
PG13 -19146.536944   4252.429575  17846.111130    438.151599
PG14  11171.884678 -22409.545751   8464.351982    749.973868
PG15 -26347.407518  -2241.663437  -3116.520287    442.185656
PG17   6383.837232 -14319.163747  21825.467317   -197.326608
PG18  -8945.838131  15331.110322 -19595.068058   -263.679552
PG19  -7389.508052 -16476.182920  19623.769802    704.956203
PG20 -21940.081571 -10704.102082 -10389.689277    278.328305
PG21  -5222.149597 -15809.944558 -20679.603091    369.422209
PG22   6290.026407 -21283.170300  15137.097368     74.116529
PG24 -18173.915781  -8052.643416  17208.604226    193.429762
PG25 -19516.963430  16043.428907   7324.628959    391.535843
PG26   2340.905047  19908.045969 -17474.336538   -391.795979
PG28   3496.538755  24940.100910   8402.008875   -422.855357
PG29 -20734.266187   6054.950690 -15596.727279   -249.028312
PG30    751.249776 -23344.422155 -12199.166675    353.423357
PG31   9762.283005  24470.171373  -2029.396711   -122.899944
*  2026  9  5  6 15  0.00000000
PG04  25627.732407    -94.590264  -7303.356690     64.731574
PG05 -13869.737121  -5967.180355 -22023.493082   -236.539541
PG06  -4313.033114 -25273.585378   6690.013090   -531.977836
PG07  10244.246331 -13031.867263 -20038.332710   -221.836990
PG09  19360.719983  -8743.663338 -16105.829973    685.721894
PG11 -11770.069478 -23268.152244  -5229.452516   -219.827135
PG13 -18764.828675   3670.460758  18370.124785    438.153065
PG14  11446.581298 -22576.778458   7587.054349    749.973770
PG15 -26232.228698  -2339.666635  -4045.268322    442.186722
PG17   7166.341835 -14138.219169  21706.443306   -197.328096
PG18  -9233.884988  14626.274047 -20003.446117   -263.676878
PG19  -6655.262190 -16308.236100  20005.500052    704.956426
PG20 -21519.548111 -10717.925631 -11217.614849    278.331005
PG21  -4693.151909 -16386.447049 -20354.028895    369.419816
PG22   6711.379261 -21631.255541  14441.144794     74.119109
PG24 -18425.537713  -8684.065433  16653.697879    193.434947
PG25 -19404.865687  15735.291577   8209.467740    391.534784
PG26   1921.821005  20408.840680 -16918.930471   -391.796335
PG28   3299.203392  24656.637549   9274.146043   -422.852119
PG29 -21282.620327   5863.432407 -14920.358257   -249.026333
PG30   1018.380321 -22918.695146 -12958.301605    353.427086
PG31   9686.941725  24548.234287  -1077.249728   -122.898909
*  2026  9  5  6 20  0.00000000
PG04  25872.104692     16.713029  -6394.364113     64.731638
PG05 -13393.293676  -6642.779276 -22125.023197   -236.539557
PG06  -4162.173806 -25041.266896   7609.593158   -531.974574
PG07  10583.542773 -12288.962585 -20331.513542   -221.837916
PG09  19944.325904  -8623.495334 -15442.812473    685.719230
PG11 -11756.364750 -23467.520230  -4300.583875   -219.823555
PG13 -18381.942030   3066.456646  18858.790056    438.154528
PG14  11697.654994 -22722.424474   6695.005735    749.973690
PG15 -26084.194471  -2440.111798  -4966.345049    442.187477
PG17   7946.631749 -13972.117371  21547.321921   -197.329681
PG18  -9539.468902  13913.057965 -20373.027318   -263.674227
PG19  -5904.452620 -16149.697345  20349.337648    704.956354
PG20 -21068.649284 -10735.351694 -12023.986799    278.333797
PG21  -4182.613977 -16962.126114 -19989.439047    369.417427
PG22   7108.546373 -21967.560820  13718.460660     74.121473
PG24 -18676.796348  -9291.538351  16065.992187    193.440137
PG25 -19277.885598  15398.411441   9078.110470    391.533749
PG26   1521.653092  20898.338971 -16331.203248   -391.796726
PG28   3084.138962  24346.725629  10128.502898   -422.848923
PG29 -21808.847681   5687.112270 -14215.694137   -249.024446
PG30   1303.109609 -22471.061656 -13692.021959    353.430786
PG31   9600.079292  24593.794010   -123.005346   -122.898290
*  2026  9  5  6 25  0.00000000
PG04  26084.472136    117.999388  -5473.251242     64.731741
PG05 -12927.840246  -7329.652055 -22184.873720   -236.540041
PG06  -3994.475265 -24779.630629   8514.504237   -531.971348
PG07  10938.921726 -11542.082635 -20583.240548   -221.839033
PG09  20504.686036  -8516.153800 -14750.550873    685.716570
PG11 -11733.877808 -23634.163519  -3363.515038   -219.819959
PG13 -17999.369032   2441.270311  19311.159379    438.155987
PG14  11925.693701 -22845.217596   5789.931127    749.973578
PG15 -25903.758264  -2544.294439  -5878.024179    442.188436
PG17   8722.994428 -13820.964095  21348.416811   -197.331088
PG18  -9862.482471  13193.286977 -20703.121032   -263.671596
PG19  -5138.556453 -16001.438597  20654.574676    704.956164
PG20 -20588.214306 -10757.662160 -12807.251712    278.336486
PG21  -3691.197082 -17535.328258 -19586.528598    369.415016
PG22   7481.526122 -22290.548802  12970.371892     74.124557
PG24 -18926.331166  -9874.241983  15446.713418    193.445314
PG25 -19137.442528  15032.646711   9928.828788    391.532689
PG26   1140.440797  21374.951453 -15712.230845   -391.797131
PG28   2850.524935  24011.606990  10963.442380   -422.845740
PG29 -22311.562287   5525.244019 -13484.077060   -249.022195
PG30   1605.942162 -22002.957303 -14398.883102    353.434502
PG31   9500.386415  24607.256468    831.478636   -122.897213
*  2026  9  5  6 30  0.00000000
PG04  26264.135130    210.541184  -4541.766428     64.731835
PG05 -12474.492017  -8026.328088 -22202.931797   -236.539861
PG06  -3808.926048 -24489.834357   9403.008696   -531.968089
PG07  11309.969337 -10793.095384 -20793.014651   -221.839988
PG09  21040.459052  -8420.741270 -14030.351264    685.713925
PG11 -11701.219384 -23768.271878  -2420.034658   -219.816356
PG13 -17618.562446   1795.850402  19726.355029    438.157456
PG14  12131.373248 -22943.953801   4873.583725    749.973500
PG15 -25691.472636  -2653.483483  -6778.604493    442.189155
PG17   9493.720525 -13684.767734  21110.112065   -197.332574
PG18 -10202.714204  12468.787305 -20993.114959   -263.668912
PG19  -4359.112607 -15864.251413  20920.573770    704.956470
PG20 -20079.170726 -10786.093573 -13565.900228    278.339186
PG21  -3219.462335 -18104.376646 -19146.066275    369.412645
PG22   7830.415528 -22598.699443  12198.252132     74.126705
PG24 -19172.754311 -10431.459027  14797.146020    193.450502
PG25 -18984.982470  14637.964391  10759.928091    391.531639
PG26    778.129438  21837.104565 -15063.152310   -391.797502
PG28   2597.623325  23652.593908  11777.364872   -422.842514
PG29 -22789.445560   5377.001401 -12726.899215   -249.019870
PG30   1927.291587 -21515.870577 -15077.493837    353.438182
PG31   9386.593815  24589.132684   1784.339352   -122.896415
*  2026  9  5  6 35  0.00000000
PG04  26410.496192    295.651632  -3601.676680     64.731907
PG05 -12034.280737  -8731.275538 -22179.161985   -236.539821
PG06  -3604.592868 -24173.119363  10273.402167   -531.964858
PG07  11696.169301 -10043.853466 -20960.427909   -221.841130
PG09  21550.378151  -8336.286065 -13283.572574    685.711247
PG11 -11657.025158 -23870.141588  -1471.942533   -219.812771
PG13 -17240.929558   1131.237913  20103.570890    438.158933
PG14  12315.453680 -23017.496958   3947.741431    749.973407
PG15 -25447.986653  -2768.915216  -7666.412732    442.190102
PG17  10257.110161 -13563.439675  20832.861455   -197.334112
PG18 -10559.849006  11741.379133 -21242.476142   -263.666266
PG19  -3567.716254 -15738.843265  21146.769725    704.956307
PG20 -19542.540990 -10821.831116 -14298.470007    278.341896
PG21  -2767.868984 -18667.577954 -18668.893037    369.410264
PG22   8155.409176 -22890.516336  11403.519540     74.129427
PG24 -19414.657047 -10962.576906  14118.629401    193.455688
PG25 -18821.971165  14214.441388  11569.751302    391.530578
PG26    434.570928  22283.247169 -14385.167960   -391.797876
PG28   2324.782697  23271.063490  12568.711268   -422.839299
PG29 -23241.251474   5241.482437 -11945.600238   -249.017945
PG30   2267.477849 -21011.336501 -15726.519372    353.441880
PG31   9257.478762  24540.036483   2733.712704   -122.895442
*  2026  9  5  6 40  0.00000000
PG04  26523.062383    374.678389  -2654.764401     64.731963
PG05 -11608.150791  -9442.907098 -22113.606331   -236.540020
PG06  -3380.625420 -23830.804977  11124.016838   -531.961612
PG07  12096.904810  -9296.186248 -21085.164340   -221.842036
PG09  22033.255975  -8261.747051 -12511.624116    685.708575
PG11 -11599.962308 -23940.173703   -521.046207   -219.809198
PG13 -16867.826162    448.562537  20442.074075    438.160385
PG14  12478.775214 -23064.784279   3014.203260    749.973338
PG15 -25174.042894  -2891.787413  -8539.806385    442.191058
PG17  11011.479169 -13456.795042  20517.187597   -197.335497
PG18 -10933.469150  11012.869304 -21450.751805   -263.663593
PG19  -2766.013020 -15625.834201  21332.670986    704.956407
PG20 -18979.438606 -10866.002836 -15003.548605    278.344569
PG21  -2336.773170 -19223.229308 -18155.920488    369.407865
PG22   8456.797741 -23164.532984  10587.634517     74.131961
PG24 -19650.616274 -11467.089128  13412.554628    193.460869
PG25 -18649.887130  13762.265130  12356.682562    391.529528
PG26    109.524959  22711.857089 -13679.537414   -391.798252
PG28   2031.441807  22868.451807  13335.965965   -422.836111
PG29 -23665.811452   5117.714007 -11141.664535   -249.015469
PG30   2626.724989 -20490.930084 -16344.684148    353.445572
PG31   9111.871447  24460.681751   3677.737234   -122.894407
*  2026  9  5  6 45  0.00000000
PG04  26601.447296    448.997012  -1702.824106     64.732052
PG05 -11196.955651 -10159.586000 -22006.384314   -236.540297
PG06  -3136.260827 -23464.282808  11953.224658   -531.958260
PG07  12511.461003  -8551.892040 -21167.000465   -221.842826
PG09  22487.989212  -8196.018684 -11715.963041    685.705937
PG11 -11528.735918 -23978.871882    430.842433   -219.805596
PG13 -16500.550792   -250.961364  20741.206416    438.161833
PG14  12622.253826 -23084.831453   2074.785695    749.973256
PG15 -24870.474116  -3023.253675  -9397.176382    442.192131
PG17  11755.165260 -13364.553829  20163.681013   -197.336659
PG18 -11323.055702  10285.044105 -21617.570024   -263.660909
PG19  -1955.692929 -15525.753872  21477.861024    704.956565
PG20 -18391.063918 -10919.674120 -15679.776253    278.347252
PG21  -1926.427134 -19769.625283 -17608.129141    369.405452
PG22   8734.966135 -23419.318987   9752.097356     74.134818
PG24 -19879.201083 -11944.596151  12680.361067    193.466052
PG25 -18470.214638  13281.733687  13119.150845    391.528508
PG26   -197.339402  23121.447584 -12947.577503   -391.798639
PG28   1717.132840  22446.247787  14077.659773   -422.832911
PG29 -24062.038946   5004.656740 -10316.618526   -249.013525
PG30   3005.159271 -19956.259613 -16930.774543    353.449272
PG31   8948.661133  24351.879232   4614.558025   -122.893533
*  2026  9  5  6 50  0.00000000
PG04  26645.372616    520.004300   -747.659120     64.732126
PG05 -10801.454724 -10879.632238 -21857.692663   -236.540205
PG06  -2870.827707 -23075.010691  12759.440447   -531.955136
PG07  12939.027925  -7812.730482 -21205.805594   -221.843962
PG09  22913.562861  -8137.936359 -10898.091712    685.703269
PG11 -11442.095229 -23986.839800   1381.910569   -219.801998
PG13 -16140.339216   -966.039170  21000.385794    438.163297
PG14  12746.876499 -23076.737469   1131.318973    749.973181
PG15 -24538.199575  -3164.417994 -10236.949673    442.192760
PG17  12486.534117 -13286.342423  19772.999111   -197.337891
PG18 -11727.990405   9559.662177 -21742.640227   -263.658263
PG19  -1138.484135 -15439.038951  21581.999588    704.956415
PG20 -17778.699523 -10983.842456 -16325.848531    278.349928
PG21  -1536.978878 -20305.064931 -17026.566568    369.403044
PG22   8990.391266 -23653.486111   8898.445827     74.137595
PG24 -20098.979305 -12394.805778  11923.532969    193.471236
PG25 -18284.436661  12773.255373  13855.633473    391.527457
PG26   -486.441718  23510.573721 -12190.660027   -391.799013
PG28   1381.484247  22005.986907  14792.372721   -422.829720
PG29 -24428.933684   4901.210192  -9472.027817   -249.011468
PG30   3402.807792 -19408.959818 -17483.641431    353.452958
PG31   8766.802075  24214.532908   5542.330622   -122.892970
*  2026  9  5  6 55  0.00000000
PG04  26654.669243    589.111549    208.921733     64.732234
PG05 -10422.310591 -11601.328977 -21667.805043   -236.540479
PG06  -2583.749824 -22664.506366  13541.124911   -531.951893
PG07  13378.703954  -7080.415169 -21201.541836   -221.845036
PG09  23309.054154  -8086.282010 -10059.554983    685.700598
PG11 -11338.839708 -23964.778156   2330.347848   -219.798416
PG13 -15788.359215  -1695.300764  21219.107322    438.164752
PG14  12853.696147 -23039.689087    185.643340    749.973099
PG15 -24178.221052  -3316.329565 -11057.591707    442.193585
PG17  13203.985378 -13221.695520  19345.865070   -197.339572
PG18 -12147.558015   8838.447571 -21825.753518   -263.655614
PG19   -316.146461 -15366.030956  21644.823818    704.956444
PG20 -17143.705332 -11059.432504 -16940.518944    278.352629
PG21  -1168.472286 -20827.858814 -16412.345397    369.400715
PG22   9223.639434 -23865.694224   8028.252681     74.140277
PG24 -20308.524041 -12817.533074  11143.596022    193.476410
PG25 -18094.027834  12237.347858  14564.659534    391.526414
PG26   -758.287768  23877.838606 -11410.209375   -391.799391
PG28   1024.223167  21549.244698  15478.736781   -422.826498
PG29 -24765.585567   4806.218282  -8609.494312   -249.009410
PG30   3819.597547 -18850.684918 -18002.202590    353.456676
PG31   8565.319170  24049.635947   6459.224955   -122.891895
*  2026  9  5  7  0  0.00000000
PG04  26629.277972    657.737752   1165.107445     64.732300
PG05 -10060.086678 -12322.929139 -21437.071618   -236.540714
PG06  -2274.549326 -22234.340934  14296.787559   -531.948651
PG07  13829.499682  -6356.606518 -21154.263847   -221.845937
PG09  23673.636088  -8039.789954  -9201.937398    685.697922
PG11 -11217.824899 -23913.481278   3274.349772   -219.794831
PG13 -15445.705683  -2437.305634  21396.944380    438.166206
PG14  12943.826248 -22972.964936   -760.394741    749.973025
PG15 -23791.618571  -3479.977863 -11857.608805    442.194620
PG17  13905.958490 -13170.058400  18883.066639   -197.340735
PG18 -12580.949063   8123.082986 -21866.782841   -263.652958
PG19    509.535239 -15306.974490  21666.149237    704.956466
PG20 -16487.513314 -11147.291482 -17522.601374    278.355339
PG21   -820.847699 -21336.336000 -15766.641196    369.398321
PG22   9435.363351 -24054.657061   7143.123099     74.142490
PG24 -20506.420127 -13212.699804  10342.113864    193.481600
PG25 -17900.447458  11674.636762  15244.813182    391.525362
PG26  -1013.466753  24221.899468 -10607.700011   -391.799770
PG28    645.177406  21077.630097  16135.438479   -422.823278
PG29 -25071.178210   4718.474963  -7730.653255   -249.007297
PG30   4255.354952 -18283.101614 -18485.444957    353.460359
PG31   8343.313313  23858.266260   7363.429272   -122.891146
*  2026  9  5  7  5  0.00000000
PG04  26569.249728    727.302770   2119.088142     64.732382
PG05  -9715.245331 -13042.662122 -21165.918477   -236.541025
PG06  -1942.849545 -21786.132100  15024.989501   -531.945405
PG07  14290.342240  -5642.904945 -21064.118318   -221.846974
PG09  24006.580598  -7997.152949  -8326.860319    685.695282
PG11 -11077.968045 -23833.833360   4212.121072   -219.791212
PG13 -15113.396058  -3190.548284  21533.549491    438.167680
PG14  13018.435193 -22875.939220  -1704.946412    749.972927
PG15 -23379.545853  -3656.288003 -12635.550428    442.195422
PG17  14590.938417 -13130.789583  18385.454855   -197.342194
PG18 -13027.263041   7415.203217 -21865.682969   -263.650271
PG19   1336.757853 -15262.015907  21645.870588    704.956511
PG20 -15811.621932 -11248.184919 -18070.972425    278.358087
PG21   -493.942953 -21828.851005 -15090.690227    369.395928
PG22   9626.298821 -24219.147818   6244.692065     74.145334
PG24 -20691.270516 -13580.333430   9520.684580    193.486804
PG25 -17705.132587  11085.853767  15894.736807    391.524322
PG26  -1252.648112  24541.473544  -9784.653820   -391.800170
PG28    244.276994  20592.778677  16761.221405   -422.820044
PG29 -25344.992091   4636.730122  -6837.170222   -249.004984
PG30   4709.805842 -17707.882039 -18932.426728    353.464052
PG31   8099.966420  23641.581660   8253.154040   -122.890066
*  2026  9  5  7 10  0.00000000
PG04  26474.745360    799.220495   3069.058399     64.732479
PG05  -9388.146343 -13758.740632 -20854.846939   -236.540942
PG06  -1588.377347 -21321.537252  15724.346146   -531.942164
PG07  14760.080027  -4940.844368 -20931.343203   -221.847503
PG09  24307.261304  -7957.028449  -7435.978975    685.692625
PG11 -10918.253448 -23726.804330   5141.879056   -219.787596
PG13 -14792.366103  -3953.463939  21628.655031    438.169156
PG14  13078.740397 -22748.085024  -2646.164255    749.972857
PG15 -22943.225514  -3846.116399 -13390.011342    442.196649
PG17  15257.461176 -13103.163835  17853.942666   -197.343182
PG18 -13485.511993   6716.388844 -21822.490333   -263.647616
PG19   2163.706904 -15231.202414  21583.962532    704.956822
PG20 -15117.590296 -11362.792763 -18584.573636    278.360805
PG21   -187.494851 -22303.790639 -14385.787083    369.393568
PG22   9797.261061 -24358.004527   5334.621676     74.148331
PG24 -20861.702547 -13920.565641   8680.937200    193.491973
PG25 -17509.491228  10471.834224  16513.134078    391.523296
PG26  -1476.577961  24835.343752  -8942.637334   -391.800570
PG28   -178.444716  20096.345784  17354.888608   -422.816823
PG29 -25586.407322   4559.695651  -5930.738056   -249.002670
PG30   5182.575930 -17126.696701 -19342.279279    353.467744
PG31   7834.546109  23400.814675   9126.635841   -122.889282
*  2026  9  5  7 15  0.00000000
PG04  26346.034983    874.892056   4013.220535     64.732537
PG05  -9079.045903 -14469.367606 -20504.432728   -236.541048
PG06  -1210.965029 -20842.246389  16393.529774   -531.938930
PG07  15237.487817  -4251.886074 -20756.266700   -221.848947
PG09  24575.155872  -7918.045012  -6530.979442    685.689958
PG11 -10737.737539 -23593.445374   6061.856929   -219.784008
PG13 -14483.466067  -4724.434513  21682.073797    438.170622
PG14  13126.002183 -22588.977184  -3582.206139    749.972769
PG15 -22483.944034  -4050.246726 -14119.633667    442.197427
PG17  15904.119178 -13086.375524  17289.503480   -197.344583
PG18 -13954.624496   6028.160179 -21737.322686   -263.644944
PG19   2988.563525 -15214.481626  21480.480190    704.956302
PG20 -14407.032076 -11491.705874 -19062.413573    278.363517
PG21     98.858905 -22759.580736 -13653.282205    369.391125
PG22   9949.140713 -24470.135206   4414.598394     74.150670
PG24 -21016.374072 -14233.630459   7824.528180    193.497171
PG25 -17314.895687   9833.514291  17098.772836    391.522241
PG26  -1686.075176  25102.364123  -8083.258813   -391.800947
PG28   -622.850394  19589.999597  17915.304876   -422.813614
PG29 -25794.906012   4486.051697  -5013.073763   -249.001020
PG30   5673.191728 -16541.207463 -19714.208935    353.471405
PG31   7546.410003  23137.267009   9982.141214   -122.888585
*  2026  9  5  7 20  0.00000000
PG04  26183.496890    955.699063   4949.787908     64.732627
PG05  -8788.096002 -15172.743191 -20115.325021   -236.541278
PG06   -810.551758 -20349.974948  17031.271987   -531.935681
PG07  15721.272221  -3577.412976 -20539.305989   -221.849672
PG09  24809.847935  -7878.808856  -5613.575567    685.687308
PG11 -10535.553660 -23434.884138   6970.307074   -219.780410
PG13 -14187.457230  -5501.794820  21693.699397    438.172074
PG14  13161.517481 -22398.294719  -4511.239062    749.972679
PG15 -22003.046515  -4269.386221 -14823.108843    442.198127
PG17  16529.566364 -13079.542303  16693.169618   -197.346342
PG18 -14433.450001   5351.971505 -21610.378606   -263.642275
PG19   3809.511493 -15211.701558  21335.559532    704.956477
PG20 -13681.609171 -11635.422930 -19503.569783    278.366238
PG21    365.577364 -23194.692730 -12894.579294    369.388736
PG22  10082.899520 -24554.522763   3486.330229     74.153456
PG24 -21153.979418 -14519.861925   6953.137906    193.502330
PG25 -17122.676095   9171.927605  17650.487834    391.521200
PG26  -1882.027128  25341.464957  -7208.165224   -391.801341
PG28  -1088.698530  19075.414167  18441.398899   -422.810361
PG29 -25970.074212   4414.453046  -4085.915354   -248.998763
PG30   6181.081932 -15953.060581 -20047.498543    353.475090
PG31   7235.009634  22852.303693  10817.970463   -122.887718
*  2026  9  5  7 25  0.00000000
PG04  25987.616018   1042.996951   5876.988177     64.732698
PG05  -8515.344273 -15867.071753 -19688.245371   -236.541442
PG06   -387.184531 -19846.456541  17636.366038   -531.932453
PG07  16210.077474  -2918.724292 -20280.965733   -221.850496
PG09  25011.028595  -7837.910521  -4685.505821    685.684660
PG11 -10310.916506 -23252.319621   7865.504301   -219.776876
PG13 -13905.008862  -6283.838997  21663.506489    438.173544
PG14  13186.613355 -22175.822816  -5431.442990    749.972579
PG15 -21501.931251  -4504.162303 -15499.179466    442.198962
PG17  17132.523110 -13081.709121  16066.030695   -197.347280
PG18 -14920.763528   4689.205623 -21441.936844   -263.639610
PG19   4624.744295 -15222.611086  21149.417606    704.956348
PG20 -12943.025189 -11794.347736 -19907.190620    278.368927
PG21    613.213537 -23607.650060 -12111.132617    369.386288
PG22  10199.565715 -24610.229622   2551.543874     74.156058
PG24 -21273.255157 -14779.691377   6068.467211    193.507498
PG25 -16934.114151   8488.201491  18167.183315    391.520133
PG26  -2065.385096  25551.657688  -6319.039089   -391.801740
PG28  -1575.643690  18554.262441  18932.165299   -422.807139
PG29 -26111.603454   4343.535614  -3151.018661   -248.996329
PG30   6705.579258 -15363.879835 -20341.508890    353.478760
PG31   6899.893927  22547.346950  11632.461403   -122.886917
*  2026  9  5  7 30  0.00000000
PG04  25758.981989   1138.108429   6793.066540     64.732809
PG05  -8260.734288 -16550.568887 -19223.986502   -236.541522
PG06     58.981329 -19333.435647  18207.669029   -531.929197
PG07  16702.491507  -2277.030665 -19981.836360   -221.851600
PG09  25178.497484  -7793.931616  -3748.530110    685.682029
PG11 -10063.126234 -23047.016792   8745.749043   -219.773314
PG13 -13636.695590  -7068.827112  21591.550849    438.174998
PG14  13202.640405 -21921.454344  -6341.014668    749.972537
PG15 -20982.044133  -4755.119551 -16146.641047    442.199813
PG17  17711.780881 -13091.852534  15409.231913   -197.349169
PG18 -15415.270690   4041.168742 -21232.355517   -263.636933
PG19   5432.472180 -15246.860859  20922.352594    704.956426
PG20 -12193.018748 -11968.786963 -20272.496923    278.371639
PG21    842.411204 -23997.034360 -11304.444207    369.383916
PG22  10300.229126 -24636.402064   1611.981774     74.158472
PG24 -21372.985671 -15013.644342   5172.233918    193.512771
PG25 -16750.437105   7783.552755  18647.835419    391.519083
PG26  -2237.159362  25732.039423  -5417.595224   -391.802160
PG28  -2083.237225  18028.209314  19386.666543   -422.803912
PG29 -26219.291849   4271.923028  -2210.154119   -248.994356
PG30   7245.922717 -14775.259793 -20595.679920    353.482435
PG31   6540.712251  22223.869796  12423.993029   -122.886111
*  2026  9  5  7 35  0.00000000
PG04  25498.286729   1242.317069   7696.288949     64.732881
PG05  -8024.106295 -17221.468406 -18723.410980   -236.541383
PG06    527.682150 -18812.660297  18744.103973   -531.925953
PG07  17197.052268  -1653.449744 -19642.592129   -221.852379
PG09  25312.163382  -7745.451611  -2804.426530    685.679382
PG11  -9791.572211 -22820.300943   9609.370504   -219.769757
PG13 -13382.995205  -7854.991933  21477.969286    438.176456
PG14  13210.966068 -21635.190900  -7238.171398    749.972445
PG15 -20444.872914  -5022.717025 -16764.343653    442.201069
PG17  18266.206625 -13108.885307  14723.972268   -197.349996
PG18 -15915.613008   3409.085713 -20982.071152   -263.634268
PG19   6230.929183 -15284.004662  20654.743705    704.956531
PG20 -11433.356641 -12158.948332 -20598.783556    278.374335
PG21   1053.901327 -24361.491428 -10476.060977    369.381498
PG22  10386.036005 -24632.274252    669.399152     74.161676
PG24 -21452.008471 -15222.337065   4266.169416    193.517957
PG25 -16572.812014   7059.283054  19091.494417    391.518002
PG26  -2398.414024  25881.797143  -4505.577378   -391.802574
PG28  -2610.928428  17498.904729  19804.034715   -422.800729
PG29 -26293.044767   4198.233263  -1265.103514   -248.992241
PG30   7801.260327 -14188.759230 -20809.531782    353.486110
PG31   6157.217008  21883.389413  13190.989116   -122.885420
*  2026  9  5  7 40  0.00000000
PG04  25206.321674   1356.861062   8584.945279     64.732942
PG05  -7805.198405 -17878.029272 -18187.449764   -236.541428
PG06   1018.546366 -18285.874755  19244.661726   -531.922713
PG07  17692.254273  -1049.002246 -19263.988986   -221.853409
PG09  25412.044394  -7691.054670  -1854.988079    685.676711
PG11  -9495.736382 -22573.551808  10454.729750   -219.766156
PG13 -13144.286903  -8640.545818  21322.979386    438.177916
PG14  13212.967843 -21317.143380  -8121.154788    749.972365
PG15 -19891.941347  -5307.325955 -17351.193458    442.201738
PG17  18794.746875 -13131.661291  14011.502689   -197.351521
PG18 -16420.373517   2794.095641 -20691.597580   -263.631637
PG19   7018.380084 -15333.501244  20347.050894    704.956572
PG20 -10665.826882 -12364.939238 -20885.420797    278.377047
PG21   1248.498071 -24699.736923  -9627.571735    369.379098
PG22  10458.183627 -24597.171938   -274.439024     74.164054
PG24 -21509.219277 -15406.472687   3352.015275    193.523138
PG25 -16402.340299   6316.773875  19497.286753    391.516958
PG26  -2550.261543  26000.211532  -3584.754764   -391.802984
PG28  -3158.066133  16967.976872  20183.473157   -422.797504
PG29 -26332.875070   4121.085303   -317.656722   -248.990258
PG30   8370.652243 -13605.894730 -20982.665687    353.489766
PG31   5749.265763  21527.460327  13931.921720   -122.884351
*  2026  9  5  7 45  0.00000000
PG04  24883.974573   1482.927170   9457.352460     64.733023
PG05  -7603.648215 -18518.542444 -17617.100630   -236.541869
PG06   1531.095431 -17754.812265  19708.402778   -531.919459
PG07  18186.555338   -464.608523 -18846.862243   -221.854251
PG09  25478.267673  -7629.336464   -902.019334    685.674070
PG11  -9175.196256 -22308.197473  11280.222735   -219.762528
PG13 -12920.849978  -9423.687708  21126.879094    438.179389
PG14  13210.026486 -20967.532067  -8988.234432    749.972299
PG15 -19324.803232  -5609.227796 -17906.154188    442.202558
PG17  19296.431564 -13158.980554  13273.124078   -197.353079
PG18 -16928.082616   2197.247886 -20361.524695   -263.628953
PG19   7793.127264 -15394.716592  19999.814405    704.956485
PG20  -9892.231669 -12586.765822 -21131.855581    278.379767
PG21   1427.094469 -25010.561793  -8760.604126    369.376714
PG22  10517.914647 -24530.515809  -1217.761113     74.166460
PG24 -21543.576816 -15566.837103   2431.519911    193.528320
PG25 -16240.052636   5557.481153  19864.416906    391.515929
PG26  -2693.857043  26086.660424  -2656.918511   -391.803391
PG28  -3723.900765  16437.025469  20524.257976   -422.794319
PG29 -26338.902925   4039.105810    630.391580   -248.988152
PG30   8953.074288 -13028.134515 -21114.764584    353.493462
PG31   5316.822878  21157.667412  14645.314575   -122.883747
*  2026  9  5  7 50  0.00000000
PG04  24532.225907   1621.644892  10311.857569     64.733099
PG05  -7418.994866 -19141.337618 -17013.426479   -236.541752
PG06   2064.745209 -17221.187863  20134.458904   -531.916227
PG07  18678.383453     98.914377 -18392.124065   -221.855376
PG09  25511.068700  -7558.910961     52.666907    685.671408
PG11  -8829.627483 -22025.708097  12084.283268   -219.758926
PG13 -12712.862968 -10202.610187  20890.046138    438.180859
PG14  13203.519195 -20586.686236  -9837.711547    749.972237
PG15 -18745.036382  -5928.612643 -18428.248481    442.203552
PG17  19770.377520 -13189.594750  12510.185287   -197.354597
PG18 -17437.224152   1619.498470 -19992.517069   -263.626292
PG19   8553.517438 -15466.926641  19613.654131    704.956601
PG20  -9114.380297 -12824.332513 -21337.612586    278.382595
PG21   1590.657738 -25292.837379  -7876.821484    369.374307
PG22  10566.511263 -24431.824491  -2158.791920     74.169134
PG24 -21554.107338 -15704.294511   1506.435294    193.533483
PG25 -16086.904189   4782.929549  20192.169049    391.514889
PG26  -2830.392401  26140.621838  -1723.878019   -391.803773
PG28  -4307.586810  15907.615228  20825.739404   -422.791016
PG29 -26311.355170   3950.935760   1577.245204   -248.986102
PG30   9547.421872 -12456.892509 -21205.593639    353.497124
PG31   4859.960671  20775.618771  15329.746384   -122.882809
*  2026  9  5  7 55  0.00000000
PG04  24152.144937   1774.080874  11146.840858     64.733167
PG05  -7250.681531 -19744.789829 -16377.553524   -236.542018
PG06   2618.807807 -16686.691298  20522.034673   -531.912992
PG07  19166.143778    640.855122 -17900.760796   -221.856358
PG09  25510.790120  -7478.417153   1007.253009    685.668771
PG11  -8458.806021 -21727.589486  12865.385900   -219.755348
PG13 -12520.403256 -10975.506574  20612.937292    438.182314
PG14  13194.812822 -20175.043285 -10667.922530    749.972125
PG15 -18154.236542  -6265.578037 -18916.559140    442.204342
PG17  20215.791630 -13222.212702  11724.081007   -197.355497
PG18 -17946.241695   1061.706898 -19585.312437   -263.623612
PG19   9297.948219 -15549.320429  19189.268797    704.956657
PG20  -8334.082050 -13077.442019 -21502.295174    278.385326
PG21   1740.224274 -25545.520210  -6977.919627    369.371912
PG22  10605.289192 -24300.717162  -3095.755854     74.171754
PG24 -21539.908827 -15819.782681    578.513722    193.538661
PG25 -15943.770229   3994.706413  20479.908519    391.513855
PG26  -2961.090139  26161.676602   -787.457250   -391.804190
PG28  -4908.185703  15381.269456  21087.343020   -422.787827
PG29 -26250.564258   3855.237025   2521.109756   -248.984047
PG30  10152.514280 -11893.522683 -21255.000547    353.500802
PG31   4378.860066  20382.938511  15983.853981   -122.882082
*  2026  9  5  8  0  0.00000000
PG04  23744.885386   1941.233585  11960.718739     64.733281
PG05  -7098.058316 -20327.325884 -15710.669354   -236.542048
PG06   3192.493873 -16152.980100  20870.408811   -531.909709
PG07  19648.225710   1160.609992 -17373.830138   -221.857176
PG09  25477.880135  -7386.525685   1959.919907    685.666124
PG11  -8062.609882 -21415.376523  13622.048742   -219.751742
PG13 -12343.447129 -11740.578026  20296.087474    438.183784
PG14  13185.257150 -19733.147386 -11477.242432    749.972072
PG15 -17554.011274  -6620.128130 -19370.230301    442.205196
PG17  20631.973673 -13255.506188  10916.249578   -197.357142
PG18 -18453.544994    524.633411 -19140.720050   -263.620935
PG19  10024.874503 -15641.003673  18727.434960    704.956779
PG20  -7553.139095 -13345.795777 -21625.586160    278.388037
PG21   1876.894336 -25767.656427  -6065.623577    369.369501
PG22  10635.591485 -24136.915786  -4026.880119     74.174264
PG24 -21500.154892 -15914.307977   -350.495348    193.543827
PG25 -15811.442143   3194.455467  20727.083072    391.512765
PG26  -3087.197160  26149.510525    150.509053   -391.804605
PG28  -5524.669135  14859.463862  21308.570824   -422.784584
PG29 -26156.966767   3750.698877   3460.195931   -248.981709
PG30  10767.099302 -11339.313689 -21262.915637    353.504471
PG31   3873.810742  19981.259460  16606.335359   -122.881225
*  2026  9  5  8  5  0.00000000
PG04  23311.680794   2124.028285  12751.946701     64.733334
PG05  -6960.385572 -20887.430607 -15014.020898   -236.542239
PG06   3784.915315 -15621.672801  21178.935425   -531.906473
PG07  20123.009992   1657.684245 -16812.458178   -221.858221
PG09  25412.890462  -7281.945374   2908.850523    685.663468
PG11  -7641.020446 -21090.626501  14352.836196   -219.748128
PG13 -12181.870303 -12496.040612  19940.108695    438.185239
PG14  13176.178251 -19261.647663 -12264.088357    749.972001
PG15 -16945.973832  -6992.173236 -19788.468509    442.206110
PG17  21018.318793 -13288.115896  10088.170726   -197.358438
PG18 -18957.516571      8.936676 -18659.618908   -263.618277
PG19  10732.814620 -15741.002746  18229.005822    704.956974
PG20  -6773.339421 -13628.994869 -21707.248440    278.390749
PG21   2001.826465 -25958.385855  -5141.684224    369.367088
PG22  10658.782214 -23940.246939  -4950.397939     74.177317
PG24 -21434.098339 -15988.940129  -1278.848407    193.549000
PG25 -15690.623858   2383.870238  20933.223946    391.511748
PG26  -3209.978350  26103.916127   1088.179199   -391.805007
PG28  -6155.922744  14343.620592  21489.002169   -422.781372
PG29 -26031.101491   3636.044378   4392.722810   -248.979690
PG30  11389.858191 -10795.483819 -21229.351813    353.508132
PG31   3345.210777  19572.215849  17195.952563   -122.880229
*  2026  9  5  8 10  0.00000000
PG04  22853.839539   2323.312295  13519.022164     64.733395
PG05  -6836.837597 -21423.652866 -14288.912256   -236.542204
PG06   4395.088455 -15094.342364  21447.045071   -531.903220
PG07  20588.875820   2131.692965 -16217.836304   -221.859343
PG09  25316.473861  -7163.429576   3852.233197    685.660849
PG11  -7194.123343 -20754.912384  15056.361605   -219.744563
PG13 -12035.448896 -13240.132331  19545.688847    438.186716
PG14  13168.871977 -18761.295914 -13026.922748    749.971932
PG15 -16331.737057  -7381.529757 -20170.543699    442.207044
PG17  21374.319613 -13318.657539   9241.363221   -197.359994
PG18 -19456.518431   -484.828079 -18142.955873   -263.615638
PG19  11420.356237 -15848.269062  17694.909862    704.956877
PG20  -5996.449850 -13926.541386 -21747.125448    278.393498
PG21   2116.231635 -26116.945672  -4207.874941    369.364706
PG22  10676.240043 -23710.643224  -5864.551803     74.180315
PG24 -21341.074395 -16044.806811  -2204.810928    193.554174
PG25 -15581.928703   1564.687271  21097.946712    391.510729
PG26  -3330.710071  26024.793902   2023.708435   -391.805411
PG28  -6800.750186  13835.102510  21628.294538   -422.778047
PG29 -25873.607120   3510.036631   5316.921147   -248.977696
PG30  12019.410920 -10263.176306 -21154.404298    353.511813
PG31   2793.565792  19157.436007  17751.534423   -122.879106
*  2026  9  5  8 15  0.00000000
PG04  22372.739572   2539.850606  14260.487262     64.733493
PG05  -6726.506718 -21934.611351 -13536.702437   -236.541799
PG06   5021.937593 -14572.509823  21674.245684   -531.899980
PG07  21044.207937   2582.361382 -15591.217998   -221.860252
PG09  25189.381253  -7029.782374   4788.265121    685.658226
PG11  -6722.108890 -20409.816016  15731.289814   -219.741006
PG13 -11903.860853 -13971.120049  19113.590341    438.188174
PG14  13164.597595 -18232.943878 -13764.256578    749.971851
PG15 -15712.907299  -7787.920474 -20515.790095    442.207909
PG17  21699.567972 -13345.728098   8377.382460   -197.361273
PG18 -19948.898862   -956.210476 -17591.743665   -263.612996
PG19  12086.161987 -15961.683832  17126.149278    704.957171
PG20  -5224.209144 -14237.840236 -21745.141454    278.396219
PG21   2221.367183 -26242.673690  -3265.988150    369.362290
PG22  10689.351719 -23448.144272  -6767.596739     74.182663
PG24 -21220.503586 -16083.088029  -3126.660332    193.559339
PG25 -15485.876708    738.679156  21220.951913    391.509682
PG26  -3450.673590  25912.153116   2955.252860   -391.805796
PG28  -7457.877569  13335.207749  21726.184179   -422.774823
PG29 -25685.219509   3371.484875   6231.036633   -248.975590
PG30  12654.321717  -9743.454984 -21038.250210    353.515488
PG31   2219.487589  18738.535102  18271.979136   -122.878457
*  2026  9  5  8 20  0.00000000
PG04  21869.822860   2774.321831  14974.931555     64.733573
PG05  -6628.407742 -22419.000088 -12758.802976   -236.542254
PG06   5664.298963 -14057.638182  21860.123353   -531.896738
PG07  21487.403642   3009.524680 -14933.915534   -221.861332
PG09  25032.458418  -6879.864565   5715.155760    685.655580
PG11  -6225.272098 -20056.921316  16376.339632   -219.737403
PG13 -11786.687821 -14687.306305  18644.648595    438.189643
PG14  13164.571613 -17677.540066 -14474.652423    749.971781
PG15 -15091.078406  -8210.975222 -20823.607019    442.208765
PG17  21993.756286 -13367.912169   7497.817971   -197.362384
PG18 -20432.999288  -1404.865948 -17007.058755   -263.610353
PG19  12728.974779 -16080.063172  16523.798255    704.956850
PG20  -4458.321243 -14562.201405 -21701.301709    278.398957
PG21   2318.530536 -26335.011205  -2317.831856    369.359874
PG22  10699.505502 -23152.897304  -7657.803598     74.185260
PG24 -21071.894267 -16105.010349  -4042.688874    193.564513
PG25 -15402.892365    -92.352594  21302.025500    391.508638
PG26  -3571.148459  25766.112121   3880.973374   -391.806198
PG28  -8125.958223  12845.164562  21782.486585   -422.771648
PG29 -25466.768562   3219.250379   7133.333146   -248.973421
PG30  13293.104843  -9237.300334 -20881.147950    353.519167
PG31   1623.692294  18317.107947  18756.256674   -122.877623
*  2026  9  5  8 25  0.00000000
PG04  21346.589583   3027.314527  15660.994653     64.733663
PG05  -6541.482739 -22875.593665 -11956.675457   -236.542955
PG06   6320.925065 -13551.126578  22004.342956   -531.893489
PG07  21916.879717   3413.127298 -14247.296595   -221.862220
PG09  24846.642316  -6712.599424   6631.130278    685.652945
PG11  -5704.012224 -19697.807475  16990.286201   -219.733790
PG13 -11683.417455 -15387.035991  18139.770372    438.191113
PG14  13169.961814 -17096.126170 -15156.727413    749.971708
PG15 -14467.825780  -8650.231920 -21093.459616    442.209840
PG17  22256.678513 -13383.788400   6604.290856   -197.363807
PG18 -20907.161149  -1830.556240 -16390.039151   -263.607705
PG19  13347.622778 -16202.163557  15889.001043    704.956973
PG20  -3700.448665 -14898.842635 -21615.692419    278.401657
PG21   2409.052765 -26393.505424  -1365.226144    369.357450
PG22  10708.084569 -22825.157264  -8533.462349     74.187943
PG24 -20894.844779 -16111.840994  -4951.206465    193.569668
PG25 -15333.302856   -926.584788  21341.039066    391.507594
PG26  -3693.405893  25586.898188   4799.039634   -391.806612
PG28  -8803.577801  12366.126488  21797.096822   -422.768423
PG29 -25219.174723   3052.252137   8022.095970   -248.971270
PG30  13934.230596  -8745.605920 -20683.436428    353.522835
PG31   1006.998013  17894.721936  19203.411020   -122.876620
*  2026  9  5  8 30  0.00000000
PG04  20804.592092   3299.323897  16317.368769     64.733728
PG05  -6464.606170 -23303.252132 -11131.828922   -236.543277
PG06   6990.489363 -13054.304750  22106.648639   -531.890231
PG07  22331.079222   3793.221737 -13532.780813   -221.863496
PG09  24632.957010  -6526.978205   7534.432935    685.650304
PG11  -5158.831896 -19334.042205  17571.963265   -219.730193
PG13 -11593.446150 -16068.702832  17599.931986    438.192559
PG14  13181.881528 -16489.833059 -15809.156055    749.971625
PG15 -13844.700540  -9105.137968 -21324.879491    442.210685
PG17  22488.230734 -13391.935986   5698.451148   -197.365172
PG18 -21369.732789  -2233.149456 -15741.882081   -263.605030
PG19  13941.024025 -16326.687577  15222.969854    704.956935
PG20  -2952.206093 -15246.892531 -21488.480562    278.404373
PG21   2494.291987 -26417.811450   -409.999654    369.354992
PG22  10716.460413 -22465.286512  -9392.885381     74.190261
PG24 -20689.045254 -16104.881829  -5850.543403    193.574815
PG25 -15277.336752  -1762.179874  21337.949858    391.506546
PG26  -3818.702165  25374.846865   5707.634019   -391.807018
PG28  -9489.259669  11899.167855  21769.989711   -422.765226
PG29 -24943.445112   2869.472307   8895.634984   -248.969197
PG30  14576.131513  -8269.175240 -20445.534108    353.526523
PG31    370.322016  17472.910114  19612.562227   -122.875758
*  2026  9  5  8 35  0.00000000
PG04  20245.428662   3590.748890  16942.801170     64.733845
PG05  -6396.590304 -23700.925578 -10285.817190   -236.542968
PG06   7671.591311 -12568.427821  22166.864153   -531.886988
PG07  22728.478132   4149.966875 -12791.836252   -221.864510
PG09  24392.509243  -6322.065362   8423.330466    685.647655
PG11  -4590.335793 -18967.175040  18120.265326   -219.726560
PG13 -11516.082191 -16730.755685  17026.177352    438.194030
PG14  13201.384178 -15859.876398 -16430.672920    749.971551
PG15 -13223.223798  -9575.052000 -21517.465271    442.211232
PG17  22688.411326 -13390.941188   4781.975108   -197.366786
PG18 -21819.076302  -2612.619655 -15063.841596   -263.602346
PG19  14508.190668 -16452.289991  14526.982591    704.956786
PG20  -2215.154174 -15605.394066 -21319.913551    278.407118
PG21   2575.626662 -26407.693817    546.013959    369.352563
PG22  10725.986272 -22073.754075 -10234.410796     74.193205
PG24 -20454.279038 -16085.463261  -6739.053032    193.579998
PG25 -15235.123187  -2597.293316  21292.800603    391.505532
PG26  -3948.272061  25130.400839   6604.955586   -391.807420
PG28 -10181.470584  11445.279645  21701.219850   -422.761999
PG29 -24640.669304   2669.961405   9752.287809   -248.966966
PG30  15217.208729  -7808.719001 -20167.937902    353.530202
PG31   -285.322542  17053.164438  19982.908284   -122.874849
*  2026  9  5  8 40  0.00000000
PG04  19670.737064   3901.889712  17536.096549     64.733936
PG05  -6336.190931 -24067.658344  -9420.236079   -236.543399
PG06   8362.761703 -12094.671421  22184.893045   -531.883737
PG07  23107.591781   4483.625829 -12025.975850   -221.865279
PG09  24126.483663  -6097.003477   9296.115429    685.645000
PG11  -3999.228898 -18598.730742  18634.149701   -219.722966
PG13 -11450.549296 -17371.704590  16419.615921    438.195483
PG14  13229.458110 -15207.551892 -17020.075190    749.971477
PG15 -12604.881076 -10059.245983 -21670.883078    442.212219
PG17  22857.320738 -13379.403879   3856.562450   -197.367993
PG18 -22253.574332  -2969.045987 -14357.226072   -263.599691
PG19  15048.232789 -16577.584030  13802.380393    704.956934
PG20  -1490.793568 -15973.308480 -21110.318724    278.409836
PG21   2654.448792 -26363.027565   1500.979575    369.350161
PG22  10737.990607 -21651.134454 -11056.405705     74.195591
PG24 -20190.423761 -16054.938078  -7615.114323    193.585153
PG25 -15206.691519  -3430.080973  21205.719116    391.504465
PG26  -4083.322422  24854.108330   7489.224005   -391.807834
PG28 -10878.626611  11005.365728  21590.921494   -422.758816
PG29 -24312.014773   2452.843200  10590.422920   -248.964738
PG30  15855.838477  -7364.852822 -19851.221888    353.533879
PG31   -958.830356  16636.929243  20313.726798   -122.874020
*  2026  9  5  8 45  0.00000000
PG04  19082.187973   4232.945755  18096.119289     64.734044
PG05  -6282.113328 -24402.592862  -8536.720533   -236.543433
PG06   9062.468313 -11634.127178  22160.718696   -531.880463
PG07  23466.981100   4794.563352 -11236.753817   -221.866317
PG09  23836.137718  -5851.017847  10151.109521    685.642375
PG11  -3386.314324 -18230.202827  19112.638457   -219.719382
PG13 -11395.990543 -17990.126571  15781.420467    438.196949
PG14  13267.021746 -14534.230193 -17576.225056    749.971392
PG15 -11991.116877 -10556.907654 -21784.866924    442.213495
PG17  22995.160864 -13355.944050   2923.933502   -197.369584
PG18 -22671.636775  -3302.611404 -13623.395635   -263.596992
PG19  15560.361805 -16701.147934  13050.565018    704.957012
PG20   -780.559260 -16349.519551 -20860.102689    278.412576
PG21   2732.157070 -26283.798862   2453.064167    369.347779
PG22  10753.770665 -21198.105992 -11857.269498     74.198510
PG24 -19897.452018 -16014.675257  -8477.134371    193.590303
PG25 -15191.971462  -4258.706456  21076.917726    391.503464
PG26  -4225.025800  24546.621009   8358.683464   -391.808241
PG28 -11579.099281  10580.239486  21439.308275   -422.755600
PG29 -23958.722021   2217.319311  11408.442702   -248.962890
PG30  16490.378690  -6938.095382 -19496.035882    353.537563
PG31  -1649.008118  16225.594961  20604.376473   -122.873057
*  2026  9  5  8 50  0.00000000
PG04  18481.478260   4584.013959  18621.795635     64.734108
PG05  -6233.018468 -24704.973107  -7636.941664   -236.543305
PG06   9769.121804 -11187.798576  22094.404218   -531.877223
PG07  23805.258609   5083.242812 -10425.762022   -221.867206
PG09  23522.796260  -5583.420744  10986.666842    685.639747
PG11  -2752.490728 -17863.047237  19554.820242   -219.715781
PG13 -11351.472663 -18584.671156  15112.824761    438.198407
PG14  13314.919068 -13841.351484 -18098.051962    749.971328
PG15 -11383.329437 -11067.143290 -21859.219026    442.214265
PG17  23102.234008 -13319.208295   1985.826300   -197.370764
PG18 -23071.707380  -3613.600912 -12863.759511   -263.594320
PG19  16043.893417 -16821.531691  12272.996064    704.957344
PG20    -85.815161 -16732.838219 -20569.750502    278.415280
PG21   2810.149999 -26170.105157   3400.440342    369.345380
PG22  10774.586152 -20715.448804 -12635.437094     74.201198
PG24 -19575.431699 -15966.053754  -9323.550811    193.595486
PG25 -15190.793695  -5081.348436  20906.692495    391.502439
PG26  -4374.514276  24208.691443   9211.606536   -391.808643
PG28 -12281.221945  10170.620849  21246.672778   -422.752385
PG29 -23582.099417   1962.673479  12204.786456   -248.960549
PG30  17119.175684  -6528.867016 -19103.103859    353.541247
PG31  -2354.579085  15820.492111  20854.298396   -122.872053
*  2026  9  5  8 55  0.00000000
PG04  17870.324170   4955.087614  19112.115751     64.734193
PG05  -6187.529435 -24974.147633  -6722.603713   -236.543882
PG06  10481.081881 -10756.597214  21986.092213   -531.873957
PG07  24121.094152   5350.222753  -9594.626362   -221.868223
PG09  23187.845857  -5293.615286  11801.177117    685.637087
PG11  -2098.749319 -17498.676191  19959.851983   -219.712228
PG13 -11315.990680 -19154.065580  14415.121117    438.199824
PG14  13373.915467 -13130.419769 -18584.554691    749.971234
PG15 -10782.865662 -11588.980802 -21893.810044    442.215137
PG17  23178.941451 -13267.876206   1043.993629   -197.372166
PG18 -23452.270202  -3902.399418 -12079.773302   -263.591676
PG19  16498.250105 -16937.263944  11471.188020    704.957238
PG20    592.150965 -17122.007545 -20239.824699    278.417972
PG21   2889.819017 -26022.154865   4341.289887    369.342933
PG22  10801.653051 -20204.042267 -13389.382169     74.203526
PG24 -19224.525936 -15910.456304 -10152.834158    193.600637
PG25 -15202.890945  -5896.207847  20695.422252    391.501397
PG26  -4532.873453  23841.170101  10046.297984   -391.809084
PG28 -12983.296297   9777.133735  21013.385962   -422.749198
PG29 -23183.517747   1688.275488  12977.933343   -248.958337
PG30  17740.570882  -6137.488756 -18673.222225    353.544925
PG31  -3074.188024  15422.885592  21063.017118   -122.871244
*  2026  9  5  9  0  0.00000000
PG04  17250.454435   5346.055603  19566.135684     64.734280
PG05  -6144.238023 -25209.572192  -5795.440929   -236.543807
PG06  11196.663665 -10341.339472  21836.004377   -531.870667
PG07  24413.220334   5596.153068  -8745.003134   -221.869079
PG09  22832.728851  -4981.098946  12593.068861    685.634459
PG11  -1426.170465 -17138.452237  20326.960478   -219.708587
PG13 -11288.472872 -19697.119675  13689.657830    438.201298
PG14  13444.693961 -12402.996897 -19034.803296    749.971162
PG15 -10191.016284 -12121.373125 -21888.579232    442.216139
PG17  23225.781619 -13200.666687    100.199995   -197.373721
PG18 -23811.855884  -4169.489147 -11272.936194   -263.589013
PG19  16922.963141 -17046.859035  10646.707181    704.957402
PG20   1252.132248 -17515.707984 -19870.964165    278.420721
PG21   2972.541657 -25840.266601   5273.807281    369.340562
PG22  10836.137601 -19664.862092 -14117.620332     74.206497
PG24 -18844.992701 -15849.263263 -10963.490058    193.605838
PG25 -15227.899522  -6701.514980  20443.567447    391.500356
PG26  -4701.136660  23445.001904  10861.098507   -391.809487
PG28 -13683.599054   9400.303931  20739.896437   -422.745989
PG29 -22764.404532   1393.584732  13726.405268   -248.956173
PG30  18352.907556  -5764.181826 -18207.257955    353.548606
PG31  -3806.406527  15033.969309  21230.141528   -122.870284
*  2026  9  5  9  5  0.00000000
PG04  16623.603335   5756.702096  19982.979198     64.734372
PG05  -6101.711495 -25410.811916  -4857.214373   -236.543723
PG06  11914.144253  -9942.743599  21644.440972   -531.867380
PG07  24680.437668   5821.770817  -7878.575415   -221.870340
PG09  22458.937185  -4645.466643  13360.812476    685.631821
PG11   -735.919934 -16783.682528  20655.443850   -219.704992
PG13 -11267.786033 -20212.730394  12937.836496    438.202761
PG14  13527.851817 -11660.696347 -19447.940857    749.971105
PG15  -9609.011240 -12663.201923 -21843.534518    442.217094
PG17  23243.347853 -13116.344140   -843.781448   -197.375383
PG18 -24149.047762  -4415.446658 -10444.788110   -263.586364
PG19  17317.674112 -17148.824143   9801.168410    704.957324
PG20   1893.007093 -17912.562939 -19463.882861    278.423400
PG21   3059.674765 -25624.867941   6196.203187    369.338156
PG22  10879.150476 -19098.976974 -14818.712273     74.208952
PG24 -18437.184037 -15783.846500 -11754.061470    193.610999
PG25 -15265.361320  -7495.536404  20151.668821    391.499299
PG26  -4880.279405  23021.222358  11654.388407   -391.809899
PG28 -14380.388749   9040.557394  20426.729591   -422.742784
PG29 -22326.238095   1078.153397  14448.769689   -248.954004
PG30  18954.537553  -5409.067594 -17706.146596    353.552367
PG31  -4549.738650  14654.861157  21355.365530   -122.869286
*  2026  9  5  9 10  0.00000000
PG04  15991.503750   6186.706698  20361.839504     64.734461
PG05  -6058.499468 -25577.543053  -3909.708660   -236.543792
PG06  12631.769448  -9561.427232  21411.780157   -531.864115
PG07  24921.619383   6027.895694  -6997.049464   -221.871095
PG09  22068.006021  -4286.413429  14102.923283    685.629201
PG11    -29.244760 -16435.613354  20944.672886   -219.701306
PG13 -11252.741022 -20699.885978  12161.109240    438.204218
PG14  13623.897568 -10905.176806 -19823.185072    749.971037
PG15  -9038.015294 -13213.281562 -21758.752505    442.217801
PG17  23232.325792 -13013.724497  -1786.172027   -197.376318
PG18 -24462.487737  -4640.939478  -9596.906796   -263.583692
PG19  17682.135956 -17241.666506   8936.231763    704.957503
PG20   2513.743193 -18311.144592 -19019.368399    278.426149
PG21   3152.547822 -25376.493737   7106.707916    369.335774
PG22  10931.741187 -18507.544833 -15491.266844     74.211942
PG24 -18001.544939 -15715.563367 -12523.130762    193.616152
PG25 -15314.726243  -8276.581717  19820.345908    391.498294
PG26  -5071.214091  22570.953277  12424.591168   -391.810294
PG28 -15071.912611   8698.219012  20074.486575   -422.739567
PG29 -21870.541441    741.629256  15143.642356   -248.952064
PG30  19543.827977  -5072.167961 -17170.890147    353.556056
PG31  -5302.626867  14286.598373  21438.468506   -122.868651
*  2026  9  5  9 15  0.00000000
PG04  15355.880218   6635.645044  20701.980862     64.734535
PG05  -6013.140892 -25709.554246  -2954.728633   -236.544075
PG06  13347.760618  -9197.905356  21138.477179   -531.860839
PG07  25135.715906   6215.425190  -6102.151151   -221.872111
PG09  21661.507180  -3903.736739  14817.964475    685.626547
PG11    692.531240 -16095.424940  21194.092236   -219.697707
PG13 -11242.098554 -21157.669728  11360.975833    438.205685
PG14  13733.248466 -10138.135559 -20159.829683    749.970947
PG15  -8479.123922 -13770.363365 -21634.378389    442.218577
PG17  23193.490374 -12891.681089  -2725.190728   -197.377714
PG18 -24750.881922  -4846.722355  -8730.904870   -263.581025
PG19  18016.213485 -17323.900658   8053.598992    704.957444
PG20   3113.401138 -18709.979959 -18538.280477    278.428841
PG21   3252.456381 -25095.783986   8003.574841    369.333366
PG22  10994.892735 -17891.808664 -16133.944086     74.213989
PG24 -17538.611886 -15645.750774 -13269.321725    193.621303
PG25 -15375.355064  -9043.010062  19450.295369    391.497255
PG26  -5274.785032  22095.398120  13170.176934   -391.810745
PG28 -15756.413509   8373.511800  19683.843141   -422.736368
PG29 -21398.875949    383.758054  15809.689967   -248.949932
PG30  20119.167800  -4753.406208 -16602.554811    353.559720
PG31  -6063.458297  13930.133300  21479.315579   -122.867735
*  2026  9  5  9 20  0.00000000
PG04  14718.442040   7102.989852  21002.740071     64.734641
PG05  -5964.171107 -25806.747356  -1994.095976   -236.544236
PG06  14060.321669  -8852.588720  20825.063430   -531.857585
PG07  25321.758979   6385.329462  -5195.622418   -221.872989
PG09  21241.042434  -3497.338204  15504.549992    685.623899
PG11   1428.012269 -15764.226545  21403.221490   -219.694112
PG13 -11234.575226 -21585.263380  10538.980728    438.207141
PG14  13856.228349  -9361.301737 -20457.245718    749.970867
PG15  -7933.359464 -14333.140116 -21470.625798    442.219645
PG17  23127.702469 -12749.150304  -3659.057410   -197.379024
PG18 -25013.006015  -5033.633158  -7848.426814   -263.578393
PG19  18319.883401 -17394.055675   7155.009929    704.957392
PG20   3691.137629 -19107.557173 -18021.549163    278.431563
PG21   3360.655658 -24783.481254   8885.083771    369.330934
PG22  11069.516538 -17253.092003 -16745.458183     74.216776
PG24 -17049.011043 -15575.719381 -13991.301516    193.626451
PG25 -15446.522693  -9793.236410  19042.289169    391.496222
PG26  -5491.763788  21595.836959  13889.665882   -391.811188
PG28 -16432.136927   8066.556549  19255.548342   -422.733152
PG29 -20912.834909      4.385481  16445.632739   -248.947807
PG30  20678.974365  -4452.608268 -16002.268648    353.563376
PG31  -6830.571185  13586.329563  21477.857667   -122.866534
*  2026  9  5  9 25  0.00000000
PG04  14080.876449   7588.112412  21263.527816     64.734746
PG05  -5910.128932 -25869.137808  -1029.645788   -236.544049
PG06  14767.646090  -8525.782696  20472.145375   -531.854264
PG07  25478.865413   6538.645948  -4279.217791   -221.874161
PG09  20808.236665  -3067.225016  16161.347301    685.621307
PG11   2175.735671 -15443.051875  21571.656116   -219.690474
PG13 -11228.849739 -21981.950057   9696.710007    438.208648
PG14  13993.065963  -8576.429448 -20714.882572    749.970839
PG15  -7401.667563 -14900.250806 -21267.776558    442.220815
PG17  23035.905143 -12585.137024  -4585.996069   -197.380643
PG18 -25247.710395  -5202.588439  -6951.145931   -263.575739
PG19  18593.233806 -17450.682379   6242.238751    704.957562
PG20   4246.208265 -19502.331938 -17470.173055    278.434297
PG21   3478.354311 -24440.427683   9749.544273    369.328541
PG22  11156.447665 -16592.794036 -17324.580342     74.219554
PG24 -16533.456124 -15506.747929 -14687.782523    193.631648
PG25 -15527.421833 -10525.737565  18597.172604    391.495227
PG26  -5722.844850  21073.621111  14581.631468   -391.811591
PG28 -17097.337941   7777.371929  18790.423088   -422.729907
PG29 -20414.036942   -396.541285  17050.246891   -248.945665
PG30  21221.699769  -4169.504433 -15371.219108    353.567085
PG31  -7602.261590  13255.958681  21434.131339   -122.865731
*  2026  9  5  9 30  0.00000000
PG04  13444.841883   8090.284537  21483.829901     64.734827
PG05  -5849.563762 -25896.854471    -63.223092   -236.544480
PG06  15467.924052  -8217.686607  20080.403342   -531.850986
PG07  25606.240469   6676.473741  -3354.700938   -221.875171
PG09  20364.730950  -2613.510833  16787.080081    685.618649
PG11   2934.177344 -15132.854828  21699.068262   -219.686863
PG13 -11223.569300 -22347.116794   8835.788250    438.210105
PG14  14143.893717  -7785.290813 -20932.268901    749.970761
PG15  -6884.913914 -15470.285609 -21026.180372    442.221358
PG17  22919.119581 -12398.719816  -5504.238123   -197.381536
PG18 -25453.924919  -5354.578673  -6040.761267   -263.573057
PG19  18836.463200 -17492.360464   5317.090168    704.957683
PG20   4777.969888 -19892.734146 -16885.217299    278.437013
PG21   3606.708418 -24067.561577  10595.298924    369.326133
PG22  11256.440391 -15912.384358 -17870.141582     74.222480
PG24 -15992.745941 -15440.077737 -15357.524149    193.636794
PG25 -15617.167006 -11239.057869  18115.862184    391.494188
PG26  -5968.641680  20530.167450  15244.703555   -391.812008
PG28 -17750.288159   7505.875046  18289.358579   -422.726695
PG29 -19904.119309   -818.972470  17622.367028   -248.943458
PG30  21745.837083  -3903.731481 -14710.650476    353.570773
PG31  -8376.790263  12939.697125  21348.258466   -122.865042
*  2026  9  5  9 35  0.00000000
PG04  12811.961382   8608.680929  21663.208341     64.734919
PG05  -5781.042641 -25890.139069    903.320673   -236.544214
PG06  16159.349522  -7928.393508  19650.590189   -531.847713
PG07  25703.180847   6799.967772  -2423.841284   -221.876211
PG09  19912.175561  -2136.416221  17380.530813    685.616016
PG11   3701.757411 -14834.505599  21785.207425   -219.683232
PG13 -11217.356155 -22680.256627   7957.875334    438.211553
PG14  14308.746901  -6989.668955 -21109.013348    749.970699
PG15  -6383.881307 -16041.791055 -20746.254420    442.222441
PG17  22778.440669 -12189.055839  -6412.025741   -197.383031
PG18 -25630.663388  -5490.663207  -5118.994500   -263.570401
PG19  19049.878980 -17517.705516   4381.395501    704.957730
PG20   5285.882506 -20277.174624 -16267.811475    278.439734
PG21   3746.815694 -23665.913600  11420.726511    369.323742
PG22  11370.164099 -15213.397411 -18381.035430     74.225222
PG24 -15427.761642 -15376.907370 -15999.334527    193.641952
PG25 -15714.798932 -11931.814591  17599.343382    391.493150
PG26  -6229.683155  19966.952434  15877.571391   -391.812433
PG28 -18389.282618   7251.882437  17753.314589   -422.723464
PG29 -19384.731158  -1262.755027  18160.888429   -248.941241
PG30  22249.926383  -3654.835205 -14021.861216    353.574461
PG31  -9152.389674  12638.123845  21220.445680   -122.864042
*  2026  9  5  9 40  0.00000000
PG04  12183.816142   9142.381989  21801.302317     64.735000
PG05  -5703.157288 -25849.345113   1868.131213   -236.544402
PG06  16840.127373  -7657.890431  19183.529846   -531.844422
PG07  25769.077284   6910.332798  -1488.410687   -221.877019
PG09  19452.222950  -1636.268633  17940.543258    685.613391
PG11   4476.846145 -14548.787150  21829.900978   -219.679618
PG13 -11208.814250 -22980.970230   7064.663163    438.213007
PG14  14487.563341  -6191.350958 -21244.805091    749.970613
PG15  -5899.267010 -16613.275404 -20428.482883    442.223432
PG17  22615.032264 -11955.385461  -7307.615179   -197.384509
PG18 -25777.027682  -5611.964925  -4187.586802   -263.567723
PG19  19233.895436 -17525.375890   3437.008699    704.957379
PG20   5769.510745 -20654.051971 -15619.147372    278.442481
PG21   3899.709964 -23236.602578  12224.245146    369.321346
PG22  11498.199565 -14497.426613 -18856.220515     74.227553
PG24 -14839.463655 -15318.387508 -16612.072157    193.647109
PG25 -15819.289231 -12602.702965  17048.668253    391.492137
PG26  -6506.410398  19385.505873  16478.986443   -391.812864
PG28 -19012.646578   7015.111518  17183.317631   -422.720254
PG29 -18857.526726  -1727.632417  18664.769229   -248.939188
PG30  22732.560589  -3422.273336 -13306.201239    353.578169
PG31  -9927.271153  12351.718255  21050.983634   -122.863242
*  2026  9  5  9 45  0.00000000
PG04  11561.939251   9690.377036  21897.828999     64.735069
PG05  -5614.531024 -25774.936371   2829.354949   -236.544467
PG06  17508.480451  -7406.059087  18680.115732   -531.841160
PG07  25803.416760   7008.817258   -550.180187   -221.878065
PG09  18986.520723  -1113.501914  18466.024817    685.610776
PG11   5257.770109 -14276.392067  21833.054558   -219.676017
PG13 -11196.535969 -23248.967095   6157.872347    438.214474
PG14  14680.183516  -5392.120843 -21339.414217    749.970551
PG15  -5431.680470 -17183.214185 -20073.416372    442.224147
PG17  22430.122157 -11697.036554  -8189.280145   -197.385952
PG18 -25892.211534  -5719.664663  -3248.295687   -263.565005
PG19  19389.031259 -17514.079403   2485.802291    704.957583
PG20   6228.524860 -21021.759470 -14940.476628    278.445167
PG21   4066.355931 -22780.830954  13004.315307    369.318953
PG22  11641.035614 -13766.118219 -19294.723043     74.230324
PG24 -14228.888341 -15265.616025 -17194.647469    193.652262
PG25 -15929.545432 -13250.500876  16464.952943    391.491125
PG26  -6799.174037  18787.404470  17047.765081   -391.813290
PG28 -19618.742214   6795.182466  16580.458994   -422.717055
PG29 -18324.158522  -2213.244823  19133.032491   -248.937073
PG30  23192.391057  -3205.418847 -12565.069084    353.581854
PG31 -10699.632119  12080.858707  20840.246078   -122.862241
*  2026  9  5  9 50  0.00000000
PG04  10947.809631  10251.567936  21952.584226     64.735156
PG05  -5513.825597 -25667.484869   3785.142618   -236.544461
PG06  18162.656577  -7172.677018  18141.309056   -531.837851
PG07  25805.784296   7096.706997    389.083186   -221.878991
PG09  18516.704647   -568.655346  18955.948784    685.608152
PG11   6042.818495 -14017.919812  21794.652311   -219.672421
PG13 -11179.108931 -23484.066258   5239.248822    438.215950
PG14  14886.351120  -4593.752571 -21392.691920    749.970501
PG15  -4981.641371 -17750.055891 -19681.671289    442.224997
PG17  22224.996753 -11413.428443  -9055.315172   -197.387208
PG18 -25975.503943  -5814.995396  -2302.891834   -263.562354
PG19  19515.906574 -17482.579819   1529.663276    704.957517
PG20   6662.701281 -21378.692036 -14233.108261    278.447897
PG21   4247.644234 -22299.879887  13759.442796    369.316576
PG22  11799.066207 -13021.164923 -19695.639164     74.232960
PG24 -13597.144377 -15219.633301 -17746.024324    193.657432
PG25 -16044.416252 -13874.073149  15849.375075    391.490108
PG26  -7108.231900  18174.265161  17582.791094   -391.813685
PG28 -20205.975153   6591.620526  15945.892654   -422.713825
PG29 -17786.270534  -2719.129825  19564.768165   -248.935083
PG30  23628.132925  -3003.563607 -11799.909033    353.585561
PG31 -11467.663350  11825.821440  20588.688747   -122.861385
*  2026  9  5  9 55  0.00000000
PG04  10342.846218  10824.773114  21965.443037     64.735242
PG05  -5399.747849 -25527.668438   4733.652878   -236.544278
PG06  18800.935447  -6957.419207  17568.136996   -531.834598
PG07  25775.864355   7175.318903   1327.619515   -221.880276
PG09  18044.391713     -2.372227  19409.356462    685.605523
PG11   6830.249628 -13773.874393  21714.757001   -219.668814
PG13 -11155.122807 -23686.196563   4310.560435    438.217408
PG14  15105.714070  -3798.003132 -21404.570534    749.970394
PG15  -4549.578028 -18312.227810 -19253.929088    442.225891
PG17  22000.995491 -11104.075502  -9904.038995   -197.388606
PG18 -26026.292197  -5899.236216  -1353.155905   -263.559693
PG19  19615.239512 -17429.703083    570.488986    704.957775
PG20   7071.922695 -21723.253165 -13498.406096    278.450640
PG21   4444.386852 -21795.104033  14488.181602    369.314190
PG22  11972.587938 -12264.299232 -20058.137192     74.235740
PG24 -12945.408883 -15181.417775 -18265.221427    193.662567
PG25 -16162.697136 -14472.375456  15203.171047    391.489083
PG26  -7433.747145  17547.738297  18083.018034   -391.814112
PG28 -20772.800841   6403.858740  15280.833073   -422.710622
PG29 -17245.491471  -3244.723508  19959.134931   -248.933096
PG30  24038.570180  -2815.922393 -11012.208164    353.589226
PG31 -12229.556277  11586.780014  20296.848072   -122.860374
*  2026  9  5 10  0  0.00000000
PG04   9748.402406  11408.731953  21936.360067     64.735362
PG05  -5271.056212 -25356.267812   5673.055923   -236.544556
PG06  19421.635419  -6759.860118  16961.690772   -531.831315
PG07  25713.441838   7245.994469   2263.679031   -221.881092
PG09  17571.173294    584.602020  19825.359158    685.602886
PG11   7618.297615 -13544.662446  21593.509965   -219.665229
PG13 -11123.176142 -23855.396461   3373.593487    438.218866
PG14  15337.825949  -3006.605717 -21375.063388    749.970324
PG15  -4135.826149 -18868.141962 -18790.935457    442.226970
PG17  21759.505019 -10768.590359 -10733.797925   -197.389708
PG18 -26044.064504  -5973.706132   -400.875356   -263.557022
PG19  19687.842337 -17354.343286   -389.817090    704.957868
PG20   7456.177680 -22053.861873 -12737.786080    278.453349
PG21   4657.312845 -21267.926034  15189.136673    369.311809
PG22  12161.797976 -11497.286645 -20381.459706     74.238583
PG24 -12274.923303 -15151.881758 -18751.313688    193.667731
PG25 -16283.136012 -15044.457808  14527.633228    391.488057
PG26  -7775.786849  16909.500693  18547.471392   -391.814531
PG28 -21317.730720   6231.241081  14586.552875   -422.707413
PG29 -16703.428081  -3789.362019  20315.361914   -248.930694
PG30  24422.560430  -2641.637208 -10203.493340    353.592932
PG31 -12983.510248  11363.805226  19965.339718   -122.859616
*  2026  9  5 10  5  0.00000000
PG04   9165.760760  12002.109539  21865.369789     64.735453
PG05  -5126.566992 -25154.163289   6601.537084   -236.544496
PG06  20023.120135  -6579.476177  16323.123603   -531.828047
PG07  25618.402685   7310.093330   3195.525066   -221.882120
PG09  17098.608419   1191.422173  20203.140038    685.600261
PG11   8405.179112 -13330.591755  21431.130938   -219.661594
PG13 -11081.883126 -23991.813352   2430.149245    438.220348
PG14  15582.147881  -2221.263035 -21304.264497    749.970244
PG15  -3740.627955 -19416.201139 -18293.499416    442.227723
PG17  21501.953154 -10406.686710 -11542.969215   -197.391644
PG18 -26028.412224  -6039.757714    552.158762   -263.554397
PG19  19734.617138 -17255.468322  -1349.349484    704.957721
PG20   7815.559865 -22368.959568 -11952.713500    278.456079
PG21   4887.064468 -20719.830717  15860.966584    369.309407
PG22  12366.792473 -10721.918667 -20664.925493     74.240838
PG24 -11586.989048 -15131.867521 -19203.433499    193.672894
PG25 -16404.439246 -15589.467616  13824.107076    391.487031
PG26  -8134.321057  16261.248577  18975.250584   -391.814954
PG28 -21839.338163   6073.025981  13864.380424   -422.704198
PG29 -16161.658572  -4352.283566  20632.750282   -248.928670
PG30  24779.039358  -2479.781908  -9375.328156    353.596629
PG31 -13727.739753  11156.865508  19594.856955   -122.858688
*  2026  9  5 10 10  0.00000000
PG04   8596.128058  12603.501758  21752.586607     64.735526
PG05  -4965.160426 -24922.330969   7517.300434   -236.544952
PG06  20603.804974  -6415.648669  15653.648563   -531.824802
PG07  25490.734068   7368.986774   4121.436921   -221.883072
PG09  16628.217200   1817.145998  20541.955851    685.597597
PG11   9189.100171 -13131.870197  21227.917723   -219.658002
PG13 -11029.880319 -24095.702473   1482.040439    438.221809
PG14  15838.050826  -1443.640782 -21192.348094    749.970173
PG15  -3364.131676 -19954.805009 -17762.492312    442.228836
PG17  21229.802647 -10018.181710 -12329.964405   -197.392622
PG18 -25979.031687  -6098.770609   1504.154988   -263.551719
PG19  19756.551134 -17132.125204  -2306.204943    704.957741
PG20   8150.266651 -22667.016846 -11144.700112    278.458779
PG21   5134.193666 -20152.359056  16502.386095    369.307002
PG22  12587.565416  -9940.005679 -20907.931344     74.243526
PG24 -10882.962941 -15122.143669 -19620.771953    193.678060
PG25 -16525.277769 -16106.652331  13093.988172    391.485975
PG26  -8509.222288  15604.690481  19365.530759   -391.815385
PG28 -22336.264172   5928.390227  13115.697280   -422.700995
PG29 -15621.726154  -4932.630835  20910.674702   -248.926450
PG30  25107.024856  -2329.367114  -8529.309833    353.600342
PG31 -14460.481549  10965.827801  19186.168872   -122.857756
*  2026  9  5 10 15  0.00000000
PG04   8040.630641  13211.440699  21598.204805     64.735651
PG05  -4785.786464 -24661.838579   8418.572362   -236.544620
PG06  21162.163290  -6267.667045  14954.536331   -531.821533
PG07  25330.524204   7424.051270   5039.712650   -221.884377
PG09  16161.474440   2460.737458  20841.138494    685.594991
PG11   9968.263153 -12948.605144  20984.245723   -219.654376
PG13 -10965.833264 -24167.425328    531.087740    438.223278
PG14  16104.818280   -675.361297 -21039.567989    749.970122
PG15  -3006.391410 -20482.356278 -17198.846736    442.229690
PG17  20944.544776  -9602.997943 -13093.232650   -197.394254
PG18 -25895.725587  -6152.144953   2453.324636   -263.549060
PG19  19754.711578 -16983.445034  -3258.486600    704.957892
PG20   8460.597476 -22946.540178 -10315.301180    278.461504
PG21   5399.158977 -19567.101903  17112.168607    369.304660
PG22  12824.007976  -9153.369708 -21109.953688     74.246419
PG24 -10164.252451 -15123.401807 -20002.579985    193.683209
PG25 -16644.293335 -16595.361643  12338.719197    391.484964
PG26  -8900.265508  14941.540103  19717.564411   -391.815786
PG28 -22807.222795   5796.433232  12341.935573   -422.697783
PG29 -15085.132749  -5529.453841  21148.584673   -248.924199
PG30  25405.620796  -2189.345368  -7667.066084    353.604068
PG31 -15180.001677  10790.458891  18740.118434   -122.856765
*  2026  9  5 10 20  0.00000000
PG04   7500.310128  13824.400362  21402.498338     64.735735
PG05  -4587.470269 -24373.840916   9303.605122   -236.544770
PG06  21696.732428  -6134.732624  14227.112843   -531.818266
PG07  25137.961771   7476.662037   5948.671764   -221.885400
PG09  15699.803443   3121.070349  21100.096448    685.592341
PG11  10740.873666 -12780.803288  20700.567326   -219.650812
PG13 -10888.442987 -24207.447688   -420.883774    438.224728
PG14  16381.649369     82.002567 -20846.256783    749.970048
PG15  -2667.367368 -20997.266873 -16603.555337    442.230610
PG17  20647.692805  -9161.164940 -13831.264006   -197.395286
PG18 -25778.403962  -6201.294713   3397.884974   -263.546415
PG19  19730.240325 -16808.647572  -4204.308132    704.957955
PG20   8746.951646 -23206.078446  -9466.112435    278.464231
PG21   5682.322837 -18965.693523  17689.148494    369.302283
PG22  13075.908320  -8363.837123 -21270.550057     74.249038
PG24  -9432.310749 -15136.253520 -20348.169457    193.688354
PG25 -16760.104897 -17055.049225  11559.786844    391.483892
PG26  -9307.128569  14273.509172  20030.682802   -391.816203
PG28 -23251.006247   5676.181633  11544.575263   -422.694586
PG29 -14553.332877  -6141.713182  21346.005719   -248.922150
PG30  25674.020452  -2058.616534  -6790.251942    353.607758
PG31 -15884.602331  10630.427215  18257.620398   -122.855821
*  2026  9  5 10 25  0.00000000
PG04   6976.119487  14440.802638  21165.820478     64.735835
PG05  -4369.317397 -24059.574902  10170.680352   -236.544899
PG06  22206.119478  -6015.962671  13472.756850   -531.814994
PG07  24913.334950   7528.186673   6846.657845   -221.886280
PG09  15244.570071   3796.932337  21318.316048    685.589708
PG11  11505.147510 -12628.370935  20377.411151   -219.647193
PG13 -10796.452341 -24216.337142  -1372.048141    438.226205
PG14  16667.662319    826.933334 -20612.824919    749.970002
PG15  -2346.926490 -21497.964139 -15977.669551    442.231396
PG17  20340.775316  -8692.820252 -14542.592679   -197.396644
PG18 -25627.084740  -6247.640975   4336.062374   -263.543776
PG19  19684.348061 -16607.045415  -5141.797873    704.958029
PG20   9009.825736 -23444.229312  -8598.766960    278.466972
PG21   5983.949316 -18349.804961  18232.223318    369.299892
PG22  13342.951916  -7573.231292 -21389.360380     74.251549
PG24  -8688.631600 -15161.227673 -20656.914164    193.693525
PG25 -16871.315063 -17485.274040  10758.718677    391.482850
PG26  -9729.393106  13602.300359  20304.297186   -391.816599
PG28 -23666.489707   5566.594217  10725.141328   -422.691377
PG29 -14027.727753  -6768.283697  21502.540435   -248.919872
PG30  25911.509546  -1936.033400  -5900.546573    353.611456
PG31 -16572.628541  10485.305099  17739.659090   -122.854889
*  2026  9  5 10 30  0.00000000
PG04   6468.919503  15059.023537  20888.603299     64.735912
PG05  -4130.518639 -23720.354301  11018.112546   -236.544926
PG06  22689.006756  -5910.394839  12692.897382   -531.811732
PG07  24657.030091   7579.978868   7732.041071   -221.887188
PG09  14797.077050   4487.029387  21495.362604    685.587061
PG11  12259.317585 -12491.114722  20015.381149   -219.643578
PG13 -10688.652172 -24194.760242  -2320.582046    438.227653
PG14  16961.898288   1557.974531 -20339.759590    749.969909
PG15  -2044.843442 -21982.897011 -15322.298223    442.232354
PG17  20025.329473  -8198.210046 -15225.800222   -197.398016
PG18 -25441.893858  -6292.605216   5266.095455   -263.541149
PG19  19618.308234 -16378.047735  -6069.102887    704.958002
PG20   9249.810578 -23659.645399  -7714.932012    278.469684
PG21   6304.202293 -17721.137270  18740.355921    369.297480
PG22  13624.722330  -6783.365233 -21466.108095     74.254163
PG24  -7934.744109 -15198.768033 -20928.250778    193.698650
PG25 -16976.516600 -17885.701192   9937.079954    391.481777
PG26 -10166.545885  12929.600255  20537.899840   -391.817016
PG28 -24052.635781   5466.567142   9885.200849   -422.688200
PG29 -13509.659625  -7407.958502  21617.869398   -248.918057
PG30  26117.468911  -1820.407468  -4999.650058    353.615160
PG31 -17242.474656  10354.571439  17187.286052   -122.853950
*  2026  9  5 10 35  0.00000000
PG04   5979.475638  15677.399640  20571.357015     64.735965
PG05  -3870.354494 -23357.564096  11844.252478   -236.545041
PG06  23144.156973  -5816.991953  11889.011130   -531.808477
PG07  24369.530024   7633.372230   8603.220667   -221.888214
PG09  14358.558577   5189.990558  21630.881361    685.584413
PG11  13001.640755 -12368.742792  19615.155556   -219.639951
PG13 -10563.887274 -24143.479228  -3264.668326    438.229120
PG14  17263.325542   2273.736031 -20027.623496    749.969856
PG15  -1760.801989 -22450.542159 -14638.606139    442.233433
PG17  19702.894210  -7677.689246 -15879.518672   -197.399403
PG18 -25223.064955  -6337.602582   6186.238199   -263.538471
PG19  19533.450725 -16121.163586  -6984.392977    704.958159
PG20   9467.587842 -23851.040233  -6816.305771    278.472408
PG21   6643.144064 -17081.414622  19212.576387    369.295045
PG22  13920.702496  -5996.034295 -21500.601071     74.256845
PG24  -7172.207337 -15249.231231 -21161.679728    193.703813
PG25 -17074.298972 -18256.102327   9096.470405    391.480722
PG26 -10617.980597  12257.072462  20731.064894   -391.817489
PG28 -24408.498603   5374.939442   9026.360026   -422.684991
PG29 -13000.406368  -8059.453402  21691.751927   -248.915857
PG30  26291.376758  -1710.514899  -4089.280173    353.618845
PG31 -17892.590589  10237.614797  16601.617569   -122.852932
*  2026  9  5 10 40  0.00000000
PG04   5508.455316  16294.234745  20214.669166     64.736089
PG05  -3588.199261 -22972.654564  12647.490560   -236.545164
PG06  23570.418099  -5734.647115  11062.619737   -531.805183
PG07  24051.412006   7689.674238   9458.627256   -221.889300
PG09  13930.175230   5904.373157  21724.598302    685.581788
PG11  13730.404613 -12260.866398  19177.485718   -219.636348
PG13 -10421.062122 -24063.348370  -4202.499459    438.230601
PG14  17570.843942   2972.899088 -19677.053466    749.969762
PG15  -1494.396746 -22899.410057 -13927.812449    442.233958
PG17  19375.003408  -7131.721183 -16502.433624   -197.400880
PG18 -24970.938632  -6384.035196   7094.763032   -263.535796
PG19  19431.155277 -15836.004737  -7885.864627    704.958204
PG20   9663.926236 -24017.193944  -5904.614044    278.475161
PG21   7000.734408 -16432.377346  19647.983873    369.292673
PG22  14230.276480  -5213.008904 -21492.732352     74.259575
PG24  -6402.604803 -15312.885072 -21356.766003    193.709068
PG25 -17163.254860 -18596.355592   8238.520995    391.479695
PG26 -11083.000099  11586.350823  20883.448961   -391.817884
PG28 -24733.227554   5290.498776   8150.261117   -422.681791
PG29 -12501.176367  -8721.411644  21724.026693   -248.913685
PG30  26432.810549  -1605.102594  -3171.169163    353.622554
PG31 -18521.487801  10133.736894  15983.832084   -122.852144
*  2026  9  5 10 45  0.00000000
PG04   5056.425631  16907.806686  19819.203646     64.736169
PG05  -3283.524721 -22567.135069  13426.260141   -236.545038
PG06  23966.727863  -5662.189109  10215.287020   -531.801914
PG07  23703.345341   7750.160346  10296.725135   -221.890396
PG09  13513.009220   6628.668207  21776.320783    685.579128
PG11  14443.934140 -12167.001945  18703.194763   -219.632761
PG13 -10259.146333 -23955.309924  -5132.281030    438.232086
PG14  17883.289746   3654.221040 -19288.758941    749.969677
PG15  -1245.135294 -23328.050979 -13191.189005    442.234973
PG17  19043.179071  -6560.876774 -17093.287219   -197.402336
PG18 -24685.961291  -6433.285534   7989.963887   -263.533169
PG19  19312.844724 -15522.288047  -8771.744852    704.957968
PG20   9839.677335 -24156.958691  -4981.606924    278.477877
PG21   7376.830102 -15775.774903  20045.748305    369.290284
PG22  14552.731719  -4436.027405 -21442.480685     74.262176
PG24  -5627.538900 -15389.907182 -21513.139894    193.714210
PG25 -17241.986663 -18906.445143   7364.890653    391.478644
PG26 -11560.819059  10919.032816  20994.791578   -391.818280
PG28 -25026.070603   5211.987412   7258.579308   -422.678658
PG29 -12013.103706  -9392.409011  21714.612186   -248.911524
PG30  26541.448461  -1502.894373  -2247.060505    353.626246
PG31 -19127.744998  10042.156485  15335.167509   -122.851417
*  2026  9  5 10 50  0.00000000
PG04   4623.851495  17516.374286  19385.699583     64.736240
PG05  -2955.903403 -22142.567603  14179.040729   -236.545057
PG06  24332.117911  -5598.388088   9348.616112   -531.798618
PG07  23326.088664   7816.068263  11116.014465   -221.891407
PG09  13108.059999   7361.306236  21785.938002    685.576515
PG11  15140.598220 -12086.573451  18193.176145   -219.629169
PG13 -10077.179858 -23820.389733  -6052.235157    438.233578
PG14  18199.440678   4316.539675 -18863.520328    749.969574
PG15  -1012.440672 -23735.060874 -12430.058572    442.236039
PG17  18708.924535  -5965.833217 -17650.881051   -197.403682
PG18 -24368.683556  -6486.709881   8870.159216   -263.530487
PG19  19179.978050 -15179.837349  -9640.294971    704.957868
PG20   9995.771059 -24269.263790  -4049.055393    278.480587
PG21   7771.184890 -15113.358853  20405.111940    369.287903
PG22  14887.261729  -3666.789040 -21349.910868     74.264758
PG24  -4848.625231 -15480.384025 -21630.497664    193.719380
PG25 -17309.112930 -19186.460224   6477.263001    391.477618
PG26 -12050.567028  10256.673160  21064.915437   -391.818622
PG28 -25286.377223   5138.108405   6353.019520   -422.675435
PG29 -11537.243685 -10070.959217  21663.507015   -248.909222
PG30  26617.070443  -1402.597245  -1318.705690    353.629952
PG31 -19710.013520   9962.013600  14656.918433   -122.850536
*  2026  9  5 10 55  0.00000000
PG04   4211.094242  18118.184428  18914.970063     64.736299
PG05  -2605.011398 -21700.560094  14904.361125   -236.545127
PG06  24665.717578  -5541.961514   8464.246531   -531.795358
PG07  22920.486909   7888.592421  11915.033372   -221.892307
PG09  12716.240239   8100.663330  21753.421307    685.573881
PG11  15818.815984 -12018.915420  17648.392046   -219.625592
PG13  -9874.277871 -23659.692498  -6960.603878    438.235043
PG14  18518.021256   4958.777228 -18402.187230    749.969467
PG15   -795.654219 -24119.087124 -11645.792961    442.236834
PG17  18373.717749  -5347.372207 -18174.078978   -197.405040
PG18 -24019.758274  -6545.631910   9733.694972   -263.527830
PG19  19034.043316 -14808.584849 -10489.814259    704.958013
PG20  10133.210819 -24353.120523  -3108.747907    278.483280
PG21   8183.449909 -14446.875818  20725.390782    369.285501
PG22  15232.969270  -2906.947090 -21215.173880     74.267426
PG24  -4067.486894 -15584.310271 -21708.602150    193.724517
PG25 -17363.274707 -19436.593815   5577.343060    391.476561
PG26 -12551.291893   9600.777638  21093.726436   -391.819021
PG28 -25513.600901   5067.531960   5435.313163   -422.672155
PG29 -11074.568687 -10755.519598  21570.790065   -248.907169
PG30  26659.558859  -1302.907717   -387.861004    353.633641
PG31 -20267.022404   9892.374109  13950.433250   -122.849536
*  2026  9  5 11  0  0.00000000
PG04   3818.410678  18711.479195  18407.900715     64.736388
PG05  -2230.630730 -21242.759531  15600.802474   -236.544901
PG06  24966.757261  -5491.580325   7563.851194   -531.792078
PG07  22487.467981   7968.878648  12692.359977   -221.893261
PG09  12338.372216   8845.067451  21678.824326    685.571249
PG11  16477.062957 -11963.276127  17069.871644   -219.622002
PG13  -9649.635324 -23474.396718  -7855.652494    438.236545
PG14  18837.708346   5579.944006 -17905.676554    749.969395
PG15   -594.038782 -24478.834129 -10839.811035    442.237737
PG17  18039.004653  -4706.377679 -18661.809826   -197.406509
PG18 -23639.938118  -6611.336392  10578.947544   -263.525150
PG19  18876.550488 -14408.572024 -11318.643499    704.958052
PG20  10253.068365 -24407.626601  -2162.486943    278.486007
PG21   8613.174573 -13778.060490  21005.975857    369.283077
PG22  15588.869962  -2158.102218 -21038.506816     74.270085
PG24  -3285.748733 -15701.588525 -21747.283293    193.729693
PG25 -17403.141773 -19657.140859   4666.853975    391.475523
PG26 -13061.963709   8952.797191  21081.213524   -391.819410
PG28 -25707.301215   4998.901931   4507.214832   -422.668932
PG29 -10625.964413 -11444.497062  21436.620492   -248.904946
PG30  26668.898725  -1202.518141    543.715673    353.637342
PG31 -20797.583088   9832.234621  13217.111209   -122.848909
*  2026  9  5 11  5  0.00000000
PG04   3445.952598  19294.503072  17865.448133     64.736489
PG05  -1832.651254 -20770.844908  16267.001210   -236.545266
PG06  25234.571398  -5445.875309   6649.133359   -531.788785
PG07  22028.039138   8058.019075  13446.614335   -221.894365
PG09  11975.184601   9592.804975  21562.282934    685.568638
PG11  17113.876980 -11918.821284  16458.709257   -219.618385
PG13  -9402.531170 -23265.749341  -8735.672854    438.238057
PG14  19157.136927   6179.141617 -17374.970507    749.969322
PG15   -406.782253 -24813.068726 -10013.576622    442.238686
PG17  17706.192681  -4043.833071 -19113.069979   -197.407530
PG18 -23230.072787  -6685.063080  11404.326642   -263.522470
PG19  18709.024200 -13979.950029 -12125.168409    704.957854
PG20  10356.478336 -24431.970277  -1212.085530    278.488730
PG21   9059.807893 -13108.628710  21246.334347    369.280691
PG22  15953.896327  -1421.796047 -20820.232608     74.272921
PG24  -2505.031571 -15832.029434 -21746.438593    193.734865
PG25 -17427.418738 -19848.496079   3747.533728    391.474497
PG26 -13581.478884   8314.122284  21027.448369   -391.819805
PG28 -25867.145472   4930.842447   3570.498964   -422.665703
PG29 -10192.226505 -12136.254284  21261.237560   -248.902748
PG30  26645.177531  -1100.123054   1474.268043    353.641045
PG31 -21300.593758   9780.527655  12458.399382   -122.847864
*  2026  9  5 11 10  0.00000000
PG04   3093.766767  19865.510157  17288.638162     64.736549
PG05  -1411.072076 -20286.520043  16901.651901   -236.545309
PG06  25468.601014  -5403.443655   5721.823517   -531.785512
PG07  21543.283102   8157.047277  14176.460304   -221.895697
PG09  11627.309675  10342.127433  21404.015051    685.565977
PG11  17727.863886 -11884.638075  15816.062346   -219.614784
PG13  -9132.332219 -23035.060152  -9598.986589    438.239530
PG14  19474.906034   6755.565809 -16811.114480    749.969227
PG15   -233.001453 -25120.625403  -9168.596317    442.239712
PG17  17376.644433  -3360.818140 -19526.925843   -197.409258
PG18 -22791.105828  -6768.000781  12208.278137   -263.519815
PG19  18532.996491 -13522.979605 -12907.822933    704.957994
PG20  10444.632558 -24425.434078   -259.363762    278.491422
PG21   9522.700260 -12440.270632  21446.010571    369.278309
PG22  16326.902249   -699.504997 -20560.759538     74.275657
PG24  -1726.946452 -15975.352140 -21706.033494    193.740007
PG25 -17434.850972 -20011.151410   2821.131873    391.473434
PG26 -14108.664698   7686.077584  20932.584836   -391.820213
PG28 -25992.909897   4861.964624   2626.956461   -422.662490
PG29  -9774.057561 -12829.116108  21044.960323   -248.900918
PG30  26588.584654   -994.425490   2402.044548    353.644768
PG31 -21775.043305   9736.127090  11675.789584   -122.847001
*  2026  9  5 11 15  0.00000000
PG04   2761.795363  20422.771361  16678.564039     64.736638
PG05   -966.002492 -19791.506294  17503.509977   -236.545321
PG06  25668.395844  -5362.855656   4783.676234   -531.782266
PG07  21034.353916   8266.933679  14880.607328   -221.896651
PG09  11295.280988  11091.258410  21204.320261    685.563313
PG11  18317.702898 -11859.739563  15143.149404   -219.611184
PG13  -8838.496616 -22783.695900 -10443.948268    438.241015
PG14  19789.584845   7308.508884 -16215.214835    749.969124
PG15    -71.746327 -25400.411286  -8306.417175    442.240437
PG17  17051.671533  -2658.505315 -19902.516183   -197.410747
PG18 -22324.071072  -6861.281638  12989.286832   -263.517146
PG19  18349.999547 -13038.030490 -13665.092401    704.958162
PG20  10518.774105 -24387.398144    693.854690    278.494117
PG21  10001.105645 -11774.644034  21604.626822    369.275912
PG22  16706.667819      7.365578 -20260.580548     74.278130
PG24   -953.088902 -16131.185123 -21626.101695    193.745182
PG25 -17424.230356 -20145.693038   1889.406288    391.472373
PG26 -14642.284130   7069.916967  20796.858278   -391.820622
PG28 -26084.480379   4790.873343   1678.391273   -422.659290
PG29  -9372.064573 -13521.376142  20788.187145   -248.898554
PG30  26499.410372   -884.143250   3325.301499    353.648455
PG31 -22220.014886   9697.853842  10870.815223   -122.846324
*  2026  9  5 11 20  0.00000000
PG04   2449.876887  20964.581566  16036.384383     64.736716
PG05   -497.662435 -19287.535197  18071.394343   -236.545363
PG06  25833.616014  -5322.661528   3836.466945   -531.778978
PG07  20502.472558   8388.581225  15557.812153   -221.897501
PG09  10979.531466  11838.400592  20963.579271    685.560675
PG11  18882.151737 -11843.069420  14441.247712   -219.607562
PG13  -8520.576935 -22513.074215 -11268.948496    438.242507
PG14  20099.718908   7837.361708 -15588.436590    749.969061
PG15     77.995545 -25651.410882  -7428.624303    442.241450
PG17  16732.528709  -1938.155620 -20239.054309   -197.411986
PG18 -21830.088730  -6965.975661  13745.879192   -263.514486
PG19  18161.558486 -12525.580344 -14395.516543    704.958190
PG20  10580.191149 -24317.343163   1645.746071    278.496817
PG21  10494.184243 -11113.367765  21721.884053    369.273516
PG22  17091.904560    697.486932 -19920.272331     74.280998
PG24   -185.033237 -16299.067389 -21506.745375    193.750333
PG25 -17394.400818 -20252.798077    954.119945    391.471330
PG26 -15181.040974   6466.818879  20620.584665   -391.821007
PG28 -26141.852754   4716.174051    726.616959   -422.656057
PG29  -8986.756788 -14211.303506  20491.395059   -248.896502
PG30  26378.044477   -768.015078   4242.306161    353.652132
PG31 -22634.689078   9664.481768  10045.048119   -122.845398
*  2026  9  5 11 25  0.00000000
PG04   2157.747533  21489.266707  15363.321064     64.736783
PG05     -6.382422 -18776.341076  18604.189859   -236.545336
PG06  25964.033277  -5281.398330   2881.988703   -531.775692
PG07  19948.922337   8522.821334  16206.880462   -221.898659
PG09  10680.391976  12581.742916  20682.253195    685.558043
PG11  19420.051398 -11833.506984  13711.690982   -219.603991
PG13  -8178.222853 -22224.657328 -12072.416930    438.243998
PG14  20403.836454   8341.615284 -14932.001013    749.968959
PG15    217.294146 -25872.690553  -6536.838334    442.242447
PG17  16420.408132  -1201.114166 -20535.830123   -197.413258
PG18 -21310.361125  -7083.085509  14476.625990   -263.511813
PG19  17969.184223 -11986.213192 -15097.692344    704.958179
PG20  10630.210628 -24214.852886   2594.490031    278.499567
PG21  11001.005518 -10458.015386  21797.562414    369.271125
PG22  17481.260991   1369.612117 -19540.494222     74.283816
PG24    575.673063 -16478.450037 -21348.135352    193.755499
PG25 -17344.263644 -20333.230901     17.037708    391.470270
PG26 -15723.585211   5877.882060  20404.159529   -391.821388
PG28 -26165.132644   4636.479570   -226.546766   -422.652825
PG29  -8618.544003 -14897.149716  20155.138976   -248.894261
PG30  26224.974499   -644.806749   5151.339817    353.655829
PG31 -23018.346612   9634.743737   9200.095270   -122.844511
*  2026  9  5 11 30  0.00000000
PG04   1885.043015  21995.190746  14660.656920     64.736895
PG05    507.396986 -18259.653644  19100.849688   -236.545585
PG06  26059.531792  -5237.596947   1922.048901   -531.772411
PG07  19375.044082   8670.410160  16826.668439   -221.899584
PG09  10398.090357  13319.467790  20360.882675    685.555396
PG11  19930.330601 -11829.872610  12955.866887   -219.600388
PG13  -7811.183423 -21919.945623 -12852.825215    438.245472
PG14  20700.454794   8820.861908 -14247.183132    749.968903
PG15    347.271949 -26063.402699  -5632.712808    442.243317
PG17  16116.434021   -448.805249 -20792.212001   -197.414774
PG18 -20766.168110  -7213.541558  15180.144904   -263.509167
PG19  17774.366436 -11420.617393 -15770.276753    704.958173
PG20  10670.191767 -24079.616215   3538.273092    278.502283
PG21  11520.551662  -9810.109022  21831.521633    369.268713
PG22  17873.328515   2022.580794 -19121.986883     74.286466
PG24   1327.514893 -16668.698176 -21150.511144    193.760685
PG25 -17272.782534 -20387.839139   -920.076834    391.469206
PG26 -16268.518615   5304.121657  20148.056752   -391.821768
PG28 -26154.534834   4550.416880  -1179.277504   -422.649605
PG29  -8267.735308 -15577.155659  19780.050721   -248.892116
PG30  26040.783547   -513.317022   6050.700778    353.659540
PG31 -23370.370678   9607.337869   8337.595594   -122.843469
*  2026  9  5 11 35  0.00000000
PG04   1631.300838  22480.762506  13929.733352     64.736966
PG05   1043.126225 -17739.190637  19560.397513   -236.545889
PG06  26120.108452  -5189.789103    958.465956   -531.769116
PG07  18782.231140   8832.025145  17416.084269   -221.900586
PG09  10132.750920  14049.758364  20000.086830    685.552751
PG11  20412.009869 -11830.933300  12175.214467   -219.596769
PG13  -7419.308916 -21600.471051 -13608.689829    438.246948
PG14  20988.086750   9274.795890 -13535.309165    749.968840
PG15    469.098577 -26222.789632  -4717.931438    442.244178
PG17  15821.657575    317.272948 -21007.648504   -197.415920
PG18 -20198.862168  -7358.197277  15855.103029   -263.506507
PG19  17578.566687 -10829.583152 -16411.989221    704.958211
PG20  10701.519458 -23911.428851   4475.292103    278.505014
PG21  12051.721432  -9171.113440  21823.701249    369.266310
PG22  18266.647600   2655.323649 -18665.570785     74.288980
PG24   2069.014966 -16869.093209 -20914.180963    193.765859
PG25 -17178.988391 -20417.549360  -1855.464498    391.468162
PG26 -16814.400576   4746.465740  19852.827192   -391.822163
PG28 -26110.382201   4456.633837  -2129.753642   -422.646387
PG29  -7934.538277 -16249.558647  19366.837928   -248.889851
PG30  25826.147779   -372.383442   6938.707349    353.663228
PG31 -23690.248797   9580.933901   7459.216649   -122.842918
*  2026  9  5 11 40  0.00000000
PG04   1395.963021  22944.442340  13171.947790     64.737066
PG05   1600.148259 -17216.650510  19981.929593   -236.545389
PG06  26145.872752  -5136.514388     -6.934030   -531.765825
PG07  18171.924215   9008.261905  17974.089553   -221.901706
PG09   9884.394422  14770.805805  19600.562045    685.550117
PG11  20864.205234 -11835.408574  11371.221448   -219.593188
PG13  -7002.552224 -21267.790436 -14338.574842    438.248427
PG14  21265.247107   9703.213840 -12797.753874    749.968780
PG15    583.985225 -26350.187123  -3794.205276    442.245222
PG17  15537.052215   1095.554005 -21181.669927   -197.416957
PG18 -19609.863229  -7517.824915  16500.219321   -263.503826
PG19  17383.211704 -10213.999588 -17021.614074    704.958472
PG20  10725.597563 -23710.194504   5403.757667    278.507745
PG21  12593.334366  -8542.430400  21774.120695    369.263949
PG22  18659.714218   3266.866381 -18172.144487     74.291779
PG24   2798.739124 -17078.835455 -20639.521606    193.771049
PG25 -17061.983828 -20423.362465  -2787.373604    391.467110
PG26 -17359.754086   4205.752224  19519.097152   -391.822545
PG28 -26033.104194   4353.805814  -3076.157833   -422.643177
PG29  -7619.058618 -16912.599505  18916.282766   -248.887837
PG30  25581.833516   -220.887972   7813.700756    353.666976
PG31 -23977.574259   9554.179646   6566.651331   -122.841917
*  2026  9  5 11 45  0.00000000
PG04   1178.379231  23384.748601  12388.751036     64.737117
PG05   2177.700597 -16693.705225  20364.616685   -236.545673
PG06  26137.046203  -5076.327257   -972.320630   -531.762547
PG07  17545.606041   9199.631429  18499.700674   -221.902566
PG09   9652.938506  15480.816557  19163.080599    685.547492
PG11  21286.131550 -11841.976578  10545.421437   -219.589598
PG13  -6560.969836 -20923.478695 -15041.094582    438.249882
PG14  21530.459060  10106.014534 -12035.937855    749.968697
PG15    693.178866 -26445.027594  -2863.269776    442.245979
PG17  15263.509210   1884.409265 -21313.889655   -197.418649
PG18 -19000.653208  -7693.111542  17114.266965   -263.501179
PG19  17189.686878  -9574.851371 -17598.002724    704.958346
PG20  10743.842129 -23475.925643   6321.897534    278.510456
PG21  13144.135350  -7925.393282  21682.879224    369.261531
PG22  19050.986518   3856.333247 -17642.682725     74.294264
PG24   3515.301503 -17297.047129 -20326.978270    193.776208
PG25 -16920.947366 -20406.348809  -3714.063017    391.466023
PG26 -17903.071890   3682.726225  19147.566714   -391.822923
PG28 -25923.234879   4240.642219  -4016.680455   -422.640015
PG29  -7321.300278 -17564.529667  18429.240517   -248.885670
PG30  25308.693999    -57.762426   8674.048008    353.670648
PG31 -24232.047115   9525.707530   5661.614561   -122.840927
*  2026  9  5 11 50  0.00000000
PG04    977.810346  23800.263889  11581.644491     64.737201
PG05   2774.917785 -16171.993178  20707.705795   -236.545644
PG06  26093.961282  -5007.803976  -1935.862464   -531.759283
PG07  16904.795933   9406.557622  18991.990082   -221.903576
PG09   9438.198621  16178.019537  18688.489128    685.544865
PG11  21677.105389 -11849.280380   9699.391037   -219.585993
PG13  -6094.722363 -20569.122009 -15714.916188    438.251353
PG14  21782.260616  10483.198345 -11251.324756    749.968625
PG15    797.956256 -26506.842949  -1926.881760    442.246819
PG17  15001.833662   2682.154134 -21404.005338   -197.419966
PG18 -18372.770298  -7884.655437  17696.075649   -263.498535
PG19  16999.329990  -8913.214949 -18140.075691    704.958298
PG20  10757.674583 -23208.743809   7227.959958    278.513156
PG21  13702.799510  -7321.262025  21550.155687    369.259166
PG22  19438.891703   4422.950151 -17078.234310     74.296644
PG24   4217.369538 -17522.775648 -19977.064265    193.781377
PG25 -16755.137315 -20367.643068  -4633.805152    391.464958
PG26 -18442.822751   3178.037831  18739.007925   -391.823283
PG28 -25781.410544   4115.892875  -4949.523062   -422.636803
PG29  -7041.166004 -18203.618254  17906.637999   -248.883452
PG30  25007.665826    118.006317   9518.144711    353.674374
PG31 -24453.474731   9494.141171   4745.839977   -122.840204
*  2026  9  5 11 55  0.00000000
PG04    793.432411  24189.641029  10752.177268     64.737286
PG05   3390.834369 -15653.112278  21010.521784   -236.545692
PG06  26017.059936  -4929.549489  -2895.730581   -531.756020
PG07  16251.044223   9629.375185  19450.087518   -221.904823
PG09   9239.889395  16860.673255  18177.706941    685.542209
PG11  22036.547521 -11855.934445   8834.746858   -219.582410
PG13  -5604.074620 -20206.310970 -16358.762071    438.252823
PG14  22019.210937  10834.866258 -10445.418449    749.968564
PG15    899.617769 -26535.267023   -986.816288    442.247860
PG17  14752.740914   3487.054677 -21451.799875   -197.421462
PG18 -17727.803039  -8092.962858  18244.533763   -263.495867
PG19  16813.425200  -8230.254390 -18646.824469    704.958340
PG20  10768.514907 -22908.879462   8120.217003    278.515876
PG21  14267.937433  -6731.218391  21376.208162    369.256778
PG22  19821.833059   4966.047255 -16479.919843     74.299647
PG24   4903.668787 -17754.997270 -19590.360636    193.786565
PG25 -16563.895329 -20308.438879  -5544.888923    391.463875
PG26 -18977.457811   2692.240333  18294.262849   -391.823649
PG28 -25608.366892   3978.354224  -5872.901816   -422.633594
PG29  -6778.458362 -18828.159090  17349.471840   -248.881250
PG30  24679.765058    307.371334  10344.417823    353.678051
PG31 -24641.771904   9458.101965   3821.076618   -122.839399
*  2026  9  5 12  0  0.00000000
PG04    624.340981  24551.608789   9901.943196     64.737349
PG05   4024.388309 -15138.613225  21272.468793   -236.545766
PG06  25906.891643  -4840.204172  -3850.101849   -531.752769
PG07  15585.926595   9868.327843  19873.181176   -221.905699
PG09   9057.626479  17527.072816  17631.724181    685.539553
PG11  22363.984957 -11860.531253   7953.142453   -219.578819
PG13  -5089.395270 -19836.633734 -16971.412261    438.254286
PG14  22239.896595  11161.218470  -9619.760146    749.968480
PG15    999.481074 -26530.037625    -44.863426    442.248553
PG17  14516.853362   4297.334461 -21457.142189   -197.422615
PG18 -17067.384173  -8318.445190  18758.590504   -263.493214
PG19  16633.197319  -7527.216846 -19117.313198    704.958524
PG20  10777.774837 -22576.671387   8996.967803    278.518588
PG21  14838.100664  -6156.361582  21161.373424    369.254412
PG22  20198.197133   5485.061106 -15848.929252     74.302392
PG24   5572.987541 -17992.621049 -19167.515685    193.791725
PG25 -16346.649615 -20229.983280  -6445.622638    391.462794
PG26 -19505.417017   2225.788873  17814.241506   -391.824047
PG28 -25404.935819   3826.875338  -6785.050890   -422.630396
PG29  -6532.881212 -19436.477641  16758.806606   -248.879249
PG30  24326.083032    511.220935  11151.328345    353.681730
PG31 -24796.960539   9416.215669   2889.085624   -122.838536
*  2026  9  5 12  5  0.00000000
PG04    469.555825  24884.977265   9032.577727     64.737421
PG05   4674.424841 -14629.993010  21493.031513   -236.545724
PG06  25764.111025  -4738.450442  -4797.162334   -531.749497
PG07  14911.038354  10123.566929  20260.518798   -221.906637
PG09   8890.928834  18175.556762  17051.599831    685.537005
PG11  22659.052546 -11861.648026   7056.265155   -219.575204
PG13  -4551.156016 -19461.669207 -17551.706642    438.255751
PG14  22442.937711  11462.552579  -8775.925463    749.968397
PG15   1098.874701 -26490.998182    897.175056    442.249358
PG17  14294.697724   5111.181620 -21419.987804   -197.424518
PG18 -16393.184330  -8561.416503  19237.257883   -263.490545
PG19  16459.806397  -6805.427683 -19550.680171    704.958398
PG20  10786.851114 -22212.565643   9856.541766    278.521295
PG21  15411.787474  -5597.704219  20906.066283    369.252013
PG22  20566.360991   5979.536258 -15186.519162     74.305143
PG24   6224.181223 -18234.493098 -18709.244393    193.796906
PG25 -16102.917784 -20133.570961  -7334.336842    391.461742
PG26 -20025.135578   1779.039557  17299.919681   -391.824399
PG28 -25172.041795   3660.363696  -7684.225832   -422.627152
PG29  -6304.041619 -20026.937837  16135.772784   -248.877401
PG30  23947.781887    730.374221  11937.373950    353.685442
PG31 -24919.168901   9367.118937   1951.636951   -122.837692
*  2026  9  5 12 10  0.00000000
PG04    328.025971  25188.642954   8145.754749     64.737526
PG05   5339.700747 -14128.688667  21671.776272   -236.545990
PG06  25589.475038  -4623.019210  -5735.110679   -531.746235
PG07  14227.988625  10395.150323  20611.408710   -221.907679
PG09   8739.221460  18804.513748  16438.459591    685.534340
PG11  22921.494126 -11857.853548   6145.832861   -219.571613
PG13  -3989.930365 -19082.980299 -18098.547072    438.257208
PG14  22626.993951  11739.261379  -7915.521450    749.968304
PG15   1199.131497 -26418.098943   1837.489089    442.250459
PG17  14086.702755   5926.756117 -21340.379221   -197.425370
PG18 -15706.905555  -8822.091518  19679.612643   -263.487870
PG19  16294.342646  -6066.285285 -19946.139162    704.958278
PG20  10797.118811 -21817.114077  10697.301711    278.524016
PG21  15987.448876  -5056.168703  20610.778755    369.249611
PG22  20924.699544   6449.126404 -14494.010097     74.307602
PG24   6856.176545 -18479.401140 -18216.327734    193.802070
PG25 -15832.309343 -20020.538356  -8209.387093    391.460689
PG26 -20535.050440   1352.249001  16752.336630   -391.824758
PG28 -24910.697872   3477.790726  -8568.706897   -422.623933
PG29  -6091.452214 -20597.948739  15481.564622   -248.874886
PG30  23546.089825    965.576928  12701.091543    353.689138
PG31 -25008.630428   9309.465789   1010.506100   -122.836850
*  2026  9  5 12 15  0.00000000
PG04    198.635081  25461.593457   7243.183304     64.737600
PG05   6018.889048 -13636.071310  21808.351959   -236.545945
PG06  25383.839740  -4492.696122  -6662.161465   -531.742962
PG07  13538.394530  10683.041748  20925.220791   -221.908458
PG09   8601.838553  19412.389006  15793.493606    685.531684
PG11  23151.163212 -11847.715034   5223.590728   -219.568034
PG13  -3406.391948 -18702.107265 -18610.899386    438.258664
PG14  22790.770363  11991.830267  -7040.183587    749.968246
PG15   1301.582024 -26311.397761   2774.263776    442.251468
PG17  13893.197433   6742.197157 -21218.446070   -197.426971
PG18 -15010.274706  -9100.583990  20084.798065   -263.485236
PG19  16137.821710  -5311.255561 -20302.980567    704.958807
PG20  10809.924775 -21390.972394  11517.646938    278.526749
PG21  16563.494850  -4532.583980  20276.079103    369.247231
PG22  21271.592901   6893.594982 -13772.783539     74.310031
PG24   7467.975403 -18726.079341 -17689.611881    193.807349
PG25 -15534.527818 -19892.257606  -9069.156686    391.459632
PG26 -21033.606725    945.574317  16172.592684   -391.825147
PG28 -24622.001324   3278.197058  -9436.802327   -422.620703
PG29  -5894.533973 -21147.971043  14797.437840   -248.872827
PG30  23122.296122   1217.497588  13441.059750    353.692818
PG31 -25065.682147   9241.933984     67.470877   -122.835779
*  2026  9  5 12 20  0.00000000
PG04     80.207115  25702.911812   6326.604231     64.737673
PG05   6710.584070 -13153.440477  21902.490757   -236.546216
PG06  25148.156656  -4346.327592  -7576.548556   -531.739670
PG07  12843.875337  10987.110433  21201.387385   -221.909757
PG09   8478.027073  19997.690562  15117.954060    685.529038
PG11  23348.023227 -11829.805030   4291.307818   -219.564436
PG13  -2801.312424 -18320.561170 -19087.795271    438.260145
PG14  22933.023026  12220.834282  -6151.572740    749.968143
PG15   1407.547906 -26171.060424   3705.682940    442.252381
PG17  13714.409623   7555.630719 -21054.405059   -197.428641
PG18 -14305.036746  -9396.905532  20452.025679   -263.482551
PG19  15991.180313  -4541.866188 -20620.572380    704.958466
PG20  10826.581195 -20934.897801  12316.016226    278.529474
PG21  17138.300758  -4027.682715  19902.610730    369.244863
PG22  21605.433698   7312.815278 -13024.278834     74.312770
PG24   8058.658498 -18973.213411 -17130.007305    193.812548
PG25 -15209.372490 -19750.130408  -9912.059308    391.458564
PG26 -21519.264127    559.073540  15561.846754   -391.825512
PG28 -24307.128939   3060.697486 -10286.851577   -422.617475
PG29  -5712.619418 -21675.523374  14084.707198   -248.870679
PG30  22677.745915   1486.724003  14155.901340    353.696509
PG31 -25090.762662   9163.231276   -875.691822   -122.835110
*  2026  9  5 12 25  0.00000000
PG04    -28.487726  25911.780423   5397.786735     64.737713
PG05   7413.306869 -12682.018812  21954.008710   -236.546122
PG06  24883.468748  -4182.826576  -8476.528411   -531.736419
PG07  12146.046613  11307.131137  21439.404150   -221.910512
PG09   8366.950712  20558.995202  14413.152654    685.526462
PG11  23512.147268 -11802.708303   3350.773679   -219.560822
PG13  -2175.558962 -17939.817504 -19528.334023    438.261608
PG14  23052.564489  12426.934776  -5251.372105    749.968031
PG15   1518.335173 -25997.360535   4629.932736    442.253238
PG17  13550.465233   8365.177180 -20848.559699   -197.429681
PG18 -13592.947963  -9710.964862  20780.576861   -263.479917
PG19  15855.272296  -3759.700616 -20898.360989    704.958419
PG20  10848.359344 -20449.746236  13090.890749    278.532176
PG21  17710.213932  -3542.098885  19491.090926    369.242462
PG22  21924.634396   7706.770023 -12249.989969     74.315450
PG24   8627.388673 -19219.445946 -16538.487753    193.817705
PG25 -14856.739762 -19595.581776 -10736.541628    391.457471
PG26 -21990.503236    192.706492  14921.313753   -391.825904
PG28 -23967.331999   2824.485617 -11117.228489   -422.614298
PG29  -5544.956216 -22179.188343  13344.743950   -248.868567
PG30  22213.834783   1773.760066  14844.285565    353.700165
PG31 -25084.409766   9072.101525  -1817.209182   -122.834395
*  2026  9  5 12 30  0.00000000
PG04   -128.726823  26087.484580   4458.524883     64.737795
PG05   8125.511003 -12222.947104  21962.806100   -236.546182
PG06  24590.906014  -4001.178078  -9360.383376   -531.733146
PG07  11446.514398  11642.784536  21638.830840   -221.911577
PG09   8267.694237  21094.954137  13680.457945    685.523811
PG11  23643.717412 -11765.028697   2403.794884   -219.557237
PG13  -1530.091317 -17561.309963 -19931.684174    438.263077
PG14  23148.268976  12610.875744  -4341.284114    749.967955
PG15   1635.227620 -25790.678937   5545.205326    442.254225
PG17  13401.387859   9168.958977 -20601.299822   -197.430800
PG18 -12875.769142 -10042.567504  21069.804316   -263.477231
PG19  15730.865053  -2966.391854 -21135.871803    704.958653
PG20  10876.483504 -19936.469189  13840.796914    278.534998
PG21  18277.560383  -3076.365812  19042.309486    369.240073
PG22  22227.634483   8075.550475 -11451.462223     74.318112
PG24   9173.413929 -19463.382004 -15916.089112    193.822890
PG25 -14476.624123 -19430.053748 -11541.085825    391.456408
PG26 -22445.831750   -153.663943  14252.261934   -391.826292
PG28 -23603.930946   2568.838169 -11926.344395   -422.611105
PG29  -5390.711171 -22657.618348  12578.973165   -248.866156
PG30  21732.003146   2079.022926  15504.930430    353.703842
PG31 -25047.257657   8967.330638  -2755.315617   -122.833675
*  2026  9  5 12 35  0.00000000
PG04   -221.828726  26229.415540   3510.634046     64.737883
PG05   8845.588604 -11777.279706  21928.867647   -236.545956
PG06  24271.680724  -3800.444353 -10226.424928   -531.729887
PG07  10746.869423  11993.657976  21799.292035   -221.912524
PG09   8179.268186  21604.298356  12921.292586    685.521147
PG11  23743.023563 -11715.395923   1452.191525   -219.553617
PG13   -865.958514 -17186.424441 -20297.084989    438.264550
PG14  23219.077347  12773.479831  -3423.027346    749.967876
PG15   1759.480221 -25551.502675   6449.702596    442.255278
PG17  13267.098925   9965.108290 -20313.100877   -197.432160
PG18 -12155.258713 -10391.415922  21319.133452   -263.474569
PG19  15618.636390  -2163.616076 -21332.709701    704.958698
PG20  10912.125111 -19396.110126  14564.309101    278.537711
PG21  18838.651622  -2630.914626  18557.127179    369.237662
PG22  22512.907562   8419.355003 -10630.288704     74.320861
PG24   9696.070130 -19703.594887 -15263.908152    193.828074
PG25 -14069.118736 -19254.999046 -12324.212037    391.455356
PG26 -22883.790564   -480.270120  13556.010161   -391.826679
PG28 -23218.309774   2293.118924 -12712.651146   -422.607874
PG29  -5248.974575 -23109.541092  11788.870937   -248.864057
PG30  21233.730492   2402.840514  16136.604876    353.707543
PG31 -24980.033786   8847.752315  -3688.255858   -122.832746
*  2026  9  5 12 40  0.00000000
PG04   -309.146567  26337.073162   2555.947288     64.737952
PG05   9571.876742 -11345.980361  21852.262524   -236.546378
PG06  23927.082324  -3579.769793 -11072.996885   -531.726609
PG07  10048.681384  12359.246584  21920.477803   -221.913486
PG09   8100.613910  22085.843636  12137.130447    685.518475
PG11  23810.461838 -11652.472253    497.793666   -219.550022
PG13   -184.295153 -16816.493239 -20623.847831    438.266024
PG14  23264.001782  12915.644024  -2498.333411    749.967788
PG15   1892.312615 -25280.423498   7341.639923    442.256203
PG17  13147.418329  10751.774693 -19984.523010   -197.433432
PG18 -11433.165905 -10757.110108  21528.063628   -263.471893
PG19  15519.171802  -1353.086080 -21488.559323    704.958634
PG20  10956.397140 -18829.800547  15260.052315    278.540435
PG21  19391.791564  -2206.073189  18036.474098    369.235263
PG22  22778.968288   8738.487181  -9788.106787     74.323443
PG24  10194.783367 -19938.632124 -14583.101142    193.833217
PG25 -13634.415634 -19071.874731 -13084.480750    391.454288
PG26 -23302.959701   -787.437533  12833.925110   -391.827087
PG28 -22811.910165   1996.782295 -13474.644075   -422.604697
PG29  -5118.764915 -23533.764777  10975.961483   -248.861994
PG30  20720.529477   2745.449442  16738.130888    353.711223
PG31 -24883.555354   8712.253586  -4614.288008   -122.831788
*  2026  9  5 12 45  0.00000000
PG04   -392.061308  26410.068088   1596.311714     64.738056
PG05  10302.664038 -10929.918444  21733.144191   -236.546320
PG06  23558.472020  -3338.385468 -11898.478557   -531.723340
PG07   9353.493294  12738.954736  22002.144297   -221.914637
PG09   8030.608923  22538.495191  11329.493632    685.515817
PG11  23846.532510 -11574.959085   -457.562222   -219.546457
PG13    513.682647 -16452.789526 -20911.357396    438.267500
PG14  23282.130179  13038.335052  -1568.943832    749.967711
PG15   2034.902714 -24978.135901   8219.249971    442.257005
PG17  13042.065569  11527.132739 -19616.209935   -197.434889
PG18 -10711.223936 -11139.148612  21696.169282   -263.469226
PG19  15432.962190   -536.544612 -21603.185189    704.958961
PG20  11010.348760 -18238.755673  15926.704744    278.543146
PG21  19935.283469  -1802.065458  17481.347871    369.232828
PG22  23024.379122   9033.353400  -8926.594455     74.326080
PG24  10669.071970 -20167.021609 -13874.882343    193.838429
PG25 -13172.805517 -18882.135870 -13820.495112    391.453178
PG26 -23701.964070  -1075.582325  12087.418416   -391.827478
PG28 -22386.225398   1679.376505 -14210.864868   -422.601493
PG29  -4999.033910 -23929.182980  10141.814135   -248.859691
PG30  20193.939902   3106.993279  17308.385513    353.714905
PG31 -24758.725473   8559.780112  -5531.686536   -122.831031
*  2026  9  5 12 50  0.00000000
PG04   -471.974859  26448.123446    633.584775     64.738096
PG05  11036.197505 -10529.865648  21571.750052   -236.546404
PG06  23167.277061  -3075.613306 -12701.287855   -531.720087
PG07   8662.815939  13132.097886  22044.114290   -221.915673
PG09   7968.072536  22961.251943  10499.949410    685.513161
PG11  23851.837512 -11481.603354  -1412.036854   -219.542869
PG13   1226.681660 -16096.522080 -21159.072805    438.268958
PG14  23272.630246  13142.584515   -636.606932    749.967621
PG15   2188.380451 -24645.434710   9080.786513    442.257609
PG17  12950.661369  12289.389449 -19208.887588   -197.436612
PG18  -9991.143269 -11536.930014  21823.100935   -263.466544
PG19  15360.402017    284.242399 -21676.431665    704.959231
PG20  11074.960265 -17624.269799  16563.000204    278.545866
PG21  20467.436906  -1419.011302  16892.811744    369.230417
PG22  23247.756855   9304.460011  -8047.466563     74.328869
PG24  11118.548158 -20387.277899 -13140.522372    193.843601
PG25 -12684.677178 -18687.229233 -14530.903170    391.452095
PG26 -24079.479018  -1345.208424  11317.943762   -391.827874
PG28 -21942.794042   1340.546369 -14919.904353   -422.598289
PG29  -4888.671842 -24294.779157   9288.040236   -248.857620
PG30  19655.522597   3487.521207  17846.302798    353.718575
PG31 -24606.528997   8389.341226  -6438.745229   -122.830025
*  2026  9  5 12 55  0.00000000
PG04   -550.303103  26451.076082   -330.369445     64.738166
PG05  11770.689582 -10146.493117  21368.400924   -236.546527
PG06  22754.984761  -2790.869889 -13479.884325   -531.716825
PG07   7978.122444  13537.904735  22046.277647   -221.916654
PG09   7911.771757  23353.210387   9650.107047    685.510475
PG11  23827.077507 -11371.203760  -2363.791733   -219.539252
PG13   1953.336284 -15748.830307 -21366.528569    438.270449
PG14  23234.753276  13229.483767    296.925286    749.967555
PG15   2353.821703 -24283.212211   9924.528262    442.258774
PG17  12872.729788  13036.791659 -18763.362578   -197.437739
PG18  -9274.604950 -11949.754839  21908.586063   -263.463862
PG19  15301.787907   1107.492666 -21708.222765    704.958889
PG20  11151.138331 -16987.711324  17167.730487    278.548581
PG21  20986.574708  -1056.926782  16271.992553    369.228031
PG22  23447.778902   9552.410020  -7152.471036     74.331496
PG24  11542.919324 -20597.908631 -12381.346434    193.848800
PG25 -12170.516529 -18488.587056 -15214.400038    391.451032
PG26 -24434.235659  -1596.904312  10526.993936   -391.828270
PG28 -21483.193488    980.035643 -15600.405191   -422.595067
PG29  -4786.513185 -24629.630783   8416.289943   -248.855434
PG30  19106.853235   3886.987077  18350.875635    353.722246
PG31 -24428.028060   8200.014707  -7333.780078   -122.829047
*  2026  9  5 13  0  0.00000000
PG04   -628.468846  26418.877301  -1293.683962     64.738258
PG05  12504.325331  -9780.369044  21123.500332   -236.546663
PG06  22323.136266  -2483.669849 -14232.772125   -531.713542
PG07   7300.842983  13955.519758  22008.591730   -221.917542
PG09   7860.427432  23713.568041   8781.614564    685.507804
PG11  23773.048538 -11242.616778  -3310.992760   -219.535670
PG13   2692.213582 -15410.779592 -21533.335409    438.271925
PG14  23167.837575  13300.178565   1229.900247    749.967464
PG15   2532.242421 -23892.454842  10748.782710    442.259541
PG17  12807.700791  13767.633196 -18280.520434   -197.439200
PG18  -8563.254074 -12376.827897  21952.429836   -263.461215
PG19  15257.317695   1931.414415 -21698.561807    704.958752
PG20  11239.711585 -16330.517476  17739.747598    278.551300
PG21  21491.039883   -715.724868  15620.078562    369.225616
PG22  23623.189302   9777.899347  -6243.385001     74.333831
PG24  11941.988922 -20797.421030 -11598.732419    193.853870
PG25 -11630.905255 -18287.620885 -15869.729987    391.449961
PG26 -24765.025970  -1831.339459   9716.097836   -391.828657
PG28 -21009.033321    597.688960 -16251.064475   -422.591891
PG29  -4691.342478 -24932.913080   7528.248944   -248.853494
PG30  18549.516107   4305.248853  18821.157514    353.725908
PG31 -24224.357330   7990.951261  -8215.132108   -122.828357
*  2026  9  5 13  5  0.00000000
PG04   -707.894746  26351.593129  -2254.492645     64.738362
PG05  13235.269760  -9431.956749  20837.533629   -236.546435
PG06  21873.320104  -2153.628850 -14958.502927   -531.710265
PG07   6632.359636  14384.006053  21931.081725   -221.918554
PG09   7812.720581  24041.626462   7896.155419    685.505151
PG11  23690.638287 -11094.762432  -4251.813840   -219.532079
PG13   3441.818614 -15083.356974 -21659.180940    438.273406
PG14  23071.311557  13355.863509   2160.567901    749.967401
PG15   2724.592999 -23474.239447  11551.889951    442.260669
PG17  12754.913287  14480.261840 -17761.323649   -197.440506
PG18  -7858.693390 -12817.261062  21954.515727   -263.458549
PG19  15227.089916   2754.213252 -21647.530915    704.958813
PG20  11341.426538 -15654.188768  18277.965868    278.554027
PG21  21979.202451   -395.216615  14938.317197    369.223217
PG22  23772.804422   9981.712679  -5322.010889     74.336581
PG24  12315.656976 -20984.328505 -10794.108866    193.859081
PG25 -11066.519096 -18085.715528 -16495.688458    391.448903
PG26 -25070.707608  -2049.260424   8886.817453   -391.829051
PG28 -20521.948569    193.453320 -16870.636220   -422.588686
PG29  -4601.900428 -25203.902350   6625.635104   -248.851184
PG30  17985.097868   4742.068459  19256.264191    353.729605
PG31 -23996.718998   7761.378688  -9081.170152   -122.827337
*  2026  9  5 13 10  0.00000000
PG04   -789.996228  26249.404078  -3210.933954     64.738446
PG05  13961.675247  -9101.613238  20511.066937   -236.546769
PG06  21407.165533  -1800.466142 -15655.678742   -531.706972
PG07   5974.001423  14822.348531  21813.840917   -221.919703
PG09   7767.298919  24336.793826   6995.445117    685.502495
PG11  23580.821935 -10926.629804  -5184.440480   -219.528496
PG13   4200.600031 -14767.467171 -21743.830214    438.274884
PG14  22944.696466  13397.776307   3087.183804    749.967334
PG15   2931.752910 -23029.729110  12332.226490    442.261506
PG17  12713.618611  15173.086050 -17206.809535   -197.441909
PG18  -7162.477083 -13270.076453  21914.805977   -263.455870
PG19  15211.103751   3574.099011 -21555.290381    704.958852
PG20  11456.943870 -14960.283186  18781.363967    278.556747
PG21  22449.466192    -95.112778  14228.012665    369.220804
PG22  23895.518326  10164.718924  -4390.172484     74.339366
PG24  12663.920185 -21157.157281  -9968.952798    193.864270
PG25 -10478.125756 -17884.223132 -17091.123998    391.447850
PG26 -25350.208465  -2251.486652   8040.744829   -391.829444
PG28 -20023.592869   -232.620860 -17457.933749   -422.585440
PG29  -4516.890226 -25441.978866   5710.195033   -248.848847
PG30  17415.181293   5197.112014  19655.375256    353.733196
PG31 -23746.377526   7510.605741  -9930.293550   -122.826578
*  2026  9  5 13 15  0.00000000
PG04   -876.174440  26112.604424  -4161.154685     64.738494
PG05  14681.689021  -8789.588248  20144.745917   -236.547134
PG06  20926.335736  -1424.006673 -16322.954653   -531.703725
PG07   5327.039529  15269.457422  21657.030873   -221.920550
PG09   7722.783528  24598.587041   6081.227777    685.499843
PG11  23444.657658 -10737.282245  -6107.073368   -219.524912
PG13   4966.955914 -14463.928986 -21787.126126    438.276329
PG14  22787.608736  13427.191866   4008.012187    749.967217
PG15   3154.525632 -22560.168581  13088.209014    442.262357
PG17  12682.984429  15844.581403 -16618.087891   -197.443309
PG18  -6476.104752 -13734.210029  21833.341923   -263.453219
PG19  15209.259398   4389.292553 -21422.077889    704.958992
PG20  11586.835106 -14250.410161  19248.986780    278.559437
PG21  22900.275253    184.974142  13490.523467    369.218416
PG22  23990.307790  10327.866306  -3449.710967     74.341721
PG24  12986.871622 -21314.453052  -9124.787406    193.869445
PG25  -9866.582454 -17684.457419 -17654.940119    391.446793
PG26 -25602.530911  -2438.905985   7179.498990   -391.829858
PG28 -19515.631565   -680.379149 -18011.831969   -422.582247
PG29  -4434.984022 -25646.629326   4783.700595   -248.846810
PG30  16841.339058   5669.950480  20017.735603    353.736933
PG31 -23474.654170   7238.025627 -10760.934795   -122.825673
*  2026  9  5 13 20  0.00000000
PG04   -967.809266  25941.601005  -5103.313692     64.738570
PG05  15393.460679  -8496.023785  19739.294382   -236.546957
PG06  20432.520861  -1024.182748 -16959.041469   -531.700439
PG07   4692.682735  15724.172097  21460.881561   -221.921579
PG09   7677.775641  24826.633404   5155.272629    685.497167
PG11  23283.281777 -10525.862279  -7017.931927   -219.521317
PG13   5739.239827 -14173.472076 -21788.989672    438.277788
PG14  22599.761966  13445.416262   4921.328990    749.967129
PG15   3393.633913 -22066.879323  13818.298123    442.263197
PG17  12662.099048  16493.296736 -15996.338495   -197.444641
PG18  -5801.015614 -14208.515574  21710.244180   -263.450564
PG19  15221.358898   5198.032479 -21248.207604    704.958913
PG20  11731.579680 -13526.224324  19679.947170    278.562129
PG21  23330.120606    445.527419  12727.259810    369.215997
PG22  24056.236937  10472.177116  -2502.480944     74.344390
PG24  13284.700031 -21454.787630  -8263.179614    193.874645
PG25  -9232.833133 -17487.688089 -18186.097069    391.445752
PG26 -25826.755736  -2612.469905   6304.722870   -391.830266
PG28 -18999.734769  -1149.562945 -18531.269522   -422.579037
PG29  -4354.829553 -25817.448860   3847.945367   -248.844632
PG30  16265.127573   6160.060692  20342.656805    353.740591
PG31 -23182.921310   6943.119182 -11571.562098   -122.824719
*  2026  9  5 13 25  0.00000000
PG04  -1066.252435  25736.911528  -6035.585586     64.738668
PG05  16095.149692  -8220.954162  19295.512729   -236.547149
PG06  19927.430968   -601.035223 -17562.708281   -531.697188
PG07   4072.073079  16185.265183  21225.691393   -221.922374
PG09   7630.863516  25020.671789   4219.370486    685.494519
PG11  23097.903576 -10291.596165  -7915.257834   -219.517698
PG13   6515.767063 -13896.734138 -21749.420074    438.279284
PG14  22380.968511  13453.780587   5825.424877    749.967037
PG15   3649.715371 -21551.254177  14521.001999    442.264402
PG17  12649.976117  17117.859941 -15342.808420   -197.445905
PG18  -5138.582964 -14691.769054  21545.712681   -263.447910
PG19  15247.107372   5998.581746 -21034.069133    704.959179
PG20  11891.562411 -12789.419093  20073.427608    278.564865
PG21  23737.546323    687.123215  11939.680921    369.213595
PG22  24092.461480  10598.742157  -1550.346464     74.347285
PG24  13557.688707 -21576.765548  -7385.737494    193.879831
PG25  -8577.905316 -17295.135416 -18683.613534    391.444715
PG26 -26022.045759  -2773.188540   5418.080226   -391.830646
PG28 -18477.570426  -1639.809788 -19015.250824   -422.575825
PG29  -4275.056880 -25954.142565   2904.741045   -248.842334
PG30  15688.080894   6666.826794  20629.518387    353.744279
PG31 -22872.596612   6625.457670 -12360.681889   -122.824039
*  2026  9  5 13 30  0.00000000
PG04  -1172.820757  25499.162416  -6956.164399     64.738768
PG05  16784.932875  -7964.306518  18814.276225   -236.547199
PG06  19412.788886   -154.714242 -18132.784910   -531.693916
PG07   3466.281753  16651.446975  20951.827180   -221.923685
PG09   7580.629366  25180.553352   3275.330168    685.491893
PG11  22889.799816 -10033.798102  -8797.318503   -219.514074
PG13   7294.821061 -13634.258483 -21668.494760    438.280777
PG14  22131.140684  13453.634716   6718.608221    749.966962
PG15   3923.318485 -21014.751690  15194.880006    442.265166
PG17  12645.559682  17716.983406 -14658.809191   -197.447633
PG18  -4490.108901 -15182.673344  21340.026566   -263.445183
PG19  15286.114689   6789.234144 -20780.126361    704.958860
PG20  12067.071393 -12041.720096  20428.681684    278.567588
PG21  24121.155634    910.427287  11129.292271    369.211231
PG22  24098.232542  10708.714896   -595.177068     74.350012
PG24  13806.213971 -21679.030608  -6494.107557    193.885025
PG25  -7902.906650 -17107.965066 -19146.568247    391.443677
PG26 -26187.649106  -2922.125439   4521.252551   -391.831040
PG28 -17950.797398  -2150.654108 -19462.847975   -422.572606
PG29  -4194.285214 -26056.526581   1955.913817   -248.840235
PG30  15111.704731   7189.542054  20877.768996    353.748001
PG31 -22545.137024   6284.705223 -13126.841253   -122.823262
*  2026  9  5 13 35  0.00000000
PG04  -1288.789517  25229.086183  -7863.267214     64.738829
PG05  17461.011781  -7725.901835  18296.533135   -236.547243
PG06  18890.323026    314.520507 -18668.164255   -531.690656
PG07   2876.305265  17121.370118  20639.724007   -221.924664
PG09   7525.656311  25306.241776   2324.974911    685.489244
PG11  22660.308967  -9751.874052  -9662.410517   -219.510467
PG13   8074.659960 -13386.492043 -21546.369202    438.282257
PG14  21850.291556  13446.341006   7599.208051    749.966859
PG15   4214.898975 -20458.890120  15838.546207    442.265990
PG17  12647.729581  18289.469051 -13945.713790   -197.448617
PG18  -3856.819360 -15679.863289  21093.543923   -263.442506
PG19  15337.897538   7568.320617 -20486.916167    704.958971
PG20  12258.296316 -11284.878480  20745.035473    278.570305
PG21  24479.616757   1116.191309  10297.642715    369.208833
PG22  24072.900058  10803.305369    361.156157     74.352420
PG24  14030.743230 -21760.272322  -5589.971900    193.890221
PG25  -7209.021128 -16927.283141 -19574.101516    391.442628
PG26 -26322.902133  -3060.392156   3615.935986   -391.831435
PG28 -17421.058609  -2681.528436 -19873.202544   -422.569371
PG29  -4111.129785 -26124.528693   1003.300705   -248.838183
PG30  14537.470583   7727.411063  21086.927469    353.751699
PG31 -22202.032656   5920.620897 -13868.630279   -122.822181
*  2026  9  5 13 40  0.00000000
PG04  -1415.386058  24927.518360  -8755.137736     64.738916
PG05  18121.619998  -7505.456431  17743.302697   -236.547479
PG06  18361.760175    806.300008 -19167.804534   -531.687410
PG07   2303.061871  17593.634553  20289.885024   -221.925575
PG09   7464.535333  25397.813020   1370.138746    685.486577
PG11  22410.825190  -9445.325179 -10508.863002   -219.506893
PG13   8853.523264 -13153.783793 -21383.276617    438.283744
PG14  21538.535357  13433.267965   8465.576961    749.966751
PG15   4524.816619 -19885.241140  16450.672785    442.266752
PG17  12655.307137  18834.212962 -13204.953518   -197.450274
PG18  -3239.859458 -16181.911092  20806.701379   -263.439869
PG19  15401.881902   8334.215404 -20155.047034    704.959064
PG20  12465.327217 -10520.664116  21021.888780    278.573013
PG21  24811.668458   1305.248819   9446.321541    369.206408
PG22  24015.915718  10883.773855   1316.784481     74.354954
PG24  14231.832638 -21819.232229  -4675.045233    193.895412
PG25  -6497.505006 -16754.131476 -19965.416675    391.441574
PG26 -26427.231993  -3189.142659   2703.838245   -391.831848
PG28 -16889.974266  -3231.765051 -20245.527217   -422.566171
PG29  -4024.208737 -26158.188450     48.745882   -248.836099
PG30  13966.810018   8279.552317  21256.583786    353.755353
PG31 -21844.800551   5533.060347 -14584.684340   -122.821681
*  2026  9  5 13 45  0.00000000
PG04  -1553.783576  24595.393984  -9630.049812     64.738976
PG05  18765.030300  -7302.583934  17155.672959   -236.547142
PG06  17828.818303   1320.146611 -19630.731396   -531.684142
PG07   1747.388303  18066.792714  19902.881142   -221.926692
PG09   7395.872179  25455.454612    412.662876    685.483907
PG11  22142.792084  -9113.750862 -11335.040943   -219.503282
PG13   9629.638597 -12936.383608 -21179.527527    438.285216
PG14  21196.087480  13415.783907   9316.093982    749.966659
PG15   4853.332496 -19295.423280  17029.993349    442.267656
PG17  12667.061141  19350.209583 -12438.014722   -197.451856
PG18  -2640.289189 -16687.332005  20480.013535   -263.437195
PG19  15477.405908   9085.341974 -19785.197544    704.959051
PG20  12688.153672  -9750.858746  21258.716239    278.575719
PG21  25116.125335   1478.510821   8576.955455    369.204049
PG22  23926.835471  10951.424372   2269.845397     74.357390
PG24  14410.124350 -21854.710062  -3751.071766    193.900602
PG25  -5769.682445 -16589.483211 -20319.781434    391.440505
PG26 -26500.158840  -3309.567583   1786.675541   -391.832230
PG28 -16359.135206  -3800.598065 -20579.107318   -422.562933
PG29  -3932.150014 -26157.656817   -905.903017   -248.834024
PG30  13401.109125   8845.001153  21386.399927    353.759026
PG31 -21474.978375   5121.977111 -15273.686305   -122.820839
*  2026  9  5 13 50  0.00000000
PG04  -1705.095164  24233.743668 -10486.310882     64.739060
PG05  19389.561630  -7116.797710  16534.798470   -236.547414
PG06  17293.199412   1855.475194 -20056.039923   -531.680877
PG07   1210.036791  18539.354947  19479.350643   -221.927659
PG09   7318.294207  25479.464462   -545.607953    685.481244
PG11  21857.696233  -8756.851294 -12139.348425   -219.499713
PG13  10401.228514 -12734.441560 -20935.509179    438.286707
PG14  20823.264083  13395.250619  10149.167403    749.966593
PG15   5200.606708 -18691.095130  17575.306129    442.268706
PG17  12681.714070  19836.555451 -11646.435405   -197.453104
PG18  -2059.079474 -17194.590290  20114.072252   -263.434568
PG19  15563.723052   9820.178734 -19378.114768    704.959181
PG20  12926.664433  -8977.249074  21455.068290    278.578506
PG21  25391.882786   1636.961040   7691.205488    369.201633
PG22  23805.321555  11007.597993   3218.486432     74.360602
PG24  14566.343381 -21865.569717  -2819.821987    193.905789
PG25  -5026.940876 -16434.238646 -20636.529156    391.439450
PG26 -26541.297659  -3422.888364    866.169542   -391.832664
PG28 -15830.096377  -4387.165944 -20873.302185   -422.559730
PG29  -3833.598199 -26123.195351  -1858.798596   -248.832000
PG30  12841.703156   9422.713047  21476.110605    353.762698
PG31 -21094.118051   4687.423502 -15934.368659   -122.819929
*  2026  9  5 13 55  0.00000000
PG04  -1870.368129  23843.689264 -11322.265353     64.739144
PG05  19993.585887  -6947.513753  15881.897847   -236.547827
PG06  16756.582465   2411.594804 -20442.896502   -531.677611
PG07    691.672414  19009.795153  19019.998682   -221.928642
PG09   7230.457130  25470.249214  -1502.829079    685.478585
PG11  21557.060585  -8374.429639 -12920.231797   -219.496099
PG13  11166.517342 -12548.007645 -20651.684825    438.288196
PG14  20420.481288  13373.017077  10963.237551    749.966505
PG15   5566.696565 -18073.948337  18085.477023    442.269483
PG17  12697.948531  20292.452469 -10831.801718   -197.454078
PG18  -1497.108596 -17702.105447  19709.545779   -263.431867
PG19  15660.005780  10537.264485 -18934.612566    704.959260
PG20  13180.647503  -8201.619862  21610.571996    278.581210
PG21  25637.921655   1781.650875   6790.763843    369.199266
PG22  23651.144062  11053.666056   4160.868900     74.362722
PG24  14701.294086 -21850.745014  -1883.089303    193.910981
PG25  -4270.726112 -16289.221403 -20915.060035    391.438404
PG26 -26550.359715  -3530.351265    -55.955667   -391.833069
PG28 -15304.370489  -4990.514439 -21127.546408   -422.556444
PG29  -3727.221279 -26055.174901  -2808.097388   -248.829655
PG30  12289.871381  10011.567260  21525.523897    353.766434
PG31 -20703.779369   4229.551098 -16565.515552   -122.819050
*  2026  9  5 14  0  0.00000000
PG04  -2050.578601  23426.439144 -12136.297903     64.739246
PG05  20575.534477  -6794.054008  15198.251210   -236.547835
PG06  16220.616411   2987.710759 -20790.540565   -531.674331
PG07    192.870774  19476.556625  18525.596697   -221.929803
PG09   7131.051627  25428.322149  -2457.159529    685.475974
PG11  21242.437683  -7966.393743 -13676.182757   -219.492444
PG13  11923.738020 -12377.031960 -20328.592872    438.289696
PG14  19988.253988  13350.413212  11756.779512    749.966457
PG15   5951.555267 -17445.700431  18559.442504    442.270356
PG17  12714.413881  20717.210680  -9995.744364   -197.455761
PG18   -955.159026 -18208.258664  19267.177730   -263.429198
PG19  15765.349390  11235.203620 -18455.569787    704.959235
PG20  13449.790661  -7425.747037  21724.931741    278.583936
PG21  25853.312525   1913.694056   5877.350678    369.196878
PG22  23464.182036  11091.023258   5095.171581     74.365793
PG24  14815.856264 -21809.245210   -942.686578    193.916182
PG25  -3502.537228 -16155.174897 -21154.842189    391.437359
PG26 -26527.153628  -3633.221329   -977.976590   -391.833474
PG28 -14783.421866  -5609.599935 -21341.350931   -422.553240
PG29  -3611.717316 -25954.073855  -3751.963542   -248.827439
PG30  11746.832179  10610.370803  21534.521756    353.770110
PG31 -20305.523575   3748.610843 -17165.964767   -122.818439
*  2026  9  5 14  5  0.00000000
PG04  -2246.626474  22983.283121 -12926.836684     64.739354
PG05  21133.904613  -6655.650114  14485.197503   -236.547953
PG06  15686.913356   3582.927209 -21098.286193   -531.671060
PG07   -285.883981  19938.058052  17996.981713   -221.930564
PG09   7018.809806  25354.300635  -3406.765618    685.473317
PG11  20915.402785  -7532.757385 -14405.741340   -219.488815
PG13  12671.138912 -12221.365313 -19966.845887    438.291169
PG14  19527.194261  13328.743781  12528.305800    749.966368
PG15   6355.031083 -16808.087511  18996.212367    442.271429
PG17  12729.732996  21110.250560  -9139.934903   -197.457030
PG18   -433.914666 -18711.399467  18787.785901   -263.426546
PG19  15878.776272  11912.671023 -17941.928383    704.959456
PG20  13733.682427  -6651.390842  21797.929778    278.586639
PG21  26037.219650   2034.261029   4952.710844    369.194438
PG22  23244.424084  11121.080709   6019.594329     74.368386
PG24  14910.980895 -21740.160232     -0.442559    193.921368
PG25  -2723.921224 -16032.759153 -21355.412660    391.436284
PG26 -26471.586059  -3732.776276  -1898.173304   -391.833880
PG28 -14268.660519  -6243.293180 -21514.303996   -422.550033
PG29  -3485.820967 -25820.475922  -4688.572477   -248.825453
PG30  11213.738384  11217.862731  21503.060402    353.773803
PG31 -19900.906991   3244.952738 -17734.609606   -122.817567
*  2026  9  5 14 10  0.00000000
PG04  -2459.330683  22515.587024 -13692.356435     64.739457
PG05  21667.265319  -6531.447548  13744.131697   -236.547909
PG06  15157.041890   4196.250148 -21365.523584   -531.667800
PG07   -744.200788  20392.699698  17435.055534   -221.931765
PG09   6892.511467  25248.903155  -4349.824507    685.470634
PG11  20577.546904  -7073.641074 -15107.498806   -219.485206
PG13  13406.990574 -12080.760267 -19567.129477    438.292657
PG14  19038.009399  13309.282343  13276.368969    749.966305
PG15   6776.867043 -16162.856837  19394.872307    442.272340
PG17  12742.509164  21471.104797  -8266.081987   -197.458633
PG18     66.041482 -19209.852550  18272.260936   -263.423868
PG19  15999.240426  12568.416676 -17394.691440    704.959585
PG20  14031.813463  -5880.289066  21829.426628    278.589383
PG21  26188.904497   2144.573104   4018.610571    369.192046
PG22  22991.968528  11145.258934   6932.361584     74.370835
PG24  14987.685543 -21642.665609    941.801800    193.926554
PG25  -1936.467485 -15922.547957 -21516.378317    391.435244
PG26 -26383.662020  -3830.300371  -2814.832407   -391.834323
PG28 -13761.436470  -6890.383403 -21646.071953   -422.546809
PG29  -3348.309857 -25655.067475  -5616.114520   -248.823366
PG30  10691.672899  11832.718728  21431.170605    353.777472
PG31 -19491.474668   2719.025148 -18270.400693   -122.816662
*  2026  9  5 14 15  0.00000000
PG04  -2689.424854  22024.786971 -14431.381497     64.739515
PG05  22174.263130  -6420.510158  12976.501894   -236.548190
PG06  14632.520614   4826.590858 -21591.720378   -531.664554
PG07  -1181.782925  20838.869700  16840.783826   -221.932946
PG09   6750.990167  25112.945910  -5284.527732    685.467967
PG11  20230.469791  -6589.272375 -15780.100435   -219.481645
PG13  14129.592420 -11954.872628 -19130.201031    438.294120
PG14  18521.499555  13293.265374  13999.564164    749.966227
PG15   7216.701138 -15511.759349  19754.586306    442.273196
PG17  12751.333050  21799.419560  -7375.927533   -197.460208
PG18    544.229211 -19701.924749  17721.564842   -263.421231
PG19  16125.632276  13201.269939 -16814.921130    704.959468
PG20  14343.578413  -5114.150376  21819.361351    278.592066
PG21  26307.728892   2245.896378   3076.834114    369.189674
PG22  22707.023078  11164.980899   7831.725806     74.373526
PG24  15047.049421 -21516.027074   1882.197114    193.931729
PG25  -1141.802072 -15825.026367 -21637.416667    391.434189
PG26 -26263.484791  -3927.078295  -3726.249942   -391.834749
PG28 -13263.034346  -7549.582787 -21736.399914   -422.543615
PG29  -3198.010747 -25458.634459  -6532.798499   -248.821221
PG30  10181.644612  12453.555983  21318.957837    353.781149
PG31 -19078.754109   2171.373707 -18772.347691   -122.815822
*  2026  9  5 14 20  0.00000000
PG04  -2937.553334  21512.383339 -15142.488707     64.739625
PG05  22653.627452  -6321.825047  12183.806332   -236.548371
PG06  14114.811891   5472.769780 -21776.422831   -531.661282
PG07  -1598.428900  21274.950492  16215.195080   -221.933919
PG09   6593.139030  24947.339025  -6209.084694    685.465330
PG11  19875.772901  -6079.985763 -16422.248203   -219.478068
PG13  14837.279296 -11843.263340 -18656.888330    438.295606
PG14  17978.555032  13281.886547  14696.531602    749.966136
PG15   7674.067041 -14856.542167  20074.598840    442.274112
PG17  12754.789710  22094.955261  -6471.242843   -197.460949
PG18   1000.272560 -20185.912130  17136.729343   -263.418564
PG19  16256.783723  13810.143498 -16203.736586    704.959251
PG20  14668.278155  -4354.647779  21767.751665    278.594767
PG21  26393.157756   2339.535472   2129.180366    369.187267
PG22  22389.904043  11181.665055   8715.970798     74.376005
PG24  15090.208154 -21359.604804   2818.889417    193.936919
PG25   -341.581848 -15740.588594 -21718.276570    391.433130
PG26 -26111.255470  -4024.389027  -4630.734273   -391.835148
PG28 -12774.668272  -8219.531282 -21785.112259   -422.540389
PG29  -3033.805489 -25232.058881  -7436.855295   -248.818974
PG30   9684.584612  13078.938325  21166.602309    353.784812
PG31 -18664.249080   1602.639838 -19239.520937   -122.814807
*  2026  9  5 14 25  0.00000000
PG04  -3204.267633  20979.934483 -15824.310191     64.739760
PG05  23104.175568  -6234.307805  11367.590294   -236.548154
PG06  13605.315841   6133.520799 -21919.256842   -531.658065
PG07  -1994.032957  21699.325311  15559.379463   -221.934663
PG09   6417.916303  24753.082374  -7121.726094    685.462702
PG11  19515.052376  -5546.222023 -17032.703342   -219.474420
PG13  15528.427903 -11745.400819 -18148.088040    438.297078
PG14  17410.153196  13276.291198  15365.958989    749.966096
PG15   8148.395337 -14198.941096  20354.236876    442.274856
PG17  12751.465625  22357.586795  -5553.824677   -197.462636
PG18   1433.900800 -20660.107164  16518.854090   -263.415882
PG19  16391.473448  14394.036969 -15562.311710    704.959494
PG20  15005.122483  -3603.412242  21674.693922    278.597501
PG21  26444.761416   2426.827094   1177.459444    369.184933
PG22  22041.035082  11196.718456   9583.414931     74.379131
PG24  15118.348252 -21172.857277   3750.024098    193.942124
PG25    462.511524 -15669.536255 -21758.778849    391.432089
PG26 -25927.272134  -4123.499774  -5526.608931   -391.835553
PG28 -12297.477080  -8898.801744 -21792.112993   -422.537143
PG29  -2854.636728 -24976.314900  -8326.541339   -248.816666
PG30   9201.342732  13707.381612  20974.358880    353.788508
PG31 -18249.433529   1013.558884 -19671.052989   -122.814126
*  2026  9  5 14 30  0.00000000
PG04  -3490.023274  20429.050221 -16475.536027     64.739830
PG05  23524.817255  -6156.808044  10529.442942   -236.548442
PG06  13105.364624   6807.495907 -22019.928826   -531.654818
PG07  -2368.585195  22110.384780  14874.487536   -221.935665
PG09   6224.350621  24531.261034  -8020.707315    685.459990
PG11  19149.892056  -4988.527170 -17610.288784   -219.470796
PG13  16201.463061 -11660.663673 -17604.764061    438.298539
PG14  16817.355056  13277.570991  16006.583867    749.966007
PG15   8639.015273 -13540.673184  20592.911663    442.275849
PG17  12739.955702  22587.303274  -4625.491311   -197.464169
PG18   1844.948965 -21122.805957  15869.104719   -263.413232
PG19  16528.432419  14952.040141 -14891.872918    704.959475
PG20  15353.233185  -2862.026497  21540.362943    278.600199
PG21  26462.217478   2509.133477    223.489253    369.182553
PG22  21660.945510  11211.529974  10432.414257     74.381448
PG24  15132.701318 -20955.344729   4673.749906    193.947310
PG25   1268.777699 -15612.077013 -21758.816807    391.431053
PG26 -25711.928634  -4225.659973  -6412.215415   -391.835975
PG28 -11832.519859  -9585.905373 -21757.385951   -422.533933
PG29  -2659.513340 -24692.464535  -9200.142050   -248.814688
PG30   8732.684444  14337.359338  20742.556846    353.792185
PG31 -17835.745647    404.957871 -20066.140084   -122.813341
*  2026  9  5 14 35  0.00000000
PG04  -3795.177087  19861.385110 -17094.916786     64.739939
PG05  23914.559014  -6088.115224   9670.994072   -236.548687
PG06  12616.217014   7493.270250 -22078.226429   -531.651557
PG07  -2722.171288  22506.533523  14161.728851   -221.936970
PG09   6011.545954  24283.040400  -8904.311743    685.457350
PG11  18781.856580  -4407.550918 -18153.891477   -219.467193
PG13  16854.863783 -11588.343842 -17027.945772    438.300027
PG14  16201.301505  13286.758826  16617.195880    749.965950
PG15   9145.157006 -12883.429371  20790.120300    442.276811
PG17  12718.870228  22784.207254  -3688.078569   -197.465431
PG18   2233.357918 -21572.315502  15188.710759   -263.410551
PG19  16666.349590  15483.335851 -14193.696814    704.959440
PG20  15711.647512  -2132.019055  21365.011710    278.602912
PG21  26445.312268   2587.835694   -730.907967    369.180109
PG22  21250.268165  11227.463639  11261.365509     74.384170
PG24  15134.538022 -20706.732166   5588.222999    193.952520
PG25   2075.503861 -15568.323610 -21718.356632    391.430032
PG26 -25465.713026  -4332.095378  -7285.915946   -391.836346
PG28 -11380.771862 -10279.297424 -21680.994845   -422.530696
PG29  -2447.515561 -24381.653000 -10055.975206   -248.812652
PG30   8279.288087  14967.308452  20471.599593    353.795879
PG31 -17424.582082   -222.247113 -20424.043507   -122.812369
*  2026  9  5 14 40  0.00000000
PG04  -4119.984941  19278.631559 -17681.265940     64.740022
PG05  24272.507871  -6026.964739   8793.910803   -236.548491
PG06  12139.053310   8189.347522 -22094.019088   -531.648294
PG07  -3054.971812  22886.196807  13422.370418   -221.937942
PG09   5778.686231  24009.660985  -9770.854022    685.454707
PG11  18412.484577  -3804.044692 -18662.464567   -219.463615
PG13  17487.169125 -11527.650096 -16418.726140    438.301497
PG14  15563.209235  13304.823982  17196.638971    749.965849
PG15   9665.954346 -12228.867256  20945.447084    442.277687
PG17  12686.841735  22948.513461  -2743.435854   -197.466321
PG18   2599.173939 -22006.960917  14478.963401   -263.407880
PG19  16803.877766  15987.202481 -13469.107817    704.959453
PG20  16079.322029  -1414.858455  21148.970915    278.605605
PG21  26393.941810   2664.326909  -1683.909101    369.177706
PG22  20809.736849  11245.852126  12068.708980     74.386981
PG24  15125.161857 -20426.791944   6491.611051    193.957702
PG25   2880.970996 -15538.293298 -21637.437704    391.428961
PG26 -25189.205642  -4444.002260  -8146.096180   -391.836769
PG28 -10943.120782 -10977.383173 -21563.083172   -422.527487
PG29  -2217.799808 -24045.103711 -10892.394241   -248.810586
PG30   7841.742487  15595.635354  20161.964133    353.799563
PG31 -17017.292335   -867.053881 -20744.090874   -122.811577
*  2026  9  5 14 45  0.00000000
PG04  -4464.599933  18682.512788 -18233.462136     64.740120
PG05  24597.874761  -5972.044234   7899.894205   -236.548790
PG06  11674.970593   8894.165687 -22067.258425   -531.645028
PG07  -3367.261169  23247.827170  12657.735033   -221.938904
PG09   5525.039606  23712.432910 -10618.683226    685.452045
PG11  18043.281999  -3178.859191 -19135.029447   -219.460033
PG13  18096.983807 -11477.711927 -15778.259718    438.302968
PG14  14904.366355  13332.667539  17743.813491    749.965765
PG15  10200.447992 -11578.604038  21058.564621    442.278597
PG17  12642.531741  23080.547030  -1793.422183   -197.468017
PG18   2942.547858 -22425.092652  13741.213122   -263.405240
PG19  16939.639615  16463.016070 -12719.475727    704.959415
PG20  16455.136828   -711.947775  20892.648365    278.608309
PG21  26308.112372   2740.005560  -2633.693619    369.175318
PG22  20340.183363  11267.990439  12852.931279     74.389392
PG24  15105.902713 -20115.405867   7382.097387    193.962879
PG25   3683.460216 -15521.907661 -21516.172794    391.427899
PG26 -24883.076804  -4562.541748  -8991.167868   -391.837198
PG28 -10520.363430 -11678.524114 -21403.873951   -422.524269
PG29  -1969.603150 -23684.112960 -11707.791458   -248.808003
PG30   7420.544933  16220.722052  19814.200498    353.803243
PG31 -16615.173355  -1528.377477 -21025.677315   -122.810707
*  2026  9  5 14 50  0.00000000
PG04  -4829.071040  18074.775687 -18750.451326     64.740194
PG05  24889.977453  -5922.000121   6990.675878   -236.548726
PG06  11224.978356   9606.103006 -21997.978482   -531.641739
PG07  -3659.406112  23589.911010  11869.199479   -221.939994
PG09   5249.962356  23392.730133 -11446.185964    685.449404
PG11  17675.715615  -2532.941523 -19570.677668   -219.456391
PG13  18682.983560 -11437.583772 -15107.760531    438.304447
PG14  14226.127717  13371.118088  18257.678224    749.965694
PG15  10747.589220 -10934.209645  21129.234704    442.279321
PG17  12584.637341  23180.741263   -839.902240   -197.470071
PG18   3263.733712 -22825.093610  12976.867169   -263.402586
PG19  17072.233788  16910.252038 -11946.213246    704.959576
PG20  16837.900077    -24.619417  20596.528246    278.611024
PG21  26187.940536   2816.268538  -3578.447036    369.172941
PG22  19842.534145  11295.129792  13612.567963     74.392076
PG24  15078.110305 -19772.566809   8257.885134    193.968070
PG25   4481.259095 -15518.992857 -21354.748148    391.426865
PG26 -24548.084213  -4688.834323  -9819.571466   -391.837628
PG28 -10113.202811 -12381.044352 -21203.669326   -422.521063
PG29  -1702.247424 -23300.044303 -12500.601154   -248.806012
PG30   7016.099561  16840.932455  19428.931017    353.806917
PG31 -16219.464359  -2205.053826 -21268.266570   -122.809572
*  2026  9  5 14 55  0.00000000
PG04  -5213.342234  17457.183590 -19231.248761     64.740266
PG05  25148.243034  -5875.444273   6068.014482   -236.548911
PG06  10789.994521  10323.484348 -21886.295788   -531.638497
PG07  -3931.863859  23910.975122  11058.192583   -221.940893
PG09   4952.902395  23051.984426 -12251.789387    685.446757
PG11  17311.206699  -1867.331911 -19968.572698   -219.452808
PG13  19243.920192 -11406.249585 -14408.499845    438.305873
PG14  13529.909972  13420.927743  18737.252331    749.965606
PG15  11306.244039 -10297.200110  21157.308951    442.280366
PG17  12511.897621  23249.634928    115.257537   -197.471620
PG18   3563.086943 -23205.386170  12187.386919   -263.399953
PG19  17200.241143  17328.486511 -11150.773449    704.959654
PG20  17226.352902    645.869795  20261.170253    278.613725
PG21  26033.652829   2894.504359  -4516.364358    369.170514
PG22  19317.806533  11328.471722  14346.206045     74.394670
PG24  15043.147464 -19398.379833   9117.201383    193.973272
PG25   5272.668006 -15529.280252 -21153.423466    391.425801
PG26 -24185.069997  -4823.954488 -10629.778694   -391.838057
PG28  -9722.245618 -13083.237173 -20962.850007   -422.517829
PG29  -1415.142971 -22894.322673 -13269.302654   -248.803841
PG30   6628.716120  17454.618775  19006.849447    353.810624
PG31 -15831.341892  -2895.843724 -21471.391986   -122.808693
*  2026  9  5 15  0  0.00000000
PG04  -5617.252078  16831.509003 -19674.940828     64.740380
PG05  25372.209913  -5830.960851   5133.692240   -236.548865
PG06  10370.841875  11044.587747 -21732.409264   -531.635208
PG07  -4185.179822  24209.593131  10226.193130   -221.941916
PG09   4633.402385  22691.679134 -13033.964115    685.444134
PG11  16951.124937  -1183.159992 -20327.951545   -219.449162
PG13  19778.626346 -11382.627721 -13681.803828    438.307366
PG14  12817.186372  13482.768480  19181.617194    749.965548
PG15  11875.197761  -9669.031212  21142.729193    442.281453
PG17  12423.099850  23287.869113   1070.192845   -197.472683
PG18   3841.062147 -23564.439069  11374.285096   -263.397280
PG19  17322.231035  17717.397250 -10334.647214    704.959564
PG20  17619.174573   1298.343198  19887.208568    278.616453
PG21  25845.584891   2976.086387  -5445.653513    369.168117
PG22  18767.104677  11369.162473  15052.486358     74.397081
PG24  15002.383356 -18993.062805   9958.301346    193.978475
PG25   6056.006432 -15552.407467 -20912.531761    391.424795
PG26 -23794.957443  -4968.925643 -11420.295037   -391.838446
PG28  -9348.000153 -13783.371758 -20681.874560   -422.514584
PG29  -1107.791974 -22468.428253 -14012.423242   -248.801933
PG30   6258.609146  18060.128014  18548.719983    353.814313
PG31 -15451.915144  -3599.437130 -21634.657423   -122.807890
*  2026  9  5 15  5  0.00000000
PG04  -6040.533777  16199.526324 -20080.686741     64.740461
PG05  25561.529371  -5787.113256   4189.511402   -236.549175
PG06   9968.244924  11767.651188 -21536.599960   -531.631946
PG07  -4419.984929  24484.391816   9374.727644   -221.942854
PG09   4291.102437  22313.342737 -13791.227062    685.441486
PG11  16596.782577   -481.640729 -20648.126221   -219.445562
PG13  20286.019924 -11365.576110 -12929.051114    438.308805
PG14  12089.481343  13557.228817  19589.918175    749.965466
PG15  12453.159983  -9051.092419  21085.527626    442.282547
PG17  12317.085448  23296.183646   2023.045343   -197.473991
PG18   4098.210363 -23900.774112  10539.122878   -263.394622
PG19  17436.767649  18076.764177  -9499.360610    704.959632
PG20  18014.987968   1931.708533  19475.350717    278.619144
PG21  25624.180199   3062.366117  -6364.538755    369.165739
PG22  18191.615106  11418.287640  15730.105801     74.399997
PG24  14957.186627 -18556.946485  10779.472486    193.983660
PG25   6829.619217 -15587.919822 -20632.479114    391.423761
PG26 -23378.747433  -5124.715167 -12189.662190   -391.838858
PG28  -8990.874695 -14479.700022 -20361.278555   -422.511372
PG29   -779.791392 -22023.890133 -14728.540982   -248.799837
PG30   5905.897554  18655.808507  18055.376127    353.818013
PG31 -15082.221555  -4314.457751 -21757.738053   -122.807125
*  2026  9  5 15 10  0.00000000
PG04  -6482.815722  15563.004565 -20447.720083     64.740558
PG05  25715.966615  -5742.451144   3237.290697   -236.549146
PG06   9582.827188  12490.879590 -21299.230622   -531.628676
PG07  -4636.992560  24734.057280   8505.368017   -221.944004
PG09   3925.742386  21918.542257 -14522.144163    685.438856
PG11  16249.428861    235.930056 -20928.485058   -219.441965
PG13  20765.108170 -11353.897709 -12151.670260    438.310272
PG14  11348.364842  13644.810843  19961.366270    749.965349
PG15  13038.769955  -8444.701170  20985.826711    442.283165
PG17  12192.755682  23275.413113   2971.966433   -197.475286
PG18   4335.175944 -24212.972686   9683.506874   -263.391946
PG19  17542.416359  18406.469509  -8646.472250    704.959546
PG20  18412.365305   2544.961820  19026.376276    278.621823
PG21  25369.988340   3154.666556  -7271.264045    369.163333
PG22  17592.601983  11476.867128  16377.819445     74.402685
PG24  14908.918543 -18090.474099  11579.038616    193.988841
PG25   7591.882744 -15635.272183 -20313.744291    391.422710
PG26 -22937.514581  -5292.229741 -12936.460450   -391.839390
PG28  -8651.176294 -15170.463529 -20001.673560   -422.508144
PG29   -430.835471 -21562.279775 -15416.287435   -248.797456
PG30   5570.604629  19240.016502  17527.719429    353.821706
PG31 -14723.222706  -5039.467915 -21840.381066   -122.806191
*  2026  9  5 15 15  0.00000000
PG04  -6943.622480  14923.700145 -20775.350181     64.740672
PG05  25835.401373  -5695.517502   2278.861767   -236.549403
PG06   9215.108959  13212.451948 -21020.745097   -531.625420
PG07  -4836.995100  24957.340950   7619.729000   -221.945188
PG09   3537.163638  21508.876519 -15225.333002    685.436194
PG11  15910.244744    968.180506 -21168.493860   -219.438380
PG13  21214.991390 -11346.346208 -11351.137109    438.311727
PG14  10595.446535  13745.927617  20295.239670    749.965259
PG15  13630.602291  -7851.097515  20843.838833    442.284025
PG17  12049.077072  23226.482491   3915.120966   -197.476420
PG18   4552.692990 -24499.682039   8809.085998   -263.389298
PG19  17637.750077  18706.497479  -7777.570614    704.959609
PG20  18809.834103   3137.190861  18541.135451    278.624506
PG21  25083.662854   3254.275729  -8164.096383    369.160930
PG22  16971.402078  11545.850421  16994.442504     74.405281
PG24  14858.926132 -17594.200381  12355.363949    193.994028
PG25   8341.211014 -15693.831208 -19956.878262    391.421686
PG26 -22472.403098  -5472.310928 -13659.311037   -391.839789
PG28  -8329.110037 -15853.900480 -19603.745986   -422.504932
PG29    -60.717815 -21085.204333 -16074.350255   -248.795199
PG30   5252.658440  19811.122738  16966.718088    353.825412
PG31 -14375.800535  -5772.973692 -21882.406272   -122.805453
*  2026  9  5 15 20  0.00000000
PG04  -7422.376263  14283.349746 -21062.963337     64.740753
PG05  25919.827992  -5644.855739   1316.065596   -236.549494
PG06   8865.505509  13930.528619 -20701.667568   -531.622141
PG07  -5020.860121  25153.065364   6719.465550   -221.945892
PG09   3125.310572  21085.969315 -15899.465318    685.433535
PG11  15580.337940   1713.667874 -21367.696911   -219.434786
PG13  21634.866284 -11341.631950 -10528.972060    438.313186
PG14   9832.369791  13860.900945  20590.885213    749.965159
PG15  14227.173013  -7271.439152  20659.865708    442.284884
PG17  11885.086490  23150.402416   4850.690886   -197.477589
PG18   4751.581383 -24759.621300   7917.548227   -263.386627
PG19  17721.355575  18976.933676  -6894.271333    704.959647
PG20  19205.883360   3707.578349  18020.547526    278.627196
PG21  24765.958639   3362.440340  -9041.329113    369.158523
PG22  16329.419453  11626.112192  17578.852171     74.408380
PG24  14808.535379 -17068.790088  13106.857074    193.999223
PG25   9076.061592 -15762.877977 -19562.503579    391.420635
PG26 -21984.622403  -5665.731013 -14356.878367   -391.840217
PG28  -8024.778743 -16528.252721 -19168.255799   -422.501716
PG29    330.666967 -20594.299828 -16701.475661   -248.793264
PG30   4951.892669  20367.519008  16373.405428    353.829104
PG31 -14040.753871  -6513.430272 -21883.706601   -122.804528
*  2026  9  5 15 25  0.00000000
PG04  -7918.398845  13643.663289 -21310.023891     64.740870
PG05  25969.355071  -5589.016757    350.748942   -236.549482
PG06   8534.325785  14643.258698 -20342.601621   -531.618853
PG07  -5189.526199  25320.129732   5806.270032   -221.946731
PG09   2690.231502  20651.462482 -16543.269419    685.430894
PG11  15260.738305   2470.883996 -21525.717812   -219.431167
PG13  22024.028895 -11338.428070  -9686.737253    438.314664
PG14   9060.805549  13989.959547  20847.719730    749.965062
PG15  14826.945876  -6706.796874  20434.297561    442.285914
PG17  11699.895930  23048.264116   5776.878784   -197.479533
PG18   4932.742423 -24991.587208   7010.617268   -263.383960
PG19  17791.839763  19217.963979  -5998.214454    704.959791
PG20  19598.969913   4255.404576  17465.599181    278.629812
PG21  24417.728948   3480.359614  -9901.285168    369.156185
PG22  15668.119919  11718.448259  18129.989323     74.410363
PG24  14759.044504 -16515.015996  13831.974864    194.004419
PG25   9794.941406 -15841.611004 -19131.313645    391.419618
PG26 -21475.442481  -5873.189137 -15027.872244   -391.840595
PG28  -7738.183131 -17191.772754 -18696.035076   -422.498494
PG29    743.322080 -20091.224239 -17296.470791   -248.791015
PG30   4668.047852  20907.624665  15748.878232    353.832810
PG31 -13718.795317  -7259.247557 -21844.248492   -122.803363
*  2026  9  5 15 30  0.00000000
PG04  -8430.913925  13006.317052 -21516.075127     64.741003
PG05  25984.204614  -5526.565986   -615.239222   -236.549487
PG06   8221.771569  15348.787481 -19944.229154   -531.615600
PG07  -5343.998380  25457.515234   4881.869284   -221.948162
PG09   2232.079191  20207.008943 -17155.532459    685.428255
PG11  14952.393584   3238.261035 -21642.260159   -219.427569
PG13  22381.877136 -11335.376790  -8826.033669    438.316119
PG14   8282.446056  14133.237620  21065.231286    749.964954
PG15  15428.338965  -6158.150456  20167.612061    442.286864
PG17  11492.696922  22921.234033   6691.911365   -197.480677
PG18   5097.154106 -25194.459533   6090.049131   -263.381320
PG19  17847.835876  19429.873113  -5091.061673    704.959872
PG20  19987.524963   4780.049717  16877.342679    278.632499
PG21  24039.921974   3609.179344 -10742.320261    369.153771
PG22  14989.025269  11823.571911  18646.860087     74.413004
PG24  14711.717363 -15933.756369  14529.226282    194.009592
PG25  10496.412374 -15929.149622 -18664.071846    391.418581
PG26 -20946.189026  -6095.307723 -15671.050005   -391.840998
PG28  -7469.222426 -17842.730714 -18187.986432   -422.495273
PG29   1177.147799 -19577.650522 -17858.205915   -248.788884
PG30   4400.773033  21429.893054  15094.294949    353.836513
PG31 -13410.548489  -8008.795956 -21764.072180   -122.802466
*  2026  9  5 15 35  0.00000000
PG04  -8959.049929  12372.946961 -21680.740017     64.741071
PG05  25964.710712  -5456.090337  -1580.051254   -236.549212
PG06   7927.937134  16045.263947 -19507.309117   -531.612314
PG07  -5485.343321  25564.290023   3948.021538   -221.948939
PG09   1751.110912  19754.265719 -17735.102614    685.425593
PG11  14656.165539   4014.177493 -21717.108066   -219.423948
PG13  22707.912913 -11331.095878  -7948.498156    438.317566
PG14   7498.998509  14290.773812  21242.980298    749.964890
PG15  16029.731501  -5626.385002  19860.373019    442.287511
PG17  11262.764577  22770.548161   7594.042825   -197.482080
PG18   5245.866032 -25367.206138   5157.628610   -263.378635
PG19  17888.009577  19613.042820  -4174.493553    704.959793
PG20  20369.960724   5280.995694  16256.893934    278.635200
PG21  23633.577048   3749.986174 -11562.826024    369.151424
PG22  14293.707308  11942.110614  19128.537274     74.415824
PG24  14667.777002 -15325.991927  15197.176076    194.014775
PG25  11179.096830 -16024.537732 -18161.610559    391.417570
PG26 -20398.238376  -6332.629225 -16285.218583   -391.841407
PG28  -7217.695428 -18479.421297 -17645.081305   -422.492032
PG29   1631.941186 -19055.259591 -18385.616527   -248.786435
PG30   4149.627818  21932.817838  14410.873766    353.840207
PG31 -13116.545622  -8760.412369 -21643.291876   -122.801737
*  2026  9  5 15 40  0.00000000
PG04  -9501.843230  11745.142074 -21803.721805     64.741167
PG05  25911.317769  -5376.205050  -2541.844364   -236.549425
PG06   7652.809377  16730.848261 -19032.676090   -531.609047
PG07  -5614.684105  25639.613921   3006.513210   -221.950040
PG09   1247.688068  19294.886965 -18280.891125    685.422937
PG11  14372.826464   4796.964462 -21750.126517   -219.420325
PG13  23001.743812 -11324.185219  -7055.800376    438.319035
PG14   6712.178631  14462.510598  21380.600553    749.964813
PG15  16629.470854  -5112.287762  19513.228871    442.288608
PG17  11009.461259  22597.506132   8481.558122   -197.483583
PG18   5379.994006 -25508.887698   4215.165696   -263.375987
PG19  17911.064927  19767.949653  -3250.206711    704.959736
PG20  20744.677177   5757.827605  15605.430459    278.637917
PG21  23199.820461   3903.802139 -12361.233067    369.149068
PG22  13583.781725  12074.603099  19574.161679     74.418237
PG24  14628.399396 -14692.802314  15834.448353    194.019859
PG25  11841.682724 -16126.747895 -17624.830034    391.416542
PG26 -19833.012249  -6585.613195 -16869.236507   -391.841791
PG28  -6983.302013 -19100.170581 -17068.358109   -422.488812
PG29   2107.396263 -18525.733295 -18877.705289   -248.784466
PG30   3914.084839  22414.939192  13699.890554    353.843897
PG31 -12837.225555  -9512.406322 -21482.095825   -122.800765
*  2026  9  5 15 45  0.00000000
PG04 -10058.241775  11124.438308 -21884.804433     64.741251
PG05  25824.578276  -5285.560412  -3498.784108   -236.549419
PG06   7396.268442  17403.719239 -18521.238705   -531.605780
PG07  -5733.194764  25682.742764   2059.155553   -221.951006
PG09    722.275359  18830.517038 -18791.874225    685.420285
PG11  14103.056125   5584.912072 -21741.261562   -219.416748
PG13  23263.084353 -11313.233484  -6149.639687    438.320492
PG14   5923.704202  14648.294086  21477.800086    749.964734
PG15  17225.879687  -4616.545441  19126.910934    442.289675
PG17  10732.239853  22403.465067   9352.776148   -197.484671
PG18   5500.714313 -25618.662009   3264.491918   -263.373328
PG19  17915.750213  19895.162415  -2319.911005    704.960086
PG20  21110.068907   6210.234714  14924.189189    278.640589
PG21  22739.860932   4071.579490 -13136.013975    369.146680
PG22  12860.901818  12221.496854  19982.943248     74.420841
PG24  14594.707425 -14035.362085  16439.730013    194.025033
PG25  12482.928593 -16234.685761 -17054.697141    391.415505
PG26 -19251.972331  -6854.633693 -17422.015836   -391.842199
PG28  -6765.645083 -19703.342739 -16458.920259   -422.485600
PG29   2603.104631 -17990.747418 -19333.543844   -248.782375
PG30   3693.532600  22874.849836  12962.676682    353.847572
PG31 -12572.932109 -10263.066249 -21280.746262   -122.799963
*  2026  9  5 15 50  0.00000000
PG04 -10627.109108  10512.312405 -21923.852797     64.741370
PG05  25705.150141  -5182.848308  -4449.047842   -236.549525
PG06   7158.088826  18062.081752 -17973.977912   -531.602481
PG07  -5842.094524  25693.032383   1107.781189   -221.952090
PG09    175.439513  18362.783640 -19267.094929    685.417637
PG11  13847.439115   6376.276130 -21690.540347   -219.413102
PG13  23491.756801 -11296.824857  -5231.741967    438.321948
PG14   5135.288570  14847.874228  21534.361956    749.964604
PG15  17817.263235  -4139.742009  18702.231454    442.290522
PG17  10430.646626  22189.833243  10206.052781   -197.486281
PG18   5609.257737 -25695.787898   2307.456623   -263.370645
PG19  17900.863612  19995.339236  -1385.326685    704.959645
PG20  21464.531974   6638.010988  14214.464196    278.643296
PG21  22254.984732   4254.195823 -13885.686223    369.144298
PG22  12126.752098  12383.146016  20354.162117     74.423487
PG24  14567.765089 -13354.936230  17011.774032    194.030227
PG25  13101.668245 -16347.194821 -16452.243987    391.414478
PG26 -18656.614697  -7139.977041 -17942.524009   -391.842593
PG28  -6564.232938 -20287.346605 -15817.934062   -422.482388
PG29   3118.556546 -17451.964741 -19752.274480   -248.780418
PG30   3487.278707  23311.200881  12200.616706    353.851277
PG31 -12323.912858 -11010.665875 -21039.579245   -122.799289
*  2026  9  5 15 55  0.00000000
PG04 -11207.228757   9910.176189 -21920.812856     64.741471
PG05  25553.793593  -5066.808579  -5390.828139   -236.549823
PG06   6937.940956  18704.174041 -17391.945090   -531.599225
PG07  -5942.641795  25669.942189    154.240511   -221.953049
PG09   -392.152420  17893.291060 -19705.664707    685.414977
PG11  13606.462642   7169.284900 -21598.070985   -219.409489
PG13  23687.691537 -11273.545807  -4303.856375    438.323401
PG14   4348.634166  15060.905462  21550.144885    749.964531
PG15  18401.916650  -3682.357020  18240.081450    442.291226
PG17  10104.323677  21958.063579  11039.783831   -197.487755
PG18   5706.903310 -25739.628702   1345.923203   -263.367999
PG19  17865.258665  20069.224310   -448.181553    704.959707
PG20  21806.470811   7041.055199  13477.604293    278.645974
PG21  21746.550499   4452.449530 -14608.815005    369.141868
PG22  11383.041812  12559.809678  20687.169516     74.426487
PG24  14548.572028 -12652.875250  17549.402577    194.035385
PG25  13696.815180 -16463.061450 -15818.566399    391.413405
PG26 -18048.464115  -7441.839936 -18429.785630   -391.843032
PG28  -6378.482079 -20850.642055 -15146.626499   -422.479187
PG29   3653.142434 -16911.028174 -20133.111656   -248.778349
PG30   3294.553466  23722.707462  11415.145932    353.854948
PG31 -12090.318306 -11753.470703 -20759.004375   -122.798127
*  2026  9  5 16  0  0.00000000
PG04 -11797.308978   9319.371120 -21875.711567     64.741592
PG05  25371.367681  -4936.235168  -6322.336159   -236.549986
PG06   6735.393253  19328.274899 -16776.260010   -531.595927
PG07  -6036.127935  25613.038345   -799.602023   -221.954122
PG09   -979.735203  17423.613542 -20106.765018    685.412322
PG11  13380.514767   7962.146010 -21464.042262   -219.405856
PG13  23850.926974 -11241.991857  -3367.752065    438.324872
PG14   3565.426060  15286.947766  21525.083771    749.964456
PG15  18978.132385  -3244.764437  17741.428365    442.292076
PG17   9753.010962  21709.646991  11852.407863   -197.489082
PG18   5794.971851 -25749.655302    381.765286   -263.365311
PG19  17807.849538  20117.644304    489.791904    704.959760
PG20  22134.305103   7419.370573  12715.010528    278.648694
PG21  21215.983755   4667.055601 -15304.015979    369.139481
PG22  10631.498394  12751.650606  20981.388554     74.429139
PG24  14538.058352 -11930.609824  18051.509945    194.040502
PG25  14267.366681 -16581.020250 -15154.822276    391.412313
PG26 -17429.068245  -7760.327933 -18882.884173   -391.843426
PG28  -6207.720402 -21391.746192 -14446.282871   -422.475969
PG29   4206.154844 -16369.554021 -20475.343373   -248.776008
PG30   3114.513838  24108.154136  10607.747861    353.858673
PG31 -11872.201470 -12489.744555 -20439.504395   -122.797074
*  2026  9  5 16  5  0.00000000
PG04 -12395.987830   8741.163185 -21788.656680     64.741685
PG05  25158.826366  -4789.982017  -7241.804960   -236.550020
PG06   6549.914641  19932.710693 -16128.108648   -531.592642
PG07  -6123.870810  25521.996499  -1751.871709   -221.955071
PG09  -1586.447963  16955.288810 -20469.648712    685.409668
PG11  13169.883086   8753.053448 -21288.723189   -219.402256
PG13  23981.609034 -11200.774338  -2425.214854    438.326341
PG14   2787.325571  15525.468136  21459.190075    749.964404
PG15  19544.207592  -2827.231987  17207.313539    442.293217
PG17   9376.547890  21446.105645  12642.408900   -197.490381
PG18   5874.819310 -25725.448693   -583.137110   -263.362632
PG19  17727.616059  20141.504447   1426.859379    704.959784
PG20  22446.476626   7773.063988  11928.133579    278.651370
PG21  20664.771148   4898.641791 -15969.957913    369.137088
PG22   9873.860880  12958.734379  21236.314868     74.431555
PG24  14537.079817 -11189.645077  18517.065313    194.045666
PG25  14812.407597 -16699.759636 -14462.229806    391.411281
PG26 -16799.991746  -8095.454286 -19300.963607   -391.843829
PG28  -6051.190801 -21909.239297 -13718.244346   -422.472744
PG29   4776.790831 -15829.125374 -20778.332405   -248.773881
PG30   2946.247734  24466.400013   9779.951515    353.862374
PG31 -11669.517888 -13217.756155 -20081.634667   -122.796388
*  2026  9  5 16 10  0.00000000
PG04 -13001.838556   8176.738120 -21659.836359     64.741806
PG05  24917.214246  -4626.968701  -8147.492757   -236.550110
PG06   6380.877522  20515.862206 -15448.740867   -531.589367
PG07  -6207.208178  25396.604061  -2700.687514   -221.956178
PG09  -2211.337149  16489.811769 -20793.641305    685.407035
PG11  12974.753877   9540.194613 -21072.462388   -219.398638
PG13  24079.990172 -11148.527082  -1478.043847    438.327809
PG14   2015.963966  15775.842472  21352.552071    749.964323
PG15  20098.451473  -2429.921024  16638.849503    442.293895
PG17   8974.874487  21168.986121  13408.319001   -197.491584
PG18   5947.829944 -25666.702079  -1546.901449   -263.359959
PG19  17623.608507  20141.784321   2361.287618    704.959863
PG20  22741.456019   8102.344738  11118.471049    278.654066
PG21  20094.454449   5147.745166 -16605.365232    369.134701
PG22   9111.873317  13181.028935  21451.517159     74.434425
PG24  14546.413377 -10431.554480  18945.115283    194.050837
PG25  15331.113770 -16817.927685 -13742.065549    391.410172
PG26 -16162.810331  -8447.139186 -19683.229947   -391.844234
PG28  -5908.055136 -22401.770527 -12963.905391   -422.469542
PG29   5364.154748 -15291.285685 -21041.517376   -248.771793
PG30   2788.778629  24796.383597   8933.328646    353.866057
PG31 -11482.126026 -13935.785734 -19686.022528   -122.795272
*  2026  9  5 16 15  0.00000000
PG04 -13613.375251   7627.197017 -21489.518661     64.741905
PG05  24647.661918  -4446.185765  -9037.686109   -236.550186
PG06   6227.561183  21076.171241 -14739.467952   -531.586082
PG07  -6287.490937  25236.762011  -3644.166086   -221.957488
PG09  -2853.359881  16028.628419 -21078.142110    685.404390
PG11  12795.211691  10321.757409 -20815.687332   -219.395040
PG13  24146.427966 -11083.913046   -528.048037    438.329244
PG14   1252.936271  16037.357872  21205.334960    749.964272
PG15  20639.192565  -2052.886906  16037.217118    442.294973
PG17   8548.032131  20879.852541  14148.720714   -197.493453
PG18   6015.409375 -25573.222489  -2507.646559   -263.357311
PG19  17494.952129  20119.533362   3291.347290    704.959958
PG20  23017.749447   8407.522850  10287.564667    278.656766
PG21  19506.624331   5414.809044 -17209.020469    369.132280
PG22   8347.278174  13418.404545  21626.637593     74.436933
PG24  14566.753139  -9657.973428  19334.786220    194.056031
PG25  15822.755104 -16934.138185 -12995.662386    391.409142
PG26 -15519.104771  -8815.209361 -20028.952709   -391.844619
PG28  -5777.398572 -22868.063326 -12184.711095   -422.466339
PG29   5967.261451 -14757.532533 -21264.413691   -248.769757
PG30   2641.070483  25097.127324   8069.490841    353.869753
PG31 -11309.788117 -14642.131608 -19253.366518   -122.794427
*  2026  9  5 16 20  0.00000000
PG04 -14229.058785   7093.552301 -21278.050860     64.741991
PG05  24351.381006  -4246.699756  -9910.703047   -236.550123
PG06   6089.155626  21612.146988 -14001.660024   -531.582823
PG07  -6366.076248  25042.486202  -4580.425843   -221.958335
PG09  -3511.387681  15573.130001 -21322.625240    685.401723
PG11  12631.239418  11095.937323 -20518.903419   -219.391427
PG13  24181.383259 -11005.630813    422.957130    438.330693
PG14    499.795225  16309.215336  21017.780850    749.964182
PG15  21164.785918  -1696.079879  15403.662564    442.296124
PG17   8096.163850  20580.279673  14862.249397   -197.494504
PG18   6078.977537 -25444.931895  -3463.496516   -263.354652
PG19  17340.851380  20075.866100   4215.315873    704.960118
PG20  23273.905145   8689.006980   9436.997401    278.659443
PG21  18902.913946   5700.180354 -17779.766591    369.129878
PG22   7581.809808  13670.634197  21761.392098     74.439747
PG24  14598.706727  -8870.592508  19685.286372    194.061195
PG25  16286.698255 -17046.976893 -12224.407338    391.408083
PG26 -14870.454890  -9199.398073 -20337.466295   -391.845032
PG28  -5658.234251 -23306.920540 -11382.154400   -422.463118
PG29   6585.039882 -14229.311618 -21446.614309   -248.767511
PG30   2502.032946  25367.741762   7190.086512    353.873445
PG31 -11152.171409 -15335.116735 -18784.435487   -122.793437
*  2026  9  5 16 25  0.00000000
PG04 -14847.302967   6576.724115 -21025.858624     64.742088
PG05  24029.658871  -4027.657917 -10764.896117   -236.550145
PG06   5964.765803  22122.372106 -13236.743315   -531.579548
PG07  -6444.320585  24813.908175  -5507.591129   -221.959525
PG09  -4184.210566  15124.647393 -21526.640467    685.399083
PG11  12482.718798  11860.944480 -20182.692906   -219.387814
PG13  24185.417885 -10912.420965   1373.153204    438.332146
PG14   -241.954613  16590.532846  20790.208592    749.964147
PG15  21673.620134  -1359.346462  14739.494188    442.296902
PG17   7619.514195  20271.846049  15547.595419   -197.495947
PG18   6139.961570 -25281.867834  -4412.584528   -263.351984
PG19  17160.593854  20011.957139   5131.480514    704.960101
PG20  23508.519797   8947.301876   8568.390492    278.662144
PG21  18284.992340   6004.107407 -18316.509231    369.127465
PG22   6817.187983  13937.394385  21855.570527     74.442208
PG24  14642.792099  -8071.150510  19995.907754    194.066378
PG25  16722.408935 -17155.007959 -11429.739249    391.407066
PG26 -14218.433562  -9599.345499 -20608.171280   -391.845423
PG28  -5549.508289 -23717.229201 -10557.773234   -422.459887
PG29   7216.337034 -13708.011002 -21587.790372   -248.765272
PG30   2370.526824  25607.429462   6296.797797    353.877149
PG31 -11008.849825 -16013.095198 -18280.067567   -122.792630
*  2026  9  5 16 30  0.00000000
PG04 -15466.480905   6077.537114 -20733.445037     64.742152
PG05  23683.853032  -3788.292530 -11598.655356   -236.550144
PG06   5853.416248  22605.508495 -12446.197342   -531.576286
PG07  -6523.572734  24551.275443  -6423.796436   -221.960216
PG09  -4870.541486  14684.445789 -21689.813949    685.396400
PG11  12349.431398  12615.010638 -19807.713686   -219.384218
PG13  24159.191969 -10803.072286   2320.722198    438.333597
PG14   -970.862554  16880.348840  20523.013480    749.964051
PG15  22164.124224  -1042.431317  14046.079241    442.297770
PG17   7118.428686  19956.127126  16203.506217   -197.497548
PG18   6199.788677 -25084.183526  -5353.056802   -263.349331
PG19  16953.553907  19929.035907   6038.140906    704.960308
PG20  23720.244736   9183.005436   7683.400399    278.664800
PG21  17654.557721   6326.738109 -18818.218785    369.125024
PG22   6055.111478  14218.266306  21909.036720     74.444966
PG24  14699.434808  -7261.427201  20266.027807    194.071527
PG25  17129.453798 -17256.780487 -10613.146344    391.406021
PG26 -13564.600735 -10014.599490 -20840.535616   -391.845840
PG28  -5450.105068 -24097.964965  -9713.147557   -422.456700
PG29   7859.922266 -13194.955625 -21687.691680   -248.763399
PG30   2245.369785  25815.488431   5391.337356    353.880828
PG31 -10879.306041 -16674.458596 -17741.169022   -122.791536
*  2026  9  5 16 35  0.00000000
PG04 -16084.931556   5596.717695 -20401.389490     64.742218
PG05  23315.385321  -3527.924888 -12410.411173   -236.550199
PG06   5754.056058  23060.302742 -11631.551950   -531.573054
PG07  -6605.166785  24254.951263  -7327.190661   -221.961159
PG09  -5569.021085  14253.719678 -21811.848818    685.393735
PG11  12231.060026  13356.396086 -19394.697919   -219.380614
PG13  24103.460811 -10676.427768   3263.850062    438.335041
PG14  -1685.537263  17177.626048  20216.666796    749.963967
PG15  22634.774261   -744.979592  13324.840487    442.298650
PG17   6593.352838  19634.688510  16828.788241   -197.498893
PG18   6259.878981 -24852.147488  -6283.076380   -263.346692
PG19  16719.195942  19828.381201   6933.612144    704.960164
PG20  23907.791929   9396.805367   6783.715679    278.667472
PG21  17013.330623   6668.118608 -19283.932401    369.122639
PG22   5297.251819  14512.737460  21921.728444     74.447415
PG24  14768.965747  -6443.235918  20495.110809    194.076713
PG25  17507.501924 -17350.835224  -9776.163655    391.404998
PG26 -12910.497509 -10444.616729 -21034.095738   -391.846235
PG28  -5358.852809 -24448.196187  -8849.896320   -422.453497
PG29   8514.491956 -12691.402114 -21746.147014   -248.761125
PG30   2125.342276  25991.315224   4475.445079    353.884514
PG31 -10762.933959 -17317.642323 -17168.712961   -122.790977
*  2026  9  5 16 40  0.00000000
PG04 -16700.966418   5134.891651 -20030.346422     64.742296
PG05  22925.735795  -3245.968892 -13198.637156   -236.550420
PG06   5665.564232  23485.591206 -10794.384258   -531.569768
PG07  -6690.415138  23925.413872  -8215.941408   -221.962302
PG09  -6278.222780  13833.588139 -21892.525630    685.391095
PG11  12127.190603  14083.396419 -18944.450531   -219.377018
PG13  24019.071389 -10531.390404   4200.730155    438.336495
PG14  -2384.652003  17481.255683  19871.715226    749.963897
PG15  23084.099798   -466.539720  12577.252727    442.299638
PG17   6044.830771  19309.079283  17422.308749   -197.500467
PG18   6321.638425 -24586.142648  -7200.826945   -263.343999
PG19  16457.077353  19711.315525   7816.227574    704.960083
PG20  24069.939724   9589.475454   5871.053802    278.670184
PG21  16363.046981   7028.192388 -19712.755835    369.120227
PG22   4545.247133  14820.203627  21893.657224     74.450485
PG24  14851.619367  -5618.415999  20682.709046    194.081894
PG25  17856.325865 -17435.711327  -8920.370324    391.403970
PG26 -12257.640284 -10888.764256 -21188.457578   -391.846600
PG28  -5274.529389 -24767.087605  -7969.674355   -422.450283
PG29   9178.674463 -12198.533914 -21763.064313   -248.758852
PG30   2009.193638  26134.407625   3550.884717    353.888212
PG31 -10659.041583 -17941.131704 -16563.737925   -122.789867
*  2026  9  5 16 45  0.00000000
PG04 -17312.876349   4692.582281 -19621.043932     64.742363
PG05  22516.436434  -2941.934231 -13961.852779   -236.550254
PG06   5586.755322  23880.304719  -9936.315505   -531.566497
PG07  -6780.601579  23563.255190  -9088.239295   -221.963112
PG09  -6996.658108  13425.090482 -21931.702678    685.388433
PG11  12037.314454  14794.349175 -18457.847561   -219.373435
PG13  23906.958468 -10366.928728   5129.566715    438.337919
PG14  -3066.949619  17790.061969  19488.780114    749.963813
PG15  23510.690012   -206.566657  11804.839233    442.299995
PG17   5473.503426  18980.825449  17982.997485   -197.501640
PG18   6386.451735 -24286.664961  -8104.516587   -263.341373
PG19  16166.851114  19579.199271   8684.341632    704.960159
PG20  24205.538339   9761.871464   4947.157893    278.672887
PG21  15705.451158   7406.799820 -20103.865177    369.117820
PG22   3800.696173  15139.971233  21824.908069     74.453035
PG24  14947.532394  -4788.825113  20828.463731    194.087061
PG25  18175.802264 -17509.953193  -8047.386782    391.402919
PG26 -11607.515005 -11346.321385 -21303.297481   -391.847008
PG28  -5195.868392 -25053.903637  -7074.169187   -422.447099
PG29   9851.035394 -11717.456746 -21738.430693   -248.756517
PG30   1895.648368  26244.366908   2619.440433    353.891898
PG31 -10566.854282 -18543.467956 -15927.346339   -122.789083
*  2026  9  5 16 50  0.00000000
PG04 -17918.938473   4270.208945 -19174.282247     64.742471
PG05  22089.064647  -2615.429173 -14698.626017   -236.550126
PG06   5516.385380  24243.472896  -9059.007799   -531.563238
PG07  -6876.974441  23169.178992  -9942.302271   -221.964229
PG09  -7722.782352  13029.182235 -21929.316164    685.385793
PG11  11960.831030  15487.640278 -17935.834381   -219.369850
PG13  23768.140349 -10182.082094   6048.578310    438.339370
PG14  -3731.247234  18102.806995  19068.556581    749.963736
PG15  23913.199563     35.574459  11009.168111    442.301136
PG17   4880.106381  18651.423528  18509.848229   -197.502938
PG18   6455.675486 -23954.321531  -8992.381498   -263.338688
PG19  15848.267994  19433.424743   9536.332662    704.960131
PG20  24313.515057   9914.926698   4013.793429    278.675536
PG21  15042.288944   7803.678164 -20456.508452    369.115417
PG22   3065.152512  15471.260085  21715.639083     74.455643
PG24  15056.743038  -3956.331510  20932.105673    194.092213
PG25  18465.912030 -17572.117320  -7158.871809    391.401882
PG26 -10961.571530 -11816.481987 -21378.363024   -391.847402
PG28  -5121.565351 -25308.011250  -6165.097782   -422.443898
PG29  10530.083134 -11249.194432 -21672.312332   -248.754579
PG30   1783.412531  26320.899667   1682.913276    353.895571
PG31 -10485.518427 -19123.253958 -15260.702832   -122.788196
*  2026  9  5 16 55  0.00000000
PG04 -18517.423155   3868.086079 -18690.932076     64.742554
PG05  21645.236624  -2266.162916 -15407.575870   -236.550409
PG06   5453.158167  24574.228012  -8164.160781   -531.559962
PG07  -6980.739906  22743.998549 -10776.379925   -221.965568
PG09  -8455.000398  12646.731512 -21885.380241    685.383124
PG11  11897.051037  16161.710283 -17379.423784   -219.366250
PG13  23603.714272  -9975.965649   6956.001280    438.340805
PG14  -4376.440643  18418.195866  18611.812488    749.963650
PG15  24290.354121    260.604261  10191.848598    442.302410
PG17   4265.467285  18322.334323  19001.920202   -197.504241
PG18   6530.631308 -23589.828251  -9862.689626   -263.336022
PG19  15501.178397  19275.410052  10370.605720    704.960125
PG20  24392.879119  10049.647209   3072.744884    278.678217
PG21  14375.300566   8218.462016 -20770.007080    369.113032
PG22   2340.118952  15813.206453  21566.080985     74.458304
PG24  15179.190710  -3122.806240  20993.455700    194.097390
PG25  18726.740070 -17620.779160  -6256.519477    391.400829
PG26 -10321.218132 -12298.357137 -21413.473725   -391.847791
PG28  -5050.284166 -25528.882415  -5244.203243   -422.440697
PG29  11214.274619 -10794.685082 -21564.854192   -248.752351
PG30   1671.180265  26363.819203    743.117607    353.899259
PG31 -10414.105399 -19679.159804 -14565.032427   -122.787181
*  2026  9  5 17  0  0.00000000
PG04 -19106.601006   3486.422668 -18171.932824     64.742627
PG05  21186.600546  -1893.947520 -16087.374776   -236.550579
PG06   5395.731607  24871.808456  -7253.508218   -531.556680
PG07  -7093.055468  22288.633741 -11588.757759   -221.966375
PG09  -9191.672812  12278.515763 -21799.986911    685.380416
PG11  11845.199962  16815.060392 -16789.693944   -219.362648
PG13  23414.851485  -9747.774999   7850.093141    438.342238
PG14  -5001.508386  18734.882137  18119.387251    749.963570
PG15  24640.955566    469.324726   9354.527325    442.303163
PG17   3630.502934  17994.976886  19458.339368   -197.505604
PG18   6612.599251 -23194.006970 -10713.744236   -263.333377
PG19  15125.533818  19106.592912  11185.595351    704.960045
PG20  24442.726277  10167.106705   2125.812325    278.680907
PG21  13706.213728   8650.684227 -21043.757194    369.110626
PG22   1627.042139  16164.866509  21376.536509     74.460876
PG24  15314.716231  -2290.115391  21012.424820    194.102550
PG25  18958.474569 -17654.539951  -5342.055989    391.399776
PG26  -9687.816173 -12790.978130 -21408.521653   -391.848194
PG28  -4980.663665 -25716.096117  -4313.251448   -422.437493
PG29  11902.021345 -10354.777669 -21416.279607   -248.750190
PG30   1557.640370  26373.046458   -198.122542    353.902926
PG31 -10351.615941 -20209.928098 -13841.618595   -122.786418
*  2026  9  5 17  5  0.00000000
PG04 -19684.749890   3125.322179 -17618.290696     64.742732
PG05  20714.829695  -1498.699398 -16736.750928   -236.550796
PG06   5342.724442  25135.561715  -6328.814517   -531.553379
PG07  -7215.023602  21804.107665 -12377.761427   -221.967360
PG09  -9931.122100  11925.218922 -21673.305790    685.377801
PG11  11804.421974  17446.258207 -16167.786260   -219.359007
PG13  23202.792014  -9496.790535   8729.135962    438.343722
PG14  -5605.515469  19051.473508  17592.190516    749.963495
PG15  24963.886811    662.614409   8498.884532    442.304151
PG17   2976.215978  17670.722704  19878.299585   -197.507208
PG18   6702.811353 -22767.782202 -11543.887400   -263.330708
PG19  14721.387901  18928.424357  11979.768341    704.960128
PG20  24462.243002  10268.441169   1174.807983    278.683603
PG21  13036.736726   9099.777251 -21277.230828    369.108267
PG22    927.307435  16525.220085  21147.379723     74.463724
PG24  15463.062546  -1460.112361  20989.014145    194.107732
PG25  19161.405831 -17672.033468  -4417.236404    391.398754
PG26  -9062.674953 -13293.299836 -21363.471926   -391.848548
PG28  -4911.324279 -25869.339923  -3374.027643   -422.434268
PG29  12591.695559  -9930.229007 -21226.889721   -248.748096
PG30   1441.482942  26348.610493  -1138.977145    353.906595
PG31 -10296.984846 -20714.378996 -13091.801178   -122.785386
*  2026  9  5 17 10  0.00000000
PG04 -20250.161910   2784.782947 -17031.076676     64.742802
PG05  20231.615491  -1080.440363 -17354.490482   -236.550835
PG06   5292.723071  25364.946908  -5391.871179   -531.550103
PG07  -7347.685675  21291.542725 -13141.760904   -221.968386
PG09 -10671.639145  11587.428966 -21505.583741    685.375126
PG11  11773.784191  18053.943203 -15514.903073   -219.355431
PG13  22968.839143  -9222.381401   9591.439705    438.345159
PG14  -6187.616729  19366.537754  17031.200675    749.963417
PG15  25258.116254    841.423354   7626.630266    442.304866
PG17   2303.691308  17350.890119  20261.063652   -197.508203
PG18   6802.445434 -22312.177392 -12351.503395   -263.328076
PG19  14288.897094  18742.362390  12751.626447    704.960044
PG20  24450.710321  10354.843202    221.552775    278.686274
PG21  12368.551647   9565.074954 -21469.976949    369.105829
PG22    242.234039  16893.174748  20879.055231     74.466297
PG24  15623.875922   -634.630233  20923.314560    194.112880
PG25  19335.924663 -17671.932700  -3483.841271    391.397708
PG26  -8447.046774 -13804.204398 -21278.363097   -391.848967
PG28  -4840.874800 -25988.411099  -2428.333002   -422.431042
PG29  13281.636627  -9521.701133 -20997.062792   -248.746018
PG30   1321.406014  26290.648496  -2077.613907    353.910253
PG31 -10249.085970 -21191.414946 -12316.974183   -122.784662
*  2026  9  5 17 15  0.00000000
PG04 -20801.150335   2464.699028 -16411.424401     64.742903
PG05  19738.660475   -639.298231 -17939.439658   -236.550913
PG06   5244.288528  25559.536833  -4444.493208   -531.546825
PG07  -7492.016128  20752.156244 -13879.174587   -221.969308
PG09 -11411.489770  11265.635897 -21297.144369    685.372478
PG11  11752.281284  18636.831894 -14832.305284   -219.351822
PG13  22714.353631  -8924.009090  10435.345512    438.346603
PG14  -6747.059816  19678.608869  16437.463241    749.963319
PG15  25522.701825   1006.767718   6739.500572    442.305757
PG17   1614.092107  17036.739016  20605.964219   -197.509763
PG18   6912.619147 -21828.310752 -13135.022003   -263.325411
PG19  13828.320909  18549.865619  13499.709085    704.960192
PG20  24407.507261  10427.556133   -732.127175    278.688964
PG21  11703.307702  10045.814849 -21621.622355    369.103419
PG22   -426.929614  17267.570174  20572.077294     74.468748
PG24  15796.707639    184.525729  20815.506149    194.118052
PG25  19482.520329 -17652.956382  -2543.673159    391.396682
PG26  -7842.122222 -14322.505256 -21153.307430   -391.849368
PG28  -4767.919200 -26073.217267  -1477.981152   -422.427808
PG29  13970.157545  -9129.759120 -20727.253346   -248.743481
PG30   1196.122192  26199.405342  -3012.202006    353.913908
PG31 -10206.737533 -21640.025111 -11518.583443   -122.783627
*  2026  9  5 17 20  0.00000000
PG04 -21336.056445   2164.861487 -15760.527921     64.742969
PG05  19237.671276   -175.506978 -18490.506728   -236.550310
PG06   5195.963588  25719.019533  -3488.515459   -531.543587
PG07  -7648.916966  20187.255606 -14588.473302   -221.970273
PG09 -12148.921422  10960.230145 -21048.387384    685.369829
PG11  11738.840405  19193.722682 -14121.309853   -219.348209
PG13  22440.747702  -8601.230640  11259.228940    438.348043
PG14  -7283.187789  19986.193396  15812.089074    749.963209
PG15  25756.794619   1159.724126   5839.253674    442.306517
PG17    908.655610  16729.465786  20912.404579   -197.511186
PG18   7034.384311 -21317.390694 -13892.921698   -263.322751
PG19  13340.021758  18352.386865  14222.595985    704.960042
PG20  24332.113896  10487.867905  -1684.404052    278.691648
PG21  11042.614704  10541.140764 -21731.872412    369.100984
PG22  -1079.010160  17647.182801  20227.028847     74.471615
PG24  15981.016142    995.585420  20665.857390    194.123225
PG25  19601.778057 -17613.875385  -1598.553109    391.395623
PG26  -7249.025705 -14846.951481 -20988.491052   -391.849743
PG28  -4691.063471 -26123.776604   -524.794671   -422.424624
PG29  14655.551561  -8754.869309 -20417.991204   -248.741659
PG30   1064.365243  26075.232667  -3940.915866    353.917580
PG31 -10168.707703 -22059.289464 -10698.124156   -122.782820
*  2026  9  5 17 25  0.00000000
PG04 -21853.256258   1884.960143 -15079.639362     64.743063
PG05  18730.351593    310.593556 -19006.663893   -236.550823
PG06   5146.279940  25843.199363  -2525.788963   -531.540346
PG07  -7819.212588  19598.232947 -15268.184201   -221.971187
PG09 -12882.169933  10671.501405 -20759.787834    685.367174
PG11  11732.326414  19723.500349 -13383.287205   -219.344599
PG13  22149.478811  -8253.701436  12061.503140    438.349481
PG14  -7795.441302  20287.776917  15156.252464    749.963100
PG15  25959.642117   1301.423803   4927.666177    442.307730
PG17    188.688564  16430.198590  21179.859351   -197.512792
PG18   7168.721560 -20780.710883 -14623.732731   -263.320083
PG19  12824.464396  18151.366804  14918.909810    704.959985
PG20  24224.113974  10537.104769  -2633.451861    278.694363
PG21  10388.036733  11050.105926 -21800.511658    369.098606
PG22  -1712.913300  18030.730743  19844.560423     74.474228
PG24  16176.169657   1796.821025  20474.724114    194.128398
PG25  19694.376124 -17553.518906   -650.317003    391.394570
PG26  -6668.811243 -15376.232409 -20784.173991   -391.850133
PG28  -4608.922460 -26140.217581    429.398426   -422.421379
PG29  15336.098892  -8397.397979 -20069.880369   -248.739459
PG30    924.896594  25918.587495  -4861.938934    353.921251
PG31 -10133.720438 -22448.382521  -9857.138290   -122.782101
*  2026  9  5 17 30  0.00000000
PG04 -22351.167127   1624.585735 -14370.066485     64.743155
PG05  18218.395203    818.558401 -19486.949039   -236.550870
PG06   5093.765421  25931.997572  -1558.177213   -531.537062
PG07  -8003.644985  18986.559427 -15916.894532   -221.972074
PG09 -13609.466344  10399.637919 -20431.895206    685.364507
PG11  11731.547381  20225.140193 -12619.658538   -219.340932
PG13  21842.043240  -7881.177580  12840.621966    438.350957
PG14  -8283.360369  20581.830672  14471.189069    749.963029
PG15  26130.590956   1433.046498   4006.529282    442.308592
PG17   -544.437562  16139.992932  21407.875027   -197.514006
PG18   7316.535320 -20219.644913 -15326.040079   -263.317404
PG19  12282.214939  17948.227644  15587.318726    704.960232
PG20  24083.197112  10576.624824  -3577.449953    278.697061
PG21   9741.086001  11571.676448 -21827.404240    369.096213
PG22  -2327.627483  18416.878946  19425.388991     74.476721
PG24  16381.449250   2586.553921  20242.548234    194.133571
PG25  19761.082523 -17470.780446    299.188139    391.393528
PG26  -6102.458561 -15908.982558 -20540.690089   -391.850520
PG28  -4520.126675 -26122.778239   1382.768216   -422.418176
PG29  16010.073495  -8057.610458 -19683.597786   -248.737046
PG30    776.511743  25730.030392  -5773.467457    353.924950
PG31 -10100.461556 -22806.576697  -8997.211872   -122.780927
*  2026  9  5 17 35  0.00000000
PG04 -22828.254157   1383.232525 -13633.170157     64.743233
PG05  17703.479053   1347.838639 -19930.467386   -236.551041
PG06   5036.951261  25985.452375   -587.552440   -531.533799
PG07  -8202.869338  18353.779104 -16533.255272   -221.973114
PG09 -14329.043752  10144.726184 -20065.332400    685.361815
PG11  11735.260335  20697.711778 -11831.893041   -219.337351
PG13  21519.969525  -7483.517838  13595.083011    438.352397
PG14  -8746.585709  20866.818289  13758.193715    749.962943
PG15  26269.089270   1555.814237   3077.645038    442.309496
PG17  -1289.291619  15859.827563  21596.070420   -197.515083
PG18   7478.649148 -19635.640665 -15998.486279   -263.314774
PG19  11713.939480  17744.366873  16226.538926    704.960490
PG20  23909.160557  10607.811411  -4514.586539    278.699714
PG21   9103.216956  12104.735210 -21812.494214    369.093791
PG22  -2922.227243  18804.244573  18970.296702     74.479508
PG24  16596.052299   3363.161308  19969.856268    194.138718
PG25  19802.751223 -17364.623537   1248.107924    391.392465
PG26  -5550.869462 -16443.786801 -20258.446789   -391.850926
PG28  -4423.329018 -26071.805015   2333.486400   -422.414973
PG29  16675.749868  -7735.670676 -19259.891966   -248.735078
PG30    618.046508  25510.223183  -6673.714257    353.928661
PG31 -10067.585013 -23133.245274  -8119.972150   -122.780213
*  2026  9  5 17 40  0.00000000
PG04 -23283.036437   1160.301300 -12870.361727     64.743344
PG05  17187.256432   1897.783021 -20336.393011   -236.551301
PG06   4974.379319  26003.718531    384.208139   -531.530507
PG07  -8417.450037  17701.502443 -17115.984600   -221.974198
PG09 -15039.144165   9906.751119 -19660.794578    685.359159
PG11  11742.177248  21140.382287 -11021.505026   -219.333745
PG13  21184.811766  -7060.685144  14323.430565    438.353837
PG14  -9184.859651  21141.202580  13018.618054    749.962888
PG15  26374.688583   1670.984941   2142.822625    442.310088
PG17  -2044.388052  15590.600726  21744.136990   -197.516366
PG18   7655.801450 -19030.214345 -16639.774122   -263.312120
PG19  11120.402292  17541.151096  16835.337097    704.960391
PG20  23701.910497  10632.066405  -5443.062196    278.702400
PG21   8475.820647  12648.086108 -21755.805679    369.091406
PG22  -3495.876197  19191.402582  18480.129543     74.482230
PG24  16819.096375   4125.082530  19657.257642    194.143903
PG25  19820.318038 -17234.087195   2194.584407    391.391445
PG26  -5014.864535 -16979.185796 -19937.924794   -391.851306
PG28  -4317.211433 -25987.751113   3279.729826   -422.411752
PG29  17331.409858  -7431.641152 -18799.581493   -248.732918
PG30    448.383129  25259.926217  -7560.912478    353.932401
PG31 -10033.719367 -23427.864959  -7227.084646   -122.779301
*  2026  9  5 17 45  0.00000000
PG04 -23714.093047    955.102781 -12083.100330     64.743425
PG05  16671.350272   2467.640012 -20703.970249   -236.551016
PG06   4904.609260  25987.066429   1355.226056   -531.527243
PG07  -8647.857148  17031.399488 -17663.871205   -221.975071
PG09 -15738.025322   9685.596648 -19219.047883    685.356510
PG11  11750.971206  21552.419475 -10190.050984   -219.330154
PG13  20838.142833  -6612.747654  15024.258483    438.355276
PG14  -9598.026601  21403.452385  12253.868091    749.962791
PG15  26447.045247   1779.845925   1203.874699    442.311214
PG17  -2808.192365  15333.126758  21851.839062   -197.517807
PG18   7848.641596 -18404.944237 -17248.669202   -263.309488
PG19  10502.463637  17339.909998  17412.532840    704.960452
PG20  23461.462912  10650.803432  -6361.093356    278.705081
PG21   7860.219360  13200.458663 -21657.442772    369.088970
PG22  -4047.829680  19576.891495  17955.795908     74.484633
PG24  17049.623505   4870.825084  19305.442807    194.149084
PG25  19814.796127 -17078.291062   3136.759958    391.390392
PG26  -4495.180190 -17513.681629 -19579.677596   -391.851703
PG28  -4200.491421 -25871.174429   4219.684010   -422.408489
PG29  17975.349443  -7145.483438 -18303.553406   -248.730828
PG30    266.456151  24979.995199  -8433.319315    353.936117
PG31  -9997.474389 -23690.018011  -6320.250090   -122.778450
*  2026  9  5 17 50  0.00000000
PG04 -24120.068820    766.861408 -11272.890100     64.743509
PG05  16157.346601   3056.560259 -21032.514983   -236.551338
PG06   4826.225659  25935.880678   2323.625340   -531.523983
PG07  -8894.463357  16345.192740 -18175.777399   -221.976215
PG09 -16423.967465   9481.046746 -18740.928038    685.353937
PG11  11760.282763  21933.194184  -9339.126566   -219.326561
PG13  20481.547502  -6139.879348  15696.212971    438.356753
PG14  -9986.033059  21652.049435  11465.401577    749.962715
PG15  26485.921438   1883.707330    262.613775    442.312367
PG17  -3579.126776  15088.133048  21919.013934   -197.519045
PG18   8057.726449 -17761.464212 -17824.002332   -263.306795
PG19   9861.077170  17141.930446  17957.001016    704.960287
PG20  23187.943976  10665.441038  -7266.915769    278.707774
PG21   7257.661576  13760.512965 -21517.589498    369.086615
PG22  -4577.437018  19959.219323  17398.265081     74.487496
PG24  17286.604775   5598.970254  18915.181154    194.154267
PG25  19787.271130 -16896.440225   4072.781164    391.389349
PG26  -3992.466039 -18045.743668 -19184.330869   -391.852069
PG28  -4071.928415 -25722.735046   5151.546635   -422.405255
PG29  18605.885458  -6877.058981 -17772.761459   -248.728770
PG30     71.258098  24671.377610  -9289.219696    353.939926
PG31  -9957.447804 -23919.393942  -5401.201250   -122.777572
*  2026  9  5 17 55  0.00000000
PG04 -24499.679841    594.719493 -10441.277317     64.743594
PG05  15646.788163   3663.599467 -21321.415799   -236.551536
PG06   4737.844990  25850.658214   3287.536240   -531.520728
PG07  -9157.541388  15644.649771 -18650.642042   -221.977100
PG09 -17095.280026   9292.786894 -18227.338826    685.351276
PG11  11768.726433  22282.182444  -8470.363500   -219.322972
PG13  20116.615557  -5642.360173  16337.995259    438.358224
PG14 -10348.927196  21885.495186  10654.725279    749.962639
PG15  26491.185698   1983.895498   -679.151311    442.312832
PG17  -4355.576030  14856.257385  21945.571877   -197.520622
PG18   8283.517327 -17101.457006 -18364.671795   -263.304111
PG19   9197.286953  16948.450759  18467.674030    704.960335
PG20  22881.589989  10677.395836  -8158.787933    278.710468
PG21   6669.317244  14326.844935 -21336.509413    369.084259
PG22  -5084.143422  20336.869622  16808.565641     74.490083
PG24  17528.945274   6308.178374  18487.318760    194.159455
PG25  19738.895975 -16687.829668   5000.802753    391.388304
PG26  -3507.282643 -18573.814599 -18752.581734   -391.852429
PG28  -3930.329960 -25543.192305   6073.531025   -422.402037
PG29  19221.362239  -6626.130436 -17208.224269   -248.726588
PG30   -138.155120  24335.108717 -10126.929920    353.943674
PG31  -9912.232127 -24115.790766  -4471.699655   -122.776679
*  2026  9  5 18  0  0.00000000
PG04 -24851.718651    437.741720  -9589.847489     64.743708
PG05  15141.168247   4287.721675 -21570.135024   -236.551237
PG06   4638.122467  25732.005938   4245.098932   -531.517485
PG07  -9437.261939  14931.575616 -19087.483246   -221.977752
PG09 -17750.308203   9120.405974 -17679.250451    685.348622
PG11  11774.897299  22598.967122  -7585.426448   -219.319365
PG13  19744.934878  -5120.575729  16948.364187    438.359668
PG14 -10686.857979  22102.317617   9823.392123    749.962551
PG15  26462.813034   2081.746330  -1619.618877    442.313904
PG17  -5135.893347  14638.045671  21931.496033   -197.521918
PG18   8526.377407 -16426.647312 -18869.645452   -263.301465
PG19   8512.224092  16760.655171  18943.544049    704.960282
PG20  22542.746853  10688.075670  -9034.994487    278.713144
PG21   6096.273407  14897.991872 -21114.545152    369.081858
PG22  -5567.491502  20708.307678  16187.783770     74.492627
PG24  17775.489330   6997.193690  18022.775967    194.164623
PG25  19670.885374 -16451.848352   5918.991538    391.387245
PG26  -3040.099628 -19096.316614 -18285.197877   -391.852795
PG28  -3774.557703 -25333.401461   6983.869590   -422.398838
PG29  19820.158165  -6392.363398 -16611.023353   -248.724410
PG30   -362.659077  23972.307202 -10944.801238    353.947390
PG31  -9860.421565 -24279.115788  -3533.532228   -122.775597
*  2026  9  5 18  5  0.00000000
PG04 -25175.059140    294.919967  -8720.222364     64.743794
PG05  14641.924736   4927.802922 -21778.209638   -236.551796
PG06   4525.758716  25580.637883   5194.467195   -531.514208
PG07  -9733.692127  14207.804978 -19485.400866   -221.978712
PG09 -18387.439404   8963.398582 -17097.697780    685.345972
PG11  11777.377710  22883.239135  -6686.009804   -219.315773
PG13  19368.084555  -4575.016496  17526.138668    438.361131
PG14 -11000.073850  22301.077945   8972.998222    749.962491
PG15  26400.884574   2178.598664  -2556.997796    442.314767
PG17  -5918.406486  14433.950035  21876.842204   -197.523450
PG18   8786.569586 -15738.794711 -19337.962686   -263.298802
PG19   7807.103002  16579.668515  19383.665132    704.960347
PG20  22171.869083  10698.872825  -9893.849557    278.715829
PG21   5539.530192  15472.438285 -20852.117808    369.079488
PG22  -6027.122395  21071.986769  15537.061498     74.495360
PG24  18025.026021   7664.848791  17522.544800    194.169822
PG25  19584.510031 -16187.982883   6825.530365    391.386183
PG26  -2591.294188 -19611.657742 -17783.016537   -391.853161
PG28  -3603.533130 -25094.309946   7880.817228   -422.395610
PG29  20400.692057  -6175.328546 -15982.301057   -248.722120
PG30   -603.056004  23584.170429 -11741.223365    353.951111
PG31  -9800.618952 -24409.385936  -2588.507818   -122.774484
*  2026  9  5 18 10  0.00000000
PG04 -25468.661111    165.178443  -7834.056890     64.743907
PG05  14150.434409   5582.635272 -21945.252062   -236.551804
PG06   4399.506235  25397.371940   6133.812051   -531.510936
PG07 -10046.794460  13475.194299 -19843.578752   -221.979453
PG09 -19005.109526   8821.167736 -16483.778474    685.343288
PG11  11774.744036  23134.798203  -5773.834451   -219.312172
PG13  18987.628044  -4006.276600  18070.200045    438.362585
PG14 -11288.920970  22480.377226   8105.179793    749.962411
PG15  26305.586800   2275.787683  -3489.510811    442.315809
PG17  -6701.423902  14244.327334  21781.738547   -197.524480
PG18   9064.254797 -15039.686468 -19768.736185   -263.296164
PG19   7083.217308  16406.551140  19787.155287    704.960641
PG20  21769.518366  10711.157303 -10733.700049    278.718498
PG21   4999.997189  16048.621954 -20549.726155    369.077082
PG22  -6462.776500  21426.354506  14857.594849     74.498093
PG24  18276.294921   8310.068611  16987.686246    194.174985
PG25  19481.090579 -15895.820767   7718.622051    391.385101
PG26  -2161.149980 -20118.238280 -17246.943346   -391.853560
PG28  -3416.243063 -24826.953252   8762.654691   -422.392400
PG29  20961.429417  -5974.504213 -15323.258377   -248.719779
PG30   -860.070301  23171.969350 -12514.627910    353.954804
PG31  -9731.442688 -24506.727620  -1638.453656   -122.773737
*  2026  9  5 18 15  0.00000000
PG04 -25731.574492     47.379098  -6933.036122     64.743975
PG05  13668.007512   6250.931206 -22070.950814   -236.552132
PG06   4258.175625  25183.126143   7061.325352   -531.507638
PG07 -10376.426344  12735.613721 -20161.286760   -221.980520
PG09 -19601.809042   8693.027999 -15838.651006    685.340639
PG11  11765.573451  23353.553166  -4850.644470   -219.308561
PG13  18605.106419  -3415.052133  18579.494322    438.364051
PG14 -11553.841021  22638.862823   7221.609968    749.962338
PG15  26177.210341   2374.638393  -4415.397770    442.316515
PG17  -7483.240963  14069.438059  21646.385165   -197.526237
PG18   9359.490809 -14331.130247 -20161.153558   -263.293508
PG19   6341.935410  16242.294099  20153.198437    704.960606
PG20  21336.361664  10726.270205 -11552.928883    278.721208
PG21   4478.490217  16624.940225 -20207.945724    369.074689
PG22  -6874.293820  21769.859211  14150.631921     74.500603
PG24  18527.992064   8931.873969  16419.327403    194.180184
PG25  19361.991302 -15575.053214   8596.493308    391.384067
PG26  -1749.856417 -20614.457310 -16677.951030   -391.853920
PG28  -3211.744861 -24532.450453   9627.691888   -422.389174
PG29  21500.888486  -5789.279333 -14635.152687   -248.717792
PG30  -1134.344389  22737.043103 -13263.491729    353.958519
PG31  -9651.533655 -24571.376123   -685.211730   -122.772991
*  2026  9  5 18 20  0.00000000
PG04 -25962.943182    -59.672701  -6018.872083     64.744061
PG05  13195.882621   6931.328340 -22155.071045   -236.552103
PG06   4100.641558  24938.914545   7975.223324   -531.504402
PG07 -10722.340129  11990.939003 -20437.882516   -221.981676
PG09 -20176.088884   8578.208976 -15163.532578    685.337975
PG11  11748.450717  23539.521834  -3918.203820   -219.304958
PG13  18222.031724  -2802.139024  19053.034277    438.365522
PG14 -11795.368589  22775.234700   6323.995504    749.962339
PG15  26016.148366   2476.459209  -5332.918761    442.317150
PG17  -8262.146222  13909.445635  21471.053600   -197.527637
PG18   9672.231483 -13614.946754 -20514.478790   -263.290831
PG19   5584.695709  16087.814612  20481.046290    704.960492
PG20  20873.168879  10745.517248 -12349.958158    278.723887
PG21   3975.728518  17199.756484 -19827.427732    369.072297
PG22  -7261.613904  22100.956321  13417.470881     74.503407
PG24  18778.776077   9529.384649  15818.658504    194.185451
PG25  19228.613631 -15225.477492   9457.398629    391.383009
PG26  -1357.508371 -21098.719275 -16077.077971   -391.854320
PG28  -2989.171323 -24211.999378  10474.271142   -422.385972
PG29  22017.646078  -5618.956785 -13919.295365   -248.715882
PG30  -1426.434949  22280.793308 -13986.340169    353.962203
PG31  -9559.562058 -24603.674515    269.364911   -122.772126
*  2026  9  5 18 25  0.00000000
PG04 -26162.008517   -157.222260  -5093.300584     64.744147
PG05  12735.221827   7622.394470 -22197.454942   -236.552380
PG06   3925.848458  24665.842686   8873.750048   -531.501171
PG07 -11084.183680  11243.043417 -20672.812921   -221.982620
PG09 -20726.566076   8475.859181 -14459.696923    685.335326
PG11  11721.974936  23692.830393  -2978.292981   -219.301352
PG13  17839.880466  -2168.430476  19489.901440    438.366995
PG14 -12014.128127  22888.251512   5414.073402    749.962221
PG15  25822.894569   2582.535642  -6240.357164    442.318407
PG17  -9036.427704  13764.416127  21256.086233   -197.528780
PG18  10002.326519 -12892.962353 -20828.053521   -263.288188
PG19   4813.001526  15943.951848  20770.020117    704.960603
PG20  20380.810078  10770.162440 -13123.252248    278.726584
PG21   3492.332365  17771.406806 -19408.897857    369.069842
PG22  -7624.775397  22418.114783  12659.457883     74.506003
PG24  19027.274471  10101.822010  15186.929846    194.190593
PG25  19082.389483 -14846.998798  10299.624150    391.381927
PG26   -984.106283 -21569.440581 -15445.426618   -391.854716
PG28  -2747.735254 -23866.871475  11300.770372   -422.382757
PG29  22510.343190  -5462.757104 -13177.049332   -248.713548
PG30  -1736.809539  21804.678099 -14681.750223    353.965889
PG31  -9454.234191 -24604.072100   1223.415907   -122.771361
*  2026  9  5 18 30  0.00000000
PG04 -26328.112338   -246.559434  -4158.078007     64.744239
PG05  12287.106240   8322.632905 -22198.022005   -236.552586
PG06   3732.815865  24365.102703   9755.180865   -531.497881
PG07 -11461.501496  10493.789675 -20865.615393   -221.983693
PG09 -21251.929121   8385.050258 -13728.472011    685.332685
PG11  11684.766245  23813.712369  -2032.705581   -219.297709
PG13  17460.087285  -1514.913970  19889.247941    438.368438
PG14 -12210.830515  22976.736473   4493.607443    749.962130
PG15  25598.040766   2694.124155  -7136.022599    442.319087
PG17  -9804.379191  13634.318344  21001.895586   -197.530195
PG18  10349.521668 -12167.001694 -21101.298162   -263.285522
PG19   4028.415717  15811.463018  21019.512421    704.960594
PG20  19860.252301  10801.421943 -13871.320815    278.729296
PG21   3028.821109  18338.206740 -18953.154880    369.067436
PG22  -7963.915193  22719.823427  11877.984915     74.508528
PG24  19272.090036  10648.511106  14525.448607    194.195798
PG25  18924.774444 -14439.631657  11121.491440    391.380866
PG26   -629.556691 -22025.056197 -14784.161759   -391.855084
PG28  -2486.733699 -23498.406363  12105.606213   -422.379567
PG29  22977.690350  -5319.822538 -12409.826504   -248.711318
PG30  -2065.843633  21310.205899 -15348.353553    353.969606
PG31  -9334.299059 -24573.122398   2175.077403   -122.770361
*  2026  9  5 18 35  0.00000000
PG04 -26460.699652   -329.012324  -3214.978057     64.744320
PG05  11852.531860   9030.488085 -22156.769198   -236.552503
PG06   3520.643473  24037.968066  10617.825717   -531.494622
PG07 -11853.736344   9745.021939 -21015.918849   -221.984274
PG09 -21750.943092   8304.781547 -12971.237657    685.330019
PG11  11635.472425  23902.507142  -1083.245004   -219.294135
PG13  17084.038810   -842.667862  20250.298215    438.369906
PG14 -12386.269232  23039.582960   3564.384639    749.962052
PG15  25342.274119   2812.446174  -8018.253779    442.319725
PG17 -10564.306483  13519.024343  20708.963536   -197.531568
PG18  10713.459423 -11438.880366 -21333.712830   -263.282843
PG19   3232.555024  15691.019825  21228.988495    704.960674
PG20  19312.555958  10840.458153 -14592.721739    278.731992
PG21   2585.611671  18898.458192 -18461.069173    369.065040
PG22  -8279.267195  23004.597281  11074.487565     74.511105
PG24  19511.807330  11168.882335  13835.575601    194.201004
PG25  18757.240854 -14003.500823  11921.361239    391.379822
PG26   -293.673168 -22464.026229 -14094.508651   -391.855452
PG28  -2205.551793 -23108.006117  12887.237049   -422.376370
PG29  23418.472677  -5189.221451 -11619.085155   -248.709210
PG30  -2413.818070  20798.929000 -15984.839409    353.973306
PG31  -9198.554856 -24511.480665   3122.485892   -122.769567
*  2026  9  5 18 40  0.00000000
PG04 -26559.320874   -405.940815  -2265.788494     64.744392
PG05  11432.405801   9744.351448 -22073.770967   -236.552305
PG06   3288.515800  23685.787997  11460.032401   -531.491349
PG07 -12260.231416   8998.557935 -21123.444415   -221.985634
PG09 -22222.454425   8233.984954 -12189.423033    685.327342
PG11  11572.775392  23959.658030   -131.720987   -219.290503
PG13  16713.067752   -152.857572  20572.350569    438.371357
PG14 -12541.316157  23075.759839   2628.211627    749.961979
PG15  25056.374000   2938.682300  -8885.421254    442.320987
PG17 -11314.533615  13418.310337  20377.840431   -197.532893
PG18  11093.680174 -10710.397633 -21524.878126   -263.280168
PG19   2427.084157  15583.205276  21397.987871    704.960545
PG20  18738.870828  10888.374025 -15286.063950    278.734660
PG21   2163.017477  19450.456399 -17933.581053    369.062658
PG22  -8571.160687  23270.983817  10250.442714     74.513769
PG24  19744.999212  11662.472594  13118.721945    194.206195
PG25  18581.270801 -13538.841675  12697.637116    391.378789
PG26     23.822326 -22884.842442 -13377.751000   -391.855824
PG28  -1903.666243 -22697.129300  13644.165978   -422.373141
PG29  23831.554652  -5069.953032 -10806.327210   -248.707146
PG30  -2780.916951  20272.436942 -16589.957401    353.977007
PG31  -9045.855248 -24419.900957   4063.782109   -122.768542
*  2026  9  5 18 45  0.00000000
PG04 -26623.633643   -478.729979  -1312.307839     64.744431
PG05  11027.542906  10462.567526 -21949.179131   -236.552409
PG06   3035.706483  23309.981585  12280.189737   -531.488064
PG07 -12680.232985   8256.181234 -21188.005865   -221.986189
PG09 -22665.395390   8171.530129 -11384.504085    685.324670
PG11  11495.397546  23985.709947    820.053788   -219.286903
PG13  16348.447233    553.268603  20854.778607    438.372829
PG14 -12676.917019  23084.316474   1686.910989    749.961908
PG15  24741.208517   3073.966738  -9735.930063    442.321699
PG17 -12053.408993  13331.857985  20009.144119   -197.534518
PG18  11489.623826  -9983.329264 -21674.455728   -263.277496
PG19   1613.709657  15488.510865  21526.125637    704.960679
PG20  18140.431689  10946.207665 -15950.010172    278.737366
PG21   1761.247860  19992.496940 -17371.699003    369.060119
PG22  -8840.018321  23517.569086   9407.366165     74.516680
PG24  19970.233397  12128.925955  12376.345678    194.211389
PG25  18398.349088 -13046.000120  13448.769046    391.377736
PG26    323.297676 -23286.034688 -12635.228807   -391.856193
PG28  -1580.648403 -22267.284770  14374.943675   -422.369934
PG29  24215.884562  -4960.952306  -9973.095459   -248.704778
PG30  -3167.225973  19732.349749 -17162.520149    353.980716
PG31  -8875.115435 -24299.232759   4997.114935   -122.767701
*  2026  9  5 18 50  0.00000000
PG04 -26653.404205   -548.783382   -356.342070     64.744545
PG05  10638.662760  11183.440254 -21783.222645   -236.552712
PG06   2761.582182  22912.031619  13076.730644   -531.484817
PG07 -13112.893554   7519.633733 -21209.509796   -221.987427
PG09 -23078.788210   8116.229916 -10558.000870    685.322082
PG11  11402.107953  23981.306649   1770.267099   -219.283351
PG13  15991.385401   1274.384051  21097.032494    438.374280
PG14 -12794.086500  23064.387409    742.317529    749.961793
PG15  24397.730713   3219.381955 -10568.222271    442.322565
PG17 -12779.311449  13259.256072  19603.558891   -197.535713
PG18  11900.631869  -9259.420498 -21782.188820   -263.274838
PG19    794.173539  15407.334162  21613.093640    704.960597
PG20  17518.553581  11014.927214 -16583.279553    278.740073
PG21   1380.407902  20522.882773 -16776.497749    369.057728
PG22  -9086.353728  23742.983740   8546.810188     74.519074
PG24  20186.079008  12567.993864  11609.948334    194.216569
PG25  18209.956174 -12525.431980  14173.256878    391.376679
PG26    605.208446 -23666.177226 -11868.336070   -391.856571
PG28  -1236.166939 -21820.025290  15078.171169   -422.366722
PG29  24570.498605  -4861.095421  -9120.970703   -248.702864
PG30  -3572.731225  19180.311039 -17701.405776    353.984376
PG31  -8685.317963 -24150.417184   5920.645325   -122.766839
*  2026  9  5 18 55  0.00000000
PG04 -26648.508352   -617.516311    600.298692     64.744649
PG05  10266.387098  11905.239454 -21576.207236   -236.552968
PG06   2465.606064  22493.478174  13848.135111   -531.481563
PG07 -13557.275473   6790.608365 -21187.955534   -221.988151
PG09 -23461.748835   8066.846059  -9711.474800    685.319433
PG11  11291.728322  23947.187575   2717.110577   -219.279728
PG13  15643.020342   2009.088750  21298.640086    438.375745
PG14 -12893.903047  23015.196686   -203.725496    749.961738
PG15  24026.974467   3375.953600 -11380.779407    442.323548
PG17 -13490.656171  13200.002579  19161.834329   -197.537180
PG18  12325.949892  -8540.379173 -21847.902352   -263.272156
PG19    -29.753245  15339.976804  21658.661543    704.960656
PG20  16874.626739  11095.426043 -17184.650189    278.742767
PG21   1020.498753  21039.931256 -16149.116218    369.055352
PG22  -9310.768758  23945.908902   7670.361010     74.521708
PG24  20391.113074  12979.534861  10821.071470    194.221764
PG25  18017.561156 -11977.701879  14869.653702    391.375632
PG26    870.095309 -24023.894898 -11078.518345   -391.856925
PG28   -869.990072 -21356.940969  15752.502517   -422.363478
PG29  24894.524642  -4769.205184  -8251.568837   -248.700988
PG30  -3997.318442  18617.981049 -18205.560258    353.988077
PG31  -8475.518255 -23974.482759   6832.550232   -122.765993
*  2026  9  5 19  0  0.00000000
PG04 -26608.931923   -686.348957   1555.803500     64.744718
PG05   9911.237651  12626.207480 -21328.514904   -236.553115
PG06   2147.340863  22055.911977  14592.933068   -531.478317
PG07 -14012.354997   6070.742096 -21123.434776   -221.989349
PG09 -23813.490323   8022.095134  -8846.525814    685.316785
PG11  11163.138772  23884.184297   3658.783095   -219.276212
PG13  15304.415310   2755.914498  21459.207885    438.377179
PG14 -12977.503378  22936.061784  -1149.370181    749.961620
PG15  23630.050097   3544.645695 -12172.124795    442.324246
PG17 -14185.900501  13153.507109  18684.784075   -197.538240
PG18  12764.730522  -7827.869048 -21871.503129   -263.269487
PG19   -856.277501  15286.642914  21662.677755    704.960736
PG20  16210.111203  11188.518294 -17752.961539    278.745459
PG21    681.418385  21541.981120 -15490.755364    369.052934
PG22  -9513.950361  24125.081859   6779.636225     74.524495
PG24  20583.926974  13363.513840  10011.293175    194.226945
PG25  17822.614800 -11403.481630  15536.569097    391.374574
PG26   1118.581088 -24357.869130 -10267.270174   -391.857323
PG28   -481.987389 -20879.652560  16396.647379   -422.360292
PG29  25187.185581  -4684.056826  -7366.537871   -248.698666
PG30  -4440.772723  18047.029604 -18673.999611    353.991737
PG31  -8244.849835 -23772.540817   7731.026532   -122.765180
*  2026  9  5 19  5  0.00000000
PG04 -26534.770855   -756.699585   2508.363899     64.744813
PG05   9573.634405  13344.565985 -21040.603304   -236.553144
PG06   1806.451502  21600.967580  15309.707149   -531.475073
PG07 -14477.026781   5361.609226 -21016.130971   -221.990064
PG09 -24133.325839   7980.654692  -7964.789472    685.314125
PG11  11015.283343  23793.216609   4593.494127   -219.272632
PG13  14976.554304   3513.330454  21578.421860    438.378633
PG14 -13046.076734  22826.397169  -2092.767801    749.961528
PG15  23208.139716   3726.356107 -12940.825779    442.325077
PG17 -14863.549574  13119.093692  18173.284505   -197.539937
PG18  13216.036778  -7123.503348 -21852.979734   -263.266853
PG19  -1683.590616  15247.437941  21625.070211    704.960625
PG20  15526.531136  11294.934773 -18287.116710    278.748148
PG21    362.962820  22027.399383 -14802.675872    369.050545
PG22  -9696.667121  24279.301575   5876.282145     74.527171
PG24  20763.132771  13720.000851   9182.224569    194.232113
PG25  17626.542674 -10803.548124  16172.672243    391.373512
PG26   1351.367412 -24666.843737  -9436.132384   -391.857736
PG28    -72.131204 -20389.804646  17009.373477   -422.357095
PG29  25447.802376  -4604.383975  -6467.554901   -248.696388
PG30  -4902.778717  17469.129059 -19105.811922    353.995422
PG31  -7992.529217 -23545.780508   8614.294925   -122.764219
*  2026  9  5 19 10  0.00000000
PG04 -26426.230796   -829.977703   3456.177232     64.744913
PG05   9253.894298  14058.522797 -20713.004990   -236.552981
PG06   1442.707262  21130.316375  15997.095332   -531.471825
PG07 -14950.108765   4664.715034 -20866.318453   -221.991087
PG09 -24420.671254   7941.169579  -7067.933973    685.311349
PG11  10847.175246  23675.288245   5519.467086   -219.269015
PG13  14660.338004   4279.748953  21656.048087    438.380078
PG14 -13100.858893  22685.717415  -3032.072649    749.961438
PG15  22762.492328   3921.912334 -13685.495844    442.325989
PG17 -15522.161777  13096.003929  17628.273325   -197.541239
PG18  13678.845824  -6428.838549 -21792.402290   -263.264171
PG19  -2509.875494  15222.367953  21545.847005    704.960462
PG20  14825.468878  11415.319211 -18786.084624    278.750865
PG21     64.827783  22494.588143 -14086.195745    369.048154
PG22  -9859.765449  24407.433973   4961.971086     74.529744
PG24  20927.369428  14049.169457   8335.506283    194.237305
PG25  17430.738406 -10178.780736  16776.694901    391.372486
PG26   1569.231008 -24949.630496  -8586.689245   -391.858124
PG28    359.502514 -19889.058742  17589.508947   -422.353880
PG29  25675.796623  -4528.884806  -5556.323023   -248.694684
PG30  -5382.921273  16885.947252 -19500.159205    353.999081
PG31  -7717.860432 -23295.463470   9480.603805   -122.763240
*  2026  9  5 19 15  0.00000000
PG04 -26283.626269   -907.577287   4397.449937     64.745007
PG05   8952.230367  14766.278869 -20346.326543   -236.553064
PG06   1055.983492  20645.659476  16653.793469   -531.468599
PG07 -15430.347427   3981.489801 -20674.361318   -221.992065
PG09 -24675.047317   7902.258410  -6157.657115    685.308670
PG11  10657.901812  23531.482273   6434.942633   -219.265407
PG13  14356.580092   5053.531578  21691.933248    438.381545
PG14 -13143.125971  22513.639902  -3965.445889    749.961348
PG15  22294.418714   4132.067601 -14404.796631    442.327000
PG17 -16160.354012  13083.400487  17050.748081   -197.542490
PG18  14152.053102  -5745.368452 -21689.922054   -263.261520
PG19  -3333.313559  15211.339370  21425.096873    704.960567
PG20  14108.558750  11550.224933 -19248.902053    278.753615
PG21   -213.389185  22941.991257 -13342.687779    369.045716
PG22 -10004.165454  24508.416990   4038.398593     74.532635
PG24  21075.308872  14351.294672   7472.804958    194.242474
PG25  17236.557105  -9530.158257  17347.434234    391.371433
PG26   1773.019642 -25205.114468  -7720.565518   -391.858502
PG28    812.733682 -19379.086343  18135.944570   -422.350667
PG29  25870.692761  -4456.228346  -4634.568206   -248.692484
PG30  -5880.686552  16299.140510 -19856.279091    354.002769
PG31  -7420.239166 -23022.918154  10328.233097   -122.762262
*  2026  9  5 19 20  0.00000000
PG04 -26107.379401   -990.870059   5330.400829     64.745153
PG05   8668.751323  15466.035271 -19941.247559   -236.553485
PG06    646.262854  20148.720507  17278.557684   -531.465332
PG07 -15916.423381   3313.283237 -20440.712068   -221.993116
PG09 -24896.081414   7862.520168  -5235.683189    685.306010
PG11  10446.629142  23362.956169   7338.181940   -219.261765
PG13  14066.003965   5832.995463  21686.004955    438.383018
PG14 -13174.188054  22309.887060  -4891.059390    749.961281
PG15  21805.286107   4357.497284 -15097.439850    442.327993
PG17 -16776.806733  13080.370916  16441.764583   -197.544027
PG18  14634.476823  -5074.518542 -21545.770859   -263.258810
PG19  -4152.091797  15214.159152  21262.989506    704.960665
PG20  13377.480647  11700.111918 -19674.675523    278.756344
PG21   -472.186196  23368.100842 -12573.576929    369.043313
PG22 -10130.856502  24581.265368   3107.280600     74.535069
PG24  21205.661880  14626.750468   6595.809750    194.247660
PG25  17045.308976  -8858.755366  17883.755485    391.370398
PG26   1963.647711 -25432.259035  -6839.423366   -391.858891
PG28   1287.278083 -18861.561955  18647.635880   -422.347453
PG29  26032.119852  -4385.060906  -3704.036130   -248.689889
PG30  -6395.463601  15710.346712 -20173.486337    354.006463
PG31  -7099.156502 -22729.533860  11155.498035   -122.761484
*  2026  9  5 19 25  0.00000000
PG04 -25898.018214  -1081.198872   6253.264351     64.745206
PG05   8403.461591  16156.000206 -19498.519523   -236.553922
PG06    213.636098  19641.238317  17870.206652   -531.462097
PG07 -16406.957283   2661.359326 -20165.910025   -221.993946
PG09 -25083.508886   7820.540907  -4303.759814    685.303343
PG11  10212.606411  23170.936593   8227.469923   -219.258168
PG13  13789.239864   6616.419800  21638.271918    438.384446
PG14 -13195.382662  22074.288167  -5807.099563    749.961183
PG15  21296.512694   4598.795682 -15762.189086    442.328763
PG17 -17370.268758  13085.931783  15802.435247   -197.545489
PG18  15124.862797  -4417.640672 -21360.260396   -263.256141
PG19  -4964.409830  15230.535443  21059.775718    704.960917
PG20  12633.953436  11865.344293 -20062.583074    278.759028
PG21   -712.154062  23771.463602 -11780.337569    369.040892
PG22 -10240.892490  24625.075165   2170.350542     74.537600
PG24  21317.183770  14876.006903   5706.228851    194.252829
PG25  16858.253161  -8165.738654  18384.594472    391.369335
PG26   2142.091526 -25630.110638  -5944.959168   -391.859284
PG28   1782.747809 -18338.156121  19123.605148   -422.344248
PG29  26159.812933  -4314.012611  -2766.488980   -248.687911
PG30  -6926.546364  15121.178481 -20451.174162    354.010145
PG31  -6754.202223 -22416.754484  11960.752880   -122.760774
*  2026  9  5 19 30  0.00000000
PG04 -25656.174491  -1179.871210   7164.293806     64.745276
PG05   8156.261784  16834.396015 -19018.964553   -236.553648
PG06   -241.697633  19124.959666  18427.623742   -531.458836
PG07 -16900.516006   2026.891642 -19850.579523   -221.995008
PG09 -25237.173911   7774.900519  -3363.654720    685.300672
PG11   9955.169834  22956.713891   9101.118413   -219.254555
PG13  13526.822420   7402.052509  21548.823950    438.385897
PG14 -13208.068111  21806.780670  -6711.771152    749.961113
PG15  20769.561965   4856.473124 -16397.861510    442.329547
PG17 -17939.561814  13099.033108  15133.927357   -197.546517
PG18  15621.889581  -3776.008093 -21133.781344   -263.253454
PG19  -5768.486954  15260.078672  20815.787426    704.960820
PG20  11879.728202  12046.188248 -20411.875890    278.761721
PG21   -933.972936  24150.686925 -10964.490658    369.038523
PG22 -10335.386831  24639.027976   1229.356402     74.540323
PG24  21408.679864  15099.626859   4805.786050    194.257996
PG25  16676.591838  -7452.362234  18848.959924    391.368281
PG26   2309.384287 -25797.803173  -5038.900209   -391.859682
PG28   2298.652153 -17810.528495  19562.943235   -422.341054
PG29  26253.613950  -4241.704012  -1823.702216   -248.685716
PG30  -7473.136144  14533.216501 -20688.815393    354.013814
PG31  -6385.067677 -22086.072025  12742.394567   -122.759788
*  2026  9  5 19 35  0.00000000
PG04 -25382.581228  -1288.152846   8061.764551     64.745355
PG05   7926.949629  17499.466142 -18503.474017   -236.554001
PG06   -719.430974  18601.631901  18949.759026   -531.455580
PG07 -17395.619063   1410.959114 -19495.427886   -221.995706
PG09 -25357.029944   7724.179551  -2417.152495    685.298023
PG11   9673.746261  22721.636357   9957.469288   -219.250935
PG13  13279.188645   8188.117068  21417.831809    438.387360
PG14 -13213.616779  21507.411035  -7603.301007    749.961035
PG15  20225.936916   5130.953444 -17003.329486    442.330613
PG17 -18483.584813  13118.563073  14437.461242   -197.547588
PG18  16124.173920  -3150.810846 -20866.802355   -263.250797
PG19  -6562.569140  15302.303111  20531.437481    704.960871
PG20  11116.581355  12242.810402 -20721.879768    278.764452
PG21  -1138.408557  24504.444743 -10127.600808    369.036100
PG22 -10415.507193  24622.394822    286.057715     74.542942
PG24  21479.010720  15298.262426   3896.217324    194.263185
PG25  16501.464604  -6719.962937  19275.935631    391.367232
PG26   2466.610785 -25934.562040  -4123.001273   -391.860067
PG28   2834.398951 -17280.320973  19964.811316   -422.337827
PG29  26313.472254  -4166.752726   -877.461318   -248.683622
PG30  -8034.344488  13948.003006 -20885.963439    354.017486
PG31  -5991.548180 -21739.019874  13498.866255   -122.759215
*  2026  9  5 19 40  0.00000000
PG04 -25078.069671  -1407.261675   8943.977154     64.745434
PG05   7715.221332  18149.482037 -17953.007033   -236.554042
PG06  -1219.148981  18072.995664  19435.631157   -531.452317
PG07 -17890.745230    814.542294 -19101.243220   -221.996633
PG09 -25443.139703   7666.966024  -1466.051270    685.295338
PG11   9367.856384  22467.104255  10794.897531   -219.247377
PG13  13046.676357   8972.819449  21245.546872    438.388785
PG14 -13213.408311  21176.335121  -8479.941801    749.960942
PG15  19667.174156   5422.571813 -17577.522076    442.331464
PG17 -19001.317847  13143.353009  13714.308374   -197.549003
PG18  16630.276451  -2543.151527 -20559.868888   -263.248142
PG19  -7344.935957  15356.628880  20207.219303    704.961079
PG20  10346.307643  12455.276607 -20991.996454    278.767126
PG21  -1326.308130  24831.483125  -9271.273275    369.033673
PG22 -10482.469991  24574.539718   -657.777480     74.545732
PG24  21527.097092  15472.650946   2979.267467    194.268361
PG25  16333.943171  -5969.955134  19664.682402    391.366169
PG26   2614.901840 -26039.707825  -3199.041143   -391.860484
PG28   3389.296366 -16749.150928  20328.442460   -422.334614
PG29  26339.444662  -4087.780116     70.441488   -248.681933
PG30  -8609.196477  13367.035481 -21042.253065    354.021122
PG31  -5573.544944 -21377.165915  14228.660799   -122.758029
*  2026  9  5 19 45  0.00000000
PG04 -24743.565963  -1538.361745   9809.260508     64.745564
PG05   7520.673388  18782.749964 -17368.588842   -236.554348
PG06  -1740.330237  17540.777661  19884.329098   -531.449050
PG07 -18384.339342    238.520120 -18668.892000   -221.997835
PG09 -25495.674717   7601.862252   -512.159392    685.292688
PG11   9037.117566  22194.563657  11611.814238   -219.243768
PG13  12829.523062   9754.355139  21032.300654    438.390268
PG14 -13208.822810  20813.818070  -9339.975700    749.960844
PG15  19094.837911   5731.572940 -18119.426452    442.332241
PG17 -19491.825861  13172.182626  12965.789385   -197.550397
PG18  17138.707659  -1954.041455 -20213.601909   -263.245476
PG19  -8113.907377  15422.384413  19843.706355    704.960995
PG20   9570.713086  12683.551222 -21221.704820    278.769832
PG21  -1498.595837  25130.625570  -8397.150854    369.031305
PG22 -10537.534667  24494.922878  -1600.375733     74.548068
PG24  21551.924618  15623.610743   2056.686777    194.273552
PG25  16175.026404  -5203.825199  20014.439845    391.365122
PG26   2755.428513 -26112.659566  -2268.819010   -391.860848
PG28   3962.555109 -16218.604563  20653.143080   -422.331393
PG29  26331.695084  -4003.417937   1018.210522   -248.679779
PG30  -9196.634429  12791.760573 -21157.400995    354.024790
PG31  -5131.066518 -21002.105478  14930.324095   -122.757405
*  2026  9  5 19 50  0.00000000
PG04 -24380.087405  -1682.557525  10655.974900     64.745650
PG05   7342.804816  19397.617684 -16751.309065   -236.554587
PG06  -2282.348419  17006.683512  20295.013723   -531.445813
PG07 -18874.819224   -316.332810 -18199.316507   -221.999005
PG09 -25514.914422   7527.491601    442.707954    685.290016
PG11   8681.246245  21905.500094  12406.669552   -219.240192
PG13  12627.865286  10530.916218  20778.504163    438.391721
PG14 -13201.234027  20420.233718 -10181.717962    749.960768
PG15  18510.513974   6058.109647 -18628.089217    442.333157
PG17 -19954.262025  13203.785469  12193.272006   -197.551953
PG18  17647.934037  -1384.397250 -19828.696452   -263.242781
PG19  -8867.850443  15498.809345  19441.551430    704.960953
PG20   8791.607880  12927.496829 -21410.561889    278.772511
PG21  -1656.268022  25400.777990  -7506.910715    369.028892
PG22 -10581.997771  24383.103566  -2539.961318     74.550737
PG24  21552.548216  15752.036556   1130.227788    194.278716
PG25  16025.635716  -4423.125654  20324.527937    391.364052
PG26   2889.396111 -26152.937632  -1334.150800   -391.861268
PG28   4553.291086 -15690.230420  20938.294238   -422.328186
PG29  26290.493722  -3912.314966   1964.049941   -248.677717
PG30  -9795.521961  12223.568278 -21231.206318    354.028457
PG31  -4664.229735 -20615.454166  15602.458326   -122.756245
*  2026  9  5 19 55  0.00000000
PG04 -23988.738355  -1840.888422  11482.515017     64.745738
PG05   7181.019818  19992.480991 -16102.319843   -236.554911
PG06  -2844.474325  16472.390733  20666.919264   -531.442541
PG07 -19360.582715   -849.348441 -17693.532081   -221.999662
PG09 -25501.244815   7442.505181   1396.732132    685.287461
PG11   8300.059930  21601.432069  13177.955517   -219.236587
PG13  12441.738375  11300.698464  20484.647092    438.393169
PG14 -13192.002598  19996.063527 -11003.520463    749.960691
PG15  17915.803601   6402.241818 -19102.617616    442.334136
PG17 -20387.870762  13236.854591  11398.168924   -197.553700
PG18  18156.384444   -835.037829 -19405.920049   -263.240123
PG19  -9605.185764  15585.057848  19001.485755    704.961211
PG20   8010.799283  13186.874417 -21558.203706    278.775252
PG21  -1800.388056  25640.933351  -6602.261161    369.026472
PG22 -10617.186874  24238.742551  -3474.759407     74.553812
PG24  21528.096161  15858.894702    201.642065    194.283882
PG25  15886.610852  -3629.469002  20594.348402    391.363009
PG26   3018.038010 -26160.166150   -396.865434   -391.861655
PG28   5160.528459 -15165.533068  21183.352802   -422.324953
PG29  26216.215830  -3813.143544   2906.167048   -248.675379
PG30 -10404.648430  11663.786392 -21263.550717    354.032101
PG31  -4173.260162 -20218.840604  16243.725068   -122.755625
*  2026  9  5 20  0  0.00000000
PG04 -23570.705777  -2014.323568  12287.312912     64.745844
PG05   7034.630854  20565.790072 -15422.833850   -236.554786
PG06  -3425.878340  15939.541856  20999.354615   -531.439254
PG07 -19840.014760  -1359.966946 -17152.624243   -222.000896
PG09 -25455.156668   7345.588438   2348.094474    685.284843
PG11   7893.478776  21283.904446  13924.208867   -219.233002
PG13  12271.076738  12061.908438  20151.296856    438.394624
PG14 -13182.469346  19541.895038 -11803.775145    749.960632
PG15  17312.317397   6763.935719 -19542.180675    442.334863
PG17 -20791.990432  13270.048403  10581.935565   -197.554998
PG18  18662.456619   -306.681837 -18946.111033   -263.237460
PG19 -10324.393802  15680.202367  18524.317915    704.960854
PG20   7230.084526  13461.344027 -21664.346053    278.777946
PG21  -1932.080906  25850.175956  -5684.938323    369.024098
PG22 -10644.454321  24061.604178  -4402.999270     74.555925
PG24  21477.773856  15945.217993   -727.322940    194.289052
PG25  15758.706080  -2824.521299  20823.385880    391.361979
PG26   3142.609333 -26134.075003    541.198974   -391.862061
PG28   5783.203108 -14645.967004  21387.852467   -422.321736
PG29  26109.340055  -3704.606044   3842.775585   -248.673358
PG30 -11022.733691  11113.675284 -21254.398505    354.035764
PG31  -3658.492039 -19813.899139  16852.848263   -122.754630
*  2026  9  5 20  5  0.00000000
PG04 -23127.254450  -2203.756914  13068.840887     64.745899
PG05   6902.862120  21116.055663 -14714.122209   -236.554997
PG06  -4025.633335  15409.737737  21291.704500   -531.435999
PG07 -20311.494521  -1847.737880 -16577.745676   -222.001896
PG09 -25377.243309   7235.467611   3294.979696    685.282197
PG11   7461.526714  20954.481751  14644.013722   -219.229426
PG13  12115.714565  12812.770549  19779.097473    438.396078
PG14 -13173.948697  19058.419868 -12580.917365    749.960530
PG15  16701.669186   7143.063702 -19946.010233    442.335733
PG17 -21166.055666  13301.996706   9746.067796   -197.555872
PG18  19164.523828    200.054478 -18450.176722   -263.234782
PG19 -11024.020929  15783.237780  18010.932589    704.960998
PG20   6451.243777  13750.465847 -21728.784996    278.780656
PG21  -2052.527442  26027.685354  -4756.702808    369.021674
PG22 -10665.170873  23851.558029  -5322.917513     74.558950
PG24  21400.867252  16012.100430  -1654.926962    194.294230
PG25  15642.586797  -2009.995489  21011.208897    391.360937
PG26   3264.380500 -26074.501366   1478.198977   -391.862462
PG28   6420.166485 -14132.930779  21551.404620   -422.318557
PG29  25970.446359  -3585.441203   4772.099023   -248.671160
PG30 -11648.433189  10574.422986 -21203.796482    354.039433
PG31  -3120.367719 -19402.262524  17428.617049   -122.753807
*  2026  9  5 20 10  0.00000000
PG04 -22659.721874  -2410.002633  13825.614324     64.745982
PG05   6784.853402  21641.854974 -13977.512278   -236.555193
PG06  -4642.717985  14884.531061  21543.430480   -531.432739
PG07 -20773.402484  -2312.320815 -15970.113087   -222.002747
PG09 -25268.197986   7110.916026   4235.579337    685.279558
PG11   7004.332160  20614.741405  15336.004201   -219.225804
PG13  11975.386985  13551.534035  19368.768285    438.397534
PG14 -13167.722218  18546.431237 -13333.429144    749.960453
PG15  16085.469923   7539.404277 -20313.401894    442.336696
PG17 -21509.599320  13331.306850   8892.099550   -197.557513
PG18  19660.941612    684.658944 -17919.091478   -263.232102
PG19 -11702.685218  15893.085925  17462.289108    704.961126
PG20   5676.033186  14053.701766 -21751.397289    278.783389
PG21  -2162.958494  26172.739848  -3819.336289    369.019263
PG22 -10680.719240  23608.580172  -6232.761334     74.561743
PG24  21296.745942  16060.691694  -2579.439937    194.299511
PG25  15538.826579  -1187.644534  21157.470620    391.359905
PG26   3384.630696 -25981.390778   2412.289690   -391.862868
PG28   7070.189836 -13627.761391  21673.699060   -422.315319
PG29  25800.213528  -3454.430315   5692.373847   -248.668704
PG30 -12280.343326  10047.140645 -21111.873615    354.043103
PG31  -2559.436604 -18985.554620  17969.888431   -122.752987
*  2026  9  5 20 15  0.00000000
PG04 -22169.512884  -2633.790872  14556.194438     64.746087
PG05   6679.664323  22141.837365 -13214.385342   -236.555156
PG06  -5276.020496  14365.420090  21754.071822   -531.429481
PG07 -21224.127523  -2753.485453 -15331.003967   -222.003741
PG09 -25128.810805   6970.760213   5168.095184    685.276890
PG11   6522.128269  20266.266922  15998.866941   -219.222198
PG13  11849.731685  14276.479849  18921.102538    438.398991
PG14 -13165.032336  18006.821057 -14059.842314    749.960368
PG15  15465.321638   7952.642565 -20643.715886    442.337565
PG17 -21822.254064  13356.570032   8021.600385   -197.558854
PG18  20150.054614   1146.724692 -17353.894666   -263.229445
PG19 -12359.081939  16008.600511  16879.419821    704.961099
PG20   4906.178042  14370.417363 -21732.140602    278.786123
PG21  -2264.648692  26284.719600  -2874.638056    369.016874
PG22 -10692.487542  23332.753979  -7130.791802     74.564100
PG24  21164.865894  16092.191471  -3499.144928    194.304667
PG25  15447.904680   -359.254369  21261.909412    391.358864
PG26   3504.641272 -25854.797734   3341.628724   -391.863284
PG28   7731.968772 -13131.728953  21754.504569   -422.312108
PG29  25599.416285  -3310.403244   6601.852811   -248.666675
PG30 -12917.007103   9532.858336 -20978.840533    354.046755
PG31  -1976.353575 -18565.383168  18475.589792   -122.752005
*  2026  9  5 20 20  0.00000000
PG04 -21658.093987  -2875.763846  15259.190953     64.746193
PG05   6586.278926  22614.729739 -12426.174184   -236.555059
PG06  -5924.342715  13853.842661  21923.246219   -531.426223
PG07 -21662.073878  -3171.111230 -14661.753246   -222.004896
PG09 -24959.965276   6813.885800   6090.742700    685.274217
PG11   6015.252760  19910.641110  16631.343529   -219.218592
PG13  11738.290957  14985.927421  18436.965804    438.400449
PG14 -13167.076237  17440.576588 -14758.741537    749.960281
PG15  14842.811443   8382.371106 -20936.377838    442.338668
PG17 -22103.753585  13376.367676   7136.172957   -197.560132
PG18  20630.203448   1585.950928 -16755.688499   -263.226765
PG19 -12991.988741  16128.572372  16263.428284    704.960923
PG20   4143.366077  14699.884347 -21671.053595    278.788836
PG21  -2358.910125  26363.109312  -1924.421536    369.014493
PG22 -10701.862733  23024.270519  -8015.287146     74.566659
PG24  21004.771828  16107.843621  -4412.340993    194.309842
PG25  15370.203994    473.363275  21324.349170    391.357826
PG26   3625.689121 -25694.885810   4264.380135   -391.863673
PG28   8404.128182 -12646.031674  21793.669330   -422.308852
PG29  25368.922006  -3152.244243   7498.808176   -248.665031
PG30 -13556.919994   9032.521268 -20804.988847    354.050402
PG31  -1371.876940 -18143.332638  18944.721236   -122.751211
*  2026  9  5 20 25  0.00000000
PG04 -21126.987456  -3136.472320  15933.264700     64.746260
PG05   6503.610607  23059.341639 -11614.360564   -236.555560
PG06  -6586.404612  13351.170476  22050.650361   -531.422952
PG07 -22085.668039  -3565.186412 -13963.749886   -222.005890
PG09 -24762.634468   6639.243171   7001.754435    685.271563
PG11   5484.147291  19549.439278  17232.232820   -219.214997
PG13  11640.514192  15678.241251  17917.294263    438.401903
PG14 -13175.000001  16848.776673 -15428.767206    749.960198
PG15  14219.505639   8828.091048 -21190.879471    442.339464
PG17 -22353.933389  13389.277898   6237.450426   -197.561406
PG18  21099.731584   2002.143245 -16125.635778   -263.224111
PG19 -13600.270485  16251.735049  15615.487261    704.961182
PG20   3389.240936  15041.283406 -21568.255831    278.791535
PG21  -2447.085819  26407.500467   -970.510781    369.012109
PG22 -10710.223990  22683.428508  -8884.546053     74.568954
PG24  20816.099233  16108.930225  -5317.345964    194.314991
PG25  15306.009482   1308.378154  21344.699468    391.356786
PG26   3749.040059 -25501.927291   5178.718390   -391.864079
PG28   9085.227452 -12171.791159  21791.121195   -422.305617
PG29  25109.687072  -2978.897542   8381.534919   -248.662666
PG30 -14198.536034   8546.986386 -20590.690305    354.054074
PG31   -746.865893 -17720.957216  19376.357744   -122.750356
*  2026  9  5 20 30  0.00000000
PG04 -20577.765209  -3416.372468  16577.130123     64.746317
PG05   6430.507364  23474.570010 -10780.472590   -236.555479
PG06  -7260.849111  12858.703684  22136.060358   -531.419673
PG07 -22493.365470  -3935.806705 -13238.433393   -222.006846
PG09 -24537.876793   6445.852862   7899.383418    685.268922
PG11   4929.356400  19184.222504  17800.393168   -219.211387
PG13  11555.760780  16351.837325  17363.092843    438.403346
PG14 -13189.892982  16232.587582 -16068.618218    749.960099
PG15  13596.943914   9289.213685 -21406.779202    442.340302
PG17 -22572.731224  13393.882016   5327.093796   -197.562760
PG18  21556.992223   2395.213483 -15464.957548   -263.221452
PG19 -14182.883702  16376.770669  14936.836557    704.961325
PG20   2645.395850  15393.707487 -21423.947527    278.794232
PG21  -2530.543102  26417.593133    -14.736933    369.009682
PG22 -10718.936129  22310.633829  -9736.890966     74.571836
PG24  20598.576019  16096.765534  -6212.499153    194.320059
PG25  15255.507080   2143.948852  21322.955481    391.355762
PG26   3875.942242 -25276.302328   6082.832324   -391.864481
PG28   9773.765976 -11710.048055  21746.867801   -422.302437
PG29  24822.752851  -2789.372697   9248.353903   -248.660674
PG30 -14840.274087   8077.019400 -20336.395771    354.057760
PG31   -102.277502 -17299.773953  19769.651163   -122.749403
*  2026  9  5 20 35  0.00000000
PG04 -20012.042476  -3715.823144  17189.557705     64.746416
PG05   6365.757341  23859.403636  -9926.081992   -236.555741
PG06  -7946.247252  12377.665813  22179.332014   -531.416387
PG07 -22883.657184  -4283.173384 -12487.290281   -222.007710
PG09 -24286.831428   6232.810659   8781.906528    685.266275
PG11   4351.526015  18816.530981  18334.744537   -219.207765
PG13  11483.303429  17005.189306  16775.433222    438.404808
PG14 -13212.782465  15593.258467 -16677.054597    749.960044
PG15  12976.633676   9765.062348 -21583.702672    442.341166
PG17 -22760.187083  13388.771081   4406.789175   -197.564363
PG18  22000.355128   2765.179138 -14774.930652   -263.218785
PG19 -14738.880663  16502.316105  14228.780665    704.961444
PG20   1913.367533  15756.165458 -21238.409143    278.796986
PG21  -2610.666850  26393.197306    941.065320    369.007294
PG22 -10729.343044  21906.398593 -10570.671384     74.574784
PG24  20352.023788  16072.689841  -7096.163978    194.325219
PG25  15218.783082   2978.230170  21259.197716    391.354733
PG26   4007.619653 -25018.497602   6974.929093   -391.864856
PG28  10468.188940 -11261.758073  21660.996534   -422.299223
PG29  24509.241339  -2582.749655  10097.615015   -248.658592
PG30 -15480.524269   7623.292230 -20042.634046    354.061437
PG31    560.836754 -16881.256098  20123.831993   -122.748530
*  2026  9  5 20 40  0.00000000
PG04 -19431.471304  -4035.083556  17769.376292     64.746512
PG05   6308.094646  24212.927192  -9052.801307   -236.555662
PG06  -8641.103659  11909.199027  22180.400962   -531.413151
PG07 -23255.076098  -4607.590963 -11711.850498   -222.008662
PG09 -24010.713413   5999.292391   9647.627821    685.263624
PG11   3751.401527  18447.877462  18834.270513   -219.204163
PG13  11422.331868  17636.834490  16155.451698    438.406261
PG14 -13244.628630  14932.116471 -17252.899984    749.959941
PG15  12360.044529  10254.874646 -21721.343186    442.342096
PG17 -22916.442824  13372.552407   3478.244979   -197.566053
PG18  22428.213386   3112.162323 -14056.885203   -263.216113
PG19 -15267.413031  16626.969384  13492.686245    704.961371
PG20   1194.630336  16127.586170 -21012.000817    278.799690
PG21  -2688.852666  26334.233801   1895.061295    369.004847
PG22 -10742.761221  21471.339776 -11384.267141     74.577157
PG24  20076.358753  16038.063304  -7966.730510    194.330388
PG25  15195.824003   3809.380494  21153.591539    391.353670
PG26   4145.265685 -24729.104523   7853.238099   -391.865253
PG28  11166.893335 -10827.788372  21533.674341   -422.296034
PG29  24170.350477  -2358.183536  10927.700252   -248.656405
PG30 -16117.654492   7186.380893 -19710.010529    354.065081
PG31   1241.334893 -16466.826670  20438.210984   -122.747391
*  2026  9  5 20 45  0.00000000
PG04 -18837.733919  -4374.311378  18315.475321     64.746571
PG05   6256.205428  24534.324928  -8162.280971   -236.555985
PG06  -9343.862293  11454.359772  22139.282642   -531.409866
PG07 -23606.203182  -4909.464428 -10913.683815   -222.009569
PG09 -23710.808418   5744.558388  10494.881834    685.260983
PG11   3129.825447  18079.740846  19298.020190   -219.200541
PG13  11371.956931  18245.379488  15504.346932    438.407727
PG14 -13286.319834  14250.561495 -17795.043971    749.959851
PG15  11748.602917  10757.805039 -21819.462077    442.343198
PG17 -23041.741373  13343.856078   2543.189064   -197.567238
PG18  22838.990075   3436.388280 -13312.201980   -263.213465
PG19 -15767.735075  16749.296308  12729.979440    704.961459
PG20    490.590673  16506.822867 -20745.161639    278.802374
PG21  -2766.500008  26240.734680   2845.419872    369.002453
PG22 -10760.473341  21006.177403 -12176.091675     74.579916
PG24  19771.592273  15994.259742  -8822.617937    194.335540
PG25  15186.516918   4635.569139  21006.386509    391.352618
PG26   4290.036864 -24408.816948   8716.014875   -391.865669
PG28  11868.234204 -10408.914355  21365.147395   -422.292813
PG29  23807.349151  -2114.909097  11737.026757   -248.654041
PG30 -16750.017104   6766.763834 -19339.205722    354.068756
PG31   1937.988755 -16057.852283  20712.180540   -122.746673
*  2026  9  5 20 50  0.00000000
PG04 -18232.535959  -4733.561286  18826.806946     64.746670
PG05   6208.734163  24822.883950  -7256.206321   -236.556115
PG06 -10052.912463  11014.114787  22056.072146   -531.406589
PG07 -23935.673344  -5189.296033 -10094.396210   -222.010621
PG09 -23388.467224   5467.957582  11322.036829    685.258352
PG11   2487.734653  17713.559922  19725.109952   -219.197019
PG13  11331.214993  18829.505620  14823.377563    438.409178
PG14 -13338.668246  13550.060660 -18302.444285    749.959778
PG15  11143.686945  11272.927735 -21877.888990    442.343865
PG17 -23136.425524  13301.341393   1603.365797   -197.568419
PG18  23231.144800   3738.183478 -12542.309741   -263.210799
PG19 -16239.206437  16867.837266  11942.143023    704.961706
PG20   -197.418239  16892.657958 -20438.408764    278.805080
PG21  -2845.005315  26112.843210   3790.317031    369.000047
PG22 -10783.722009  20511.732298 -12944.595266     74.582645
PG24  19437.831025  15942.660427  -9662.276948    194.340707
PG25  15190.650278   5454.983612  20817.915511    391.351588
PG26   4443.046732 -24058.428447   9561.544933   -391.866096
PG28  12570.531066 -10005.816867  21155.740603   -422.289614
PG29  23421.571919  -1852.244863  12524.049802   -248.652061
PG30 -17375.955590   6364.820704 -18930.973593    354.072440
PG31   2649.488724 -15655.637255  20945.215922   -122.745745
*  2026  9  5 20 55  0.00000000
PG04 -17617.599628  -5112.783943  19302.388057     64.746715
PG05   6164.290159  25077.997082  -6336.294527   -236.556127
PG06 -10766.595068  10589.337535  21930.943906   -531.403325
PG07 -24242.181050  -5447.681714  -9255.626229   -222.011663
PG09 -23045.099932   5168.931234  12127.497992    685.255712
PG11   1826.157233  17350.727295  20114.725127   -219.193413
PG13  11299.072751  19387.973991  14113.859712    438.410633
PG14 -13402.405844  12832.142485 -18774.128807    749.959694
PG15  10546.621404  11799.239911 -21896.522083    442.344504
PG17 -23200.936350  13243.703233    660.533068   -197.569995
PG18  23603.180087   4017.973265 -11748.682474   -263.208123
PG19 -16681.294423  16981.114201  11130.713395    704.961681
PG20   -868.141333  17283.808104 -20092.336384    278.807784
PG21  -2925.755133  25950.813367   4727.939391    368.997635
PG22 -10813.703631  19988.923409 -13688.268246     74.585358
PG24  19075.276813  15884.647901 -10484.192040    194.345883
PG25  15207.915189   6265.836773  20588.593716    391.350546
PG26   4605.359927 -23678.829112  10388.147543   -391.866498
PG28  13272.074510  -9619.079817  20905.856968   -422.286395
PG29  23014.413456  -1569.596906  13287.265709   -248.649937
PG30 -17993.811309   5980.831590 -18486.139791    354.076112
PG31   3374.448834 -15261.418036  21136.876240   -122.744742
*  2026  9  5 21  0  0.00000000
PG04 -16994.656784  -5511.825425  19741.302189     64.746848
PG05   6121.454221  25299.165308  -5404.291435   -236.556317
PG06 -11483.209053  10180.805029  21764.151256   -531.400033
PG07 -24524.485650  -5685.307108  -8399.041369   -222.012565
PG09 -22682.169923   4847.016273  12909.710573    685.253088
PG11   1146.208941  16992.583529  20466.121521   -219.189782
PG13  11274.432309  19919.630227  13377.164368    438.412105
PG14 -13478.180797  12098.390809 -19209.197431    749.959619
PG15   9958.673018  12335.665228 -21875.328152    442.345575
PG17 -23235.811202  13169.678328   -283.540753   -197.571310
PG18  23953.647591   4276.279134 -10932.836579   -263.205437
PG19 -17093.575823  17087.637698  10297.277434    704.961702
PG20  -1520.406280  17678.929609 -19707.614531    278.810507
PG21  -3010.119302  25755.008869   5656.487708    368.995263
PG22 -10851.562478  19438.764699 -14405.644165     74.588218
PG24  18684.226010  15821.599828 -11286.883739    194.351052
PG25  15237.907148   7066.373857  20318.917346    391.349518
PG26   4777.986486 -23271.001937  11194.179451   -391.866912
PG28  13971.132919  -9249.188230  20615.976807   -422.283187
PG29  22587.322772  -1266.462253  14025.214701   -248.647851
PG30 -18601.930234   5614.976692 -18005.599725    354.079799
PG31   4111.412210 -14876.357976  21286.805249   -122.743820
*  2026  9  5 21  5  0.00000000
PG04 -16365.441991  -5930.427099  20142.701319     64.746930
PG05   6078.785466  25485.999767  -4461.968348   -236.556327
PG06 -12201.018038   9789.195097  21556.025840   -531.396768
PG07 -24781.416384  -5902.943228  -7526.334459   -222.013661
PG09 -22301.187593   4501.848224  13667.162956    685.250442
PG11    449.089281  16640.411526  20778.626827   -219.186123
PG13  11256.136562  20423.408854  12614.714668    438.413565
PG14 -13566.554250  11350.438483 -19606.823756    749.959551
PG15   9381.045911  12881.057649 -21814.342677    442.346689
PG17 -23241.681323  13078.051379  -1227.079914   -197.572900
PG18  24281.154107   4513.715567 -10096.327996   -263.202788
PG19 -17475.738227  17185.914163   9443.469197    704.961835
PG20  -2153.127731  18076.624094 -19284.987746    278.813191
PG21  -3099.444211  25525.901754   6574.180363    368.992754
PG22 -10898.384946  18862.361633 -15095.302908     74.590719
PG24  18265.068649  15754.882925 -12068.910745    194.356216
PG25  15280.128229   7854.879327  20009.462272    391.348485
PG26   4961.876401 -22836.018776  11978.038505   -391.867352
PG28  14665.959311  -8896.526733  20286.656817   -422.279980
PG29  22141.797198   -942.431913  14736.483688   -248.645490
PG30 -19198.669659   5267.336462 -17490.316522    354.083473
PG31   4858.856851 -14501.542459  21394.731939   -122.742814
*  2026  9  5 21 10  0.00000000
PG04 -15731.685570  -6368.225958  20505.807538     64.747050
PG05   6034.828249  25638.223302  -3511.118734   -236.556329
PG06 -12918.257107   9415.084082  21306.976885   -531.393494
PG07 -25011.877068  -6101.441803  -6639.220074   -222.014548
PG09 -21903.703901   4133.163716  14398.389659    685.247806
PG11   -263.922769  16295.431162  21051.641905   -219.182509
PG13  11242.974853  20898.337307  11827.983078    438.415020
PG14 -13667.997513  10589.960874 -19966.256609    749.959490
PG15   8814.877343  13434.205525 -21713.669792    442.347304
PG17 -23219.269075  12967.661032  -2168.304433   -197.573926
PG18  24584.367357   4730.986519  -9240.749271   -263.200121
PG19 -17827.580850  17274.453049   8570.966497    704.961886
PG20  -2765.311155  18475.444421 -18825.273592    278.815901
PG21  -3195.046163  25264.070513   7479.256799    368.990319
PG22 -10955.194060  18260.907260 -15755.873762     74.593480
PG24  17818.287159  15685.846963 -12828.871995    194.361379
PG25  15333.989701   8629.683524  19660.882439    391.347443
PG26   5157.914459 -22375.035907  12738.167198   -391.867732
PG28  15354.798242  -8561.378497  19918.529000   -422.276771
PG29  21679.376181   -597.193509  15419.708967   -248.643271
PG30 -19782.404859   4937.892176 -16941.318848    354.087136
PG31   5615.201695 -14137.974420  21460.470913   -122.741975
*  2026  9  5 21 15  0.00000000
PG04 -15095.106673  -6824.755397  20829.914615     64.747125
PG05   5988.119180  25755.671549  -2553.554879   -236.556271
PG06 -13633.139712   9058.944977  21017.490347   -531.390208
PG07 -25214.850422  -6281.730323  -5739.430975   -222.015428
PG09 -21491.303736   3740.802560  15101.974259    685.245181
PG11   -991.473375  15958.794208  21284.641934   -219.178922
PG13  11233.688860  21343.539529  11018.488477    438.416488
PG14 -13782.889690   9818.669188 -20286.821395    749.959428
PG15   8261.233694  13993.835954 -21573.482166    442.348544
PG17 -23169.384788  12837.405658  -3105.433285   -197.575133
PG18  24862.021518   4928.881517  -8367.726584   -263.197446
PG19 -18149.014848  17351.774109   7681.487354    704.961804
PG20  -3356.056299  18873.900846 -18329.361027    278.818628
PG21  -3298.204874  24970.197770   8369.980926    368.987925
PG22 -11022.944237  17635.677898 -16386.038411     74.596298
PG24  17344.454765  15615.818894 -13565.408654    194.366546
PG25  15398.815063   9389.169087  19273.908132    391.346404
PG26   5366.915387 -21889.289207  13473.056103   -391.868112
PG28  16035.892770  -8243.924618  19512.299442   -422.273532
PG29  21201.634918   -230.533487  16073.578847   -248.641127
PG30 -20351.535662   4626.526959 -16359.698621    354.090878
PG31   6378.812953 -13786.570277  21483.922567   -122.741129
*  2026  9  5 21 20  0.00000000
PG04 -14457.406411  -7299.446450  21114.389418     64.747207
PG05   5937.194199  25838.293563  -1591.104479   -236.556599
PG06 -14343.864681   8721.146028  20688.127907   -531.386928
PG07 -25389.402049  -6444.806798  -4828.714595   -222.016638
PG09 -21065.599160   3324.709375  15776.552224    685.242517
PG11  -1732.138783  15631.579552  21477.177428   -219.175319
PG13  11226.978710  21758.239182  10187.793153    438.417952
PG14 -13911.515728   9038.303668 -20567.921273    749.959326
PG15   7721.106734  14558.619382 -21394.020819    442.349238
PG17 -23092.923242  12686.248927  -4036.687646   -197.576583
PG18  25112.922494   5108.271421  -7478.916723   -263.194844
PG19 -18440.063124  17416.414621   6776.786326    704.961711
PG20  -3924.560218  19270.467374 -17798.208640    278.821342
PG21  -3410.157138  24645.067534   9244.644468    368.985488
PG22 -11102.516333  16988.028461 -16984.533860     74.598996
PG24  16844.233545  15546.097091 -14277.206017    194.371699
PG25  15473.843482  10131.777115  18849.344082    391.345360
PG26   5589.619327 -21380.088986  14181.247192   -391.868504
PG28  16707.491436  -7944.243952  19068.746956   -422.270354
PG29  20710.177836    157.661075  16696.836184   -248.639367
PG30 -20904.492902   4333.027237 -15746.608616    354.094535
PG31   7148.010681 -13448.156282  21465.073060   -122.740263
*  2026  9  5 21 25  0.00000000
PG04 -13820.261063  -7791.629469  21358.673227     64.747274
PG05   5880.595667  25886.151969   -625.607189   -236.556616
PG06 -15048.623288   8401.949778  20319.525847   -531.383630
PG07 -25534.684037  -6591.734273  -3908.829560   -222.017481
PG09 -20628.222529   2884.934767  16420.813659    685.239899
PG11  -2484.430557  15314.788749  21628.875123   -219.171715
PG13  11221.509277  22141.762415   9337.499718    438.419423
PG14 -14054.064914   8250.626680 -20809.038161    749.959228
PG15   7195.410184  15127.174450 -21175.594849    442.349936
PG17 -22990.859789  12513.225151  -4960.294155   -197.577982
PG18  25335.952882   5270.103853  -6576.004029   -263.192174
PG19 -18700.859627  17466.936570   5858.650749    704.961932
PG20  -4470.119886  19663.588290 -17232.842745    278.824018
PG21  -3532.090683  24289.562033  10101.570260    368.983112
PG22 -11194.713003  16319.387419 -17550.155283     74.601377
PG24  16318.372168  15477.945749 -14962.995347    194.376864
PG25  15558.233611  10856.013051  18388.067431    391.344329
PG26   5826.687668 -20848.814474  14861.337039   -391.868911
PG28  17367.855223  -7662.313405  18588.721586   -422.267143
PG29  20206.631964    567.401112  17288.280825   -248.637049
PG30 -21439.744738   4057.084617 -15103.259958    354.098213
PG31   7921.075550 -13123.465315  21403.994086   -122.739531
*  2026  9  5 21 30  0.00000000
PG04 -13185.315394  -8300.536240  21562.282899     64.747349
PG05   5816.879464  25899.422651    341.088876   -236.556838
PG06 -15745.606361   8101.512576  19912.393790   -531.380314
PG07 -25649.938182  -6723.635125  -2981.542274   -222.018457
PG09 -20180.819538   2421.636046  17033.505952    685.237252
PG11  -3246.801107  15009.341910  21739.438721   -219.168108
PG13  11215.916644  22493.540212   8469.247944    438.420902
PG14 -14210.629828   7457.415728 -21009.733559    749.959147
PG15   6684.976582  15698.073045 -20918.581082    442.350911
PG17 -22864.246138  12317.444352  -5874.488227   -197.579365
PG18  25530.076640   5415.398309  -5660.697298   -263.189507
PG19 -18931.648140  17501.933730   4928.896865    704.961932
PG20  -4992.134369  20051.684823 -16634.355351    278.826734
PG21  -3665.138242  23904.658138  10939.115481    368.980702
PG22 -11300.254399  15631.251420 -18081.758769     74.604056
PG24  15767.703315  15412.589448 -15621.555627    194.382029
PG25  15651.067770  11560.452247  17891.025553    391.343297
PG26   6078.699252 -20296.908020  15511.979878   -391.869317
PG28  18015.264493  -7398.008670  18073.142979   -422.263902
PG29  19692.640217    998.594630  17846.771952   -248.634762
PG30 -21955.802803   3798.298179 -14430.919527    354.101911
PG31   8696.255792 -12813.134134  21300.842448   -122.738514
*  2026  9  5 21 35  0.00000000
PG04 -12554.176114  -8825.302541  21724.811912     64.747427
PG05   5744.622038  25878.393960   1307.130675   -236.557143
PG06 -16433.011398   7819.884550  19467.513318   -531.377048
PG07 -25734.498821  -6841.685156  -2048.623559   -222.019411
PG09 -19725.042214   1935.077480  17613.436319    685.234627
PG11  -4017.649462  14716.073953  21808.649506   -219.164478
PG13  11208.814690  22813.110292   7584.711537    438.422369
PG14 -14381.205731   6660.456426 -21169.649206    749.959079
PG15   6190.554466  16269.845560 -20623.423636    442.351771
PG17 -22714.205808  12098.097064  -6777.517380   -197.580989
PG18  25694.343417   5545.240993  -4734.726666   -263.186861
PG19 -19132.780574  17520.038634   3989.365886    704.961668
PG20  -5490.106551  20433.161944 -16003.901995    278.829459
PG21  -3810.371881  23491.423392  11755.674813    368.978271
PG22 -11419.774223  14925.179609 -18578.263985     74.606762
PG24  15193.140792  15351.207898 -16251.715246    194.387177
PG25  15751.356469  12243.745208  17359.233743    391.342239
PG26   6346.146970 -19725.869003  16131.890533   -391.869719
PG28  18648.025836  -7151.105407  17522.998615   -422.260685
PG29  19169.854615   1451.046225  18371.230329   -248.632862
PG30 -22451.228157   3556.177173 -13730.907268    354.105589
PG31   9471.774273 -12517.701088  21155.859432   -122.737753
*  2026  9  5 21 40  0.00000000
PG04 -11928.405505  -9364.971110  21845.931264     64.747515
PG05   5662.427401  25823.465455   2270.663800   -236.556972
PG06 -17109.049663   7557.010036  18985.736462   -531.373786
PG07 -25787.795273  -6947.107535  -1111.845355   -222.020388
PG09 -19262.541894   1425.630078  18159.474233    685.232061
PG11  -4795.327286  14435.731230  21836.366808   -219.160901
PG13  11198.801789  23100.118558   6685.594840    438.423839
PG14 -14565.690416   5861.535460 -21288.507551    749.959044
PG15   5712.805878  16840.986336 -20290.633412    442.352663
PG17 -22541.929268  11854.458815  -7667.644584   -197.582240
PG18  25827.892540   5660.779375  -3799.840457   -263.184222
PG19 -19304.714757  17519.929373   3041.919976    704.962102
PG20  -5963.644413  20806.415229 -15342.699466    278.832186
PG21  -3968.797582  23051.011669  12549.683532    368.975880
PG22 -11553.816162  14202.787636 -19038.656717     74.609389
PG24  14595.676359  15294.930895 -16852.353604    194.392329
PG25  15858.043244  12904.622475  16793.772789    391.341203
PG26   6629.434777 -19137.247500  16719.847183   -391.870113
PG28  19264.478829  -6921.280873  16939.341926   -422.257475
PG29  18639.929479   1924.457035  18860.640436   -248.630554
PG30 -22924.637030   3330.144093 -13004.593426    354.109278
PG31  10245.835678 -12237.604303  20969.369993   -122.736752
*  2026  9  5 21 45  0.00000000
PG04 -11309.515233  -9918.495041  21925.390233     64.747616
PG05   5568.934013  25735.146177   3229.836068   -236.557069
PG06 -17771.953230   7312.728459  18467.984073   -531.370483
PG07 -25809.353879  -7041.166587   -172.977496   -222.021422
PG09 -18794.962203    893.770910  18670.553742    685.229440
PG11  -5578.145104  14168.968547  21822.528338   -219.157286
PG13  11184.467575  23354.320087   5773.629491    438.425316
PG14 -14763.884507   5062.433570 -21366.112057    749.958975
PG15   5252.304213  17409.959266 -19920.787496    442.353678
PG17 -22348.668784  11585.894285  -8543.151635   -197.583675
PG18  25929.956644   5763.216507  -2857.802025   -263.181593
PG19 -19448.011747  17500.336210   2088.438176    704.961866
PG20  -6412.461843  21169.837795 -14652.023397    278.834880
PG21  -4141.350131  22584.658483  13319.620513    368.973454
PG22 -11702.830715  13465.741416 -19461.991307     74.612049
PG24  13976.376265  15244.833492 -17422.402651    194.397486
PG25  15970.009784  13541.899145  16195.786424    391.340162
PG26   6928.875125 -18532.637746  17274.693979   -391.870575
PG28  19863.002669  -6708.115979  16323.290276   -422.254253
PG29  18104.514619   2418.425147  19314.052501   -248.628372
PG30 -23374.706312   3119.538135 -12253.395696    354.112958
PG31  11016.633761 -11973.180349  20741.781748   -122.735911
*  2026  9  5 21 50  0.00000000
PG04 -10698.960391 -10484.741569  21963.017004     64.747698
PG05   5462.821545  25614.052459   4182.801117   -236.556849
PG06 -18419.981948   7086.775675  17915.244071   -531.367163
PG07 -25798.799642  -7125.161484    766.215447   -222.022513
PG09 -18323.932085    340.081958  19145.675669    685.226813
PG11  -6364.378707  13916.346583  21767.150374   -219.153676
PG13  11164.399751  23575.579663   4850.571024    438.426776
PG14 -14975.492204   4264.918586 -21402.347332    749.958891
PG15   4809.532410  17975.203549 -19514.528476    442.354553
PG17 -22135.732993  11291.861116  -9402.342523   -197.585182
PG18  25999.864921   5853.805123  -1910.386573   -263.178936
PG19 -19563.332673  17460.047964   1130.812281    704.961996
PG20  -6836.378998  21521.827251 -13933.205752    278.837585
PG21  -4328.888317  22093.675947  14064.011149    368.971025
PG22 -11867.172448  12715.750627 -19847.392956     74.614751
PG24  13336.377532  15201.931405 -17960.848347    194.402660
PG25  16086.081330  14154.478993  15566.478671    391.339133
PG26   7244.686837 -17913.671402  17795.343488   -391.870975
PG28  20442.022645  -6511.097769  15676.022825   -422.251012
PG29  17565.248550   2932.446444  19730.584405   -248.626195
PG30 -23800.178791   2923.618997 -11478.776315    354.116655
PG31  11782.358630 -11724.663387  20473.583799   -122.735010
*  2026  9  5 21 55  0.00000000
PG04 -10098.133778 -11062.496242  21958.719140     64.747769
PG05   5342.817482  25460.905292   5127.722020   -236.556584
PG06 -19051.430297   6878.785753  17328.569587   -531.363898
PG07 -25755.857462  -7200.419846   1703.977246   -222.023480
PG09 -17851.058899   -234.751497  19583.909674    685.224186
PG11  -7152.275727  13678.329726  21670.327809   -219.150076
PG13  11137.190911  23763.871852   3918.195435    438.428225
PG14 -15200.122471   3470.738545 -21397.179086    749.958839
PG15   4384.881495  18535.139563 -19072.563673    442.355380
PG17 -21904.481217  10971.913345 -10243.546813   -197.586594
PG18  26037.045987   5933.841539   -959.377964   -263.176314
PG19 -19651.435118  17397.918140    170.942691    704.961998
PG20  -7235.322202  21860.792645 -13187.632206    278.840301
PG21  -4532.190471  21579.447438  14781.430178    368.968608
PG22 -12047.097668  11954.562008 -20194.059901     74.617411
PG24  12676.883975  15167.176674 -18466.732061    194.407797
PG25  16205.032306  14741.358205  14907.111095    391.338093
PG26   7576.993430 -17282.010674  18280.778971   -391.871386
PG28  21000.016428  -6329.622320  14998.778279   -422.247808
PG29  17023.751765   3465.915904  20109.423479   -248.624078
PG30 -24199.868096   2741.571014 -10682.239083    354.120331
PG31  12541.204031 -11492.184802  20165.345365   -122.734124
*  2026  9  5 22  0  0.00000000
PG04  -9508.360452 -11650.467463  21912.483914     64.747832
PG05   5207.703529  25276.527229   6062.774890   -236.557049
PG06 -19664.634114   6688.293197  16709.076983   -531.360594
PG07 -25680.352973  -7268.291293   2638.563013   -222.024282
PG09 -17377.921622   -829.942942  19984.396199    685.221527
PG11  -7940.062328  13455.284337  21532.234055   -219.146455
PG13  11101.445345  23919.280603   2978.295717    438.429692
PG14 -15437.290658   2681.614924 -21350.653920    749.958758
PG15   3978.649485  19088.174848 -18595.664291    442.356291
PG17 -21656.317551  10625.704457 -11065.123014   -197.587676
PG18  26041.030347   6004.659388     -6.565533   -263.173657
PG19 -19713.169063  17312.870764   -789.265777    704.962073
PG20  -7609.323379  22185.161381 -12416.739421    278.842997
PG21  -4751.950359  21043.421957  15470.504412    368.966180
PG22 -12242.762557  11183.952465 -20501.265454     74.620085
PG24  11999.161983  15141.453583 -18939.151891    194.412945
PG25  16325.592167  15301.628679  14218.999965    391.337039
PG26   7925.821890 -16639.341322  18730.056480   -391.871772
PG28  21535.520149  -6162.998039  14292.852525   -422.244584
PG29  16481.620087   4018.129335  20449.828169   -248.621965
PG30 -24572.663350   2572.507614  -9865.326340    354.124022
PG31  13291.374604 -11275.773320  19817.714253   -122.733069
*  2026  9  5 22  5  0.00000000
PG04  -8930.892580 -12247.291383  21824.378496     64.747927
PG05   5056.321809  25061.838879   6986.152493   -236.556947
PG06 -20257.977146   6514.735590  16057.943772   -531.357316
PG07 -25572.212979  -7330.140964   3568.242125   -222.025242
PG09 -16906.064182  -1444.607153  20346.348264    685.218886
PG11  -8725.950013  13247.477441  21353.120799   -219.142861
PG13  11055.785794  24041.998409   2032.678359    438.431145
PG14 -15686.420552   1899.236009 -21262.898951    749.958690
PG15   3591.040661  19632.710174 -18084.664470    442.357384
PG17 -21392.684739  10252.990026 -11865.461942   -197.589170
PG18  26011.452458   6067.623205    946.259109   -263.170984
PG19 -19749.472423  17203.905905  -1747.908068    704.962119
PG20  -7958.519035  22493.386063 -11622.012225    278.845712
PG21  -4988.773451  20487.108232  16129.915357    368.963781
PG22 -12454.221753  10405.722021 -20768.359879     74.622890
PG24  11304.536086  15125.574865 -19377.263922    194.418091
PG25  16446.451430  15834.480909  13503.513329    391.335993
PG26   8291.101909 -15987.365576  19142.306765   -391.872185
PG28  22047.134249  -6010.449342  13559.596153   -422.241403
PG29  15940.418143   4588.285544  20751.129573   -248.619751
PG30 -24917.533487   2415.476059  -9029.615886    354.127719
PG31  14031.093065 -11075.355598  19431.415163   -122.732201
*  2026  9  5 22 10  0.00000000
PG04  -8366.904592 -12851.537125  21694.549983     64.748013
PG05   4887.580807  24817.854967   7896.067828   -236.556845
PG06 -20829.897424   6357.456669  15376.406432   -531.354029
PG07 -25431.465493  -7387.343032   4491.301054   -222.026274
PG09 -16436.988951  -2077.763148  20669.053129    685.216260
PG11  -9508.142502  13055.075859  21133.317620   -219.139219
PG13  10998.860131  24132.324995   1083.159836    438.432599
PG14 -15946.846835   1125.250443 -21134.121270    749.958619
PG15   3222.165211  20167.145673 -17540.460254    442.358225
PG17 -21115.057865   9853.629938 -12642.990055   -197.590564
PG18  25948.052372   6124.121897   1897.305264   -263.168320
PG19 -19761.366176  17070.104853  -2703.083078    704.962146
PG20  -8283.148792  22783.951250 -10804.980702    278.848441
PG21  -5243.173584  19912.068580  16758.401736    368.961372
PG22 -12681.427413   9621.686644 -20994.772133     74.625321
PG24  10594.384307  15120.278191 -19780.283409    194.423260
PG25  16566.267861  16339.206435  12762.068030    391.334971
PG26   8672.665591 -15327.795014  19516.737010   -391.872595
PG28  22533.529058  -5871.120711  12800.411884   -422.238190
PG29  15401.672965   5175.488938  21012.732857   -248.617623
PG30 -25233.531239   2269.462461  -8176.717867    354.131406
PG31  14758.607300 -10890.757291  19007.247839   -122.731207
*  2026  9  5 22 15  0.00000000
PG04  -7817.488691 -13461.712313  21523.225283     64.748109
PG05   4700.461037  24545.679996   8790.757700   -236.557047
PG06 -21378.893413   6215.709781  14665.758111   -531.350747
PG07 -25258.239389  -7441.274249   5406.046121   -222.027509
PG09 -15972.150440  -2728.337582  20951.873810    685.213637
PG11 -10284.842659  12878.145779  20873.231466   -219.135608
PG13  10929.347933  24190.665575    131.563083    438.434078
PG14 -16217.817952    361.260965 -20964.607244    749.958556
PG15   2872.039243  20689.887006 -16964.008464    442.359276
PG17 -20824.937892   9427.590175 -13396.172764   -197.591983
PG18  25850.676962   6175.562126   2844.786326   -263.165668
PG19 -19749.949129  16910.634921  -3652.897821    704.962095
PG20  -8583.553470  23055.380082  -9967.217201    278.851163
PG21  -5515.570022  19319.912553  17354.761888    368.958936
PG22 -12924.228738   8833.670982 -21180.011423     74.628000
PG24   9870.133320  15126.222965 -20147.485899    194.428413
PG25  16683.672788  16815.199841  11996.126644    391.333928
PG26   9070.247613 -14662.343421  19852.632357   -391.872983
PG28  22993.450091  -5744.081094  12016.751895   -422.234974
PG29  14866.867773   5778.752540  21234.118518   -248.615485
PG30 -25519.796771   2133.397044  -7308.271619    354.135106
PG31  15472.197317 -10721.704582  18546.085060   -122.730584
*  2026  9  5 22 20  0.00000000
PG04  -7283.650700 -14076.268898  21310.710850     64.748192
PG05   4494.020416  24246.503532   9668.486255   -236.556988
PG06 -21903.529921   6088.661750  13927.346246   -531.347476
PG07 -25052.763665  -7493.307534   6310.806163   -222.028312
PG09 -15512.949199  -3395.168541  21194.250439    685.210977
PG11 -11054.259432  12716.652781  20573.345972   -219.132001
PG13  10845.966915  24217.528659   -820.286036    438.435558
PG14 -16498.499362   -391.181624 -20754.721660    749.958456
PG15   2540.585181  21199.351560 -16356.325479    442.359913
PG17 -20523.845063   8974.944155 -14123.517708   -197.592975
PG18  25719.280720   6223.361621   3786.922949   -263.163025
PG19 -19716.392339  16724.753862  -4595.471570    704.962159
PG20  -8860.172742  23306.240754  -9110.333260    278.853854
PG21  -5806.284949  18712.290403  17917.856055    368.956551
PG22 -13182.371997   8043.501036 -21323.668608     74.630356
PG24   9133.253442  15143.987435 -20478.208279    194.433549
PG25  16797.277515  17261.960316  11207.194371    391.332871
PG26   9483.485854 -13992.719667  20149.357255   -391.873403
PG28  23425.723046  -5628.328648  11210.115046   -422.231772
PG29  14337.435942   6397.001405  21414.843527   -248.613214
PG30 -25775.560948   2006.159627  -6425.942495    354.138808
PG31  16170.182047 -10567.826165  18048.870507   -122.729651
*  2026  9  5 22 25  0.00000000
PG04  -6766.306301 -14693.609238  21057.392259     64.748285
PG05   4267.399303  23921.595113  10527.548481   -236.557157
PG06 -22402.443751   5975.397097  13162.570081   -531.344169
PG07 -24815.366333  -7544.805630   7203.935116   -222.029464
PG09 -15060.725977  -4077.009742  21395.701484    685.208340
PG11 -11814.614792  12570.462295  20234.220655   -219.128427
PG13  10747.479207  24213.523438  -1770.562258    438.436993
PG14 -16787.977154  -1130.584249 -20504.906718    749.958374
PG15   2227.632534  21693.974636 -15718.485922    442.360860
PG17 -20213.312202   8495.873611 -14823.577980   -197.594269
PG18  25553.926130   6268.942462   4721.946196   -263.160367
PG19 -19661.933219  16511.813860  -5528.939954    704.962008
PG20  -9113.542364  23535.152811  -8235.976467    278.856547
PG21  -6115.541374  18090.886386  18446.608546    368.954140
PG22 -13455.501027   7252.996817 -21425.417419     74.633095
PG24   8385.253462  15174.066115 -20771.849760    194.438686
PG25  16905.679799  17679.092759  10396.815879    391.331828
PG26   9911.922483 -13320.620641  20406.356598   -391.873820
PG28  23829.258463  -5522.795785  10382.044024   -422.228578
PG29  13814.755195   7029.076442  21554.542313   -248.611344
PG30 -26000.148221   1886.585307  -5531.418661    354.142503
PG31  16850.925947 -10428.655669  17516.616479   -122.728822
*  2026  9  5 22 30  0.00000000
PG04  -6266.277659 -15312.092422  20763.733637     64.748359
PG05   4019.825191  23572.298820  11366.273657   -236.557385
PG06 -22874.349056   5874.922625  12372.878097   -531.340870
PG07 -24546.472937  -7597.114864   8083.814505   -222.030559
PG09 -14616.756146  -4772.535119  21555.824798    685.205727
PG11 -12564.150620  12439.340512  19856.489952   -219.124794
PG13  10632.697436  24179.356749  -2717.444436    438.438449
PG14 -17085.262028  -1855.517067 -20215.680873    749.958345
PG15   1932.919047  22172.215611 -15051.621245    442.361646
PG17 -19894.877946   7990.669005 -15494.955304   -197.595858
PG18  25354.783612   6313.724344   5648.100670   -263.157726
PG19 -19587.869355  16271.265097  -6451.459008    704.962094
PG20  -9344.290988  23740.793232  -7345.827246    278.859250
PG21  -6443.461489  17457.411940  18940.009775    368.951881
PG22 -13743.158218   6463.964999 -21485.015495     74.635781
PG24   7627.675328  15216.867554 -21027.872793    194.443840
PG25  17007.470376  18066.308438   9566.572104    391.330791
PG26  10355.005491 -12647.724275  20623.156674   -391.874236
PG28  24203.056038  -5426.354515   9534.122403   -422.225360
PG29  13300.142045   7673.738600  21652.927620   -248.608875
PG30 -26192.979136   1773.470319  -4626.407877    354.146190
PG31  17512.845391 -10303.634512  16950.401490   -122.727785
*  2026  9  5 22 35  0.00000000
PG04  -5784.290452 -15930.040807  20430.276936     64.748438
PG05   3750.617024  23200.027532  12183.028751   -236.557506
PG06 -23318.042390   5786.172332  11559.765360   -531.337577
PG07 -24246.604721  -7651.559020   8948.855856   -222.031284
PG09 -14182.244430  -5480.343765  21674.298516    685.203110
PG11 -13301.135540  12322.955732  19440.862119   -219.121172
PG13  10500.490585  24115.829640  -3659.119043    438.439891
PG14 -17389.293599  -2564.618692 -19887.637540    749.958245
PG15   1656.092224  22632.564057 -14356.918220    442.362979
PG17 -19570.079924   7459.729464 -16136.303143   -197.597136
PG18  25122.131030   6359.117870   6563.647618   -263.155066
PG19 -19495.552074  16002.658862  -7361.209154    704.961907
PG20  -9553.136594  23921.902275  -6441.595593    278.861980
PG21  -6790.065464  16813.598760  19397.118170    368.949472
PG22 -14044.785994   5678.191625 -21502.305229     74.638696
PG24   6862.088720  15272.712434 -21245.803920    194.448983
PG25  17101.239491  18423.425198   8718.077023    391.329739
PG26  10812.090671 -11975.682686  20799.365913   -391.874604
PG28  24546.208574  -5337.822051   8667.971625   -422.222209
PG29  12794.846503   8329.673424  21709.791198   -248.607201
PG30 -26353.572433   1665.578037  -3712.634274    354.149885
PG31  18154.414808 -10192.115160  16351.367752   -122.726795
*  2026  9  5 22 40  0.00000000
PG04  -5320.971330 -16545.746736  20057.641051     64.748536
PG05   3459.189125  22806.256874  12976.221759   -236.557309
PG06 -23732.407419   5708.012648  10724.770780   -531.334313
PG07 -23916.376438  -7709.433350   9797.503018   -222.032455
PG09 -13758.319951  -6198.965213  21750.881792    685.200487
PG11 -14023.871640  12220.880148  18988.117997   -219.117542
PG13  10349.789623  24023.833551  -4593.783650    438.441369
PG14 -17698.945017  -3256.601093 -19521.443655    749.958187
PG15   1396.711230  23073.545781 -13635.617324    442.363469
PG17 -19240.447929   6903.562245 -16746.329742   -197.598487
PG18  24856.352784   6406.517879   7466.868004   -263.152422
PG19 -19386.379786  15705.650200  -8256.399107    704.962061
PG20  -9740.882527  24077.289073  -5525.017759    278.864692
PG21  -7155.270697  16161.191810  19817.061949    368.947056
PG22 -14359.728766   4897.434889 -21477.214430     74.641266
PG24   6090.085511  15341.832015 -21425.234548    194.454143
PG25  17185.583416  18750.367223   7852.974396    391.328689
PG26  11282.444029 -11306.115472  20934.675439   -391.874975
PG28  24857.905544  -5255.966660   7785.247909   -422.218986
PG29  12300.047083   8995.495952  21725.004362   -248.604707
PG30 -26481.546758   1561.645099  -2791.835126    354.153600
PG31  18774.172555 -10093.364780  15720.718543   -122.726078
*  2026  9  5 22 45  0.00000000
PG04  -4876.845804 -17157.479414  19646.520793     64.748610
PG05   3145.054702  22392.518906  13744.304967   -236.557443
PG06 -24116.419300   5639.247946   9869.474303   -531.331044
PG07 -23556.493833  -7771.998748  10628.234406   -222.033437
PG09 -13346.031626  -6926.865043  21785.415362    685.197837
PG11 -14730.701076  12132.592061  18499.109629   -219.113951
PG13  10179.592855  23904.346117  -5519.650375    438.442843
PG14 -18013.027881  -3930.254162 -19117.838106    749.958114
PG15   1154.249159  23493.728775 -12889.011031    442.364534
PG17 -18907.497105   6322.781710 -17323.801085   -197.599541
PG18  24557.938476   6457.296857   8356.065548   -263.149763
PG19 -19261.791139  15380.000081  -9135.269696    704.962085
PG20  -9908.413179  24205.836933  -4597.852881    278.867392
PG21  -7538.891515  15501.942287  20199.040762    368.944670
PG22 -14687.235363   4123.418028 -21409.756776     74.643746
PG24   5313.274148  15424.366938 -21565.821664    194.459293
PG25  17259.110920  19047.164362   6972.934498    391.327649
PG26  11765.244609 -10640.603188  21028.859419   -391.875371
PG28  25137.436258  -5179.513729   6887.639096   -422.215798
PG29  11816.846124   9669.755929  21698.518380   -248.602215
PG30 -26576.621957   1460.387626  -1865.757612    354.157286
PG31  19370.726487 -10006.569270  15059.715473   -122.725079
*  2026  9  5 22 50  0.00000000
PG04  -4452.336573 -17763.491918  19197.685702     64.748696
PG05   2807.828932  21960.395565  14485.778138   -236.557372
PG06 -24469.148668   5578.626341   8995.494022   -531.327747
PG07 -23167.750799  -7840.476102  11439.565152   -222.034348
PG09 -12946.343918  -7662.450781  21777.821954    685.195189
PG11 -15420.012524  12057.478511  17974.758746   -219.110346
PG13   9988.970988  23758.426632  -6434.949297    438.444296
PG14 -18330.297416  -4584.449927 -18677.630033    749.958042
PG15    928.095668  23891.729050 -12118.441990    442.365577
PG17 -18572.721184   5718.107832 -17867.543760   -197.601033
PG18  24227.481152   6512.798436   9229.569732   -263.147100
PG19 -19123.258018  15025.577086  -9996.097585    704.962198
PG20 -10056.689335  24306.508339  -3661.879580    278.870056
PG21  -7940.639334  14837.600588  20542.327187    368.942285
PG22 -15026.461929   3357.822362 -21300.032073     74.646625
PG24   4533.273970  15520.366375 -21667.288481    194.464451
PG25  17320.449673  19313.951016   6079.650837    391.326577
PG26  12259.587721  -9980.681040  21081.775221   -391.875743
PG28  25384.192617  -5107.152024   5976.861431   -422.212578
PG29  11346.265447  10350.943332  21630.364728   -248.600294
PG30 -26638.619965   1360.507515   -936.155606    354.160998
PG31  19942.759219  -9930.837632  14369.675662   -122.724392
*  2026  9  5 22 55  0.00000000
PG04  -4047.762315 -18362.028292  18711.978716     64.748799
PG05   2447.231592  21511.511891  15199.191615   -236.557396
PG06 -24789.765263   5524.845724   8104.483224   -531.324444
PG07 -22751.026222  -7916.040840  12230.049179   -222.035464
PG09 -12560.132989  -8404.078061  21728.106517    685.192550
PG11 -16090.247440  11994.838320  17416.055116   -219.106742
PG13   9777.071885  23587.211179  -7337.931821    438.445778
PG14 -18649.457899  -5218.146403 -18201.697009    749.958019
PG15    717.559966  24266.216318 -11325.301104    442.366512
PG17 -18237.585797   5090.364213 -18376.447731   -197.603251
PG18  23865.675143   6574.331025  10085.738759   -263.144443
PG19 -18972.278428  14642.358597 -10837.198886    704.962383
PG20 -10186.743188  24378.349621  -2718.892530    278.872787
PG21  -8360.123273  14169.909283  20846.268097    368.939875
PG22 -15376.475271   2602.280514 -21148.226310     74.649414
PG24   3751.709472  15629.787553 -21729.425001    194.469618
PG25  17368.252542  19550.964604   5174.836865    391.325526
PG26  12764.488558  -9327.832819  21093.363381   -391.876123
PG28  25597.671445  -5037.540110   5054.656294   -422.209368
PG29  10889.242374  11037.494167  21520.655171   -248.597970
PG30 -26667.465281   1260.698761     -4.786458    354.164687
PG31  20489.033040  -9865.206682  13651.968833   -122.723597
*  2026  9  5 23  0  0.00000000
PG04  -3663.336926 -18951.330725  18190.314685     64.748944
PG05   2063.089235  21047.529073  15883.149324   -236.557447
PG06 -25077.541136   5476.560014   7198.127373   -531.321203
PG07 -22307.280535  -7999.817703  12998.281196   -222.036562
PG09 -12188.183238  -9150.057041  21636.356289    685.189915
PG11 -16739.906125  11943.885534  16824.054761   -219.103125
PG13   9543.124985  23391.907445  -8226.873998    438.447246
PG14 -18969.168304  -5830.391052 -17690.983099    749.957909
PG15    521.874159  24615.919524 -10511.025503    442.367384
PG17 -17903.521907   4440.475635 -18849.468995   -197.604018
PG18  23473.313496   6643.161590  10922.962470   -263.141805
PG19 -18810.369292  14230.431496 -11656.932663    704.962147
PG20 -10299.673059  24420.495275  -1770.698997    278.875502
PG21  -8796.851214  13500.596148  21110.285871    368.937473
PG22 -15736.256656   1858.369848 -20954.611500     74.651834
PG24   2970.204547  15752.495633 -21752.088524    194.474762
PG25  17401.203776  19758.543613   4260.222702    391.324480
PG26  13278.886174  -8683.485099  21063.647372   -391.876526
PG28  25777.476385  -4969.312909   4122.786879   -422.206182
PG29  10446.626114  11727.796523  21369.581694   -248.596126
PG30 -26663.185036   1159.653810    926.592193    354.168400
PG31  21008.394475  -9808.646061  12908.014325   -122.722840
*  2026  9  5 23  5  0.00000000
PG04  -3299.169225 -19529.646752  17633.678742     64.749005
PG05   1655.336888  20570.137339  16536.311682   -236.557645
PG06 -25331.853461   5432.385606   6278.141034   -531.317893
PG07 -21837.551988  -8092.875737  13742.898606   -222.037669
PG09 -11831.184268  -9898.659024  21502.740690    685.187288
PG11 -17367.553545  11903.753239  16199.878041   -219.099516
PG13   9286.445374  23173.789264  -9100.079793    438.448692
PG14 -19288.048140  -6420.323852 -17146.496811    749.957857
PG15    340.196927  24939.632175  -9677.096412    442.368026
PG17 -17571.919372   3769.465137 -19285.632120   -197.605365
PG18  23051.285020   6720.509614  11739.665206   -263.139150
PG19 -18639.059196  13789.992359 -12453.704300    704.962503
PG20 -10396.637848  24432.171923   -819.115361    278.878215
PG21  -9250.231320  12831.367283  21333.879465    368.935056
PG22 -16104.706017   1127.606142 -20719.545323     74.654706
PG24   2190.376723  15888.263954 -21735.204071    194.479940
PG25  17418.025027  19937.125246   3337.551852    391.323417
PG26  13801.647813  -8049.001735  20992.733191   -391.876903
PG28  25923.319356  -4901.088362   3183.034835   -422.202968
PG29  10019.174550  12420.196850  21177.416283   -248.593708
PG30 -26625.908646   1056.069888   1856.225592    354.172087
PG31  21499.778473  -9760.063522  12139.278042   -122.721926
*  2026  9  5 23 10  0.00000000
PG04  -2955.263126 -20095.236469  17043.124526     64.749085
PG05   1224.019281  20081.048730  17157.398389   -236.557939
PG06 -25552.186906   5390.907989   5346.264742   -531.314619
PG07 -21342.952651  -8196.223542  14462.583341   -222.038690
PG09 -11489.728284 -10648.123266  21327.511052    685.184655
PG11 -17971.824898  11873.497756  15544.707612   -219.095917
PG13   9006.437487  22934.190891  -9955.884280    438.450165
PG14 -19604.683455  -6987.179968 -16569.308938    749.957752
PG15    171.617536  25236.217470  -8825.036909    442.368947
PG17 -17244.120690   3078.450640 -19684.032664   -197.606603
PG18  22600.570947   6807.541247  12534.308627   -263.136488
PG19 -18459.881124  13321.347165 -13225.968739    704.962242
PG20 -10478.851225  24412.701883    134.036374    278.880889
PG21  -9719.573988  12163.900324  21516.625338    368.932656
PG22 -16480.646579    411.437553 -20443.470555     74.657101
PG24   1413.831406  16036.774652 -21678.764737    194.485095
PG25  17417.481211  20087.242681   2408.577951    391.322350
PG26  14331.573552  -7425.678671  20880.808760   -391.877317
PG28  26035.021560  -4831.474173   2237.196873   -422.199780
PG29   9607.551425  13113.006451  20944.510530   -248.591695
PG30 -26555.867061    948.655300   2782.365012    354.175789
PG31  21962.212204  -9718.310484  11347.269340   -122.720904
*  2026  9  5 23 15  0.00000000
PG04  -2631.518271 -20646.379722  16419.772262     64.749174
PG05    769.291573  19581.989773  17745.191117   -236.557934
PG06 -25738.135582   5350.688500   4404.261826   -531.311334
PG07 -20824.664176  -8310.804783  15156.063620   -222.039872
PG09 -11164.307928 -11396.663944  21111.000170    685.182034
PG11 -18551.430896  11852.103177  14859.786260   -219.092301
PG13   8702.598427  22674.501038 -10792.656783    438.451623
PG14 -19917.632993  -7530.291993 -15960.550302    749.957653
PG15     15.160162  25504.613188  -7956.409577    442.369862
PG17 -16921.414947   2368.641127 -20043.839446   -197.607927
PG18  22122.241225   6905.363694  13305.394461   -263.133805
PG19 -18274.365218  12824.910498 -13972.233584    704.962357
PG20 -10547.575603  24361.506347   1086.932067    278.883573
PG21 -10204.094232  11499.837813  21658.178220    368.930229
PG22 -16862.829859   -288.761127 -20126.914285     74.659725
PG24    642.156165  16197.619634 -21582.831971    194.490268
PG25  17398.386167  20209.521953   1475.061521    391.321286
PG26  14867.401260  -6814.739094  20728.143150   -391.877671
PG28  26112.514034  -4759.074599   1287.081338   -422.196544
PG29   9212.323948  13804.508139  20671.295095   -248.589689
PG30 -26453.391613    836.135663   3703.270866    354.179489
PG31  22394.818453  -9682.187797  10533.537870   -122.720124
*  2026  9  5 23 20  0.00000000
PG04  -2327.731129 -21181.383230  15764.806704     64.749261
PG05    291.419599  19074.694114  18298.536057   -236.558053
PG06 -25889.404546   5310.271184   3453.915182   -531.308049
PG07 -20283.933317  -8437.493973  15822.115631   -222.040621
PG09 -10855.314574 -12142.477245  20853.621690    685.179391
PG11 -19105.162740  11838.486234  14146.414611   -219.088702
PG13   8374.520884  22396.156707 -11608.803934    438.453115
PG14 -20225.434447  -8049.091785 -15321.409401    749.957580
PG15   -130.211480  25743.836327  -7072.814047    442.370969
PG17 -16605.031999   1641.332388 -20364.296679   -197.609608
PG18  21617.450462   7015.019842  14051.467199   -263.131139
PG19 -18084.031587  12301.204278 -14691.062044    704.962644
PG20 -10604.115910  24278.108140   2037.748934    278.886246
PG21 -10702.914495  10840.780718  21758.271745    368.927813
PG22 -17249.941032   -971.693867 -19770.486931     74.662289
PG24   -123.084943  16370.301931 -21447.535772    194.495439
PG25  17359.608094  20304.678481    538.766754    391.320232
PG26  15407.811814  -6217.328942  20535.085630   -391.878065
PG28  26155.837759  -4682.497262    334.504763   -422.193310
PG29   8833.960836  14492.963042  20358.279000   -248.587480
PG30 -26318.912472    717.260051   4617.215786    354.183192
PG31  22796.818605  -9650.451722   9699.670363   -122.719429
*  2026  9  5 23 25  0.00000000
PG04  -2043.596553 -21698.587633  15079.474936     64.749363
PG05   -209.220387  18560.895112  18816.346354   -236.557736
PG06 -26005.810849   5268.189744   2497.024013   -531.304773
PG07 -19722.067241  -8577.092550  16459.565135   -222.041916
PG09 -10563.037086 -12883.748549  20555.869326    685.176744
PG11 -19631.896766  11831.501478  13405.948727   -219.085051
PG13   8021.895649  22100.636836 -12402.772659    438.454565
PG14 -20526.610820  -8543.111867 -14653.129967    749.957473
PG15   -265.589222  25952.987462  -6175.884441    442.371760
PG17 -16296.136911    897.902347 -20644.725950   -197.611120
PG18  21087.433526   7137.483163  14771.116726   -263.128468
PG19 -17890.383211  11750.855998 -15381.075735    704.962292
PG20 -10649.813191  24162.134064   2984.669030    278.888932
PG21 -11215.067864  10188.282161  21816.718916    368.925388
PG22 -17640.604631  -1636.148442 -19374.881044     74.664767
PG24   -880.356959  16554.237401 -21273.074808    194.500618
PG25  17300.074761  20373.513250   -398.541670    391.319180
PG26  15951.434579  -5634.512786  20302.064549   -391.878448
PG28  26165.143299  -4600.359945   -618.711593   -422.190110
PG29   8472.830790  15176.617530  20006.048768   -248.585330
PG30 -26152.956704    590.807031   5522.487663    354.186898
PG31  23167.535202  -9621.820077   8847.287396   -122.718430
*  2026  9  5 23 30  0.00000000
PG04  -1778.709792 -22196.374410  14365.084042     64.749455
PG05   -732.142462  18042.318451  19297.604396   -236.557898
PG06 -26087.284134   5222.974540   1535.400533   -531.301480
PG07 -19140.428637  -8730.325254  17067.289008   -222.042774
PG09 -10287.661036 -13618.659676  20218.315909    685.174129
PG11 -20130.598745  11829.946748  12639.797584   -219.081448
PG13   7644.513702  21789.455793 -13173.053072    438.456039
PG14 -20819.676834  -9011.986403 -13957.008445    749.957400
PG15   -392.115257  26131.254804  -5267.286701    442.372482
PG17 -15995.824699    139.805998 -20884.528031   -197.612723
PG18  20533.500832   7273.652901  15462.980879   -263.125788
PG19 -17694.898970  11174.596512 -16040.957310    704.962457
PG20 -10686.038071  24013.316805   3925.882709    278.891633
PG21 -11739.501691   9543.841354  21833.412429    368.923022
PG22 -18033.390557  -2281.001079 -18940.869906     74.667644
PG24  -1628.159531  16748.756795 -21059.716454    194.505770
PG25  17218.778443  20416.908673  -1335.101745    391.318115
PG26  16496.853102  -5067.270112  20029.586049   -391.878839
PG28  26140.690002  -4511.297358  -1570.745214   -422.186898
PG29   8129.201422  15853.710225  19615.267400   -248.583215
PG30 -25956.145968    455.590555   6417.392640    354.190610
PG31  23506.394069  -9594.978528   7978.040118   -122.717841
*  2026  9  5 23 35  0.00000000
PG04  -1532.568944 -22673.172650  13622.998649     64.749528
PG05  -1276.752278  17520.674800  19741.363966   -236.557901
PG06 -26133.866785   5173.159613    570.866642   -531.298184
PG07 -18540.430647  -8897.836813  17644.216705   -222.043777
PG09 -10029.268401 -14345.396160  19841.612275    685.171485
PG11 -20600.327815  11832.568898  11849.420446   -219.077842
PG13   7242.267878  21464.156739 -13918.181292    438.457541
PG14 -21103.145373  -9455.451740 -13234.391385    749.957312
PG15   -510.976703  26277.917947  -4348.715817    442.373816
PG17 -15705.115379   -631.430037 -21083.184531   -197.613822
PG18  19957.033321   7424.349576  16125.747933   -263.123142
PG19 -17499.026824  10573.257356 -16669.452937    704.962737
PG20 -10714.184095  23831.496401   4859.592073    278.894326
PG21 -12275.081587   8908.897795  21808.324843    368.920636
PG22 -18426.820369  -2905.220706 -18469.305934     74.670411
PG24  -2365.032299  16953.108183 -20807.796737    194.510929
PG25  17114.780598  20435.824144  -2269.157245    391.317038
PG26  17042.611007  -4516.491999  19718.232634   -391.879220
PG28  26082.844739  -4413.967822  -2519.775806   -422.183702
PG29   7803.238631  16522.479073  19186.673203   -248.581204
PG30 -25729.193830    310.465696   7300.258067    354.194298
PG31  23812.926014  -9568.586999   7093.606956   -122.716798
*  2026  9  5 23 40  0.00000000
PG04  -1304.577851 -23127.465642  12854.638340     64.749597
PG05  -1842.348791  16997.652538  20146.752242   -236.557811
PG06 -26145.713601   5117.289701   -394.749424   -531.294894
PG07 -17923.531635  -9080.188956  18189.331657   -222.044781
PG09  -9787.837723 -15062.154522  19426.485981    685.168851
PG11 -21040.240021  11838.069775  11036.324125   -219.074223
PG13   6815.154088  21126.304894 -14636.742158    438.459031
PG14 -21375.533939  -9873.346524 -12486.672775    749.957201
PG15   -623.399938  26392.351271  -3421.892951    442.374273
PG17 -15424.949371  -1414.213308 -21240.259362   -197.614750
PG18  19359.477158   7590.310817  16758.159012   -263.120489
PG19 -17304.177185   9947.767632 -17265.374602    704.962611
PG20 -10735.660995  23616.621265   5784.014380    278.897034
PG21 -12820.595778   8284.825721  21741.508600    368.918254
PG22 -18819.373820  -3507.872757 -17961.118882     74.672956
PG24  -3089.560150  17166.459723 -20517.720205    194.516096
PG25  16987.216234  20431.291312  -3198.960803    391.315978
PG26  17587.218057  -3982.978225  19368.661577   -391.879615
PG28  25992.080205  -4307.059870  -3463.988766   -422.180498
PG29   7495.006441  17181.168439  18721.078452   -248.578712
PG30 -25472.902735    154.334201   8169.435393    354.197977
PG31  24086.768076  -9541.286166   6195.690318   -122.716072
*  2026  9  5 23 45  0.00000000
PG04  -1094.049410 -23557.797260  12061.474949     64.749684
PG05  -2428.126484  16474.910599  20512.971650   -236.557898
PG06 -26123.091029   5053.927223  -1359.616453   -531.291635
PG07 -17291.229812  -9277.857748  18701.672598   -222.045826
PG09  -9563.244752 -15767.149509  18973.739871    685.166200
PG11 -21449.591467  11845.112401  10202.060153   -219.070614
PG13   6363.272113  20777.480737 -15327.371849    438.460480
PG14 -21635.371082 -10265.611383 -11715.291297    749.957138
PG15   -730.644715  26474.026991  -2488.562464    442.375626
PG17 -15156.183260  -2206.891657 -21355.400024   -197.616675
PG18  18742.338171   7772.187540  17359.010420   -263.117853
PG19 -17111.716499   9299.150482 -17827.602239    704.962908
PG20 -10751.887894  23368.748752   6697.385429    278.899706
PG21 -13374.759820   7672.928868  21633.095887    368.915866
PG22 -19209.495621  -4088.122541 -17417.313847     74.675891
PG24  -3800.378327  17387.902768 -20189.959697    194.521257
PG25  16835.297978  20404.409090  -4122.776933    391.314888
PG26  18129.156348  -3467.434788  18981.603187   -391.879968
PG28  25868.972785  -4189.298706  -4401.578640   -422.177288
PG29   7204.467292  17828.036196  18219.367906   -248.576624
PG30 -25188.160627    -13.850162   9023.303016    354.201669
PG31  24327.664341  -9511.704014   5286.013270   -122.714849
*  2026  9  5 23 50  0.00000000
PG04   -900.209298 -23962.778098  11245.029741     64.749746
PG05  -3033.178047  15954.071458  20839.301553   -236.558149
PG06 -26066.375933   4981.659195  -2321.903641   -531.288345
PG07 -16645.057731  -9491.231269  19180.334834   -222.046770
PG09  -9355.263543 -16458.621263  18484.250476    685.163558
PG11 -21827.741038  11852.327350   9348.221845   -219.067007
PG13   5886.825940  20419.273161 -15988.760402    438.461955
PG14 -21881.202779 -10632.288191 -10921.727527    749.957056
PG15   -833.998103  26522.517837  -1550.488839    442.376351
PG17 -14899.585956  -3007.759644 -21428.338703   -197.618420
PG18  18107.176045   7970.540496  17927.155885   -263.115198
PG19 -16922.961086   8628.519143 -18355.085692    704.962418
PG20 -10764.286482  23088.045284   7597.962890    278.902404
PG21 -13936.221619   7074.435537  21483.298353    368.913567
PG22 -19595.602382  -4645.238130 -16838.969096     74.678186
PG24  -4496.177352  17616.455315 -19825.056018    194.526410
PG25  16658.319816  20356.338425  -5038.885016    391.313831
PG26  18666.886623  -2970.471873  18557.858948   -391.880319
PG28  25714.199983  -4059.452517  -5330.752566   -422.174082
PG29   6931.482791  18461.360786  17682.497171   -248.574822
PG30 -24875.937247   -195.076484   9860.269073    354.205372
PG31  24535.466317  -9478.462425   4366.316230   -122.714388
*  2026  9  5 23 55  0.00000000
PG04   -722.200089 -24341.091351  10406.870482     64.749843
PG05  -3656.497536  15436.714287  21125.099782   -236.558094
PG06 -25976.053916   4899.104055  -3279.783973   -531.285043
PG07 -15986.576687  -9720.607635  19624.471435   -222.047918
PG09  -9163.568033 -17134.842395  17958.966266    685.160911
PG11 -22174.152707  11858.319280   8476.441284   -219.063391
PG13   5386.123665  20053.272619 -16619.654122    438.463421
PG14 -22111.598749 -10973.518905 -10107.501080    749.956965
PG15   -934.768251  26537.499339   -609.453512    442.377193
PG17 -14655.835264  -3815.065247 -21458.893170   -197.619235
PG18  17455.598300   8185.837191  18461.508717   -263.112535
PG19 -16739.171236   7937.072638 -18846.846497    704.962569
PG20 -10774.274205  22774.786011   8484.029597    278.905127
PG21 -14503.566775   6490.494003  21292.406671    368.911191
PG22 -19976.089703  -5178.592779 -16227.233706     74.680982
PG24  -5175.707771  17851.065773 -19423.617524    194.531590
PG25  16455.660499  20288.296844  -5945.582219    391.312755
PG26  19198.854663  -2492.602252  18098.299516   -391.880683
PG28  25528.537448  -3916.338606  -6249.733699   -422.170880
PG29   6675.814915  19079.448203  17111.490911   -248.572677
PG30 -24537.280122   -390.271842  10678.774165    354.209060
PG31  24710.132865  -9440.183765   3438.353658   -122.713379
*  2026  9  6  0  0  0.00000000
PG04   -559.085747 -24691.498396   9548.608400 999999.999999
PG05  -4296.983971  14924.368324  21369.803996 999999.999999
PG06 -25852.717199   4804.918361  -4231.437610 999999.999999
PG07 -15317.371015  -9966.193370  20033.294377 999999.999999
PG09  -8987.734057 -17794.124927  17398.905749 999999.999999
PG11 -22488.397395  11861.673605   7588.386211 999999.999999
PG13   4861.576948  19681.064287 -17218.857884 999999.999999
PG14 -22325.158658 -11289.543999  -9274.167708 999999.999999
PG15  -1034.278018  26518.751711    332.748386 999999.999999
PG17 -14425.514878  -4627.016798 -21446.967476 999999.999999
PG18  16789.254078   8418.449205  18961.043872 999999.999999
PG19 -16561.545616   7226.091095 -19301.979490 999999.999999
PG20 -10783.257478  22429.354034   9353.896787 999999.999999
PG21 -15075.324190   5922.168277  21060.789959 999999.999999
PG22 -20349.339395  -5687.666846 -15583.325030 999999.999999
PG24  -5837.784679  18090.617039 -18986.319603 999999.999999
PG25  16226.786600  20201.552813  -6841.186370 999999.999999
PG26  19723.497728  -2034.240127  17603.862601 999999.999999
PG28  25312.855583  -3758.829302  -7156.764590 999999.999999
PG29   6437.127666  19680.638891  16507.440919 999999.999999
PG30 -24173.310254   -600.296684  11477.294027 999999.999999
PG31  24851.729705  -9395.497450   2503.890758 999999.999999
EOF
