#dP2026  9  3  0  0  0.00000000     289 d     IGc20 FIT AIUB
## 2434 345600.00000000   300.00000000 61286 0.0000000000000
%c M  cc GPS ccc cccc cccc cccc cccc ccccc ccccc ccccc ccccc
%c cc cc ccc ccc cccc cccc cccc cccc ccccc ccccc ccccc ccccc
/* Center for Orbit Determination in Europe (CODE)                              
/* Rapid GNSS orbits and clocks for year-day 2026-246                           
/* Middle day of a 3-day long-arc GRE solution                                  
/* Product reference - DOI 10.48620/97772                                       
/* PCV:IGS20_2425 OL/AL:FES2014b NONE     YN ORB:CoN CLK:CoN                    
*  2026  9  3  0  0  0.00000000
PG01   -266.614280 -15458.589576 -21598.204127    181.642758
PG02   7799.000244 -16680.480179 -18542.991881    168.877876
PG03  -9177.684754 -21495.645896 -12915.093500    289.155499
PG05  -2704.851588  16220.777921  20678.753641   -236.482980
PG06 -26098.262343   4988.707442  -1925.971571   -534.086571
PG07 -16904.597461  -9417.838400  18986.801052   -221.187552
PG08   4817.117348 -25842.850501   -790.429319    357.089720
PG09  -9448.418511 -16148.419200  18708.939425    687.434508
PG10  20892.383910   8259.903425 -14164.474223   -540.201929
PG12   6446.755091  21994.024168 -13699.283621   -602.934125
PG13   6164.134400  20595.879358 -15652.612952    437.198380
PG15   -821.355231  26505.457481  -1930.951838    441.599494
PG17 -15008.471136  -2660.909180 -21401.658536   -196.421776
PG19 -17007.513491   8981.972304 -18097.388787    704.934215
PG20 -10747.018400  23231.694712   7169.821932    276.553084
PG21 -13662.669498   7366.260908  21560.023979    370.964359
PG22 -19425.708878  -4414.530709 -17095.299563     72.394824
PG23  20863.749161  16099.944209  -4328.650616    685.362664
PG24  -4204.140684  17514.618314 -19986.557051    190.057661
PG27  12506.398798 -20693.581746  10113.677017      0.452187
PG30 -25026.168108   -101.890725   9469.593431    351.018105
*  2026  9  3  0  5  0.00000000
PG01    539.596487 -15612.586745 -21479.287672    181.639989
PG02   8497.507599 -16886.321517 -18034.408569    168.879988
PG03  -8803.443186 -21171.438348 -13697.627359    289.149264
PG05  -3319.665699  15702.187329  20985.187980   -236.482994
PG06 -26021.642834   4910.623768  -2885.896967   -534.083334
PG07 -16250.816113  -9639.985768  19445.243128   -221.188348
PG08   4932.203029 -25825.290594    158.037539    357.086634
PG09  -9249.376903 -16831.705836  18199.730888    687.431884
PG10  21243.340295   8663.330198 -13405.866581   -540.199805
PG12   6051.288629  21647.720226 -14427.362333   -602.933919
PG13   5675.411874  20234.328590 -16299.399516    437.199864
PG15   -923.132753  26533.942142   -990.924827    441.600594
PG17 -14758.726113  -3465.576232 -21450.817720   -196.422882
PG19 -16821.722364   8300.574964 -18607.069156    704.934525
PG20 -10758.197587  22933.933901   8062.971968    276.555798
PG21 -14227.682923   6775.499999  21388.759305    370.962027
PG22 -19808.667902  -4958.429177 -16497.899311     72.397289
PG23  20938.389712  16237.123775  -3377.670945    685.363757
PG24  -4891.041953  17746.377772 -19600.908370    190.062836
PG27  12503.464108 -20260.341397  10944.003091      0.452257
PG30 -24699.856706   -290.527470  10296.920809    351.021824
*  2026  9  3  0 10  0.00000000
PG01   1338.015702 -15779.275460 -21319.250323    181.637217
PG02   9173.890583 -17096.362719 -17489.552142    168.882066
PG03  -8402.372390 -20834.463562 -14454.370552    289.143036
PG05  -3952.211000  15187.860157  21250.802422   -236.483193
PG06 -25911.741246   4821.487633  -3840.344270   -534.080102
PG07 -15585.640103  -9878.256623  19868.690601   -221.189083
PG08   5041.419009 -25774.020258   1106.191956    357.083519
PG09  -9066.397340 -17498.812469  17655.279170    687.429289
PG10  21580.894739   9039.273137 -12621.623984   -540.197655
PG12   5631.896025  21288.848668 -15128.278304   -602.933725
PG13   5162.608349  19865.788309 -16915.103333    437.201331
PG15  -1023.075035  26528.777473    -49.002499    441.601255
PG17 -14522.167702  -4275.683633 -21457.525285   -196.424423
PG19 -16641.527133   7598.999137 -19080.563713    704.934312
PG20 -10767.719129  22603.806483   8940.724983    276.558535
PG21 -14797.811432   6199.858356  21176.582393    370.959668
PG22 -20185.104501  -5478.253938 -15867.786960     72.399695
PG23  20989.075516  16348.763426  -2420.331965    685.364815
PG24  -5560.998923  17983.577171 -19179.097632    190.068022
PG27  12501.212675 -19796.282449  11752.505198      0.452444
PG30 -24347.703279   -493.604291  11104.974376    351.025533
*  2026  9  3  0 15  0.00000000
PG01   2126.954576 -15958.030770 -21118.388077    181.634532
PG02   9826.946970 -17309.266871 -16909.497508    168.884129
PG03  -7974.521854 -20486.388697 -15183.912773    289.136824
PG05  -4601.339318  14679.297311  21475.074452   -236.483268
PG06 -25769.210186   4719.980476  -4787.499389   -534.076890
PG07 -14910.664342 -10132.804469  20256.390594   -221.190219
PG08   5146.073608 -25688.848476   2052.160654    357.080454
PG09  -8899.003042 -18148.075799  17076.640272    687.426690
PG10  21903.423623   9387.840666 -11813.281480   -540.195556
PG12   5188.660086  20918.993407 -15800.736652   -602.933030
PG13   4626.187526  19491.838216 -17498.558499    437.202816
PG15  -1122.510237  26489.805218    893.013378    441.602335
PG17 -14299.326335  -5089.420480 -21421.734047   -196.425487
PG19 -16468.092346   6878.564888 -19517.004630    704.934710
PG20 -10776.980556  22241.752207   9801.408460    276.561276
PG21 -15371.556164   5640.353727  20923.902947    370.957356
PG22 -20553.395893  -5973.545887 -15206.217356     72.402562
PG23  21014.655644  16435.793470  -1458.438028    685.365878
PG24  -6212.864471  18225.064841 -18721.838022    190.073229
PG27  12500.964676 -19302.142036  12537.556329      0.452319
PG30 -23970.866123   -711.944095  11892.249695    351.029234
*  2026  9  3  0 20  0.00000000
PG01   2904.766495 -16148.137228 -20877.075263    181.631774
PG02  10455.570318 -17523.645090 -16295.395124    168.886437
PG03  -7520.050474 -20128.889985 -15884.895474    289.130620
PG05  -5265.813697  14177.940197  21657.563107   -236.483462
PG06 -25594.804663   4604.832083  -5725.560775   -534.073638
PG07 -14227.497699 -10403.689380  20607.650802   -221.191199
PG08   5247.488191 -25569.695849   2994.072025    357.077370
PG09  -8746.623146 -18777.882347  16464.937002    687.424072
PG10  22209.333508   9709.252647 -10982.415470   -540.193429
PG12   4721.764776  20539.745373 -16443.497250   -602.933167
PG13   4066.715030  19114.042533 -18048.660891    437.204318
PG15  -1222.770967  26416.973935   1833.312721    441.603303
PG17 -14090.634543  -5904.947438 -21343.483803   -196.426804
PG19 -16302.513052   6140.665685 -19915.599451    704.934347
PG20 -10787.358115  21848.316691  10643.383088    276.564044
PG21 -15947.370633   5097.913854  20631.207940    370.954980
PG22 -20911.916897  -6443.955042 -14514.509333     72.405021
PG23  21014.055712  16499.226615   -493.800370    685.366977
PG24  -6845.562632  18469.630566 -18229.908748    190.078418
PG27  12504.004695 -18778.764256  13297.576304      0.452525
PG30 -23570.569858   -946.296648  12657.281412    351.032955
*  2026  9  3  0 25  0.00000000
PG01   3669.853286 -16348.791903 -20595.763905    181.629065
PG02  11058.754285 -17738.063113 -15648.468483    168.888451
PG03  -7039.226562 -19763.645587 -16556.014174    289.124387
PG05  -5944.313052  13685.164734  21797.909909   -236.482973
PG06 -25389.378872   4474.826849  -6652.742782   -534.070431
PG07 -13537.757169 -10690.877291  20921.840456   -221.192159
PG08   5346.990359 -25416.595329   3930.060197    357.074282
PG09  -8608.595856 -19386.674924  15821.356710    687.421477
PG10  22497.067980  10003.838303 -10130.640488   -540.191295
PG12   4231.495081  20152.695836 -17055.376746   -602.932696
PG13   3484.856772  18733.943341 -18564.370173    437.205776
PG15  -1325.187678  26310.339780   2770.080613    441.604144
PG17 -13896.425126  -6720.404150 -21222.901497   -196.428411
PG19 -16145.810051   5386.762927 -20275.632253    704.934378
PG20 -10800.200200  21424.149521  11465.045843    276.566804
PG21 -16523.666946   4573.373207  20299.060663    370.952636
PG22 -21259.047282  -6889.241169 -13794.042769     72.408004
PG23  20986.282792  16540.152998    471.766130    685.368041
PG24  -7458.092502  18716.010401 -17704.154254    190.083626
PG27  12511.575178 -18227.097097  14031.035420      0.453188
PG30 -23148.100446  -1197.334711  13398.645751    351.036637
*  2026  9  3  0 30  0.00000000
PG01   4420.671296 -16559.107781 -20274.982933    181.626335
PG02  11635.596479 -17951.048123 -14970.011394    168.890525
PG03  -6532.427405 -19392.328478 -17196.020680    289.118169
PG05  -6635.437209  13202.275678  21895.839622   -236.482984
PG06 -25153.882560   4328.809806  -7567.279010   -534.067208
PG07 -12843.062030 -10994.239649  21198.391239   -221.193100
PG08   5445.907101 -25229.692454   4858.269105    357.071176
PG09  -8484.171985 -19972.958867  15147.148892    687.418850
PG10  22765.114328  10272.033683  -9259.605945   -540.189192
PG12   3718.236454  19759.429740 -17635.250469   -602.932487
PG13   2881.376878  18353.054034 -19044.711694    437.207238
PG15  -1431.082016  26170.066848   3701.500843    441.605129
PG17 -13716.929798  -7533.916772 -21060.201164   -196.429646
PG19 -15998.925514   4618.380204 -20596.464629    704.934555
PG20 -10816.820924  20970.001919  12264.832984    276.569529
PG21 -17098.822208   4067.470134  19928.099624    370.950288
PG22 -21593.179104  -7309.273907 -13046.255500     72.410486
PG23  20930.429996  16559.734909   1436.446190    685.369085
PG24  -8049.531874  18962.891771 -17145.483316    190.088793
PG27  12524.870096 -17648.188870  14736.457987      0.452888
PG30 -22704.799993  -1465.650508  14114.962938    351.040329
*  2026  9  3  0 35  0.00000000
PG01   5155.737229 -16778.117559 -19915.337249    181.623609
PG02  12185.301804 -18161.095801 -14261.385058    168.892415
PG03  -6000.138370 -19016.599378 -17803.725201    289.111950
PG05  -7337.712309  12730.501273  21951.160829   -236.483015
PG06 -24889.357012   4165.692408  -8467.425628   -534.063994
PG07 -12145.027992 -11313.553431  21436.798135   -221.194268
PG08   5545.557940 -25009.245080   5776.856564    357.068090
PG09  -8372.518908 -20535.308013  14443.622666    687.416227
PG10  23012.010010  10514.378698  -8370.992848   -540.187075
PG12   3182.473855  19361.519125 -18182.054237   -602.932114
PG13   2257.135207  17972.852919 -19488.778247    437.208713
PG15  -1541.760167  25996.427061   4625.759527    441.606061
PG17 -13552.278327  -8343.605588 -20855.683672   -196.431095
PG19 -15862.718989   3837.097315 -20877.536508    704.934557
PG20 -10838.493838  20486.723992  13041.222976    276.572284
PG21 -17671.185093   3580.844431  19519.037310    370.947930
PG22 -21912.724002  -7704.032374 -12272.640098     72.412988
PG23  20845.680709  16559.201239   2398.427355    685.370174
PG24  -8619.040579  19208.918798 -16554.868025    190.093991
PG27  12545.028845 -17043.184186  15412.425729      0.453011
PG30 -22242.061343  -1751.752518  14804.899543    351.044038
*  2026  9  3  0 40  0.00000000
PG01   5873.633733 -17004.777806 -19517.506643    181.620884
PG02  12707.185306 -18366.677548 -13524.014964    168.894734
PG03  -5442.951571 -18638.099759 -18377.998358    289.105749
PG05  -8049.596548  12270.988266  21963.766325   -236.483809
PG06 -24596.930649   3984.458040  -9351.464654   -534.060769
PG07 -11445.261378 -11648.501522  21636.620213   -221.195095
PG08   5647.248109 -24755.622599   6683.998313    357.065007
PG09  -8272.724886 -21072.370373  13712.144123    687.413623
PG10  23236.348907  10731.513729  -7466.510502   -540.184957
PG12   2624.790370  18960.516613 -18694.786044   -602.932172
PG13   1613.084456  17594.776983 -19895.731712    437.210211
PG15  -1658.506212  25789.799600   5541.048773    441.606919
PG17 -13402.498160  -9147.592683 -20609.736238   -196.432278
PG19 -15737.963814   3044.544071 -21118.366785    704.934642
PG20 -10866.445858  19975.261584  13792.739333    276.575052
PG21 -18239.082554   3114.035345  19072.658811    370.945549
PG22 -22216.120408  -8073.604271 -11474.740527     72.415933
PG23  20731.312462  16539.841667   3355.903213    685.371249
PG24  -9165.863518  19452.697879 -15933.342653    190.099198
PG27  12573.130408 -16413.319467  16057.581051      0.453031
PG30 -21761.322479  -2056.062628  15467.170758    351.047743
*  2026  9  3  0 45  0.00000000
PG01   6573.014713 -17237.973470 -19082.244562    181.618238
PG02  13200.674492 -18566.247844 -12759.387595    168.896681
PG03  -4861.564100 -18258.444961 -18917.773092    289.099525
PG05  -8769.486233  11824.797298  21933.633332   -236.484969
PG06 -24277.814280   3784.167230 -10217.707211   -534.057537
PG07 -10745.353331 -11998.673459  21797.481358   -221.195922
PG08   5752.261775 -24469.304672   7577.892041    357.061914
PG09  -8183.803751 -21582.873503  12954.133565    687.411006
PG10  23436.787314  10924.175840  -6547.893188   -540.182823
PG12   2045.865443  18557.949024 -19172.507649   -602.931881
PG13    950.266877  17220.215871 -20264.804563    437.211692
PG15  -1782.575539  25550.669876   6445.570409    441.607643
PG17 -13267.514548  -9944.009620 -20322.831730   -196.433614
PG19 -15625.343941   2242.393911 -21318.553794    704.934610
PG20 -10901.851388  19436.652717  14517.953361    276.577813
PG21 -18800.826641   2667.480020  18589.820302    370.943172
PG22 -22501.840638  -8418.184481 -10654.148683     72.418763
PG23  20586.700423  16503.000609   4307.076597    685.372343
PG24  -9689.333381  19692.803458 -15282.002397    190.104401
PG27  12610.187816 -15759.918048  16670.630144      0.452957
PG30 -21264.060771  -2378.913636  16100.542582    351.051412
*  2026  9  3  0 50  0.00000000
PG01   7252.610330 -17476.522722 -18610.376733    181.615483
PG02  13665.311106 -18758.251714 -11969.046982    168.898825
PG03  -4256.775819 -17879.217441 -19422.046467    289.093328
PG05  -9495.722125  11392.898699  21860.823533   -236.485011
PG06 -23933.296005   3563.962543 -11064.496727   -534.054324
PG07 -10046.874095 -12363.566532  21919.070930   -221.196860
PG08   5861.855379 -24150.879442   8456.761360    357.058848
PG09  -8104.699932 -22065.629528  12171.062636    687.408397
PG10  23612.049664  11093.194601  -5616.896844   -540.180727
PG12   1446.472707  18155.311120 -19614.346047   -602.931464
PG13    269.810608  16850.506071 -20595.301245    437.213182
PG15  -1915.188333  25279.628037   7337.539742    441.608501
PG17 -13147.151170 -10731.005093 -19995.527756   -196.435281
PG19 -15525.451185   1432.357371 -21477.775607    704.934798
PG20 -10945.826698  18872.023677  15215.486820    276.580585
PG21 -19354.721391   2241.512381  18071.447396    370.940851
PG22 -22768.397836  -8738.073179  -9812.500831     72.421177
PG23  20411.320494  16450.070962   5250.162756    685.373414
PG24 -10188.873015  19927.783999 -14602.002000    190.109594
PG27  12657.142937 -15084.384860  17250.345940      0.452837
PG30 -20751.787073  -2720.547133  16703.833934    351.055114
*  2026  9  3  0 55  0.00000000
PG01   7911.231688 -17719.182108 -18102.799645    181.612758
PG02  14100.752367 -18941.132257 -11154.591083    168.900905
PG03  -3629.486740 -17501.960182 -19889.881354    289.087096
PG05 -10226.596030  10976.168700  21745.482922   -236.484784
PG06 -23564.735808   3323.073128 -11890.212100   -534.051103
PG07  -9351.367361 -12742.587250  22001.144366   -221.197845
PG08   5977.251083 -23801.041280   9318.859735    357.055752
PG09  -8034.293784 -22519.539805  11364.451342    687.405782
PG10  23760.933955  11239.487557  -4675.295737   -540.178678
PG12    827.477436  17754.059511 -20019.494829   -602.931377
PG13   -427.074357  16486.925362 -20886.599424    437.214669
PG15  -2057.523179  24977.367023   8215.189359    441.609560
PG17 -13041.131247 -11506.752523 -19628.465537   -196.436504
PG19 -15438.782913    616.175411 -21595.790172    704.934862
PG20 -10999.424557  18282.584716  15884.014482    276.583331
PG21 -19899.069774   1836.362481  17518.533369    370.938499
PG22 -23014.352733  -9033.673457  -8951.473949     72.423611
PG23  20204.752005  16382.487668   6183.392509    685.374470
PG24 -10663.997458  20156.168127 -13894.554242    190.114807
PG27  12714.861614 -14388.200749  17795.570891      0.452843
PG30 -20226.039710  -3081.111752  17275.918676    351.058805
*  2026  9  3  1  0  0.00000000
PG01   8547.775169 -17964.651995 -17560.478889    181.610002
PG02  14506.771648 -19113.338191 -10317.668038    168.903028
PG03  -2980.693993 -17128.170281 -20320.408023    289.080877
PG05 -10960.357630  10575.386081  21587.841471   -236.484853
PG06 -23173.559850   3060.818905 -12693.270794   -534.047898
PG07  -8660.344723 -13135.053154  22043.523717   -221.198875
PG08   6099.630395 -23420.588034  10162.474337    357.052657
PG09  -7971.407220 -22943.599213  10535.864983    687.403177
PG10  23882.316862  11364.055344  -3724.879147   -540.176595
PG12    189.833619  17355.606755 -20387.215434   -602.931032
PG13  -1139.100546  16130.687524 -21138.151088    437.216143
PG15  -2210.710808  24644.680148   9076.772945    441.610607
PG17 -12949.079149 -12269.457547 -19222.368570   -196.437734
PG19 -15365.740165   -204.387334 -21672.435284    704.934929
PG20 -11063.629155  17669.625432  16522.266587    276.586077
PG21 -20432.180659   1452.156288  16932.137252    370.936133
PG22 -23238.320186  -9305.488487  -8072.781997     72.426367
PG23  19966.679992  16301.721113   7105.015364    685.375561
PG24 -11114.315598  20376.470917 -13160.928309    190.119997
PG27  12784.129180 -13672.916433  18305.219559      0.452564
PG30 -19688.378368  -3460.661811  17815.727555    351.062477
*  2026  9  3  1  5  0.00000000
PG01   9161.226412 -18211.582275 -16984.447361    181.607298
PG02  14883.258606 -19273.331390  -9459.972281    168.905249
PG03  -2311.488392 -16759.292761 -20712.825604    289.074692
PG05 -11695.221498  10191.229279  21388.212623   -236.484273
PG06 -22761.254490   2776.614371 -13472.131888   -534.044680
PG07  -7975.280242 -13540.194985  22046.098118   -221.200133
PG08   6230.127972 -23010.417818  10985.929829    357.049569
PG09  -7914.809593 -23336.900028   9686.910993    687.400574
PG10  23975.158510  11467.976500  -2767.448050   -540.174504
PG12   -465.419313  16961.315653 -20716.838286   -602.930859
PG13  -1864.907724  15782.937341 -21349.483528    437.217628
PG15  -2375.828016  24282.458247   9920.569119    441.611304
PG17 -12870.522482 -13017.365373 -18778.041079   -196.439095
PG19 -15306.626223  -1027.549392 -21707.628409    704.935341
PG20 -11139.351334  17034.509812  17129.031195    276.588827
PG21 -20952.375768   1088.915934  16313.381804    370.933807
PG22 -23438.975472  -9554.118226  -7178.172109     72.429206
PG23  19696.897050  16209.270400   8013.302604    685.376636
PG24 -11539.531465  20587.200308 -12402.448028    190.125198
PG27  12865.646372 -12940.146156  18778.281033      0.452410
PG30 -19140.377912  -3859.156345  18322.250052    351.066170
*  2026  9  3  1 10  0.00000000
PG01   9750.663904 -18458.578321 -16375.803331    181.604521
PG02  15230.218753 -19419.594359  -8583.240540    168.907271
PG03  -1623.050628 -16396.714605 -21066.403448    289.068470
PG05 -12429.374287   9824.273944  21146.992595   -236.484402
PG06 -22329.360059   2469.972005 -14225.299043   -534.041469
PG07  -7297.605148 -13957.159197  22008.824193   -221.201004
PG08   6369.825659 -22571.525346  11787.592053    357.046469
PG09  -7863.223828 -23698.635403   8819.235698    687.397928
PG10  24038.506905  11552.401973  -1804.811830   -540.172394
PG12  -1137.160121  16572.493782 -21007.763824   -602.930731
PG13  -2603.067905  15444.745924 -21520.200167    437.219113
PG15  -2553.891791  23891.686371  10744.885266    441.612193
PG17 -12804.894652 -13748.767962 -18296.366268   -196.441029
PG19 -15261.645630  -1851.519310 -21701.366345    704.935156
PG20 -11227.424146  16378.670981  17703.156429    276.591582
PG21 -21457.996587    746.560409  15663.451369    370.931461
PG22 -23615.060307  -9780.255692  -6269.420737     72.431582
PG23  19395.304752  16106.656520   8906.550332    685.377741
PG24 -11939.445143  20786.863612 -11620.489962    190.130391
PG27  12960.025674 -12191.561040  19213.821137      0.452996
PG30 -18583.622161  -4276.458526  18794.536144    351.069849
*  2026  9  3  1 15  0.00000000
PG01  10315.262183 -18704.207149 -15735.708376    181.601751
PG02  15547.772485 -19550.637619  -7689.247740    168.909291
PG03   -916.647079 -16041.759056 -21380.482372    289.062269
PG05 -13160.982045   9474.990986  20864.659518   -236.484510
PG06 -21879.464411   2140.505259 -14951.323412   -534.038265
PG07  -6628.702698 -14385.010802  21931.726388   -221.202098
PG08   6519.746775 -22104.997840  12565.871625    357.043363
PG09  -7815.332745 -24028.102392   7934.521001    687.395299
PG10  24071.501989  11618.549367   -838.784996   -540.170275
PG12  -1824.189713  16190.388276 -21259.463413   -602.930425
PG13  -3352.090666  15117.106354 -21649.981261    437.220583
PG15  -2745.853681  23473.440045  11548.061368    441.613119
PG17 -12751.537882 -14462.011002 -17778.304371   -196.442207
PG19 -15230.903650  -2674.502529 -21653.724742    704.934993
PG20 -11328.598760  15703.605668  18243.552600    276.594344
PG21 -21947.411218    424.906713  14983.589608    370.929255
PG22 -23765.388553  -9984.682825  -5348.329737     72.434231
PG23  19061.914632  15995.415443   9783.082476    685.378804
PG24 -12313.953282  20973.974103 -10816.481385    190.135571
PG27  13067.788084 -11428.882194  19610.984441      0.453050
PG30 -18019.697636  -4712.335488  19231.697974    351.073536
*  2026  9  3  1 20  0.00000000
PG01  10854.294621 -18947.003780 -15065.385190    181.599013
PG02  15836.153558 -19665.006957  -6779.802816    168.911550
PG03   -193.625281 -15695.680198 -21654.475784    289.056062
PG05 -13888.197628   9143.745097  20541.772390   -236.484387
PG06 -21413.196280   1787.931120 -15648.806461   -534.035052
PG07  -5969.903204 -14822.736553  21814.897242   -221.202795
PG08   6680.850682 -21612.010509  13319.227414    357.040275
PG09  -7769.785582 -24324.704554   7034.480999    687.392693
PG10  24073.379319  11667.696937    128.816061   -540.168190
PG12  -2525.235413  15816.180876 -21471.480149   -602.930053
PG13  -4110.428718  14800.929692 -21738.584452    437.222063
PG15  -2952.594417  23028.881111  12328.473806    441.613962
PG17 -12709.706677 -15155.500637 -17224.890512   -196.443443
PG19 -15214.406176  -3494.708234 -21564.857475    704.935259
PG20 -11443.540728  15010.868417  18749.194219    276.597087
PG21 -22419.021124    123.671439  14275.097128    370.926892
PG22 -23888.851606 -10168.265957  -4416.722438     72.437065
PG23  18696.848730  15877.091165  10641.253746    685.379888
PG24 -12663.049222  21147.057651  -9991.898109    190.140763
PG27  13189.360347 -10653.873601  19968.996063      0.452815
PG30 -17450.187320  -5166.458546  19632.911422    351.077215
*  2026  9  3  1 25  0.00000000
PG01  11367.135797 -19185.477753 -14366.115270    181.596246
PG02  16095.707038 -19761.290510  -5856.744449    168.913674
PG03    544.590943 -15359.657837 -21887.870694    289.049857
PG05 -14609.168188   8830.793758  20178.969871   -236.484391
PG06 -20932.218471   1412.072231 -16316.402709   -534.031846
PG07  -5322.479256 -15269.248442  21658.497575   -221.203777
PG08   6854.027663 -21093.821646  14046.169899    357.037192
PG09  -7725.204649 -24587.954083   6120.858547    687.390077
PG10  24043.473352  11701.177368   1096.176292   -540.166086
PG12  -3238.955542  15450.983266 -21643.429546   -602.929665
PG13  -4876.483728  14497.041339 -21785.845188    437.223533
PG15  -3174.918849  22559.253164  13084.539135    441.614988
PG17 -12678.571718 -15827.709925 -16637.232375   -196.444698
PG19 -15212.060081  -4310.356159 -21434.995876    704.935249
PG20 -11572.826639  14302.065566  19219.121890    276.599846
PG21 -22871.267752   -157.527202  13539.329006    370.924534
PG22 -23984.423417 -10331.950916  -3476.439669     72.439484
PG23  18300.339687  15753.228734  11479.452541    685.380992
PG24 -12986.822706  21304.659377  -9148.262178    190.145955
PG27  13325.072651  -9868.334823  20287.163256      0.452571
PG30 -16876.664431  -5638.403817  19997.417587    351.080936
*  2026  9  3  1 30  0.00000000
PG01  11853.263425 -19418.119779 -13639.236476    181.593485
PG02  16326.886731 -19838.125639  -4921.936755    168.915519
PG03   1296.506665 -15034.792701 -22080.228611    289.043659
PG05 -15322.042676   8536.286746  19776.968892   -236.484050
PG06 -20438.220910   1012.858559 -16952.822379   -534.028630
PG07  -4687.641142 -15723.387512  21462.756605   -221.204788
PG08   7040.094136 -20551.767360  14745.264396    357.034112
PG09  -7680.192111 -24817.473488   5195.421761    687.387448
PG10  23981.220326  11720.371371   2061.485180   -540.163991
PG12  -3963.944258  15095.832722 -21775.000120   -602.929664
PG13  -5648.612356  14206.177791 -21791.676996    437.225013
PG15  -3413.551188  22065.876595  13814.717814    441.615957
PG17 -12657.224160 -16477.184984 -16016.507700   -196.445990
PG19 -15223.674001  -5119.683307 -21264.447837    704.935306
PG20 -11716.941160  13578.849022  19652.444075    276.602593
PG21 -23302.639002   -419.166931  12777.692199    370.922177
PG22 -24051.165145 -10476.757790  -2529.335795     72.442375
PG23  17872.730400  15625.367283  12296.103805    685.382082
PG24 -13285.459184  21445.350299  -8287.139432    190.151139
PG27  13475.156799  -9074.093564  20564.876784      0.452611
PG30 -16300.686255  -6127.653232  20324.524163    351.084620
*  2026  9  3  1 35  0.00000000
PG01  12312.259847 -19643.408498 -12886.140480    181.590787
PG02  16530.252106 -19894.205568  -3977.264931    168.917579
PG03   2060.561330 -14722.101994 -22231.186313    289.037457
PG05 -16024.979359   8260.266127  19336.563120   -236.484393
PG06 -19932.913581    590.328604 -17556.833954   -534.025428
PG07  -4066.532510 -16183.927971  21227.971995   -221.205771
PG08   7239.788227 -19987.255951  15415.134147    357.031043
PG09  -7633.336860 -25012.996797   4259.960488    687.384847
PG10  23886.160728  11726.701101   3022.939886   -540.161874
PG12  -4698.736675  14751.688072 -21865.953849   -602.929285
PG13  -6425.132489  13928.983779 -21756.071617    437.226497
PG15  -3669.130612  21550.143273  14517.517872    441.616997
PG17 -12644.680316 -17102.550805 -15363.961604   -196.447770
PG19 -15248.959553  -5920.950571 -21053.596780    704.935280
PG20 -11876.274487  12842.909849  20048.338735    276.605338
PG21 -23711.675506   -661.818533  11991.642874    370.919798
PG22 -24088.229411 -10603.775377  -1577.274733     72.444802
PG23  17414.473231  15495.033103  13089.671817    685.383168
PG24 -13559.238716  21567.733939  -7410.136929    190.156331
PG27  13639.744874  -8272.998114  20801.612073      0.452694
PG30 -15723.788055  -6633.595947  20613.606719    351.088332
*  2026  9  3  1 40  0.00000000
PG01  12743.813079 -19859.817310 -12108.270108    181.588069
PG02  16706.464736 -19928.285745  -3024.630862    168.919776
PG03   2835.134506 -14422.515290 -22340.456508    289.031270
PG05 -16716.153288   8002.666750  18858.621250   -236.484821
PG06 -19418.019393    144.630137 -18127.266630   -534.022206
PG07  -3460.226253 -16649.581592  20954.509805   -221.206744
PG08   7453.765714 -19401.761988  16054.463257    357.027951
PG09  -7583.221439 -25174.370289   3316.282739    687.382240
PG10  23757.941341  11721.623451   3978.748360   -540.159770
PG12  -5441.814217  14419.426006 -21916.126528   -602.928974
PG13  -7204.329641  13666.009824 -21679.099004    437.227984
PG15  -3942.207245  21013.510870  15191.498514    441.617411
PG17 -12639.886702 -17702.516699 -14680.903742   -196.449228
PG19 -15287.532971  -6712.449227 -20802.900505    704.935381
PG20 -12051.120212  12095.971711  20406.054847    276.608142
PG21 -24096.976711   -886.142592  11182.683631    370.917442
PG22 -24094.864135 -10714.155348   -622.125999     72.447297
PG23  16926.128774  15363.732775  13858.662929    685.384237
PG24 -13808.534453  21670.452872  -6518.900228    190.161525
PG27  13818.868384  -7466.909737  20996.930143      0.452580
PG30 -15147.477073  -7155.530138  20864.109875    351.092041
*  2026  9  3  1 45  0.00000000
PG01  13147.717395 -20065.821252 -11307.116566    181.585336
PG02  16856.284270 -19939.189905  -2065.948740    168.922010
PG03   3618.551890 -14136.870823 -22407.828364    289.025073
PG05 -17393.763705   7763.317217  18344.085145   -236.484669
PG06 -18895.266992   -323.979527 -18663.012665   -534.018974
PG07  -2869.720672 -17119.002393  20642.804373   -221.207792
PG08   7682.596384 -18796.820091  16661.999470    357.024878
PG09  -7528.428996 -25301.552750   2366.211087    687.379624
PG10  23596.316869  11706.623225   4927.132408   -540.157662
PG12  -6191.610189  14099.837725 -21925.428014   -602.928877
PG13  -7984.463501  13417.710199 -21560.907171    437.229458
PG15  -4233.238537  20457.496875  15835.273630    441.618679
PG17 -12641.725418 -18275.881355 -13968.705313   -196.450606
PG19 -15338.917145  -7492.507267 -20512.889917    704.935259
PG20 -12241.673620  11339.784182  20724.913783    276.610877
PG21 -24457.206716  -1092.885833  10352.360648    370.915074
PG22 -24070.415944 -10809.106155    334.239237     72.449795
PG23  16408.364194  15232.946400  14601.628229    685.385310
PG24 -14033.810716  21752.195171  -5615.110554    190.166735
PG27  14012.457910  -6657.695015  21150.478316      0.452538
PG30 -14573.226656  -7692.665182  21075.548376    351.095728
*  2026  9  3  1 50  0.00000000
PG01  13523.873470 -20259.903888 -10484.216578    181.582580
PG02  16980.563976 -19925.815797  -1103.140665    168.923960
PG03   4409.091535 -13865.912148 -22433.167925    289.018865
PG05 -18056.041344   7541.941349  17793.967829   -236.484498
PG06 -18366.383548   -815.133740 -19163.029615   -534.015757
PG07  -2295.935896 -17590.791578  20293.358106   -221.208593
PG08   7926.760791 -18174.018464  17236.556790    357.021802
PG09  -7467.550232 -25394.615251   1411.579060    687.376994
PG10  23401.151127  11683.206244   5866.330704   -540.155562
PG12  -6946.515552  13793.625963 -21893.842351   -602.928725
PG13  -8763.774590  13184.441328 -21401.721905    437.230926
PG15  -4542.586062  19883.672302  16447.515220    441.619431
PG17 -12649.019839 -18821.537482 -13228.795927   -196.451811
PG19 -15402.544074  -8259.495550 -20184.167639    704.935392
PG20 -12448.030411  10576.115960  21004.310557    276.613648
PG21 -24791.099853  -1282.877094   9502.260737    370.912721
PG22 -24014.333143 -10889.886722   1289.952059     72.452566
PG23  15861.951122  15104.120943  15317.166147    685.386423
PG24 -14235.620664  21811.700731  -4700.481814    190.171923
PG27  14220.343243  -5847.218203  21261.990708      0.452303
PG30 -14002.470532  -8244.124214  21247.508052    351.099401
*  2026  9  3  1 55  0.00000000
PG01  13872.288051 -20440.564189  -9641.149418    181.579836
PG02  17080.245853 -19887.140550   -138.132274    168.926014
PG03   5204.990282 -13610.285222 -22416.418404    289.012660
PG05 -18701.255592   7338.160118  17209.351331   -236.484593
PG06 -17833.087567  -1328.357203 -19626.342457   -534.012554
PG07  -1739.710600 -18063.502723  19906.741174   -221.210002
PG08   8186.647459 -17534.992202  17777.017918    357.018715
PG09  -7399.190315 -25453.740458    454.227510    687.374393
PG10  23172.417803  11652.892383   6794.601764   -540.153452
PG12  -7704.884870  13501.402380 -21821.427788   -602.928301
PG13  -9540.491007  12966.460603 -21201.846344    437.232421
PG15  -4870.512765  19293.655135  17026.956704    441.620238
PG17 -12660.540578 -19338.476017 -12462.660335   -196.453713
PG19 -15477.757688  -9011.833758 -19817.406524    704.935571
PG20 -12670.185872   9806.748016  21243.714944    276.616425
PG21 -25097.465986  -1457.022941   8634.008334    370.910352
PG22 -23926.168222 -10957.799931   2243.149671     72.455411
PG23  15287.763140  14978.663726  16003.924972    685.387482
PG24 -14414.603565  21847.767435  -3776.757497    190.177118
PG27  14442.254012  -5037.333621  21331.288493      0.452215
PG30 -13436.597252  -8808.947046  21379.646679    351.103093
*  2026  9  3  2  0  0.00000000
PG01  14193.073183 -20606.323359  -8779.533859    181.577098
PG02  17156.355375 -19822.225657    827.151591    168.928181
PG03   6004.450376 -13370.535885 -22357.600345    289.006478
PG05 -19327.721493   7151.494050  16591.384396   -236.484952
PG06 -17297.081739  -1863.067118 -20052.045583   -534.009329
PG07  -1201.799030 -18535.647199  19483.591124   -221.210868
PG08   8462.550518 -16881.416414  18282.336526    357.015653
PG09  -7321.975721 -25479.221462   -503.999011    687.371759
PG10  22910.200782  11617.208589   7710.226854   -540.151348
PG12  -8465.042422  13223.685339 -21708.316687   -602.928219
PG13 -10312.835240  12763.925647 -20961.660407    437.233916
PG15  -5217.180671  18689.103534  17572.396106    441.621363
PG17 -12675.011706 -19825.789880 -11671.835038   -196.454827
PG19 -15563.817045  -9747.996114 -19413.348046    704.935724
PG20 -12908.034480   9033.466691  21442.672453    276.619181
PG21 -25375.195502  -1616.302950   7749.262407    370.907992
PG22 -23805.579907 -11014.185953   3191.979209     72.457782
PG23  14686.772848  14857.936094  16660.605307    685.388586
PG24 -14571.481669  21859.257139  -2845.707443    190.182325
PG27  14677.820795  -4229.878132  21358.279949      0.452069
PG30 -12876.944815  -9386.093447  21471.694722    351.106814
*  2026  9  3  2  5  0.00000000
PG01  14486.444978 -20755.731595  -7901.025040    181.574372
PG02  17209.995865 -19730.221551   1790.791186    168.930348
PG03   6805.646228 -13147.107782 -22256.811675    289.000303
PG05 -19933.806546   6981.366075  15941.280055   -236.484996
PG06 -16760.045856  -2418.574822 -20439.304675   -534.006111
PG07   -682.868334 -19005.699802  19024.612382   -221.211670
PG08   8754.667804 -16214.999191  18751.539335    357.012589
PG09  -7234.560983 -25471.460160  -1461.255881    687.369131
PG10  22614.694043  11577.681904   8611.512849   -540.149248
PG12  -9225.288426  12960.898075 -21554.715312   -602.927967
PG13 -11079.031003  12576.894012 -20681.620091    437.235389
PG15  -5582.649060  18071.708836  18082.699112    441.622199
PG17 -12691.117183 -20282.677255 -10857.904789   -196.456232
PG19 -15659.899888 -10466.516868 -18972.800616    704.935721
PG20 -13161.369961   8258.056790  21600.805168    276.621942
PG21 -25623.263974  -1761.764674   6849.713309    370.905639
PG22 -23652.334741 -11060.415455   4134.601495     72.460479
PG23  14060.048522  14743.247278  17285.962438    685.389681
PG24 -14707.056698  21845.101428  -1909.124500    190.187522
PG27  14926.576711  -3426.663729  21342.960293      0.451831
PG30 -12324.795523  -9974.446763  21523.455972    351.110520
*  2026  9  3  2 10  0.00000000
PG01  14752.721944 -20887.374733  -7007.311254    181.571580
PG02  17242.342548 -19610.371758   2750.876089    168.932330
PG03   7606.731304 -12940.340709 -22114.227619    288.994121
PG05 -20517.937276   6827.104819  15260.313079   -236.485198
PG06 -16223.629844  -2994.087879 -20787.358450   -534.002892
PG07   -183.496239 -19472.104590  18530.575669   -221.212818
PG08   9063.099410 -15537.474445  19183.728013    357.009506
PG09  -7135.635313 -25430.965166  -2415.702013    687.366508
PG10  22286.201124  11535.832507   9496.795036   -540.147117
PG12  -9983.905390  12713.367274 -21360.903516   -602.927686
PG13 -11837.310080  12405.323312 -20362.256630    437.236878
PG15  -5966.873144  17443.188383  18556.801973    441.623058
PG17 -12707.507471 -20708.444390 -10022.498991   -196.457458
PG19 -15765.106534 -11165.995502 -18496.637783    704.935747
PG20 -13429.885781   7482.294689  21717.812442    276.624710
PG21 -25840.736481  -1894.518314   5937.079561    370.903289
PG22 -23466.308192 -11097.882702   5069.194723     72.463240
PG23  13408.750397  14635.848484  17878.808617    685.390812
PG24 -14822.205958  21804.307148   -968.821054    190.192728
PG27  15187.959473  -2629.470278  21285.411296      0.451821
PG30 -11781.371048 -10572.817876  21534.808060    351.114208
*  2026  9  3  2 15  0.00000000
PG01  14992.322862 -20999.880762  -6100.110662    181.568811
PG02  17254.636316 -19462.016599   3705.509372    168.934708
PG03   8405.845120 -12750.469405 -21930.100497    288.987921
PG05 -21078.605552   6687.948318  14549.817305   -236.485210
PG06 -15689.446922  -3588.712630 -21095.520260   -533.999650
PG07    295.830945 -19933.280886  18002.317298   -221.213921
PG08   9387.846716 -14850.594672  19578.080882    357.006409
PG09  -7023.929063 -25358.349290  -3365.503450    687.363870
PG10  21925.134155  11493.166819  10364.439847   -540.145032
PG12 -10739.164533  12481.322045 -21127.234304   -602.927587
PG13 -12585.919140  12249.071809 -20004.175519    437.238359
PG15  -6369.703237  16805.278212  18993.714248    441.623963
PG17 -12722.806305 -21102.507897  -9167.288010   -196.458904
PG19 -15878.464076 -11845.101661 -17985.796357    704.935802
PG20 -13713.176089   6707.941484  21793.471462    276.627474
PG21 -26026.771554  -2015.731126   5013.104596    370.900947
PG22 -23247.485287 -11127.998602   5993.958063     72.465681
PG23  12734.126558  14536.927227  18438.015260    685.391935
PG24 -14917.878096  21735.961639    -26.625463    190.197922
PG27  15461.313900  -1840.038440  21185.800695      0.451848
PG30 -11247.827772 -11179.949467  21505.702863    351.117903
*  2026  9  3  2 20  0.00000000
PG01  15205.764248 -21091.926173  -5181.167956    181.566072
PG02  17248.177227 -19284.596442   4652.811668    168.936747
PG03   9201.120301 -12577.622792 -21704.759393    288.981725
PG05 -21614.374617   6563.048135  13811.182851   -236.485139
PG06 -15159.066931  -4201.457195 -21363.179567   -533.996413
PG07    754.719954 -20387.629448  17440.738373   -221.214872
PG08   9728.811883 -14156.123663  19933.854434    357.003329
PG09  -6898.220001 -25254.326580  -4308.836930    687.361256
PG10  21532.012479  11451.170687  11212.847543   -540.142894
PG12 -11489.332264  12264.893311 -20854.133295   -602.927350
PG13 -13323.126505  12107.899418 -19608.055399    437.239828
PG15  -6790.884435  16159.725646  19392.521387    441.625140
PG17 -12735.617577 -21464.396554  -8293.979410   -196.460191
PG19 -15998.930897 -12502.579773 -17441.274449    704.935757
PG20 -14010.737093   5936.736218  21827.637660    276.630204
PG21 -26180.624748  -2126.621576   4079.553443    370.898593
PG22 -22995.960773 -11152.183720   6907.115182     72.468507
PG23  12037.508481  14447.601940  18962.515060    685.393021
PG24 -14995.088507  21639.237683    915.621620    190.203130
PG27  15745.894860  -1060.062816  21044.381395      0.451852
PG30 -10725.252381 -11794.520595  21436.166787    351.121595
*  2026  9  3  2 25  0.00000000
PG01  15393.657386 -21162.242120  -4252.250947    181.563346
PG02  17224.317785 -19077.654478   5590.925163    168.938911
PG03   9990.689691 -12421.823665 -21438.609701    288.975533
PG05 -22123.884813   6451.473860  13045.853231   -236.485370
PG06 -14634.009853  -4831.234913 -21589.803260   -533.993193
PG07   1192.871842 -20833.538772  16846.803872   -221.215860
PG08  10085.797819 -13455.829189  20250.384643    357.000249
PG09  -6757.339383 -25119.708944  -5243.893414    687.358652
PG10  21107.460853  11411.302676  12040.454820   -540.140806
PG12 -12232.676705  12064.113610 -20542.098068   -602.927053
PG13 -14047.228834  11981.469158 -19174.646820    437.241296
PG15  -7230.056812  15508.281814  19752.387117    441.626052
PG17 -12744.532299 -21793.752590  -7404.314126   -196.461995
PG19 -16125.401452 -13137.253359 -16864.129427    704.935933
PG20 -14321.968869   5170.389202  21820.244989    276.632934
PG21 -26301.651812  -2228.453277   3138.209376    370.896239
PG22 -22711.938809 -11171.861291   7806.917676     72.471079
PG23  11320.306227  14368.916873  19451.303992    685.394096
PG24 -15054.914414  21513.398114   1856.071017    190.208329
PG27  16040.870643   -291.185336  20861.490481      0.451806
PG30 -10214.657768 -12415.151554  21326.300930    351.125299
*  2026  9  3  2 30  0.00000000
PG01  15556.704960 -21209.620353  -3315.147123    181.560633
PG02  17184.456031 -18840.839023   6518.017474    168.940832
PG03  10772.693472 -12282.988834 -21132.132539    288.969323
PG05 -22605.858962   6352.217974  12255.322361   -236.485413
PG06 -14115.739556  -5476.868203 -21774.936837   -533.989966
PG07   1610.082878 -21269.391506  16221.541614   -221.216616
PG08  10458.508618 -12751.475721  20527.088085    356.997164
PG09  -6600.177776 -24955.402374  -6168.881575    687.356014
PG10  20652.207240  11374.987493  12845.737357   -540.138664
PG12 -12967.474209  11878.917311 -20191.697396   -602.926886
PG13 -14756.557694  11869.349024 -18704.770862    437.242786
PG15  -7686.756126  14852.694150  20072.555650    441.626994
PG17 -12748.135618 -22090.332461  -6500.062586   -196.463000
PG19 -16256.711316 -13748.029003 -16255.475799    704.936289
PG20 -14646.177599   4410.575478  21771.306051    276.635655
PG21 -26389.311445  -2322.528737   2190.870532    370.893896
PG22 -22395.732186 -11188.450268   8691.648395     72.473861
PG23  10584.003311  14301.837313  19903.443233    685.395219
PG24 -15098.489635  21357.800068   2792.868875    190.213532
PG27  16345.326728    465.011074  20637.548032      0.451689
PG30  -9716.979231 -13040.408992  21176.281125    351.128980
*  2026  9  3  2 35  0.00000000
PG01  15695.697290 -21232.918910  -2371.660148    181.557894
PG02  17130.028480 -18573.905331   7432.285406    168.943053
PG03  11545.286280 -12160.929726 -20785.884042    288.963123
PG05 -23059.107407   6264.201052  11441.131486   -236.485462
PG06 -13605.657786  -6137.092838 -21918.205431   -533.986733
PG07   2006.245059 -21693.570962  15566.041106   -221.218088
PG08  10846.550458 -12044.817189  20763.462866    356.994081
PG09  -6425.690622 -24762.402786  -7082.031235    687.353412
PG10  20167.080215  11343.609570  13627.212295   -540.136556
PG12 -13692.015871  11709.141245 -19803.570367   -602.926693
PG13 -15449.486007  11771.014277 -18199.317634    437.244260
PG15  -8160.415045  14194.698902  20352.353678    441.627774
PG17 -12745.013848 -22354.007109  -5583.020789   -196.464665
PG19 -16391.642461 -14333.899981 -15616.483026    704.935541
PG20 -14982.578218   3658.928420  21680.912089    276.638416
PG21 -26443.167637  -2410.182931   1239.346490    370.891517
PG22 -22047.761101 -11203.358438   9559.624675     72.476189
PG23   9830.151261  14247.245133  20318.060973    685.396292
PG24 -15126.999071  21171.898857   3724.160602    190.218739
PG27  16658.269932   1207.008517  20373.055753      0.451788
PG30  -9233.071002 -13668.811288  20986.357858    351.132680
*  2026  9  3  2 40  0.00000000
PG01  15811.508205 -21231.067540  -1423.606339    181.555131
PG02  17062.502943 -18276.716916   8331.958601    168.945183
PG03  12306.644273 -12055.353432 -20400.494525    288.956938
PG05 -23482.532651   6186.277278  10604.866015   -236.485536
PG06 -13105.098439  -6810.562603 -22019.314682   -533.983492
PG07   2381.346238 -22104.467693  14881.452266   -221.219163
PG08  11249.432963 -11337.589836  20959.089344    356.991003
PG09  -6232.903515 -24541.791493  -7981.596753    687.350870
PG10  19653.005969  11318.506834  14383.440641   -540.134445
PG12 -14404.613989  11554.525746 -19378.425399   -602.926577
PG13 -16124.434319  11685.850144 -17659.244647    437.245749
PG15  -8650.364886  13536.013686  20591.192165    441.628718
PG17 -12733.761473 -22584.761715  -4655.006359   -196.466077
PG19 -16528.928757 -14893.949528 -14948.373272    704.935772
PG20 -15330.297474   2917.033535  21549.232828    276.641151
PG21 -26462.891567  -2492.776743    285.454840    370.889174
PG22 -21668.551471 -11217.975628  10409.201452     72.479085
PG23   9060.363901  14205.934701  20694.354125    685.397377
PG24 -15141.672919  20955.251429   4648.094863    190.223938
PG27  16978.632922   1933.359821  20068.595428      0.451378
PG30  -8763.703111 -14298.834146  20756.856062    351.136390
*  2026  9  3  2 45  0.00000000
PG01  15905.090544 -21203.072821   -472.811103    181.552373
PG02  16983.371266 -17949.246390   9215.303043    168.947343
PG03  13054.972136 -11965.864208 -19976.667524    288.950745
PG05 -23875.133623   6117.240252   9748.152282   -236.485368
PG06 -12615.322135  -7495.854334 -22078.051455   -533.980282
PG07   2735.469855 -22500.486111  14168.984023   -221.220072
PG08  11666.571009 -10631.505191  21113.630655    356.987910
PG09  -6020.917165 -24294.730336  -8865.860346    687.348260
PG10  19111.004957  11300.964673  15113.029608   -540.132328
PG12 -15103.608467  11414.716105 -18917.039139   -602.926118
PG13 -16779.876896  11613.154914 -17085.575060    437.247220
PG15  -9155.837851  12878.330130  20788.567917    441.629664
PG17 -12712.988103 -22782.694941  -3717.854580   -196.467459
PG19 -16667.261654 -15427.353743 -14252.419082    704.935816
PG20 -15688.377374   2186.422460  21376.516176    276.643873
PG21 -26448.263065  -2571.690292   -668.982269    370.886858
PG22 -21258.732816 -11233.667040  11238.774263     72.481776
PG23   8276.311361  14178.609163  21031.589925    685.398464
PG24 -15143.780653  20707.519407   5562.827638    190.229160
PG27  17305.279057   2642.693879  19724.827209      0.451386
PG30  -8309.558613 -14928.916405  20488.174779    351.140069
*  2026  9  3  2 50  0.00000000
PG01  15977.471336 -21148.022965    478.894636    181.549624
PG02  16894.142024 -17591.575802  10080.624428    168.949283
PG03  13788.509988 -11891.965423 -19515.178700    288.944537
PG05 -24236.009512   6055.829056   8872.654244   -236.485404
PG06 -12137.511115  -8191.473304 -22094.284399   -533.977077
PG07   3068.794276 -22880.051129  13429.902780   -221.221075
PG08  12097.286980  -9928.243192  21226.833051    356.984832
PG09  -5788.912032 -24022.456492  -9733.135340    687.345667
PG10  18542.188169  11292.210139  15814.634879   -540.130243
PG12 -15787.373117  11289.264420 -18420.255256   -602.925919
PG13 -17414.347590  11552.143423 -16479.395809    437.248698
PG15  -9675.969768  12223.306647  20944.064930    441.630427
PG17 -12681.325342 -22948.017670  -2773.414429   -196.468951
PG19 -16805.296040 -15933.384109 -13529.941017    704.935863
PG20 -16055.779014   1468.567203  21163.087785    276.646605
PG21 -26399.171628  -2648.316178  -1622.141593    370.884503
PG22 -20819.035714 -11251.766739  12046.782128     72.484556
PG23   7479.713858  14165.877108  21329.107420    685.399553
PG24 -15134.624787  20428.471669   6466.526319    190.234370
PG27  17637.007535   3333.720614  19342.487737      0.451153
PG30  -7871.231172 -15557.466022  20180.786704    351.143754
*  2026  9  3  2 55  0.00000000
PG01  16029.746656 -21065.092287   1429.678026    181.546928
PG02  16796.333214 -17203.896498  10926.271397    168.951494
PG03  14505.540163 -11833.061938 -19016.874629    288.938351
PG05 -24564.363175   6000.734555   7980.070109   -236.486042
PG06 -11672.764493  -8895.858939 -22067.964344   -533.973855
PG07   3381.591719 -23241.614785  12665.530751   -221.221776
PG08  12540.813431  -9229.445495  21298.526036    356.981754
PG09  -5536.152609 -23726.276983 -10581.769357    687.343048
PG10  17947.753066  11293.406399  16486.962790   -540.128129
PG12 -16454.321850  11177.631858 -17888.983114   -602.925434
PG13 -18026.445480  11501.950902 -15841.855612    437.250172
PG15 -10209.803311  11572.561364  21057.355501    441.631911
PG17 -12637.433533 -23081.051265  -1823.544606   -196.469933
PG19 -16941.656238 -16411.409635 -12782.305224    704.935955
PG20 -16431.386766    764.874630  20909.350465    276.649369
PG21 -26315.616975  -2724.052679  -2572.202252    370.882134
PG22 -20350.288847 -11273.571322  12831.710315     72.487324
PG23   6672.335248  14168.249645  21586.318842    685.400644
PG24 -15115.534459  20117.986472   7357.373843    190.239569
PG27  17972.558826   4005.235546  18922.388113      0.450631
PG30  -7449.223026 -16182.866222  19835.237588    351.147442
*  2026  9  3  3  0  0.00000000
PG01  16063.076197 -20953.545301   2377.707887    181.544182
PG02  16691.464956 -16786.508500  11750.638606    168.953565
PG03  15204.393839 -11788.462922 -18482.671456    288.932136
PG05 -24859.504110   5950.605899   7072.128923   -236.486244
PG06 -11222.093878  -9607.390841 -21999.124534   -533.970620
PG07   3674.226795 -23583.662842  11877.244157   -221.223201
PG08  12996.296182  -8536.708992  21328.622320    356.978665
PG09  -5261.991340 -23407.562917 -11410.147411    687.340441
PG10  17328.979181  11305.647451  17128.772450   -540.126055
PG12 -17102.914721  11079.191290 -17324.196352   -602.925458
PG13 -18614.840243  11461.637185 -15174.162870    437.251629
PG15 -10756.291684  10927.665255  21128.201106    441.632281
PG17 -12580.008356 -23182.225343   -870.109598   -196.472175
PG19 -17074.942127 -16860.898607 -12010.920957    704.935699
PG20 -16814.012813     76.681243  20615.783459    276.652093
PG21 -26197.709161  -2800.296917  -3517.349194    370.879790
PG22 -19853.415652 -11300.333791  13592.092969     72.489407
PG23   5855.976400  14186.137890  21802.710861    685.401712
PG24 -15087.858854  19776.053083   8233.572849    190.244791
PG27  18310.620359   4656.123948  18465.411729      0.450563
PG30  -7043.943345 -16803.481784  19452.145518    351.151130
*  2026  9  3  3  5  0.00000000
PG01  16078.677567 -20812.740449   3321.158298    181.541450
PG02  16581.052273 -16339.819408  12552.169656    168.955558
PG03  15883.457491 -11757.385085 -17913.553430    288.925947
PG05 -25120.850960   5904.057206   6150.587105   -236.486234
PG06 -10786.419383 -10324.395088 -21887.880699   -533.967408
PG07   3947.154628 -23904.721320  11066.471287   -221.224403
PG08  13462.797789  -7851.579576  21317.117581    356.975570
PG09  -4965.872142 -23067.743473 -12216.694928    687.337822
PG10  16687.223410  11329.953140  17738.877768   -540.123926
PG12 -17731.663814  10993.230322 -16726.931333   -602.925216
PG13 -19178.277239  11430.191249 -14477.583440    437.253088
PG15 -11314.302765  10290.135509  21156.453037    441.633250
PG17 -12507.787245 -23252.075085     85.024249   -196.473218
PG19 -17203.735353 -17281.419940 -11217.238056    704.935908
PG20 -17202.402012   -594.751749  20282.941577    276.654810
PG21 -26045.668222  -2878.438040  -4455.776639    370.877440
PG22 -19329.430601 -11333.257667  14326.515619     72.491961
PG23   5032.468401  14219.850895  21977.845720    685.402790
PG24 -15052.960510  19402.772916   9093.349835    190.250002
PG27  18649.832427   5285.364573  17972.511957      0.450352
PG30  -6655.706974 -17417.665436  19032.200064    351.154837
*  2026  9  3  3 10  0.00000000
PG01  16077.820352 -20642.133428   4258.212182    181.538681
PG02  16466.597947 -15864.342848  13329.359856    168.957639
PG03  16541.179135 -11738.956318 -17310.571308    288.919728
PG05 -25347.933564   5859.674382   5217.224943   -236.486438
PG06 -10366.566052 -11045.150791 -21734.430957   -533.964183
PG07   4200.918597 -24203.362932  10234.690414   -221.225072
PG08  13939.301401  -7175.546166  21264.090045    356.972491
PG09  -4647.333541 -22708.299673 -12999.880669    687.335212
PG10  16023.914999  11367.264478  18316.149419   -540.121759
PG12 -18339.138935  10918.954686 -16098.285504   -602.924900
PG13 -19715.582300  11406.536074 -13753.438319    437.254581
PG15 -11882.623672   9661.429167  21142.052799    441.634207
PG17 -12419.555596 -23291.238110   1039.992605   -196.474758
PG19 -17326.605621 -17672.644136 -10402.744377    704.935847
PG20 -17595.237057  -1248.243027  19911.454194    276.657566
PG21 -25859.823373  -2959.850433  -5385.691516    370.875089
PG22 -18779.435114 -11373.491353  15033.617560     72.494763
PG23   4203.665621  14269.593999  22111.362246    685.403878
PG24 -15012.208528  18998.360160   9934.959312    190.255199
PG27  18988.794295   5892.032944  17444.709724      0.450640
PG30  -6284.733593 -18023.764337  18576.161288    351.158553
*  2026  9  3  3 15  0.00000000
PG01  16061.819954 -20441.280109   5187.064871    181.535932
PG02  16349.585508 -15360.696467  14080.758828    168.959741
PG03  17176.074340 -11732.219733 -16674.840640    288.913518
PG05 -25540.394532   5816.022059   4273.843074   -236.486407
PG06  -9963.260701 -11767.896874 -21539.055552   -533.960971
PG07   4436.147660 -24478.213416   9383.427578   -221.226423
PG08  14424.714964  -6510.035036  21169.699886    356.969429
PG09  -4306.011389 -22330.757953 -13758.219562    687.332611
PG10  15340.550267  11418.439289  18859.516709   -540.119647
PG12 -18923.973090  10855.491994 -15439.415635   -602.924615
PG13 -20225.666178  11389.533801 -13003.101204    437.256056
PG15 -12459.965735   9042.937061  21085.032253    441.635126
PG17 -12314.152733 -23300.450906   1992.936992   -196.476110
PG19 -17442.117022 -18034.343838  -9568.963190    704.935996
PG20 -17991.143936  -1882.695426  19502.024104    276.660316
PG21 -25640.611759  -3045.887001  -6305.316867    370.872713
PG22 -18204.613144 -11422.122777  15712.094086     72.497651
PG23   3371.438672  14335.467645  22202.976724    685.404978
PG24 -14966.971732  18563.141889  10756.687938    190.260420
PG27  19326.070471   6475.304185  16883.090957      0.450665
PG30  -5931.147277 -18620.126618  18084.858629    351.162265
*  2026  9  3  3 20  0.00000000
PG01  16032.031251 -20209.839025   6105.927645    181.533179
PG02  16231.472372 -14829.599491  14804.972952    168.962129
PG03  17786.731981 -11736.138073 -16007.539929    288.907314
PG05 -25697.990345   5771.650612   3322.258923   -236.486496
PG06  -9577.129212 -12490.839050 -21302.116427   -533.957728
PG07   4653.553307 -24727.957706   8514.254214   -221.227303
PG08  14917.875765  -5856.404445  21034.188459    356.966344
PG09  -3941.641156 -21936.683576 -14490.275433    687.330005
PG10  14638.687061  11484.248205  19367.969376   -540.117507
PG12 -19484.867732  10801.895833 -14751.535956   -602.924592
PG13 -20707.528658  11377.991158 -12227.995968    437.257530
PG15 -13044.969856   8435.978087  20985.513520    441.635758
PG17 -12190.477618 -23280.544865   2942.008561   -196.477418
PG19 -17548.834391 -18366.393990  -8717.450528    704.936055
PG20 -18388.697637  -2497.099833  19055.426244    276.663013
PG21 -25388.576751  -3137.872543  -7212.895228    370.870351
PG22 -17606.226445 -11480.174333  16360.698608     72.500208
PG23   2537.667286  14417.466638  22252.483654    685.406096
PG24 -14918.611798  18097.557648  11556.858618    190.265641
PG27  19660.197107   7034.455403  16288.803937      0.450939
PG30  -5594.976468 -19205.107962  17559.189647    351.165977
*  2026  9  3  3 25  0.00000000
PG01  15989.842092 -19947.573440   7013.031239    181.530436
PG02  16113.683172 -14271.869871  15500.667644    168.964161
PG03  18371.819718 -11749.598494 -15309.908668    288.901128
PG05 -25820.591976   5725.103232   2364.303149   -236.486355
PG06  -9208.694274 -13212.156964 -21024.056622   -533.954505
PG07   4853.926117 -24951.345934   7628.784648   -221.228365
PG08  15417.555279  -5215.939626  20857.877358    356.963283
PG09  -3554.059799 -21527.673899 -15194.663637    687.327397
PG10  13919.938978  11565.371016  19840.559294   -540.115390
PG12 -20020.597755  10757.150191 -14035.916184   -602.924262
PG13 -21160.262306  11370.665148 -11429.594031    437.258997
PG15 -13636.212215   7841.793845  20843.708643    441.636946
PG17 -12047.494270 -23232.441928   3885.371805   -196.478800
PG19 -17645.329663 -18668.771590  -7849.792516    704.936168
PG20 -18786.428106  -3090.538711  18572.506279    276.665779
PG21 -25104.365812  -3237.097250  -8106.691973    370.867988
PG22 -16985.609542 -11548.598146  16978.244625     72.503055
PG23   1704.233135  14515.479876  22259.756363    685.407179
PG24 -14868.476398  17602.158515  12333.834545    190.270825
PG27  19989.688517   7568.867600  15663.056539      0.450932
PG30  -5276.154370 -19777.078178  17000.118635    351.169682
*  2026  9  3  3 30  0.00000000
PG01  15936.666663 -19654.352954   7906.629311    181.527660
PG02  15997.603284 -13688.421022  16166.569471    168.966127
PG03  18930.089156 -11771.417688 -14583.245256    288.894937
PG05 -25908.185033   5674.923011   1401.816067   -236.486513
PG06  -8858.373584 -13930.011470 -20705.399517   -533.951266
PG07   5038.131948 -25147.199230   6728.673442   -221.229317
PG08  15922.464307  -4589.848110  20641.167312    356.960190
PG09  -3143.207178 -21105.351545 -15870.053570    687.324787
PG10  13185.969372  11662.393392  20276.402104   -540.113252
PG12 -20530.016201  10720.174193 -13293.879454   -602.924018
PG13 -21583.055834  11366.268957 -10609.411635    437.260453
PG15 -14232.210304   7261.543663  20659.918993    441.637735
PG17 -11884.236872 -23157.149861   4821.208197   -196.480367
PG19 -17730.188193 -18941.555053  -6967.602658    704.936183
PG20 -19182.826409  -3662.189235  18054.179060    276.668516
PG21 -24788.727933  -3344.810353  -8984.998613    370.865609
PG22 -16344.164439 -11628.271662  17563.607568     72.505658
PG23    873.012634  14629.290535  22224.747486    685.408268
PG24 -14817.892400  17077.605630  13086.023191    190.276049
PG27  20313.043755   8078.027120  15007.113403      0.451140
PG30  -4974.519750 -20334.427768  16408.675100    351.173397
*  2026  9  3  3 35  0.00000000
PG01  15873.938751 -19330.154675   8785.001861    181.524910
PG02  15884.572611 -13080.258180  16801.468104    168.968226
PG03  19460.380691 -11800.347330 -13828.904801    288.888704
PG05 -25960.869421   5619.660024    436.644081   -236.486545
PG06  -8526.478530 -14642.552012 -20346.747900   -533.948060
PG07   5207.107764 -25314.415280   5815.612602   -221.230425
PG08  16431.258374  -3979.255444  20384.536927    356.957099
PG09  -2709.127046 -20671.357484 -16515.171085    687.322246
PG10  12438.485172  11775.803997  20674.678741   -540.111155
PG12 -21012.058677  10689.827137 -12526.800130   -602.923761
PG13 -21975.197078  11363.478072  -9769.007043    437.261886
PG15 -14831.429251   6696.300041  20434.534448    441.638953
PG17 -11699.814553 -23055.757206   5747.719746   -196.481848
PG19 -17802.015036 -19184.923176  -6072.519101    704.936180
PG20 -19576.351080  -4211.326015  17501.426948    276.671226
PG21 -24442.510643  -3462.213958  -9846.136050    370.863251
PG22 -15683.355074 -11719.993602  18115.726500     72.508256
PG23     45.869746  14758.576720  22147.489307    685.409358
PG24 -14768.159135  16524.668205  13811.880204    190.281245
PG27  20628.753253   8561.526628  14322.293010      0.450634
PG30  -4689.818158 -20875.574436  15785.952108    351.177108
*  2026  9  3  3 40  0.00000000
PG01  15803.104938 -18975.063919   9646.458592    181.522190
PG02  15775.879610 -12448.474405  17404.218101    168.970278
PG03  19961.627996 -11835.079827 -13048.296800    288.882495
PG05 -25978.858529   5557.878359   -529.363878   -236.486806
PG06  -8213.213346 -15347.924078 -19948.782873   -533.944829
PG07   5361.857110 -25451.973637   4891.328638   -221.231357
PG08  16942.543356  -3385.201292  20088.541277    356.954021
PG09  -2251.967575 -20227.344074 -17128.800778    687.319639
PG10  11679.230519  11905.991993  21034.636891   -540.109007
PG12 -21465.747458  10664.913796 -11736.101534   -602.923636
PG13 -22336.075561  11360.936568  -8909.977643    437.263361
PG15 -15432.288407   6147.044528  20168.032327    441.639599
PG17 -11493.415816 -22929.427911   6663.132471   -196.483478
PG19 -17859.441152 -19399.153718  -5166.201876    704.936098
PG20 -19965.434640  -4737.323414  16915.298012    276.673981
PG21 -24066.656624  -3590.457078 -10688.457771    370.860925
PG22 -15004.701561 -11824.480267  18633.605694     72.510710
PG23   -775.351175  14902.912588  22028.093959    685.410443
PG24 -14720.541798  15944.221020  14509.913221    190.286436
PG27  20935.305459   9019.065617  13609.964699      0.450967
PG30  -4421.703559 -21398.969521  15133.104499    351.180810
*  2026  9  3  3 45  0.00000000
PG01  15725.617757 -18589.274461  10489.342222    181.519413
PG02  15672.755620 -11794.246232  17973.740535    168.972404
PG03  20432.862143 -11874.254351 -12242.882706    288.876292
PG05 -25962.477953   5488.163083  -1494.359896   -236.486872
PG06  -7918.674752 -16044.276686 -19512.262594   -533.941608
PG07   5503.445256 -25558.940730   3957.579491   -221.232547
PG08  17454.881319  -2808.635942  19753.810350    356.950923
PG09  -1771.981442 -19774.968081 -17709.788163    687.317005
PG10  10909.980269  12053.244965  21355.592345   -540.106873
PG12 -21890.195245  10644.189986 -10923.253556   -602.923456
PG13 -22665.184649  11357.263557  -8033.956981    437.264823
PG15 -16033.168151   5614.664064  19860.976094    441.640366
PG17 -11264.312596 -22779.395679   7565.699774   -196.484488
PG19 -17901.129502 -19584.621597  -4250.330112    704.936021
PG20 -20348.490235  -5239.657434  16296.904106    276.676704
PG21 -23662.199929  -3730.629904 -11510.352989    370.858532
PG22 -14309.774229 -11942.362234  19116.316061     72.513400
PG23  -1588.832480  15061.769922  21866.753475    685.411543
PG24 -14676.264993  15337.241395  15178.685563    190.291610
PG27  21231.193471   9450.450455  12871.545617      0.450613
PG30  -4169.740365 -21903.104336  14451.346967    351.184510
*  2026  9  3  3 50  0.00000000
PG01  15642.928829 -18173.088316  11312.031710    181.516646
PG02  15576.369481 -11118.829017  18509.024457    168.974633
PG03  20873.215336 -11916.463127 -11414.173389    288.870122
PG05 -25912.163750   5409.127098  -2456.500604   -236.486963
PG06  -7642.852079 -16729.769885 -19038.020862   -533.938270
PG07   5632.994023 -25634.474562   3016.151325   -221.233233
PG08  17966.796541  -2250.417231  19381.047357    356.947829
PG09  -1269.525467 -19315.883707 -18257.041727    687.314376
PG10  10132.533368  12217.747246  21636.930263   -540.104699
PG12 -22284.608584  10626.368360 -10089.770175   -602.923056
PG13 -22962.123273  11351.059749  -7142.611716    437.266302
PG15 -16632.416892   5099.947787  19514.013837    441.641570
PG17 -11011.863946 -22606.958060   8453.705716   -196.485931
PG19 -17925.781038 -19741.796716  -3326.599231    704.936228
PG20 -20723.918393  -5717.907170  15647.418818    276.679453
PG21 -23230.261821  -3883.758327 -12310.249710    370.856195
PG22 -13600.187498 -12074.181429  19562.996461     72.516491
PG23  -2392.790222  15234.520172  21663.739705    685.412647
PG24 -14636.506474  14704.805682  15816.819812    190.296794
PG27  21514.921625   9855.593975  12108.497627      0.450597
PG30  -3933.405878 -22386.516362  13741.952012    351.188194
*  2026  9  3  3 55  0.00000000
PG01  15556.482031 -17726.915069  12112.945421    181.513862
PG02  15487.822494 -10423.551978  19009.128201    168.976727
PG03  21281.924234 -11960.257949 -10563.726479    288.863911
PG05 -25828.460247   5319.417867  -3413.950671   -236.487100
PG06  -7385.627885 -17402.582216 -18526.965533   -533.935032
PG07   5751.676310 -25677.829071   2068.855177   -221.234648
PG08  18476.781675  -1711.307895  18971.026913    356.944735
PG09   -745.059803 -18851.735661 -18769.534856    687.311781
PG10   9348.706125  12399.578682  21878.106344   -540.102592
PG12 -22648.290907  10610.124414  -9237.206887   -602.922848
PG13 -23226.597216  11340.914115  -6237.638513    437.267747
PG15 -17228.358219   4603.584334  19127.876525    441.642159
PG17 -10735.519318 -22413.470315   9325.468188   -196.487677
PG19 -17932.140540 -19871.241418  -2396.718127    704.935924
PG20 -21090.113846  -6171.755823  14968.075307    276.682173
PG21 -22772.046265  -4050.798749 -13086.617732    370.853829
PG22 -12877.593604 -12220.388610  19972.854872     72.518743
PG23  -3185.481028  15420.436939  21419.404070    685.413735
PG24 -14602.391104  14048.085267  16423.001248    190.302000
PG27  21785.012007  10234.514602  11322.324158      0.450803
PG30  -3712.093111 -22847.795294  13006.247762    351.191913
*  2026  9  3  4  0  0.00000000
PG01  15467.706707 -17251.270739  12890.544203    181.511119
PG02  15408.143712  -9709.812976  19473.180535    168.978875
PG03  21658.332861 -12004.156901  -9693.143612    288.857708
PG05 -25712.017400   5217.723979  -4364.886268   -236.487096
PG06  -7146.779043 -18060.918125 -17980.076795   -533.931794
PG07   5860.710346 -25688.358114   1117.523495   -221.235549
PG08  18983.304048  -1191.973357  18524.593094    356.941642
PG09   -199.146680 -18384.152302 -19246.307637    687.309156
PG10   8560.325420  12598.713818  22078.647904   -540.100438
PG12 -22980.645203  10594.102685  -8367.158028   -602.922866
PG13 -23458.419961  11325.410614  -5320.760864    437.269196
PG15 -17819.298168   4126.159644  18703.376059    441.642834
PG17 -10434.821442 -22200.339084  10179.341969   -196.488772
PG19 -17919.002291 -19973.607592  -1462.406331    704.935898
PG20 -21445.472409  -6600.991270  14260.164023    276.684932
PG21 -22288.835069  -4232.633187 -13837.971565    370.851466
PG22 -12143.676217 -12381.341239  20345.169426     72.521398
PG23  -3965.208819  15618.698910  21134.177179    685.414809
PG24 -14574.985069  13368.342105  16995.981134    190.307191
PG27  22040.010869  10587.335050  10514.567036      0.450636
PG30  -3505.114000 -23285.588897  12245.615671    351.195617
*  2026  9  3  4  5  0.00000000
PG01  15378.010963 -16746.776194  13643.334378    181.508381
PG02  15338.285590  -8979.073046  19900.381657    168.980819
PG03  22001.895069 -12046.651262  -8804.067568    288.851510
PG05 -25563.587735   5102.781524  -5307.498483   -236.487177
PG06  -6925.978319 -18703.015272 -17398.405274   -533.928550
PG07   5961.353684 -25665.519061    164.006538   -221.236495
PG08  19484.812048   -692.979949  18042.657374    356.938557
PG09    367.551274 -17914.738873 -19686.468532    687.306531
PG10   7769.221857  12815.021527  22238.154846   -540.098294
PG12 -23281.176285  10576.923102  -7481.254017   -602.922612
PG13 -23657.513096  11303.134959  -4393.725859    437.270654
PG15 -18403.532565   3668.155264  18241.403116    441.644055
PG17 -10109.408791 -21969.015885  11013.721669   -196.490099
PG19 -17885.215565 -20049.633434   -525.391160    704.935830
PG20 -21788.397871  -7005.506186  13525.030319    276.687647
PG21 -21781.982713  -4430.064717 -14562.873268    370.849117
PG22 -11400.143956 -12557.301778  20679.289326     72.523968
PG23  -4730.331349  15828.393217  20808.568290    685.415905
PG24 -14555.290383  12666.923816  17534.579833    190.312413
PG27  22278.494923  10914.280578   9686.803273      0.450106
PG30  -3311.702985 -23698.608652  11461.488092    351.199331
*  2026  9  3  4 10  0.00000000
PG01  15288.775073 -16214.155125  14369.870636    181.505602
PG02  15279.120017  -8232.850707  20290.004046    168.982840
PG03  22312.176562 -12086.212545  -7898.179312    288.845230
PG05 -25384.022871   4973.380255  -6239.996700   -236.487375
PG06  -6722.796413 -19327.151719 -16783.070002   -533.925310
PG07   6054.896974 -25608.875982   -789.831331   -221.237449
PG08  19979.741575   -214.793582  17526.196459    356.935467
PG09    954.273154 -17445.070863 -20089.195917    687.303894
PG10   6977.222903  13048.265068  22356.300537   -540.096154
PG12 -23549.492656  10557.187486  -6581.158505   -602.922364
PG13 -23823.906268  11272.681392  -3458.300904    437.272097
PG15 -18979.354419   3229.947171  17742.924801    441.645074
PG17  -9759.017617 -21720.990471  11827.044561   -196.491824
PG19 -17829.689904 -20100.139876    412.595143    704.935989
PG20 -22117.308876  -7385.297720  12764.071947    276.690363
PG21 -21252.910885  -4643.813244 -15259.935195    370.846762
PG22 -10648.723848 -12748.436396  20974.635625     72.526850
PG23  -5479.266528  16048.519223  20443.164617    685.416970
PG24 -14544.239711  11945.258363  18037.689755    190.317592
PG27  22499.077473  11215.676829   8840.641849      0.450271
PG30  -3131.020940 -24085.635164  10655.345724    351.203053
*  2026  9  3  4 15  0.00000000
PG01  15201.345021 -15654.231573  15068.758836    181.502865
PG02  15231.434720  -7472.716086  20641.393160    168.985165
PG03  22588.856459 -12121.299667  -6977.194944    288.839000
PG05 -25174.269642   4828.369499  -7160.611912   -236.487214
PG06  -6536.704469 -19931.652956 -16135.256233   -533.922079
PG07   6142.657520 -25518.102384  -1742.115457   -221.238765
PG08  20466.522542    242.221142  16976.250017    356.932381
PG09   1560.162304 -16976.687531 -20453.739498    687.301283
PG10   6186.146027  13298.102594  22432.832579   -540.094040
PG12 -23785.307958  10533.486149  -5668.565440   -602.922104
PG13 -23957.736694  11232.659435  -2516.270393    437.273554
PG15 -19545.061300   2811.805114  17208.982120    441.645971
PG17  -9383.483569 -21457.784084  12617.793282   -196.493171
PG19 -17751.400177 -20126.026699   1349.818272    704.935986
PG20 -22430.645771  -7740.466724  11978.736463    276.693089
PG21 -20703.102737  -4874.511656 -15927.822650    370.844440
PG22  -9891.154744 -12954.814082  21230.701887     72.529404
PG23  -6210.498511  16277.992712  20038.630486    685.418017
PG24 -14542.691531  11204.848334  18504.278102    190.322811
PG27  22700.414387  11491.947261   7977.720475      0.450409
PG30  -2962.159450 -24445.523311   9828.714950    351.206758
*  2026  9  3  4 20  0.00000000
PG01  15117.026212 -15067.927044  15738.658691    181.500086
PG02  15195.930068  -6700.284866  20953.967997    168.987238
PG03  22831.728385 -12150.366202  -6042.862555    288.832802
PG05 -24935.365850   4666.663818  -8067.599986   -236.487388
PG06  -6367.077038 -20514.898740 -15456.213127   -533.918822
PG07   6225.972678 -25392.983505  -2690.964816   -221.239896
PG08  20943.585374    677.801372  16393.918314    356.929290
PG09   2184.269262 -16511.085596 -20779.421583    687.298690
PG10   5397.791866  13564.088094  22467.573473   -540.091890
PG12 -23988.442001  10504.404581  -4745.196056   -602.921876
PG13 -24059.248221  11181.700599  -1569.432337    437.275059
PG15 -20098.962704   2413.892471  16640.687275    441.646909
PG17  -8982.742872 -21180.942628  13384.498413   -196.494310
PG19 -17649.391376 -20128.268342   2284.544733    704.935788
PG20 -22726.877372  -8071.216536  11170.518528    276.695833
PG21 -20134.096897  -5122.702340 -16565.256440    370.842122
PG22  -9129.180722 -13176.406192  21447.054717     72.532089
PG23  -6922.583518  16515.650468  19595.706343    685.419147
PG24 -14551.425678  10447.264854  18933.389429    190.328035
PG27  22881.209851  11743.610189   7099.702348      0.450518
PG30  -2804.145411 -24777.207101   8983.165050    351.210531
*  2026  9  3  4 25  0.00000000
PG01  15037.077385 -14456.257197  16378.286356    181.497330
PG02  15173.216279  -5917.212098  21227.221522    168.989235
PG03  23040.701092 -12171.867686  -5096.959003    288.826571
PG05 -24668.435649   4487.248366  -8959.244860   -236.487332
PG06  -6213.195469 -21075.329711 -14747.251282   -533.915604
PG07   6306.193092 -25233.418120  -3634.496021   -221.240776
PG08  21409.367495   1091.786012  15780.359760    356.926202
PG09   2825.555092 -16049.713143 -21065.638224    687.296098
PG10   4613.937453  13845.672778  22460.421179   -540.089755
PG12 -24158.821352  10468.530194  -3812.795774   -602.921529
PG13 -24128.789946  11118.465003   -619.594965    437.276501
PG15 -20639.387335   2036.266613  16039.220802    441.647650
PG17  -8556.833074 -20892.029795  14125.740940   -196.496235
PG19 -17522.783166 -20107.909426   3215.044719    704.935902
PG20 -23004.507644  -8377.851327  10340.957111    276.698580
PG21 -19547.481255  -5388.834111 -17171.015327    370.839732
PG22  -8364.544509 -13413.086402  21623.334174     72.534596
PG23  -7614.155366  16760.255230  19115.207594    685.420241
PG24 -14571.139280   9674.141178  19324.147979    190.333185
PG27  23040.221920  11971.275454   6208.272915      0.450510
PG30  -2655.945934 -25079.704227   8120.305313    351.214245
*  2026  9  3  4 30  0.00000000
PG01  14962.704736 -13820.328146  16986.416888    181.494595
PG02  15163.811033  -5125.185896  21460.720951    168.991229
PG03  23215.798595 -12184.268959  -4141.286602    288.820332
PG05 -24374.684598   4289.183939  -9833.861671   -236.487523
PG06  -6074.251737 -21611.453760 -14009.740155   -533.912366
PG07   6384.675832 -25039.419868  -4570.827409   -221.241638
PG08  21862.319767   1484.115281  15136.788376    356.923126
PG09   3482.895092 -15593.963757 -21311.860225    687.293506
PG10   3836.329527  14142.206890  22411.349565   -540.087617
PG12 -24296.479497  10424.459090  -2873.131045   -602.921422
PG13 -24166.814403  11041.647897    331.426707    437.277978
PG15 -21164.690277   1678.879783  15405.828562    441.648741
PG17  -8105.893367 -20592.620170  14840.154574   -196.497572
PG19 -17370.774135 -20066.060005   4139.594984    704.935780
PG20 -23262.082245  -8660.774019   9491.632614    276.701307
PG21 -18944.886554  -5673.259533 -17743.938368    370.837414
PG22  -7598.980935 -13664.631073  21759.254064     72.537496
PG23  -8283.930679  17010.500996  18598.023308    685.421323
PG24 -14602.443112   8887.165965  19675.759807    190.338412
PG27  23176.267817  12175.640729   5305.136637      0.450361
PG30  -2516.473532 -25352.120283   7241.782037    351.217950
*  2026  9  3  4 35  0.00000000
PG01  14895.056302 -13161.332370  17561.886593    181.491834
PG02  15168.137502  -4325.921042  21654.107913    168.993480
PG03  23357.159834 -12186.051487  -3177.669743    288.814098
PG05 -24055.394397   4071.611701 -10689.799812   -236.487547
PG06  -5949.352671 -22121.852115 -13245.105340   -533.909133
PG07   6462.777438 -24811.118067  -5498.083201   -221.242583
PG08  22300.912865   1854.829849  14464.471193    356.920031
PG09   4155.082876 -15145.170913 -21517.634010    687.290899
PG10   3066.677949  14452.941962  22320.408737   -540.085489
PG12 -24401.556564  10370.802825  -1927.986109   -602.921194
PG13 -24173.875313  10949.986041   1281.814327    437.279456
PG15 -21673.260041   1341.580473  14741.818595    441.649663
PG17  -7630.164473 -20284.292352  15526.427957   -196.498931
PG19 -17192.645753 -20003.890570   5056.481714    704.935822
PG20 -23498.194920  -8920.483775   8624.163900    276.704071
PG21 -18327.979813  -5976.232679 -18282.927146    370.835063
PG22  -6834.210453 -13930.720034  21854.602114     72.540188
PG23  -8930.713763  17265.018661  18045.114755    685.422409
PG24 -14645.858396   8088.076298  19987.514676    190.343609
PG27  23288.228969  12357.487501   4392.013771      0.450413
PG30  -2384.591575 -25593.652639   6349.275429    351.221675
*  2026  9  3  4 40  0.00000000
PG01  14835.216607 -12480.544270  18103.595243    181.489139
PG02  15186.522792  -3521.152530  21807.098485    168.995717
PG03  23465.037843 -12175.720657  -2207.951447    288.807868
PG05 -23711.917322   3833.757548 -11525.445905   -236.487435
PG06  -5837.524567 -22605.185126 -12454.825738   -533.905904
PG07   6541.846924 -24548.758014  -6414.397719   -221.243632
PG08  22723.643543   2204.069541  13764.725574    356.917029
PG09   4840.834792 -14704.602639 -21682.582354    687.288271
PG10   2306.649254  14777.033486  22187.725263   -540.083322
PG12 -24474.298592  10306.195151   -979.159707   -602.921016
PG13 -24150.624916  10842.263923   2229.749670    437.280928
PG15 -22163.525420   1024.115281  14048.557844    441.650559
PG17  -7129.988104 -19968.622112  16183.306723   -196.500183
PG19 -16987.766017 -19922.626812   5964.003401    704.936117
PG20 -23711.493709  -9157.573079   7740.205251    276.706786
PG21 -17698.457604  -6297.907310 -18786.947879    370.832732
PG22  -6071.932748 -14210.937764  21909.240031     72.542623
PG23  -9553.401116  17522.381965  17457.513795    685.423490
PG24 -14701.814049   7278.650475  20258.787715    190.348847
PG27  23375.055773  12517.676719   3470.637165      0.450400
PG30  -2259.119978 -25803.593935   5444.496413    351.225388
*  2026  9  3  4 45  0.00000000
PG01  14784.201614 -11779.315366  18610.508173    181.486374
PG02  15219.196807  -2712.629067  21919.483107    168.997562
PG03  23539.798440 -12151.812996  -1233.989851    288.801626
PG05 -23345.670403   3574.936114 -12339.226701   -236.487566
PG06  -5737.718175 -23060.197708 -11640.430609   -533.902670
PG07   6623.218765 -24252.700771  -7317.919651   -221.244515
PG08  23129.040785   2532.071636  13038.916484    356.913958
PG09   5538.794673 -14273.456483 -21806.404979    687.285648
PG10   1557.860363  15113.544004  22013.502274   -540.081180
PG12 -24515.056379  10229.298684    -28.461720   -602.920520
PG13 -24097.810898  10717.319784   3173.418109    437.282361
PG15 -22633.962145    726.131249  13327.468778    441.651440
PG17  -6605.806007 -19647.175614  16809.595443   -196.501791
PG19 -16755.592757 -19823.544177   6860.473696    704.936048
PG20 -23900.686943  -9372.724416   6841.443252    276.709496
PG21 -17058.039216  -6638.335501 -19255.033414    370.830383
PG22  -5313.820457 -14504.774973  21923.103445     72.545555
PG23 -10150.985551  17781.113727  16836.321114    685.424636
PG24 -14770.644410   6460.700596  20489.040839    190.354033
PG27  23435.772056  12657.144164   2542.749083      0.450260
PG30  -2138.841118 -25981.335190   4529.183343    351.229076
*  2026  9  3  4 50  0.00000000
PG01  14742.953985 -11059.069189  19081.658234    181.483630
PG02  15266.291532  -1902.106574  21991.126378    168.999860
PG03  23581.918443 -12112.903280   -257.654641    288.795386
PG05 -22958.129351   3294.554383 -13129.611883   -236.487583
PG06  -5648.814019 -23485.724440 -10803.496515   -533.899427
PG07   6708.205908 -23923.422405  -8206.816342   -221.245310
PG08  23515.671806   2839.168753  12288.453704    356.910873
PG09   6247.538897 -13852.854793 -21888.879011    687.283014
PG10    821.872483  15461.446606  21798.019448   -540.079073
PG12 -24524.283881  10138.811495    922.290234   -602.919991
PG13 -24016.272911  10574.051431   4111.012097    437.283808
PG15 -23083.099304    447.178653  12580.025911    441.652432
PG17  -6058.158594 -19321.502741  17404.159430   -196.502479
PG19 -16495.676612 -19707.962226   7744.224267    704.936328
PG20 -24064.549012  -9566.706570   5929.593604    276.712244
PG21 -16408.459743  -6997.466709 -19686.285086    370.828039
PG22  -4561.513027 -14811.630571  21896.201752     72.548509
PG23 -10722.559924  18039.692328  16182.704318    685.425733
PG24 -14852.587441   5636.065016  20677.823922    190.359256
PG27  23469.479226  12776.895532   1610.098049      0.450406
PG30  -2022.505921 -26126.368510   3605.098638    351.232794
*  2026  9  3  4 55  0.00000000
PG01  14712.338685 -10321.295854  19516.147617    181.480888
PG02  15327.840726  -1091.341680  22021.966749    169.002182
PG03  23591.983405 -12057.611523    719.176560    288.789148
PG05 -22550.822269   2992.114916 -13895.116791   -236.487623
PG06  -5569.628049 -23880.694276  -9945.644173   -533.896228
PG07   6798.092842 -23561.512707  -9079.278111   -221.246636
PG08  23882.147880   3125.786353  11514.788997    356.907761
PG09   6965.581726 -13443.840346 -21929.859296    687.280386
PG10    100.185214  15819.628825  21541.632865   -540.076952
PG12 -24502.536175  10033.473574   1871.274253   -602.920162
PG13 -23906.938721  10411.421792   5040.734626    437.285253
PG15 -23509.525496    186.714234  11807.752235    441.653093
PG17  -5487.683165 -18993.130533  17965.926416   -196.504568
PG19 -16207.663636 -19577.238814   8613.607632    704.935794
PG20 -24201.925858  -9740.370540   5006.397872    276.714957
PG21 -15751.463105  -7375.147296 -20079.874460    370.825656
PG22  -3816.610724 -15130.814021  21828.617831     72.550717
PG23 -11267.320426  18296.558439  15497.895865    685.426804
PG24 -14947.783430   4806.600664  20824.775730    190.364456
PG27  23475.360104  12878.001268    674.435737      0.450682
PG30  -1908.840135 -26238.289373   2674.025331    351.236512
*  2026  9  3  5  0  0.00000000
PG01  14693.138946  -9567.546367  19913.149535    181.478108
PG02  15403.780039   -282.085273  22012.016096    169.004004
PG03  23570.684887 -11984.609787   1694.621856    288.782904
PG05 -22125.323173   2667.218658 -14634.305038   -236.487978
PG06  -5498.917576 -24244.134854  -9068.535198   -533.893012
PG07   6894.128758 -23167.673372  -9933.522565   -221.247564
PG08  24227.129975   3392.439859  10719.413234    356.904680
PG09   7691.380917 -13047.372318 -21929.278587    687.277747
PG10   -605.769107  16186.896910  21244.774745   -540.074812
PG12 -24450.467002   9912.073149   2816.667646   -602.920253
PG13 -23770.819980  10228.464223   5960.802692    437.286693
PG15 -23911.894680    -55.895154  11012.215584    441.654143
PG17  -4895.111744 -18663.556779  18493.888104   -196.505981
PG19 -15891.297543 -19432.764135   9466.999984    704.935935
PG20 -24311.740200  -9894.645120   4073.620188    276.717678
PG21 -15088.795054  -7771.120503 -20435.044932    370.823318
PG22  -3080.668833 -15461.548057  21720.507670     72.553179
PG23 -11784.569455  18550.121940  14783.190864    685.427874
PG24 -15056.274184   3974.175308  20929.624588    190.369630
PG27  23452.682408  12961.591180   -262.486119      0.450951
PG30  -1796.550720 -26316.798479   1737.763561    351.240191
*  2026  9  3  5  5  0.00000000
PG01  14686.052598  -8799.426679  20271.909766    181.475374
PG02  15493.947525    523.923902  21961.359199    169.006165
PG03  23518.817276 -11892.628794   2666.798763    288.776680
PG05 -21683.245353   2319.567327 -15345.791044   -236.487816
PG06  -5435.387480 -24575.176396  -8173.868779   -533.889786
PG07   6997.520847 -22742.715660 -10767.798909   -221.248545
PG08  24549.334173   3639.731418   9903.853484    356.901577
PG09   8423.343568 -12664.322632 -21887.147584    687.275187
PG10  -1294.630803  16561.980479  20907.953052   -540.072723
PG12 -24368.825885   9773.452829   3756.650458   -602.919695
PG13 -23609.007657  10024.287502   6869.450728    437.288157
PG15 -24288.931724   -281.368498  10195.024935    441.655074
PG17  -4281.268530 -18334.243781  18987.101588   -196.507101
PG19 -15546.421579 -19275.954617  10302.803991    704.935880
PG20 -24392.996432 -10030.532128   3133.043894    276.720396
PG21 -14422.196179  -8185.026879 -20751.113197    370.820987
PG22  -2355.192048 -15802.971762  21572.099881     72.555948
PG23 -12273.718018  18798.769022  14039.944726    685.428964
PG24 -15178.002722   3140.659773  20992.188814    190.374834
PG27  23400.801894  13028.848836  -1198.918763      0.450544
PG30  -1684.332359 -26361.703168    798.126987    351.243913
*  2026  9  3  5 10  0.00000000
PG01  14691.688794  -8018.591503  20591.748044    181.472660
PG02  15598.084567   1324.965553  21870.153122    169.008110
PG03  23437.274158 -11780.464313   3633.827931    288.770434
PG05 -21226.234593   1948.965374 -16028.242458   -236.487893
PG06  -5377.696655 -24873.055154  -7263.378265   -533.886574
PG07   7109.427759 -22287.557509 -11580.392222   -221.249881
PG08  24847.536858   3868.346315   9069.670073    356.898479
PG09   9159.832187 -12295.472698 -21803.554844    687.272566
PG10  -1965.117976  16943.537511  20531.750974   -540.070583
PG12 -24258.454840   9616.515539   4689.409023   -602.919226
PG13 -23422.667133   9798.080527   7764.934019    437.289607
PG15 -24639.437592   -490.506212   9357.826666    441.655778
PG17  -3647.066981 -18006.612305  19444.690644   -196.508615
PG19 -15172.980000 -19108.246730  11119.451581    704.936000
PG20 -24444.785205 -10149.101337   2186.468144    276.723126
PG21 -13753.394950  -8616.405161 -21027.470582    370.818659
PG22  -1641.629089 -16154.143986  21383.695107     72.558640
PG23 -12734.287684  19040.869420  13269.570679    685.430074
PG24 -15312.813473   2307.920177  21012.376885    190.380046
PG27  23319.165140  13081.005788  -2133.119414      0.450783
PG30  -1570.874036 -26372.918374   -143.060836    351.247588
*  2026  9  3  5 15  0.00000000
PG01  14710.565146  -7226.737942  20872.059312    181.469916
PG02  15715.837196   2119.344049  21738.626492    169.010408
PG03  23327.044261 -11646.983291   4593.836881    288.764209
PG05 -20755.962290   1555.321507 -16680.382484   -236.487749
PG06  -5324.464662 -25137.116422  -6338.827687   -533.883338
PG07   7230.953266 -21803.220148 -12369.627688   -221.250833
PG08  25120.579639   4079.049059   8218.453624    356.895382
PG09   9899.170946 -11941.510536 -21678.666552    687.269912
PG10  -2616.031312  17330.159686  20116.826265   -540.068448
PG12 -24120.284687   9440.230224   5613.139540   -602.919128
PG13 -23213.032991   9549.116661   8645.532081    437.291105
PG15 -24962.294188   -684.185373   8502.300777    441.656754
PG17  -2993.506544 -17682.035763  19865.846898   -196.509920
PG19 -14771.019158 -18931.090704  11915.406697    704.936035
PG20 -24466.287652 -10251.485099   1235.704471    276.725885
PG21 -13084.100818  -9064.693611 -21263.584231    370.816340
PG22   -941.367558 -16514.047100  21155.665344     72.561474
PG23 -13165.912049  19274.783766  12473.537139    685.431161
PG24 -15460.452969   1477.810207  20990.187369    190.385229
PG27  23207.311959  13119.335639  -3063.354224      0.450983
PG30  -1454.865666 -26350.467130  -1083.970142    351.251288
*  2026  9  3  5 20  0.00000000
PG01  14743.105262  -6425.598939  21112.314816    181.467200
PG02  15846.757790   2905.394499  21567.078693    169.012565
PG03  23189.206985 -11491.129685   5544.963750    288.757982
PG05 -20274.118488   1138.649772 -17300.992098   -236.488086
PG06  -5274.278563 -25366.817068  -5402.008212   -533.880104
PG07   7363.140170 -21290.824205 -13133.874781   -221.251488
PG08  25367.374009   4272.679162   7351.822071    356.892295
PG09  10639.652103 -11603.028324 -21512.726158    687.267304
PG10  -3246.258577  17720.378033  19663.910458   -540.066318
PG12 -23955.330980   9243.637290   6526.051654   -602.918794
PG13 -22981.403520   9276.757737   9509.552000    437.292584
PG15 -25256.468799   -863.354643   7630.157083    441.657734
PG17  -2321.669047 -17361.834628  20249.830869   -196.511325
PG19 -14340.688190 -18745.944181  12689.168023    704.936082
PG20 -24456.779243 -10338.872716    282.573318    276.728619
PG21 -12415.997423  -9529.231786 -21458.998158    370.814007
PG22   -255.729055 -16881.591058  20888.453147     72.564039
PG23 -13568.337725  19498.871013  11653.364963    685.432254
PG24 -15620.571032    652.163491  20925.708597    190.390436
PG27  23064.877440  13145.147975  -3987.901175      0.450519
PG30  -1335.004747 -26294.480609  -2022.768669    351.255000
*  2026  9  3  5 25  0.00000000
PG01  14789.636726  -5616.936584  21312.063061    181.464512
PG02  15990.307163   3681.488678  21355.878972    169.014705
PG03  23024.927537 -11311.929988   6485.361041    288.751768
PG05 -19782.404871    699.070188 -17888.912156   -236.488462
PG06  -5225.699899 -25561.727597  -4454.734548   -533.876891
PG07   7506.964475 -20751.585330 -13871.551356   -221.252479
PG08  25586.905713   4450.146621   6471.417665    356.889208
PG09  11379.542568 -11280.520355 -21306.053883    687.264680
PG10  -3854.778750  18112.668881  19173.807938   -540.064147
PG12 -23764.689565   9025.853766   7426.372046   -602.918481
PG13 -22729.134954   8980.457678  10355.331732    437.294050
PG15 -25521.018158  -1029.028892   6743.131408    441.658710
PG17  -1632.714767 -17047.271106  20595.972888   -196.512732
PG19 -13882.239301 -18554.265852  13439.271681    704.936326
PG20 -24415.633257 -10412.504552   -671.099446    276.731373
PG21 -11750.735908 -10009.262753 -21613.334139    370.811651
PG22    414.035435 -17255.617763  20582.570752     72.567113
PG23 -13941.424836  19711.495911  10810.624563    685.433335
PG24 -15792.722438   -167.213910  20819.118103    190.395635
PG27  22891.593618  13159.782194  -4905.052936      0.450236
PG30  -1210.002987 -26205.197694  -2957.625409    351.258714
*  2026  9  3  5 30  0.00000000
PG01  14850.389501  -4802.535303  21470.930599    181.461790
PG02  16145.857007   4446.040784  21105.465453    169.016947
PG03  22835.451688 -11108.498410   7413.199368    288.745543
PG05 -19282.527728    236.808933 -18443.045391   -236.487845
PG06  -5177.271788 -25721.533723  -3498.841303   -533.873688
PG07   7663.329876 -20186.809338 -14581.127662   -221.253765
PG08  25778.238808   4612.427143   5578.903968    356.886122
PG09  12117.090576 -10974.381422 -21059.046083    687.262082
PG10  -4440.665800  18505.460075  18647.394879   -540.061991
PG12 -23549.531789   8786.078148   8312.348020   -602.918429
PG13 -22457.635470   8659.765732  11181.243337    437.295541
PG15 -25755.092081  -1182.283564   5842.981767    441.659398
PG17   -927.878198 -16739.544092  20903.673897   -196.514008
PG19 -13396.027634 -18357.509066  14164.293890    704.936077
PG20 -24342.323847 -10473.665939  -1623.486036    276.734104
PG21 -11089.928393 -10503.935733 -21726.292473    370.809295
PG22   1066.749857 -17634.905706  20238.599098     72.569165
PG23 -14285.147022  19911.036486   9946.932906    685.434406
PG24 -15976.369060   -978.550842  20670.681819    190.400843
PG27  22687.290749  13164.601247  -5813.119659      0.449821
PG30  -1078.592898 -26082.964096  -3886.714370    351.262458
*  2026  9  3  5 35  0.00000000
PG01  14925.494781  -3984.194966  21588.622681    181.459066
PG02  16312.692696   5197.513010  20816.344083    169.019007
PG03  22622.100183 -10880.041690   8326.671181    288.739305
PG05 -18776.190932   -247.801914 -18962.358301   -236.487872
PG06  -5127.526102 -25846.037457  -2536.179306   -533.870486
PG07   7833.062574 -19597.886917 -15261.130239   -221.254793
PG08  25940.519403   4760.557106   4675.962841    356.883026
PG09  12850.532447 -10684.905642 -20772.174494    687.259463
PG10  -5003.092084  18897.137453  18085.618043   -540.059828
PG12 -23311.099376   8523.594908   9182.251076   -602.918130
PG13 -22168.358980   8314.329298  11985.696170    437.296986
PG15 -25957.936689  -1324.248812   4931.484568    441.660323
PG17   -208.463528 -16439.784422  21172.406124   -196.515194
PG19 -12882.510738 -18157.115468  14862.853588    704.936190
PG20 -24236.428693 -10523.680879  -2572.760270    276.736815
PG21 -10435.141628 -11012.309161 -21797.652582    370.806977
PG22   1701.317094 -18018.174878  19857.186755     72.571700
PG23 -14599.590946  20095.891503   9063.950398    685.435502
PG24 -16170.882468  -1780.118202  20480.753040    190.406034
PG27  22451.898212  13160.985327  -6710.431723      0.449916
PG30   -939.534306 -25928.230990  -4808.218359    351.266196
*  2026  9  3  5 40  0.00000000
PG01  15014.984281  -3163.723934  21664.923740    181.456360
PG02  16490.016433   5934.420905  20489.087494    169.021168
PG03  22386.262813 -10625.863517   9223.994468    288.733086
PG05 -18265.088948   -754.325077 -19445.882916   -236.488474
PG06  -5074.990697 -25935.157689  -1568.611893   -533.867234
PG07   8016.906472 -18986.287901 -15910.145693   -221.255482
PG08  26072.979072   4895.628309   3764.291435    356.879933
PG09  13578.099408 -10412.285709 -20445.985335    687.256843
PG10  -5541.331336  19286.051544  17489.493435   -540.057695
PG12 -23050.698998   8237.778653  10034.380462   -602.917690
PG13 -21862.798733   7943.896339  12767.139988    437.298438
PG15 -26128.897194  -1456.103423   4010.430824    441.661192
PG17    524.160144 -16149.050435  21401.713652   -196.516924
PG19 -12342.247617 -17954.508673  15533.615002    704.936293
PG20 -24097.631225 -10563.905592  -3517.101087    276.739571
PG21  -9787.890852 -11533.354146 -21827.273466    370.804608
PG22   2316.722659 -18404.091914  19439.048763     72.574720
PG23 -14884.955304  20264.487869   8163.377650    685.436567
PG24 -16375.546963  -2570.235841  20249.771166    190.411243
PG27  22185.445020  13150.325522  -7595.342419      0.449827
PG30   -791.620755 -25741.553211  -5720.332757    351.269948
*  2026  9  3  5 45  0.00000000
PG01  15118.789986  -2342.932080  21699.697734    181.453622
PG02  16676.950720   6655.338501  20124.333785    169.023111
PG03  22129.392192 -10345.368538  10103.416428    288.726866
PG05 -17750.899914  -1282.219236 -19892.718452   -236.488217
PG06  -5018.196661 -25988.930276   -598.011183   -533.863998
PG07   8215.518762 -18353.555156 -16526.824329   -221.256618
PG08  26174.937918   5018.782506   2845.599187    356.876844
PG09  14298.024442 -10156.612593 -20081.098292    687.254205
PG10  -6054.761244  19670.524461  16860.104819   -540.055536
PG12 -22769.696548   7928.097895  10867.066697   -602.917696
PG13 -21542.480756   7548.317358  13524.068004    437.299900
PG15 -26267.420240  -1579.068580   3081.622408    441.662045
PG17   1268.563842 -15868.323862  21591.212857   -196.518126
PG19 -11775.897374 -17751.088003  16175.290184    704.936183
PG20 -23925.722402 -10595.721919  -4454.696063    276.742302
PG21  -9149.633876 -12065.958330 -21815.094004    370.802300
PG22   2912.038046 -18791.275471  18984.965382     72.577258
PG23 -15141.549344  20415.287945   7246.952156    685.437675
PG24 -16589.563046  -3347.279198  19978.260226    190.416431
PG27  21888.059953  13134.017460  -8466.230578      0.449682
PG30   -633.685782 -25523.586982  -6621.269296    351.273725
*  2026  9  3  5 50  0.00000000
PG01  15236.744335  -1523.623812  21692.888325    181.450907
PG02  16872.542142   7358.903214  19722.785245    169.025120
PG03  21852.997250 -10038.065933  10963.217094    288.720633
PG05 -17235.278813  -1830.840604 -20302.032847   -236.488638
PG06  -4955.685544 -26007.507635    373.745665   -533.860783
PG07   8429.465933 -17701.298087 -17109.883624   -221.257378
PG08  26245.807289   5131.205764   1921.604813    356.873746
PG09  15008.549133  -9917.875673 -19678.205366    687.251563
PG10  -6542.865604  20048.856981  16198.602092   -540.053392
PG12 -22469.511155   7594.118426  11678.675063   -602.917467
PG13 -21208.957173   7127.546938  14255.019843    437.301360
PG15 -26373.055804  -1694.401480   2146.868342    441.663146
PG17   2023.263975 -15598.506063  21740.592746   -196.519756
PG19 -11184.217447 -17548.222325  16786.641480    704.936094
PG20 -23720.602052 -10620.530622  -5383.744923    276.745057
PG21  -8521.765437 -12608.930118 -21761.133107    370.799916
PG22   3486.423739 -19178.301804  18495.780750     72.580232
PG23 -15369.790903  20546.796737   6316.444854    685.438756
PG24 -16812.051277  -4109.685644  19666.827193    190.421632
PG27  21559.971292  13113.454966  -9321.503139      0.449819
PG30   -464.609012 -25275.087213  -7509.259809    351.277497
*  2026  9  3  5 55  0.00000000
PG01  15368.580866   -707.591132  21644.518907    181.448179
PG02  17075.765455   8043.820472  19285.206997    169.027288
PG03  21558.636484  -9703.572537  11801.712916    288.714395
PG05 -16719.850758  -2399.444949 -20673.064173   -236.488750
PG06  -4886.016545 -25991.157836   1344.780198   -533.857572
PG07   8659.220233 -17031.185825 -17658.111541   -221.258575
PG08  26285.092129   5234.122666    994.033330    356.870636
PG09  15707.930502  -9695.963318 -19238.069606    687.248925
PG10  -7005.236024  20419.335751  15506.199511   -540.051239
PG12 -22151.608962   7235.506283  12467.609035   -602.917383
PG13 -20863.799415   6681.644833  14958.584429    437.302831
PG15 -26445.458644  -1803.388835   1207.981129    441.663771
PG17   2786.727796 -15340.414608  21849.615179   -196.521290
PG19 -10568.061441 -17347.243997  17366.483953    704.936252
PG20 -23482.279751 -10639.744599  -6302.463025    276.747778
PG21  -7905.611819 -13161.003262 -21665.489714    370.797555
PG22   4039.131860 -19563.710523  17972.401457     72.582790
PG23 -15570.203955  20657.568926   5373.656620    685.439831
PG24 -17042.056522  -4855.960485  19316.160096    190.426833
PG27  21201.506197  13090.023763 -10159.597653      0.449788
PG30   -283.322067 -24996.904351  -8382.559960    351.281272
*  2026  9  3  6  0  0.00000000
PG01  15513.935297    103.393248  21554.692485    181.445437
PG02  17285.527944   8708.868073  18812.425575    169.029485
PG03  21247.910983  -9341.615496  12617.260268    288.708150
PG05 -16206.204435  -2987.190026 -21005.121930   -236.488476
PG06  -4807.773615 -25940.263202   2313.216407   -533.854359
PG07   8905.156595 -16344.940105 -18170.369643   -221.259427
PG08  26292.392960   5328.790373     64.613075    356.867539
PG09  16394.447771  -9490.663898 -18761.523710    687.246276
PG10  -7441.573184  20780.240625  14784.173784   -540.049093
PG12 -21817.496690   6852.030270  13232.313676   -602.916795
PG13 -20508.591361   6210.776603  15633.402766    437.304270
PG15 -26484.389302  -1907.340310    266.773149    441.664637
PG17   3557.379051 -15094.780232  21918.114977   -196.522670
PG19  -9928.376559 -17149.442960  17913.687740    704.936072
PG20 -23210.875249 -10654.782061  -7209.084830    276.750490
PG21  -7302.425790 -13720.841789 -21528.342637    370.795238
PG22   4569.508455 -19946.010517  17415.795030     72.585379
PG23 -15743.415692  20746.215708   4420.414661    685.440926
PG24 -17278.552551  -5584.682618  18927.025956    190.432000
PG27  20813.089684  13065.095235 -10978.984729      0.449772
PG30    -88.814241 -24689.980827  -9239.452926    351.285041
*  2026  9  3  6  5  0.00000000
PG01  15672.347049    907.582693  21423.591397    181.442721
PG02  17500.674057   9352.900259  18305.327446    169.031414
PG03  20922.457276  -8952.034435  13408.258902    288.701929
PG05 -15695.885713  -3593.138424 -21297.588218   -236.488446
PG06  -4719.572446 -25855.318434   3277.184457   -533.851240
PG07   9167.550056 -15644.327884 -18645.596017   -221.260352
PG08  26267.407489   5416.492586   -864.927245    356.864416
PG09  17066.409059  -9301.667231 -18249.468510    687.243633
PG10  -7851.687628  21129.852080  14033.862008   -540.046973
PG12 -21468.715015   6443.564038  13971.278948   -602.916527
PG13 -20144.922445   5715.213800  16278.170636    437.305745
PG15 -26489.714651  -2007.581894   -674.946884    441.665560
PG17   4333.603781 -14862.244155  21945.999935   -196.523796
PG19  -9266.200648 -16956.060998  18427.180341    704.936132
PG20 -22906.618427 -10667.059676  -8101.867329    276.753221
PG21  -6713.381861 -14287.045238 -21349.950251    370.792851
PG22   5076.995402 -20323.686009  16826.988339     72.588113
PG23 -15890.153154  20811.411410   3458.568850    685.442002
PG24 -17520.446963  -6294.509803  18500.268528    190.437196
PG27  20395.243249  13040.020272 -11778.170410      0.449471
PG30    119.862070 -24355.347093 -10078.253046    351.288796
*  2026  9  3  6 10  0.00000000
PG01  15843.261195   1703.263320  21251.476886    181.439985
PG02  17719.990278   9974.851487  17764.857454    169.033570
PG03  20583.940014  -8534.783136  14173.155309    288.695695
PG05 -15190.391454  -4216.260815 -21549.918782   -236.488623
PG06  -4620.067321 -25736.928250   4234.824391   -533.848042
PG07   9446.573671 -14931.153738 -19082.807987   -221.261269
PG08  26209.931836   5498.533409  -1792.861489    356.861305
PG09  17722.157964  -9128.566452 -17702.871336    687.240984
PG10  -8235.500098  21466.458681  13256.659480   -540.044825
PG12 -21106.831798   6010.087708  14683.042963   -602.916420
PG13 -19774.380736   5195.333683  16891.641184    437.307180
PG15 -26461.408005  -2105.449267  -1615.377400    441.666420
PG17   5113.756273 -14643.355791  21933.250713   -196.525309
PG19  -8582.658861 -16768.286183  18905.948839    704.936370
PG20 -22569.848800 -10677.985738  -8979.093443    276.755944
PG21  -6139.571888 -14858.154199 -21130.650034    370.790478
PG22   5561.131939 -20695.202730  16207.065915     72.590647
PG23 -16011.239404  20851.899857   2489.987981    685.443078
PG24 -17766.586411  -6984.183533  18036.805887    190.442371
PG27  19948.583121  13016.123225 -12555.698499      0.449541
PG30    343.586222 -23994.117267 -10897.309398    351.292535
*  2026  9  3  6 15  0.00000000
PG01  16026.030845   2488.760514  21038.688523    181.437272
PG02  17942.210229  10573.739884  17192.017219    169.035527
PG03  20234.044542  -8089.930715  14910.446005    288.689470
PG05 -14691.163550  -4855.439588 -21761.643937   -236.488768
PG06  -4507.957785 -25585.804574   5184.289806   -533.844853
PG07   9742.296954 -14207.252065 -19481.104604   -221.262509
PG08  26119.861382   5576.231165  -2717.468992    356.858206
PG09  18360.080011  -8970.860309 -17122.764267    687.238359
PG10  -8593.041386  21788.364577  12454.017350   -540.042710
PG12 -20733.435189   5551.689017  15366.195146   -602.916212
PG13 -19398.546053   4651.618485  17472.627396    437.308632
PG15 -26399.548783  -2202.281168  -2552.727366    441.667416
PG17   5896.165114 -14438.570841  21879.920639   -196.526635
PG19  -7878.959944 -16587.247545  19349.042048    704.936329
PG20 -22201.014556 -10688.953365  -9839.075369    276.758636
PG21  -5582.001043 -15432.656120 -20870.857954    370.788143
PG22   6021.555805 -21059.014189  15557.168186     72.593499
PG23 -16107.589287  20866.500448   1516.555986    685.444162
PG24 -18015.762105  -7652.533485  17537.627852    190.447550
PG27  19473.818159  12994.695995 -13310.152799      0.449672
PG30    583.164486 -23607.484404 -11695.009320    351.296258
*  2026  9  3  6 20  0.00000000
PG01  16219.919928   3262.445283  20785.643483    181.434538
PG02  18166.019984  11148.670384  16587.863463    169.037690
PG03  19874.469371  -7617.662277  15618.680710    288.683230
PG05 -14199.583199  -5509.472850 -21932.369361   -236.488951
PG06  -4381.995117 -25402.763260   6123.751492   -533.841643
PG07  10054.684836 -13474.479164 -19839.668897   -221.263478
PG08  25997.191231   5650.912163  -3637.037448    356.855105
PG09  18978.608938  -8827.955857 -16510.242267    687.235730
PG10  -8924.451716  22093.896978  11627.440148   -540.040554
PG12 -20350.126633   5068.563991  16019.379303   -602.915979
PG13 -19018.983122   4084.654215  18020.004467    437.310089
PG15 -26304.321745  -2299.412811  -3485.219607    441.668232
PG17   6679.139346 -14248.249783  21786.135407   -196.528085
PG19  -7156.392166 -16414.009967  19755.572565    704.936485
PG20 -21800.671140 -10701.333779 -10680.157879    276.761346
PG21  -5041.584171 -16008.991359 -20571.067702    370.785786
PG22   6458.003988 -21413.568003  14878.489640     72.596183
PG23 -16180.204771  20854.113920    540.168085    685.445232
PG24 -18266.715547  -8298.481532  17003.793274    190.452733
PG27  18971.747403  12976.992266 -14040.159311      0.449673
PG30    839.325531 -23196.715443 -12469.781845    351.299988
*  2026  9  3  6 25  0.00000000
PG01  16424.106381   4022.740397  20492.835672    181.431888
PG02  18390.063573  11698.837528  15953.506285    169.039983
PG03  19506.918606  -7118.279065  16296.465432    288.677008
PG05 -13716.965464  -6177.078787 -22061.776768   -236.488895
PG06  -4240.988560 -25188.720400   7051.401026   -533.838419
PG07  10383.597165 -12734.705192 -20157.769892   -221.264156
PG08  25842.016285   5723.904461  -4549.865762    356.852025
PG09  19576.232798  -8699.171559 -15866.461206    687.233122
PG10  -9229.979650  22381.413601  10778.483170   -540.038452
PG12 -19958.513824   4561.017137  16641.296600   -602.915759
PG13 -18637.234808   3495.129013  18532.712043    437.311552
PG15 -26176.015799  -2398.169364  -4411.094035    441.669280
PG17   7460.974682 -14072.656759  21652.092664   -196.529374
PG19  -6416.318905 -16249.569358  20124.718754    704.936621
PG20 -21369.479383 -10716.469679 -11500.721554    276.764101
PG21  -4519.142533 -16585.559460 -20231.849783    370.783440
PG22   6870.313083 -21757.312282  14172.276894     72.598981
PG23 -16230.169907  20813.727776   -437.273089    685.446332
PG24 -18518.144487  -8921.045298  16436.427184    190.457932
PG27  18443.257288  12964.221919 -14744.388347      0.449947
PG30   1112.716267 -22763.145813 -13220.101060    351.303713
*  2026  9  3  6 30  0.00000000
PG01  16637.685725   4768.126310  20160.834712    181.429153
PG02  18612.948649  12223.527920  15290.107378    169.041899
PG03  19133.094352  -6592.198084  16942.465431    288.670814
PG05 -13244.554110  -6856.900365 -22149.624453   -236.488906
PG06  -4083.811300 -24944.688197   7965.454313   -533.835186
PG07  10728.788732 -11989.806083 -20434.764377   -221.265053
PG08  25654.530943   5796.531633  -5454.266874    356.848908
PG09  20151.499842  -8583.740766 -15192.635777    687.230476
PG10  -9509.980514  22649.310021   9908.749728   -540.036324
PG12 -19560.203621   4029.461141  17230.708420   -602.915420
PG13 -18254.815463   2883.831056  19009.756347    437.313009
PG15 -26015.022399  -2499.859526  -5328.610790    441.669959
PG17   8239.959778 -13911.958862  21478.061520   -196.530393
PG19  -5660.173897 -16094.848094  20455.726623    704.936472
PG20 -20908.203188 -10735.668750 -12299.185956    276.766803
PG21  -4015.400975 -17160.725623 -19853.850446    370.781108
PG22   7258.419246 -22088.702027  13439.826700     72.601573
PG23 -16258.645420  20744.421339  -1413.861395    685.447405
PG24 -18768.709049  -9519.341258  15836.717827    190.463124
PG27  17889.318527  12957.545632 -15421.556587      0.450014
PG30   1403.898052 -22308.173750 -13944.489356    351.307430
*  2026  9  3  6 35  0.00000000
PG01  16859.675004   5497.146822  19790.284787    181.426417
PG02  18833.252317  12722.122337  14598.878188    169.044072
PG03  18754.689131  -6039.951209  17555.408064    288.664608
PG05 -12783.516766  -7547.510342 -22195.747704   -236.489359
PG06  -3909.406150 -24671.770453   8864.155062   -533.831938
PG07  11089.909842 -11241.655441 -20670.098406   -221.266023
PG08  25435.028412   5870.106574  -6348.570544    356.845819
PG09  20703.024177  -8480.815571 -14490.037309    687.227849
PG10  -9764.914355  22896.026934   9019.888267   -540.034168
PG12 -19156.794979   3474.416082  17786.439111   -602.915246
PG13 -17873.204409   2251.646026  19450.212170    437.314469
PG15 -25821.833537  -2605.769220  -6236.053289    441.670926
PG17   9014.382517 -13766.225824  21264.381940   -196.532010
PG19  -4889.456175 -15950.690771  20747.911607    704.936648
PG20 -20417.706789 -10760.197328 -13074.012728    276.769536
PG21  -3530.985513 -17732.827339 -19437.790479    370.778740
PG22   7622.357761 -22406.205532  12682.483866     72.604104
PG23 -16266.862964  20645.370416  -2387.691113    685.448479
PG24 -19017.038014 -10092.587356  15205.913589    190.468336
PG27  17310.982691  12958.069692 -16070.429065      0.450335
PG30   1713.343298 -21833.254333 -14641.520590    351.311142
*  2026  9  3  6 40  0.00000000
PG01  17089.017085   6208.414473  19381.903342    181.423689
PG02  19049.527076  13194.097480  13881.078021    169.046132
PG03  18373.378362  -5462.183773  18134.085505    288.658399
PG05 -12334.940405  -8247.416587 -22200.059093   -236.489588
PG06  -3716.790929 -24371.157676   9745.778206   -533.828745
PG07  11466.507413 -10492.116469 -20863.308551   -221.266801
PG08  25183.899643   5945.925368  -7231.126106    356.842725
PG09  21229.491148  -8389.471014 -13759.991476    687.225226
PG10  -9995.343435  23120.057261   8113.589363   -540.032023
PG12 -18749.871901   2896.508157  18307.378609   -602.915176
PG13 -17493.839589   1599.554155  19853.224727    437.315924
PG15 -25597.039349  -2717.155442  -7131.731169    441.671866
PG17   9782.536295 -13635.430107  21011.464060   -196.533532
PG19  -4105.724707 -15817.860285  21000.660249    704.936601
PG20 -19898.951574 -10791.274252 -13823.708611    276.772283
PG21  -3066.421354 -18300.181163 -18984.463853    370.776354
PG22   7962.262202 -22708.310758  11901.639097     72.607039
PG23 -16256.119057  20515.851553  -3356.860881    685.449567
PG24 -19261.735213 -10640.105148  14545.319827    190.473519
PG27  16709.378471  12966.841046 -16689.821089      0.451002
PG30   2041.432478 -21339.893286 -15309.823117    351.314864
*  2026  9  3  6 45  0.00000000
PG01  17324.585278   6900.615631  18936.479658    181.420977
PG02  19260.306882  13639.027356  13138.012092    169.048258
PG03  17990.812916  -4859.652651  18677.357320    288.652200
PG05 -11899.827190  -8955.067674 -22162.548636   -236.489494
PG06  -3505.063500 -24044.121835  10608.633232   -533.825622
PG07  11858.026606  -9743.033970 -21014.022877   -221.268090
PG08  24901.631900   6025.261229  -8100.305176    356.839655
PG09  21729.662456  -8308.709629 -13003.875905    687.222598
PG10 -10201.929257  23319.953082   7191.582587   -540.029863
PG12 -18340.996481   2296.467924  18792.484917   -602.914680
PG13 -17118.111410    928.626846  20218.011383    437.317400
PG15 -25341.325345  -2835.240273  -8013.983148    441.672641
PG17  10542.726290 -13519.447392  20719.787397   -196.534820
PG19  -3310.592758 -15697.034251  21213.431770    704.936662
PG20 -19352.992509 -10830.064934 -14546.828377    276.775017
PG21  -2622.131361 -18861.089597 -18494.736226    370.773993
PG22   8278.363214 -22993.531647  11098.726771     72.609326
PG23 -16227.768732  20355.245847  -4319.477626    685.450670
PG24 -19501.386009 -11161.321464  13856.295617    190.478728
PG27  16085.707668  12984.842588 -17278.600090      0.450924
PG30   2388.451557 -20829.640557 -15948.082712    351.318588
*  2026  9  3  6 50  0.00000000
PG01  17565.188287   7572.515269  18454.873281    181.418223
PG02  19464.113290  14056.584305  12371.029522    169.050366
PG03  17608.611799  -4233.223829  19184.152913    288.645969
PG05 -11479.090670  -9668.858725 -22083.283824   -236.489558
PG06  -3273.406450 -23692.010780  11451.067445   -533.822451
PG07  12263.812965  -8996.226466 -21121.961661   -221.268986
PG08  24588.806955   6109.358557  -8954.504329    356.836551
PG09  22202.380958  -8237.466304 -12223.117693    687.219983
PG10 -10385.429147  23494.332365   6255.633257   -540.027745
PG12 -17931.702029   1675.128063  19240.786459   -602.914620
PG13 -16747.356811    240.022900  20543.863231    437.318849
PG15 -25055.469283  -2961.205086  -8881.179762    441.673645
PG17  11293.275670 -13418.057466  20389.899973   -196.536196
PG19  -2505.721998 -15588.801783  21385.759524    704.936577
PG20 -18780.974160 -10877.675669 -15241.977675    276.777745
PG21  -2198.434966 -19413.848058 -17969.543304    370.771628
PG22   8570.986890 -23260.414376  10275.222634     72.612266
PG23 -16183.218933  20163.042309  -5273.660489    685.451752
PG24 -19734.563826 -11655.769579  13140.250435    190.483939
PG27  15441.240901  13012.988719 -17835.687404      0.450586
PG30   2754.589863 -20304.083711 -16555.045360    351.322281
*  2026  9  3  6 55  0.00000000
PG01  17809.575431   8222.961397  17938.012335    181.415478
PG02  19659.461663  14446.539646  11581.521285    169.052337
PG03  17228.354989  -3583.869490  19653.473804    288.639758
PG05 -11073.552368 -10387.137501 -21962.409526   -236.489520
PG06  -3021.091403 -23316.242363  12271.469134   -533.819256
PG07  12683.115067  -8253.478469 -21186.937830   -221.269979
PG08  24246.098930   6199.427112  -9792.147720    356.833433
PG09  22646.575153  -8174.613447 -11419.190831    687.217342
PG10 -10546.692403  23641.885448   5307.539078   -540.025606
PG12 -17523.486344   1033.420674  19651.384270   -602.914551
PG13 -16382.853580   -465.015648  20830.146527    437.320316
PG15 -24740.337702  -3096.184973  -9731.726019    441.674475
PG17  12032.531746 -13330.945504  20022.417349   -196.537225
PG19  -1692.816371 -15493.660662  21517.252333    704.936698
PG20 -18184.126346 -10935.148211 -15907.815770    276.780460
PG21  -1795.547539 -19956.751883 -17409.889070    370.769274
PG22   8840.552777 -23507.543495   9432.641424     72.614722
PG23 -16123.921683  19938.840756  -6217.544729    685.452895
PG24 -19959.836709 -12123.089909  12398.640774    190.489117
PG27  14777.313061  13052.121191 -18360.059982      0.450733
PG30   3139.938396 -19764.841174 -17129.519905    351.325980
*  2026  9  3  7  0  0.00000000
PG01  18056.442155   8850.889139  17386.891698    181.412778
PG02  19844.867420  14808.763951  10770.918096    169.054494
PG03  16851.576455  -2912.664610  20084.395768    288.633562
PG05 -10683.938760 -11108.210682 -21800.147763   -236.489634
PG06  -2747.482918 -22918.298279  13068.270648   -533.816035
PG07  13115.087662  -7516.532957 -21208.857142   -221.270908
PG08  23874.271788   6296.636344 -10611.689673    356.830349
PG09  23061.263321  -8118.966421 -10593.613535    687.214725
PG10 -10686.656015  23761.381252   4349.126668   -540.023452
PG12 -17117.805150    372.374109  20023.454041   -602.914152
PG13 -16025.814938  -1185.168057  21076.303976    437.321801
PG15 -24396.882126  -3241.263399 -10564.063937    441.675296
PG17  12758.872022 -13257.703733  19618.021568   -196.538991
PG19   -873.615756 -15412.014887  21607.595691    704.936587
PG20 -17563.759419 -11003.454636 -16543.058186    276.783189
PG21  -1413.580209 -20488.103367 -16816.843877    370.766949
PG22   9087.571499 -23733.547956   8572.534427     72.617409
PG23 -16051.367053  19682.354219  -7149.285598    685.453997
PG24 -20175.773867 -12563.030224  11632.966717    190.494343
PG27  14095.318522  13103.005238 -18850.752032      0.450755
PG30   3544.488601 -19213.555348 -17670.380557    351.329695
*  2026  9  3  7  5  0.00000000
PG01  18304.435770   9455.324441  16802.571061    181.410032
PG02  20018.852310  15143.226947   9940.688252    169.056629
PG03  16479.757409  -2220.783095  20476.070799    288.627369
PG05 -10310.878661 -11830.350348 -21596.797354   -236.489909
PG06  -2452.041998 -22499.717658  13839.951375   -533.812830
PG07  13558.795271  -6787.084084 -21187.718089   -221.271924
PG08  23474.176483   6402.109894 -11411.617218    356.827278
PG09  23445.557302  -8069.289238  -9747.945505    687.212113
PG10 -10806.339977  23851.673193   3382.247989   -540.021338
PG12 -16716.065728   -306.890638  20356.247998   -602.913779
PG13 -15677.384432  -1919.039761  21281.855869    437.323252
PG15 -24026.134970  -3397.467116 -11376.674979    441.676163
PG17  13470.710135 -13197.833482  19177.460010   -196.540576
PG19    -49.889442 -15344.172643  21656.552842    704.936460
PG20 -16921.259219 -11083.492530 -17146.479237    276.785931
PG21  -1052.540152 -21006.218783 -16191.542409    370.764563
PG22   9312.642009 -23937.106986   7696.486961     72.620176
PG23 -15967.075975  19393.410852  -8067.062167    685.455095
PG24 -20380.952180 -12975.445385  10844.768474    190.499540
PG27  13396.706131  13166.326025 -19306.856585      0.450510
PG30   3968.131595 -18651.885640 -18176.569251    351.333387
*  2026  9  3  7 10  0.00000000
PG01  18552.161418  10035.387386  16186.172869    181.407265
PG02  20179.950677  15449.997044   9092.335419    169.058854
PG03  16114.319803  -1509.493461  20827.728916    288.621160
PG05  -9954.901034 -12551.800602 -21352.733434   -236.490204
PG06  -2134.329149 -22062.090430  14585.040611   -533.809628
PG07  14013.216251  -6066.770164 -21123.611543   -221.273048
PG08  23046.747782   6516.920278 -12190.452573    356.824185
PG09  23798.665907  -8024.300488  -8883.785089    687.209486
PG10 -10906.842223  23911.704754   2408.776686   -540.019228
PG12 -16319.620783  -1003.163970  20649.096611   -602.913769
PG13 -15338.631136  -2665.167577  21446.401061    437.324708
PG15 -23629.205157  -3565.761351 -12168.082386    441.676894
PG17  14166.501657 -13150.747601  18701.544160   -196.541971
PG19    776.570563 -15290.344681  21663.965718    704.936666
PG20 -16258.081701 -11176.080501 -17716.914446    276.788699
PG21   -712.331323 -21509.435363 -15535.181520    370.762134
PG22   9516.448483 -24116.955792   6806.115795     72.622798
PG23 -15872.592927  19071.955339  -8969.081113    685.456152
PG24 -20573.962635 -13360.296623  10035.622888    190.504777
PG27  12682.973992  13242.685420 -19727.526990      0.450523
PG30   4410.657860 -18081.501432 -18647.097847    351.337042
*  2026  9  3  7 15  0.00000000
PG01  18798.188236  10590.295109  15538.880147    181.404512
PG02  20326.715709  15729.240484   8227.396366    169.060757
PG03  15756.620108   -780.154090  21138.679790    288.614977
PG05  -9616.433218 -13270.784339 -21068.406842   -236.490099
PG06  -1794.007017 -21607.050509  15302.120326   -533.806418
PG07  14477.247266  -5357.166971 -21016.720141   -221.273961
PG08  22593.000769   6642.083798 -12946.755590    356.821104
PG09  24119.897928  -7982.679465  -8002.766386    687.206840
PG10 -10989.333181  23940.514707   1430.604334   -540.017114
PG12 -15929.762562  -1715.152147  20901.410133   -602.913388
PG13 -15010.545198  -3422.025216  21569.617799    437.326181
PG15 -23207.273472  -3747.045274 -12936.853402    441.677961
PG17  14844.749746 -13115.773246  18191.148290   -196.543145
PG19   1603.956344 -15250.643141  21629.755730    704.936771
PG20 -15575.747273 -11281.954049 -18253.262837    276.791444
PG21   -392.755650 -21996.118208 -14849.017945    370.759750
PG22   9699.756864 -24271.891077   5903.066496     72.625204
PG23 -15769.478516  18718.049783  -9853.580436    685.457236
PG24 -20753.416672 -13717.650351   9207.139939    190.509992
PG27  11955.664060  13332.599105 -20111.978340      0.450473
PG30   4871.757405 -17504.075023 -19081.050165    351.340741
*  2026  9  3  7 20  0.00000000
PG01  19041.055679  11119.364297  14861.934215    181.401765
PG02  20457.725634  15981.220121   7347.438651    169.062732
PG03  15407.943411    -34.208070  21408.314198    288.608833
PG05  -9295.799596 -13985.510105 -20744.343382   -236.490150
PG06  -1430.842566 -21136.268807  15989.827807   -533.803195
PG07  14949.708170  -4659.781372 -20867.317417   -221.274710
PG08  22114.027046   6778.555667 -13679.126128    356.818028
PG09  24408.664751  -7943.072482  -7106.556262    687.204201
PG10 -11055.049997  23937.241933    449.636612   -540.014985
PG12 -15547.717259  -2441.482127  21112.679961   -602.912926
PG13 -14694.033753  -4188.029082  21651.264385    437.327648
PG15 -22761.587672  -3942.147775 -13681.601392    441.678817
PG17  15504.010607 -13092.155016  17647.208058   -196.544623
PG19   2430.451009 -15225.080801  21553.924415    704.936969
PG20 -14875.834859 -11401.761821 -18754.489115    276.794152
PG21    -93.514670 -22464.667098 -14134.365897    370.757412
PG22   9863.411068 -24400.776332   4989.010718     72.628066
PG23 -15659.302011  18331.874086 -10718.833115    685.458317
PG24 -20917.952399 -14047.676549   8360.959226    190.515202
PG27  11216.356568  13436.494024 -20459.488813      0.450570
PG30   5351.020391 -16921.274586 -19477.583855    351.344444
*  2026  9  3  7 25  0.00000000
PG01  19279.279990  11622.013276  14156.632301    181.399017
PG02  20571.589847  16206.293837   6454.058256    169.065032
PG03  15069.497848    726.822344  21636.105296    288.602646
PG05  -8993.220704 -14694.179044 -20381.142958   -236.490390
PG06  -1044.708800 -20651.446115  16646.858187   -533.799984
PG07  15429.347252  -3976.045347 -20675.766679   -221.275588
PG08  21610.990645   6927.225397 -14386.206396    356.814950
PG09  24664.482554  -7904.099342  -6196.851318    687.201563
PG10 -11105.290429  23901.129845   -532.210593   -540.012855
PG12 -15174.639744  -3180.706792  21282.479808   -602.913152
PG13 -14389.917208  -4961.544325  21691.179687    437.329102
PG15 -22293.457368  -4151.823558 -14400.987859    441.679477
PG17  16142.898766 -13079.058431  17070.719017   -196.546045
PG19   3254.235690 -15213.570787  21436.553932    704.936797
PG20 -14159.975727 -11536.062238 -19219.625704    276.796886
PG21    185.788393 -22913.523169 -13392.594551    370.755090
PG22  10008.328864 -24502.546904   4065.643429     72.630589
PG23 -15543.633847  17913.725801 -11563.150677    685.459394
PG24 -21066.240662 -14350.646702   7498.746463    190.520411
PG27  10466.664308  13554.706206 -20769.400944      0.450349
PG30   5847.938216 -16334.757160 -19835.932098    351.348123
*  2026  9  3  7 30  0.00000000
PG01  19511.360781  12097.763649  13424.325049    181.396262
PG02  20666.954955  16404.912585   5548.877164    169.067207
PG03  14742.409400   1501.341633  21821.609709    288.596438
PG05  -8708.812782 -15394.991888 -19979.478581   -236.490691
PG06   -635.586016 -20154.305898  17271.966855   -533.796786
PG07  15914.846830  -3307.310401 -20442.519662   -221.276697
PG08  21085.123661   7088.912446 -15066.683213    356.811858
PG09  24886.974075  -7864.359926  -5275.374778    687.198948
PG10 -11141.406457  23831.530359  -1513.015138   -540.010754
PG12 -14811.608611  -3931.310513  21410.466695   -602.912780
PG13 -14098.925923  -5740.891127  21689.283477    437.330589
PG15 -21804.248715  -4376.749557 -15093.724356    441.680570
PG17  16760.092121 -13075.573737  16462.735047   -196.547246
PG19   4073.496587 -15215.926725  21277.807389    704.937072
PG20 -13429.847084 -11685.320547 -19647.774659    276.799644
PG21    445.646118 -23341.175430 -12625.125416    370.752697
PG22  10135.497448 -24576.214790   3134.680073     72.633419
PG23 -15424.038137  17464.019468 -12384.886685    685.460449
PG24 -21196.990937 -14626.931335   6622.189988    190.525629
PG27   9708.226778  13687.478934 -21041.122813      0.450698
PG30   6361.905066 -15746.161720 -20155.405125    351.351810
*  2026  9  3  7 35  0.00000000
PG01  19735.787698  12546.241516  12666.413934    181.393523
PG02  20742.510695  16577.618083   4633.540898    169.069215
PG03  14427.717089   2287.687249  21964.468433    288.590239
PG05  -8442.587769 -16086.155971 -19540.095252   -236.490564
PG06   -203.562592 -19646.587006  17863.971725   -533.793600
PG07  16404.829143  -2654.842411 -20168.114935   -221.277496
PG08  20537.721634   7264.362155 -15719.290233    356.808751
PG09  25075.869960  -7822.440896  -4343.873331    687.196335
PG10 -11164.797623  23727.907410  -2490.852636   -540.008639
PG12 -14459.621608  -4691.715043  21496.381750   -602.912502
PG13 -13821.697308  -6524.351189  21645.576623    437.332067
PG15 -21295.378915  -4617.521702 -15758.574297    441.681514
PG17  17354.336756 -13080.720031  15824.366696   -196.548641
PG19   4886.432038 -15231.863356  21077.929020    704.937125
PG20 -12687.165493 -11849.906281 -20038.109442    276.802382
PG21    686.643957 -23746.167099 -11833.429606    370.750325
PG22  10245.968720 -24620.873167   2197.853682     72.636209
PG23 -15302.065238  16983.285436 -13182.440124    685.461529
PG24 -21308.957026 -14876.997151   5732.997286    190.530816
PG27   8942.704233  13834.961311 -21274.129163      0.450206
PG30   6892.219904 -15157.102351 -20435.391563    351.355492
*  2026  9  3  7 40  0.00000000
PG01  19951.047139  12967.178242  11884.348585    181.390794
PG02  20796.995726  16725.040147   3709.715998    169.071288
PG03  14126.368570   3084.136156  22064.407550    288.584045
PG05  -8194.453754 -16765.892232 -19063.808712   -236.491029
PG06    251.164701 -19130.036363  18421.755389   -533.790389
PG07  16897.862525  -2019.816920 -19853.176096   -221.278335
PG08  19970.138680   7454.241979 -16342.810090    356.805663
PG09  25231.009653  -7776.922457  -3404.113916    687.193698
PG10 -11176.904138  23589.839997  -3463.800496   -540.006555
PG12 -14119.591438  -5460.285705  21540.050809   -602.912197
PG13 -13558.773338  -7310.174397  21560.141098    437.333547
PG15 -20768.310568  -4874.652018 -16394.354658    441.682135
PG17  17924.451503 -13093.449683  15156.779449   -196.550094
PG19   5691.259563 -15260.997605  20837.244186    704.937157
PG20 -11933.680126 -12030.091156 -20389.876548    276.805230
PG21    909.456905 -24127.101718 -11019.025008    370.747993
PG22  10340.854281 -24635.700614   1256.911924     72.639027
PG23 -15179.244389  16472.168174 -13954.258684    685.462629
PG24 -21400.942533 -15101.403782   4832.891550    190.536014
PG27   8171.771633  13997.207186 -21467.962423      0.450375
PG30   7438.088905 -14569.161563 -20675.359594    351.359178
*  2026  9  3  7 45  0.00000000
PG01  20155.629006  13360.410780  11079.624026    181.388064
PG02  20829.203264  16847.893688   2779.087456    169.073459
PG03  13839.216172   3888.911643  22121.238756    288.577847
PG05  -7964.215862 -17432.442187 -18551.504083   -236.491167
PG06    728.290859 -18606.401640  18944.267129   -533.787172
PG07  17392.467823  -1403.314905 -19498.409756   -221.279392
PG08  19383.782407   7659.138038 -16936.076496    356.802604
PG09  25352.341862  -7726.385172  -2457.880464    687.191071
PG10 -11179.199789  23417.024720  -4429.941998   -540.004406
PG12 -13792.341974  -6235.337845  21541.384832   -602.911943
PG13 -13310.598506  -8096.585638  21433.139848    437.335022
PG15 -20224.545884  -5148.566096 -16999.937591    441.682973
PG17  18469.332231 -13112.653039  14461.191904   -196.551535
PG19   6486.222872 -15302.850103  20556.159212    704.937100
PG20 -11171.165877 -12226.047405 -20702.396998    276.807984
PG21   1114.845764 -24482.649023 -10183.473364    370.745626
PG22  10421.320181 -24619.965023    313.614112     72.641378
PG23 -15057.076470  15931.424079 -14698.841933    685.463722
PG24 -21471.806096 -15300.800189   3923.608266    190.541223
PG27   7397.112546  14174.174484 -21622.233656      0.450177
PG30   7998.628321 -13983.883769 -20874.857936    351.362864
*  2026  9  3  7 50  0.00000000
PG01  20348.033452  13725.881557  10253.777824    181.385344
PG02  20837.986534  16946.975374   1843.356104    169.075483
PG03  13567.013371   4700.190387  22134.859690    288.571658
PG05  -7751.577592 -18084.074835 -18004.134371   -236.491151
PG06   1227.403274 -18077.423961  19430.524790   -533.783899
PG07  17887.125012   -806.319025 -19104.603325   -221.280446
PG08  18780.108619   7879.551998 -17497.976261    356.799525
PG09  25439.924562  -7669.416783  -1506.970596    687.188448
PG10 -11173.184673  23209.277811  -5387.370386   -540.002291
PG12 -13478.604886  -7015.143523  21500.380113   -602.911765
PG13 -13077.518210  -8881.791728  21264.816479    437.336453
PG15 -19665.620790  -5439.600914 -17574.251931    441.684147
PG17  18987.955845 -13137.163394  13738.873876   -196.552949
PG19   7269.598793 -15356.847173  20235.161041    704.937269
PG20 -10401.416382 -12437.846565 -20975.067674    276.810736
PG21   1303.653047 -24811.550555  -9328.377263    370.743294
PG22  10488.581417 -24573.027171   -630.271851     72.644289
PG23 -14937.026906  15361.918790 -15414.744363    685.464826
PG24 -21520.466367 -15475.920716   3006.891851    190.546410
PG27   6620.412992  14365.724915 -21736.623424      0.450167
PG30   8572.867752 -13402.768972 -21033.516635    351.366565
*  2026  9  3  7 55  0.00000000
PG01  20526.777593  14063.637910   9408.387179    181.382591
PG02  20822.264027  17023.159958    904.235945    169.077594
PG03  13310.411749   5516.109716  22105.254081    288.565476
PG05  -7556.142591 -18719.093472 -17422.718854   -236.491484
PG06   1747.982832 -17544.830669  19879.616523   -533.780678
PG07  18380.279992   -229.710383 -18672.622608   -221.281414
PG08  18160.615836   8115.898284 -18027.451251    356.796437
PG09  25493.924562  -7604.619026   -553.192283    687.185802
PG10 -11160.377799  22966.536637  -6334.192965   -540.000206
PG12 -13179.016714  -7797.938416  21417.118300   -602.911492
PG13 -12859.777605  -9663.988428  21055.494789    437.337918
PG15 -19093.098942  -5748.003035 -18116.284604    441.685049
PG17  19479.383983 -13165.762217  12991.144415   -196.554392
PG19   8039.704086 -15422.323249  19874.816719    704.937167
PG20  -9626.236963 -12665.458715 -21207.362509    276.813486
PG21   1476.798510 -25112.624976  -8455.377046    370.740969
PG22  10543.896219 -24494.343945  -1572.972557     72.647034
PG23 -14820.518752  14764.624028 -16100.578314    685.465909
PG24 -21545.906701 -15627.580836   2084.492334    190.551614
PG27   5843.355277  14571.624088 -21810.882554      0.450356
PG30   9159.753821 -12827.266663 -21151.047671    351.370279
*  2026  9  3  8  0  0.00000000
PG01  20690.402173  14373.831086   8545.065931    181.379860
PG02  20781.024530  17077.396308    -36.548552    169.079723
PG03  13069.958412   6334.775060  22032.491696    288.559313
PG05  -7377.416854 -19335.842387 -16808.341354   -236.491595
PG06   2289.405477 -17010.328178  20290.702377   -533.777464
PG07  18870.351508    325.734216 -18203.409232   -221.282358
PG08  17526.839654   8368.501659 -18523.500279    356.793365
PG09  25514.616620  -7530.614395    401.639521    687.183180
PG10 -11142.309581  22688.860677  -7268.535200   -539.998088
PG12 -12894.116396  -8581.928886  21291.766211   -602.911359
PG13 -12657.520898 -10441.367522  20805.578144    437.339400
PG15 -18508.565673  -6073.927172 -18625.081946    441.685846
PG17  19942.766389 -13197.184596  12219.369747   -196.555697
PG19   8794.902127 -15498.523749  19475.772698    704.937053
PG20  -8847.437523 -12908.752170 -21398.833522    276.816236
PG21   1635.274358 -25384.773063  -7566.147642    370.738591
PG22  10588.560141 -24383.471198  -2512.712231     72.649699
PG23 -14708.925997  14140.613969 -16755.016760    685.466970
PG24 -21547.179568 -15756.672592   1158.162087    190.556814
PG27   5067.611826  14791.542007 -21844.832825      0.450266
PG30   9758.154226 -12258.769993 -21227.245380    351.373999
*  2026  9  3  8  5  0.00000000
PG01  20837.478126  14656.714802   7665.461502    181.377106
PG02  20713.331925  17110.703129   -977.265211    169.081630
PG03  12846.093913   7154.267535  21916.728107    288.553113
PG05  -7214.811360 -19932.713407 -16162.148380   -236.491272
PG06   2850.944219 -16475.594940  20663.015753   -533.774251
PG07  19355.738179    859.344474 -17697.977910   -221.283136
PG08  16880.346945   8637.595158 -18985.180916    356.790287
PG09  25502.382116  -7446.052841   1355.706272    687.180564
PG10 -11120.514278  22376.431941  -8188.544791   -539.995936
PG12 -12624.343248  -9365.299195  21124.575458   -602.911206
PG13 -12470.791106 -11212.123918  20515.548681    437.340886
PG15 -17913.621895  -6417.435125 -19099.750926    441.686704
PG17  20377.343966 -13230.124906  11424.961137   -196.556758
PG19   9533.609414 -15584.608370  19038.753950    704.937355
PG20  -8066.825442 -13167.493644 -21549.111700    276.819001
PG21   1780.140125 -25626.982379  -6662.395337    370.736257
PG22  10623.899971 -24240.066223  -3447.715901     72.652452
PG23 -14603.567108  13491.061170 -17376.795954    685.468049
PG24 -21523.410641 -15864.159773    229.652623    190.562054
PG27   4294.839043  15025.053980 -21838.367555      0.449934
PG30  10366.862154 -11698.610210 -21261.986689    351.377691
*  2026  9  3  8 10  0.00000000
PG01  20966.613040  14912.643386   6771.251792    181.374368
PG02  20618.329720  17124.164393  -1916.176946    169.083671
PG03  12639.150666   7972.651645  21758.204257    288.546903
PG05  -7067.645109 -20508.152272 -15485.347164   -236.491386
PG06   3431.771596 -15942.274575  20995.864713   -533.771059
PG07  19834.825584   1370.558297 -17157.413557   -221.284232
PG08  16222.729955   8923.318402 -19411.611236    356.787204
PG09  25457.707284  -7349.618360   2307.189247    687.177917
PG10 -11096.522393  22029.554853  -9092.395724   -539.993850
PG12 -12370.035431 -10146.218823  20915.881872   -602.910689
PG13 -12299.530270 -11974.462741  20185.966365    437.342371
PG15 -17309.877982  -6778.495104 -19539.460270    441.687435
PG17  20782.451468 -13263.242656  10609.372669   -196.558463
PG19  10254.301872 -15679.654805  18564.562913    704.937307
PG20  -7286.198485 -13441.348859 -21657.907719    276.821778
PG21   1912.517265 -25838.331572  -5745.854470    370.733899
PG22  10651.267498 -24063.889840  -4376.212603     72.654971
PG23 -14505.698842  12817.232068 -17964.717930    685.469111
PG24 -21473.802575 -15951.072839   -699.288554    190.567227
PG27   3526.671215  15271.641908 -21791.452101      0.449616
PG30  10984.601028 -11148.051410 -21255.231169    351.381388
*  2026  9  3  8 15  0.00000000
PG01  21076.457463  15142.069482   5864.142006    181.371641
PG02  20495.245302  17118.924513  -2851.544606    169.086046
PG03  12449.351869   8787.983051  21557.245854    288.540677
PG05  -6935.148570 -21060.664803 -14779.203581   -236.491660
PG06   4030.962562 -15411.969159  21288.633144   -533.767830
PG07  20305.993372   1858.922961 -16582.868277   -221.285291
PG08  15555.600277   9225.716282 -19801.971473    356.784129
PG09  25381.181014  -7240.035460   3254.272968    687.175303
PG10 -11071.853088  21648.655584  -9978.292282   -539.991752
PG12 -12131.428885 -10922.849864  20666.104740   -602.910569
PG13 -12143.580133 -12726.606397  19817.467878    437.343845
PG15 -16698.947652  -7156.981415 -19943.441504    441.688483
PG17  21157.519845 -13295.168506   9774.098955   -196.559771
PG19  10955.520925 -15782.662868  18054.078233    704.937298
PG20  -6507.337761 -13729.883621 -21725.012511    276.824538
PG21   2033.583471 -26017.994308  -4818.284085    370.731532
PG22  10672.033146 -23854.808064  -5296.438613     72.657564
PG23 -14416.510376  12120.482075 -18517.652846    685.470207
PG24 -21397.638446 -16018.503623  -1626.921023    190.572430
PG27   2764.714496  15530.695979 -21704.124247      0.449668
PG30  11610.029578 -10608.285616 -21207.020900    351.385093
*  2026  9  3  8 20  0.00000000
PG01  21165.711051  15345.541364   4945.861440    181.368893
PG02  20343.393892  17096.183249  -3781.629855    169.088099
PG03  12276.810935   9598.316373  21314.262563    288.534481
PG05  -6816.467515 -21588.822855 -14045.039946   -236.491955
PG06   4647.497802 -14886.232738  21540.781769   -533.764630
PG07  20767.622369   2324.095751 -15975.558219   -221.286167
PG08  14880.582763   9544.738049 -20155.505608    356.781069
PG09  25273.492228  -7116.075466   4195.148635    687.172739
PG10 -11048.006642  21234.280827 -10844.473003   -539.989619
PG12 -11908.656759 -11693.354455  20375.745840   -602.910384
PG13 -12002.683265 -13466.801563  19410.765368    437.345313
PG15 -16082.441867  -7552.674529 -20310.989906    441.689499
PG17  21502.078221 -13324.510433   8920.672763   -196.560901
PG19  11635.879309 -15892.559003  17508.253338    704.937318
PG20  -5732.000766 -14032.565343 -21750.297665    276.827310
PG21   2144.566747 -26165.242810  -3881.464526    370.729210
PG22  10687.579521 -23612.793374  -6206.640706     72.660271
PG23 -14337.117747  11402.250285 -19034.541177    685.471318
PG24 -21294.284854 -16067.599833  -2551.514458    190.577630
PG27   2010.540971  15801.516744 -21576.494509      0.449464
PG30  12241.747201 -10080.428199 -21117.480154    351.388787
*  2026  9  3  8 25  0.00000000
PG01  21233.128514  15523.699838   4018.160229    181.366145
PG02  20162.182191  17057.190381  -4704.698097    169.090250
PG03  12121.531432  10401.713007  21029.747032    288.528347
PG05  -6710.667227 -22091.270000 -13284.232721   -236.492022
PG06   5280.267443 -14366.565057  21751.849021   -533.761423
PG07  21218.101638   2765.844089 -15336.760339   -221.287405
PG08  14199.309368   9880.236778 -20471.522862    356.777961
PG09  25135.426842  -6976.562636   5128.017554    687.170095
PG10 -11026.456988  20787.096039 -11689.214576   -539.987509
PG12 -11701.749312 -12455.902207  20045.388300   -602.910250
PG13 -11876.484641 -14193.326088  18966.645031    437.346760
PG15 -15461.962786  -7965.261523 -20641.465361    441.690333
PG17  21815.755493 -13349.860019   8050.662574   -196.562490
PG19  12294.066593 -16008.201168  16928.114821    704.937361
PG20  -4961.914531 -14348.765015 -21733.715677    276.830030
PG21   2246.739266 -26279.450979  -2937.193992    370.726814
PG22  10699.294866 -23337.925544  -7105.079434     72.662781
PG23 -14268.558655  10664.053834 -19514.395744    685.472405
PG24 -21163.194667 -16099.559383  -3471.351561    190.582775
PG27   1265.682855  16083.317581 -21408.746321      0.449563
PG30  12878.299581  -9565.513681 -20986.814909    351.392460
*  2026  9  3  8 30  0.00000000
PG01  21277.525344  15677.274766   3082.806053    181.363422
PG02  19951.111677  17003.240164  -5619.021435    169.092255
PG03  11983.407537  11196.248890  20704.273733    288.522165
PG05  -6616.737063 -22566.726952 -12498.210094   -236.492344
PG06   5928.075164 -13854.405559  21921.451762   -533.758229
PG07  21655.835466   3184.045147 -14667.809061   -221.288265
PG08  13513.412969  10231.969246 -20749.399112    356.774882
PG09  24967.864327  -6820.380072   6051.094566    687.167481
PG10 -11008.644377  20307.883129 -12510.835657   -539.985412
PG12 -11510.634320 -13208.677615  19675.695264   -602.909942
PG13 -11764.533666 -14904.495760  18485.965551    437.348200
PG15 -14839.097773  -8394.336888 -20934.293144    441.690978
PG17  22098.281546 -13369.798829   7165.670060   -196.563880
PG19  12928.854380 -16128.384063  16314.760638    704.937407
PG20  -4198.768921 -14677.759608 -21675.300027    276.832783
PG21   2341.411028 -26360.097107  -1987.285054    370.724437
PG22  10708.566485 -23030.392049  -7990.032414     72.665458
PG23 -14211.787645   9907.481913 -19956.303575    685.473500
PG24 -21003.909420 -16115.624564  -4384.730928    190.587939
PG27    531.626814  16375.227536 -21201.136123      0.449575
PG30  13518.184557  -9064.491913 -20815.312177    351.396164
*  2026  9  3  8 35  0.00000000
PG01  21297.783299  15807.081219   2141.580814    181.360669
PG02  19709.781573  16935.665579  -6522.881657    169.094256
PG03  11862.224989  11980.022213  20338.497624    288.515960
PG05  -6533.595364 -23013.996678 -11688.449467   -236.492020
PG06   6589.642664 -13351.127664  22049.285854   -533.754996
PG07  22079.250241   3578.684951 -13970.092865   -221.289189
PG08  12824.521165  10599.596202 -20988.578212    356.771801
PG09  24771.773880  -6646.475385   6962.611454    687.164854
PG10 -10995.968183  19797.537632 -13307.700605   -539.983282
PG12 -11335.137941 -13949.887386  19267.408380   -602.909777
PG13 -11666.286619 -15598.670918  17969.656400    437.349665
PG15 -14215.413497  -8839.403701 -21188.964608    441.692040
PG17  22349.488076 -13382.904880   6267.327494   -196.565352
PG19  13539.101165 -16251.844693  15669.358126    704.937533
PG20  -3444.210091 -15018.734915 -21575.165109    276.835525
PG21   2429.923362 -26406.766144  -1033.561148    370.722044
PG22  10716.774137 -22690.488033  -8859.797627     72.668065
PG23 -14167.671678   9134.189492 -20359.427605    685.474573
PG24 -20816.061337 -16117.076104  -5289.969836    190.593102
PG27   -190.191540  16676.294537 -20953.993338      0.449691
PG30  14159.858201  -8578.224660 -20603.339164    351.399842
*  2026  9  3  8 40  0.00000000
PG01  21292.855615  15914.015281   1196.277291    181.357910
PG02  19437.891435  16855.832411  -7414.573266    169.096353
PG03  11757.662546  12751.161019  19933.152652    288.509791
PG05  -6460.094676 -23431.969200 -10856.474840   -236.492276
PG06   7263.614495 -12858.033347  22135.126584   -533.751785
PG07  22486.801182   3949.856998 -13245.050795   -221.290156
PG08  12134.250097  10982.683038 -21188.573223    356.768719
PG09  24548.210220  -6453.866101   7860.820344    687.162259
PG10 -10989.779917  19257.065356 -14078.223109   -539.981176
PG12 -11174.986079 -14677.767681  18821.346116   -602.909387
PG13 -11581.109537 -16274.262884  17418.715990    437.351126
PG15 -13592.450134  -9299.875159 -21405.037790    441.693046
PG17  22569.309025 -13387.759141   5357.295087   -196.566910
PG19  14123.756823 -16377.268232  14993.141847    704.937534
PG20  -2699.834152 -15370.788788 -21433.505984    276.838313
PG21   2513.642285 -26419.151526    -77.853044    370.719675
PG22  10725.283443 -22318.615842  -9712.696718     72.670894
PG23 -14136.986121   8345.890760 -20723.008196    685.475663
PG24 -20599.375002 -16105.227116  -6185.406943    190.598302
PG27   -898.392970  16985.488961 -20667.720234      0.449469
PG30  14801.741073  -8107.482599 -20351.342261    351.403533
*  2026  9  3  8 45  0.00000000
PG01  21261.771931  15999.049514    248.695776    181.355182
PG02  19135.243372  16765.133164  -8292.406520    169.098494
PG03  11669.293932  13507.830665  19489.050083    288.503620
PG05  -6395.027274 -23819.626040 -10003.854093   -236.491999
PG06   7948.563210 -12376.348059  22178.828944   -533.748546
PG07  22876.978912   4297.760402 -12494.168935   -221.291273
PG08  11444.198307  11380.700869 -21348.967544    356.765653
PG09  24298.309034  -6241.644773   8743.997065    687.159639
PG10 -10991.376449  18687.578524 -14820.869717   -539.979033
PG12 -11029.806204 -15390.591215  18338.401897   -602.909390
PG13 -11508.281489 -16929.740173  16834.209684    437.352598
PG15 -12971.715697  -9775.076466 -21582.137943    441.693595
PG17  22757.780603 -13382.952072   4437.258254   -196.568069
PG19  14681.866707 -16503.294160  14287.411247    704.937437
PG20  -1967.181052 -15732.934795 -21250.597991    276.841050
PG21   2593.951765 -26397.056549    878.004704    370.717312
PG22  10735.439330 -21915.284099 -10547.078293     72.673510
PG23 -14120.411175   7544.352328 -21046.364494    685.476746
PG24 -20353.668645 -16081.416974  -7069.404924    190.603488
PG27  -1591.659740  17301.707564 -20342.791673      0.449691
PG30  15442.224642  -7652.942750 -20059.845874    351.407250
*  2026  9  3  8 50  0.00000000
PG01  21203.642900  16063.228115   -699.359305    181.352447
PG02  18801.743869  16664.980840  -9154.710514    169.100767
PG03  11596.590270  14248.241116  19007.076675    288.497449
PG05  -6337.130962 -24176.044318  -9132.196179   -236.492998
PG06   8642.994829 -11907.215979  22180.327760   -533.745325
PG07  23248.315824   4622.697564 -11718.976824   -221.292063
PG08  10755.940654  11793.028007 -21469.415949    356.762568
PG09  24023.282079  -6008.983792   9610.444492    687.157116
PG10 -11001.993505  18090.291440 -15534.163232   -539.976904
PG12 -10899.129634 -16086.674196  17819.542093   -602.909276
PG13 -11446.998260 -17563.634469  16217.267685    437.354051
PG15 -12354.680510 -10264.247061 -21719.957974    441.694690
PG17  22915.040917 -13367.090155   3508.924820   -196.569533
PG19  15212.575328 -16628.522658  13553.528151    704.937497
PG20  -1247.728716 -16104.106246 -21026.796182    276.843806
PG21   2672.246895 -26340.395290   1832.177306    370.714924
PG22  10748.559537 -21481.106357 -11361.321200     72.675911
PG23 -14118.528748   6731.386215 -21328.895601    685.477829
PG24 -20078.855073 -16047.005138  -7940.353017    190.608688
PG27  -2268.740494  17623.777734 -19979.754737      0.449476
PG30  16079.677823  -7215.186333 -19729.451090    351.410949
*  2026  9  3  8 55  0.00000000
PG01  21117.664476  16107.661771  -1646.082775    181.349716
PG02  18437.405212  16556.802612  -9999.836263    169.102827
PG03  11538.922973  14970.654033  18488.192698    288.491251
PG05  -6285.095127 -24500.400454  -8243.148225   -236.492369
PG06   9345.354588 -11451.695644  22139.637678   -533.742082
PG07  23599.392225   4925.071419 -10921.043852   -221.293493
PG08  10071.022316  12218.951836 -21549.645516    356.759493
PG09  23724.411969  -5755.139848  10458.495837    687.154486
PG10 -11022.799443  17466.515680 -16216.685984   -539.974772
PG12 -10782.394269 -16764.383060  17265.803832   -602.909059
PG13 -11396.376398 -18174.546334  15569.082785    437.355512
PG15 -11742.771852 -10766.543183 -21818.258810    441.695750
PG17  23041.329194 -13338.802399   2574.022150   -196.570655
PG19  15715.129600 -16751.521213  12792.914088    704.937555
PG20   -542.887458 -16483.160594 -20762.534609    276.846584
PG21   2749.927030 -26249.193056   2782.833288    370.712572
PG22  10765.928214 -21016.799298 -12153.837800     72.678839
PG23 -14131.819785   5908.842655 -21570.081583    685.478903
PG24 -19774.942220 -16003.364953  -8796.669490    190.613891
PG27  -2928.454906  17950.462081 -19579.228240      0.449398
PG30  16712.453609  -6794.697078 -19360.834195    351.414647
*  2026  9  3  9  0  0.00000000
PG01  21003.121840  16133.522251  -2589.672084    181.346955
PG02  18042.346497  16442.033406 -10826.159813    169.104719
PG03  11495.567095  15673.389625  17933.429801    288.485102
PG05  -6237.567017 -24791.973487  -7338.392543   -236.493066
PG06  10054.032941 -11010.755963  22056.853002   -533.738870
PG07  23928.842229   5205.382238 -10101.975638   -221.294439
PG08   9390.952908  12657.671077 -21589.456455    356.756389
PG09  23403.046670  -5479.458059  11286.517905    687.151882
PG10 -11054.889362  16817.654848 -16867.082962   -539.972641
PG12 -10678.947749 -17422.140986  16678.292676   -602.908669
PG13 -11355.457631 -18761.150623  14890.907999    437.356971
PG15 -11137.368770 -11281.040767 -21876.869683    441.696610
PG17  23136.984601 -13296.746793   1634.294229   -196.572343
PG19  16188.881640 -16870.831423  12007.047450    704.937819
PG20    146.005304 -16868.884178 -20458.325453    276.849303
PG21   2828.388907 -26123.586378   3728.148046    370.710167
PG22  10788.789646 -20523.180496 -12923.077205     72.681581
PG23 -14160.662076   5078.602757 -21769.484289    685.479990
PG24 -19442.033335 -15951.877443  -9636.804031    190.619150
PG27  -3569.698045  18280.463328 -19141.902107      0.448836
PG30  17338.895778  -6391.859975 -18954.745040    351.418357
*  2026  9  3  9  5  0.00000000
PG01  20859.392971  16142.036744  -3528.330695    181.344231
PG02  17616.794219  16322.109416 -11632.085356    169.107048
PG03  11465.705118  16354.833239  17343.888746    288.478925
PG05  -6193.158224 -25050.147965  -6419.643568   -236.492795
PG06  10767.371804 -10585.272627  21932.147392   -533.735621
PG07  24235.359381   5464.224049  -9263.410399   -221.295209
PG08   8717.200725  13108.298442 -21588.722817    356.753309
PG09  23060.593714  -5181.375705  12092.914291    687.149258
PG10 -11099.279555  16145.198908 -17484.064788   -539.970511
PG12 -10588.051038 -18058.434144  16058.180144   -602.908545
PG13 -11323.213614 -19322.201587  14184.054072    437.358457
PG15 -10539.797106 -11806.738653 -21895.688334    441.697597
PG17  23202.444659 -13239.616679    691.498667   -196.573825
PG19  16633.291091 -16984.975953  11197.460504    704.937909
PG20    817.690006 -17259.997294 -20114.757998    276.852044
PG21   2909.019777 -25963.822535   4666.307368    370.707800
PG22  10818.342126 -20001.165756 -13667.528486     72.684104
PG23 -14205.328542   4242.571051 -21926.748003    685.481066
PG24 -19080.326804 -15893.925124 -10459.240054    190.624387
PG27  -4191.444460  18612.429499 -18668.536629      0.448676
PG30  17957.345621  -6006.960484 -18512.005265    351.422070
*  2026  9  3  9 10  0.00000000
PG01  20685.951830  16134.481978  -4460.271445    181.341476
PG02  17161.082430  16198.461591 -12416.048345    169.109163
PG03  11448.431153  17013.441656  16720.736999    288.472706
PG05  -6150.451342 -25274.416423  -5488.644709   -236.492669
PG06  11483.671001 -10176.024934  21765.773419   -533.732430
PG07  24517.701990   5702.280666  -8407.015324   -221.296149
PG08   8051.187148  13569.863666 -21547.393103    356.750203
PG09  22698.514174  -4860.425589  12876.128520    687.146637
PG10 -11156.902351  15450.718134 -18066.410541   -539.968398
PG12 -10508.882395 -18671.817662  15406.701107   -602.908213
PG13 -11298.550997 -19856.537640  13449.886882    437.359937
PG15  -9951.324735 -12342.562097 -21874.681137    441.698414
PG17  23238.243266 -13166.147015   -252.596336   -196.574833
PG19  17047.926974 -17092.465615  10365.736246    704.938152
PG20   1470.989563 -17655.159574 -19732.497448    276.854804
PG21   2993.190581 -25770.258622   5595.510950    370.705403
PG22  10855.732008 -19451.766020 -14385.723845     72.686828
PG23 -14265.986004   3402.667950 -22041.599915    685.482141
PG24 -18690.115611 -15830.885860 -11262.496925    190.629585
PG27  -4792.751958  18944.959379 -18159.961589      0.448515
PG30  18566.148686  -5640.184188 -18033.506387    351.425729
*  2026  9  3  9 15  0.00000000
PG01  20482.371151  16112.178132  -5383.719894    181.338775
PG02  16675.652462  16072.509109 -13176.518618    169.111321
PG03  11442.755537  17647.749063  16065.206197    288.466524
PG05  -6108.006767 -25464.381413  -4547.165134   -236.493171
PG06  12201.194898  -9783.693043  21558.061978   -533.729194
PG07  24774.698136   5920.321368  -7534.482963   -221.297208
PG08   7394.281228  14041.316910 -21465.490742    356.747127
PG09  22318.316410  -4516.238978  13634.647123    687.144022
PG10 -11228.601355  14735.856688 -18612.970402   -539.966283
PG12 -10440.541731 -19260.921284  14725.151048   -602.908008
PG13 -11280.316788 -20363.085769  12689.824725    437.361391
PG15  -9373.157033 -12887.366579 -21813.883150    441.699320
PG17  23245.008325 -13075.120518  -1196.215092   -196.576175
PG19  17432.469042 -17191.806545   9513.505120    704.937701
PG20   2104.813617 -18052.975637 -19312.283606    276.857555
PG21   3082.249203 -25543.360152   6513.975876    370.703054
PG22  10902.047959 -18876.083868 -15076.241734     72.689317
PG23 -14342.694439   2560.822169 -22113.850421    685.483248
PG24 -18271.786432 -15764.126779 -12045.132110    190.634808
PG27  -5372.765048  19276.608230 -17617.075252      0.448793
PG30  19163.661490  -5291.616904 -17520.207758    351.429418
*  2026  9  3  9 20  0.00000000
PG01  20248.324825  16076.482584  -6296.917651    181.336015
PG02  16161.052210  15945.652860 -13912.003503    169.113399
PG03  11447.609810  18256.372688  15378.589493    288.460311
PG05  -6064.369624 -25619.757083  -3596.996490   -236.492719
PG06  12918.179179  -9408.855659  21309.421564   -533.725949
PG07  25005.250363   6119.196250  -6647.527636   -221.298196
PG08   6747.794472  14521.532524 -21343.114462    356.744054
PG09  21921.549618  -4148.548135  14367.002642    687.141399
PG10 -11315.127119  14002.325876 -19122.668132   -539.964184
PG12 -10382.055316 -19824.454684  14014.883208   -602.907846
PG13 -11267.303984 -20840.865570  11905.335509    437.362836
PG15  -8806.432606 -13439.941889 -21713.398078    441.699931
PG17  23223.458981 -12965.373631  -2137.577569   -196.577740
PG19  17786.708634 -17281.507426   8642.441600    704.937619
PG20   2718.162409 -18452.001002 -18854.929395    276.860340
PG21   3177.513831 -25283.699215   7419.940066    370.700657
PG22  10958.315459 -18275.309607 -15737.709915     72.692107
PG23 -14435.406737   1718.963126 -22143.393245    685.484341
PG24 -17825.818393 -15694.998286 -12805.743242    190.639997
PG27  -5930.718050  19605.893741 -17040.843223      0.448748
PG30  19748.258178  -4961.245233 -16973.134400    351.433096
*  2026  9  3  9 25  0.00000000
PG01  19983.589869  16028.783509  -7198.125669    181.333286
PG02  15617.934975  15819.268986 -14621.050918    169.115520
PG03  11461.852027  18838.018054  14662.238788    288.454117
PG05  -6018.076771 -25740.370310  -2639.949549   -236.492865
PG06  13632.837760  -9051.988167  21020.337410   -533.722723
PG07  25208.340019   6299.831267  -5747.881876   -221.299306
PG08   6112.975859  15009.313154 -21180.438522    356.740973
PG09  21509.797216  -3757.188411  15071.776549    687.138783
PG10 -11417.133264  13251.897107 -19594.503367   -539.962093
PG12 -10332.380824 -20361.212425  13277.305615   -602.907615
PG13 -11258.257447 -21288.992883  11097.933845    437.364307
PG15  -8252.219264 -13999.016473 -21573.398169    441.700963
PG17  23174.402487 -12835.802324  -3074.902586   -196.579364
PG19  18110.549032 -17360.086740   7754.260651    704.937678
PG20   3310.130253 -18850.748231 -18361.319240    276.863071
PG21   3280.266443 -24991.952185   8311.665676    370.698280
PG22  11025.491548 -17650.716978 -16368.808468     72.694718
PG23 -14543.968934    879.013372 -22130.205389    685.485430
PG24 -17352.781478 -15624.828175 -13542.970114    190.645199
PG27  -6465.937847  19931.302195 -16432.297163      0.449007
PG30  20318.337101  -4648.957564 -16393.374720    351.436785
*  2026  9  3  9 30  0.00000000
PG01  19688.047963  15970.493356  -8085.627508    181.330569
PG02  15047.057858  15694.702484 -15302.252443    169.117786
PG03  11484.272412  19391.483858  13917.561856    288.447924
PG05  -5967.663873 -25826.161350  -1677.850820   -236.493132
PG06  14343.369785  -8713.461219  20691.370492   -533.719471
PG07  25383.031234   6463.223006  -4837.292913   -221.300011
PG08   5491.007097  15503.394186 -20977.712831    356.737899
PG09  21084.670083  -3342.099893  15747.602091    687.136193
PG10 -11535.173071  12486.394583 -20027.553717   -539.959926
PG12 -10290.412673 -20870.078538  12513.878014   -602.907407
PG13 -11251.880001 -21706.683036  10269.178051    437.365773
PG15  -7711.510294 -14563.262038 -21394.124020    441.701989
PG17  23098.730696 -12685.367669  -4006.411045   -196.580928
PG19  18404.005296 -17426.079999   6850.714069    704.937862
PG20   3879.908597 -19247.693267 -17832.407313    276.865807
PG21   3391.746463 -24668.897000   9187.442458    370.695909
PG22  11104.459862 -17003.658489 -16968.272711     72.697174
PG23 -14668.120939     42.881060 -22074.346917    685.486546
PG24 -16853.334605 -15554.915871 -14255.496586    190.650368
PG27  -6977.846255  20251.294816 -15792.533373      0.449085
PG30  20872.327279  -4354.545499 -15782.078115    351.440491
*  2026  9  3  9 35  0.00000000
PG01  19361.686562  15903.042238  -8957.732549    181.327819
PG02  14449.279714  15573.260915 -15954.246363    169.119874
PG03  11513.599294  19915.666420  13146.019372    288.441717
PG05  -5911.672494 -25877.184039   -712.539085   -236.493413
PG06  15047.966702  -8393.539769  20323.156402   -533.716245
PG07  25528.474531   6610.433203  -3917.519195   -221.301150
PG08   4882.998151  16002.448507 -20735.262927    356.734797
PG09  20647.799688  -2903.328601  16393.167033    687.133586
PG10 -11669.696554  11707.687767 -20420.976682   -539.957756
PG12 -10254.987659 -21350.030697  11726.108704   -602.907410
PG13 -11246.838715 -22093.253646   9420.667071    437.367220
PG15  -7185.221011 -15131.298383 -21175.884309    441.702786
PG17  22997.416201 -12513.101195  -4930.329205   -196.581960
PG19  18667.203601 -17478.046928   5933.586727    704.937918
PG20   4426.788656 -19641.281958 -17269.215638    276.868560
PG21   3513.144605 -24315.410019  10045.591058    370.693525
PG22  11196.025989 -16335.560382 -17534.896047     72.700088
PG23 -14807.497742   -787.547489 -21975.960568    685.487647
PG24 -16328.223372 -15486.526821 -14942.052424    190.655560
PG27  -7465.962019  20564.314292 -15122.711226      0.449375
PG30  21408.694726  -4077.705716 -15140.452481    351.444186
*  2026  9  3  9 40  0.00000000
PG01  19004.599567  15827.871256  -9812.779172    181.325098
PG02  13825.558671  15456.208236 -16575.720684    169.121990
PG03  11548.505320  20409.563725  12349.121848    288.435525
PG05  -5848.657195 -25893.605507    254.138083   -236.493389
PG06  15744.819370  -8092.382579  19916.404091   -533.713019
PG07  25643.910062   6742.583042  -2990.326976   -221.302307
PG08   4289.983064  16505.091567 -20453.489825    356.731702
PG09  20200.831140  -2441.027225  17007.216314    687.130986
PG10 -11821.048034  10917.683662 -20774.011358   -539.955590
PG12 -10224.890832 -21800.143982  10915.551286   -602.906940
PG13 -11241.771356 -22448.127008   8554.037326    437.368656
PG15  -6674.185615 -15701.698455 -20919.055447    441.703949
PG17  22871.508127 -12318.109972  -5844.891985   -196.582992
PG19  18900.380058 -17514.578561   5004.692714    704.937757
PG20   4950.163607 -20029.936715 -16672.832062    276.871337
PG21   3645.596932 -23932.462465  10884.466250    370.691186
PG22  11300.913147 -15647.917277 -18067.532724     72.702785
PG23 -14961.631094  -1610.415105 -21835.271203    685.488722
PG24 -15778.277491 -15420.887054 -15601.415058    190.660737
PG27  -7929.902395  20868.791427 -14424.051469      0.449336
PG30  21925.948608  -3818.042232 -14469.761613    351.447858
*  2026  9  3  9 45  0.00000000
PG01  18616.987556  15746.425790 -10649.137877    181.322349
PG02  13176.949204  15344.758795 -17165.416087    169.124083
PG03  11587.613901  20872.279001  11528.426486    288.429312
PG05  -5777.192591 -25875.705426   1220.327861   -236.493463
PG06  16432.125172  -7810.042172  19471.894484   -533.709779
PG07  25728.670438   6860.847258  -2057.486952   -221.302995
PG08   3712.916074  17009.886727 -20132.869728    356.728621
PG09  19745.416184  -1955.455401  17588.554587    687.128352
PG10 -11989.464223  10118.318931 -21085.979946   -539.953487
PG12 -10198.861604 -22219.594208  10083.801340   -602.906796
PG13 -11235.292969 -22770.832022   7670.959483    437.370108
PG15  -6179.154372 -16272.993600 -20624.081144    441.704695
PG17  22722.127600 -12099.581419  -6748.346293   -196.584644
PG19  19103.879043 -17534.304214   4065.871400    704.937853
PG20   5449.530351 -20412.063299 -16044.408109    276.874101
PG21   3790.179167 -23521.116484  11702.460106    370.688709
PG22  11419.758226 -14942.286489 -18565.100487     72.705203
PG23 -15129.951647  -2423.900940 -21652.585097    685.489773
PG24 -15204.407913 -15359.177918 -16232.411270    190.665923
PG27  -8369.384341  21163.151911 -13697.834371      0.449508
PG30  22422.647206  -3575.069087 -13771.322525    351.451634
*  2026  9  3  9 50  0.00000000
PG01  18199.157570  15660.148783 -11465.214342    181.319619
PG02  12504.598790  15240.071507 -17722.128849    169.126123
PG03  11629.505878  21303.023855  10685.533960    288.423122
PG05  -5695.880346 -25823.874789   2184.175729   -236.493438
PG06  17108.095113  -7546.465258  18990.478972   -533.706539
PG07  25782.183190   6966.448077  -1120.770965   -221.304047
PG08   3152.668073  17515.350864 -19773.953593    356.725515
PG09  19283.206174  -1446.979514  18136.048662    687.125756
PG10 -12175.072823   9311.551905 -21356.289057   -539.951291
PG12 -10175.600045 -22607.660814   9232.493032   -602.906512
PG13 -11226.002567 -23061.005686   6773.135171    437.371560
PG15  -5700.791108 -16843.679005 -20291.471902    441.705555
PG17  22550.462891 -11856.787802  -7638.954381   -196.586038
PG19  19278.151018 -17535.898301   3118.983426    704.937928
PG20   5924.490803 -20786.057687 -15385.156697    276.876851
PG21   3947.901259 -23082.520825  12498.005092    370.686367
PG22  11553.108209 -14220.282054 -19026.583132     72.708024
PG23 -15311.791555  -3226.227464 -21428.289064    685.490868
PG24 -14607.603669 -15302.531027 -16833.918804    190.671098
PG27  -8784.225273  21445.823176 -12945.397737      0.450084
PG30  22897.403672  -3348.213392 -13046.502685    351.455337
*  2026  9  3  9 55  0.00000000
PG01  17751.522463  15570.474050 -12259.452427    181.316868
PG02  11809.744134  15143.244246 -18244.713685    169.128102
PG03  11672.726355  21701.120932   9822.085128    288.416919
PG05  -5603.356072 -25738.614216   3143.829062   -236.493357
PG06  17770.960868  -7301.493608  18473.077786   -533.703291
PG07  25803.972806   7060.649012   -181.948776   -221.305539
PG08   2610.023394  18019.960229 -19377.366562    356.722444
PG09  18815.845060   -916.072036  18648.629824    687.123138
PG10 -12377.891652   8499.354521 -21584.430802   -539.949141
PG12 -10153.773351 -22963.729288   8363.295666   -602.906563
PG13 -11212.489891 -23318.394120   5862.293639    437.373025
PG15  -5239.671053 -17412.219296 -19921.804413    441.706334
PG17  22357.764282 -11589.090404  -8514.997210   -196.587509
PG19  19423.749881 -17518.086964   2165.906631    704.937922
PG20   6374.752743 -21150.312995 -14696.349745    276.879624
PG21   4119.702257 -22617.906162  13269.577076    370.683997
PG22  11701.416989 -13483.568489 -19451.032943     72.710644
PG23 -15506.387503  -4015.667240 -21162.849438    685.491965
PG24 -13988.928414 -15252.023425 -17404.867905    190.676267
PG27  -9174.343407  21715.241303 -12168.134767      0.449549
PG30  23348.891531  -3136.818771 -12296.717169    351.459034
*  2026  9  3 10  0  0.00000000
PG01  17274.599808  15478.819637 -13030.337105    181.314120
PG02  11093.706999  15055.308476 -18732.086527    169.130357
PG03  11715.791686  22066.006100   8939.757680    288.410704
PG05  -5498.296101 -25620.531804   4097.440729   -236.493518
PG06  18418.981746  -7074.865378  17920.678243   -533.700062
PG07  25793.662386   7144.748556    757.215092   -221.306146
PG08   2085.676969  18522.156516 -18943.807244    356.719375
PG09  18344.962410   -363.310399  19125.296037    687.120519
PG10 -12597.828288   7683.704213 -21769.983680   -539.947027
PG12 -10132.022439 -23287.293141   7477.910183   -602.906437
PG13 -11193.342224 -23542.853137   4940.188364    437.374497
PG15  -4796.279024 -17977.054288 -19515.720883    441.707416
PG17  22145.338639 -11295.943352  -9374.777825   -196.588688
PG19  19541.329830 -17479.654469   1208.531939    704.937947
PG20   6800.130198 -21503.226435 -13979.315668    276.882361
PG21   4306.445486 -22128.580083  14015.698256    370.681656
PG22  11865.042600 -12733.854305 -19837.572996     72.713403
PG23 -15712.884172  -4790.549477 -20856.810894    685.493055
PG24 -13349.516721 -15208.672984 -17944.242790    190.681422
PG27  -9539.757665  21969.857958 -11367.491785      0.449850
PG30  23775.849934  -2940.149140 -11523.425759    351.462707
*  2026  9  3 10  5  0.00000000
PG01  16769.010369  15386.581255 -13776.397316    181.311420
PG02  10357.889624  14977.224149 -19183.227224    169.132126
PG03  11757.196578  22397.230145   8040.262751    288.404521
PG05  -5379.424101 -25470.340516   5043.172701   -236.493393
PG06  19050.451552  -6866.216892  17334.332890   -533.696840
PG07  25750.974884   7220.073785   1694.964432   -221.307435
PG08   1580.231855  19020.353131 -18474.046841    356.716295
PG09  17872.166508    210.624597  19565.114015    687.117923
PG10 -12834.680252   6866.575810 -21912.613247   -539.944833
PG12 -10108.968654 -23577.955405   6578.065626   -602.906033
PG13 -11167.151207 -23734.348350   4008.593617    437.375965
PG15  -4371.007956 -18536.604861 -19073.928263    441.708230
PG17  21914.543744 -10976.897062 -10216.624736   -196.590470
PG19  19631.641785 -17419.449359    248.759203    704.938040
PG20   7200.543364 -21843.206262 -13235.436760    276.885124
PG21   4508.914064 -21615.921761  14734.939992    370.679300
PG22  12044.244887 -11972.885306 -20185.399346     72.715978
PG23 -15930.338096  -5549.266311 -20510.795133    685.494140
PG24 -12690.570109 -15173.434050 -18451.083040    190.686592
PG27  -9880.587147  22208.147329 -10544.965812      0.449956
PG30  24177.088617  -2757.392826 -10728.129966    351.466403
*  2026  9  3 10 10  0.00000000
PG01  16235.476149  15295.125831 -14496.208751    181.308700
PG02   9603.769775  14909.874902 -19597.182146    169.134397
PG03  11795.421276  22694.459981   7125.341469    288.398312
PG05  -5245.517497 -25288.855133   5979.199668   -236.493785
PG06  19663.705309  -6675.084845  16715.157526   -533.693608
PG07  25675.733952   7287.973909   2629.554350   -221.308332
PG08   1094.197151  19512.941635 -17968.928138    356.713213
PG09  17399.037547    804.950832  19967.221169    687.115297
PG10 -13088.135703   6049.933479 -22012.072582   -539.942685
PG12 -10083.220538 -23835.429657   5665.515571   -602.905604
PG13 -11132.519652 -23892.954817   3069.301000    437.377440
PG15  -3964.157808 -19089.278939 -18597.197398    441.709201
PG17  21666.782382 -10631.601310 -11038.895288   -196.591334
PG19  19695.529359 -17336.390309   -711.506971    704.938214
PG20   7576.018070 -22168.678689 -12466.146476    276.887865
PG21   4727.806778 -21081.376342  15425.925542    370.676931
PG22  12239.183612 -11202.437701 -20493.783063     72.718578
PG23 -16157.721920  -6290.278795 -20125.499419    685.495222
PG24 -12013.352840 -15147.193362 -18924.484933    190.691773
PG27 -10197.050164  22428.613022  -9702.102009      0.449762
PG30  24551.492567  -2587.667010  -9912.370005    351.470102
*  2026  9  3 10 15  0.00000000
PG01  15674.818005  15205.785189 -15188.396539    181.305996
PG02   8832.895425  14854.063569 -19973.066692    169.136631
PG03  11828.938802  22957.479366   6196.761490    288.392097
PG05  -5095.413691 -25076.988768   6903.712640   -236.494005
PG06  20257.125824  -6500.908952  16064.329122   -533.690388
PG07  25567.864387   7349.813794   3559.254190   -221.309064
PG08    627.986315  19998.298334 -17429.364330    356.710116
PG09  16927.120961   1418.787365  20330.827409    687.112662
PG10 -13357.774655   5235.722733 -22068.202542   -539.940557
PG12 -10053.380652 -24059.540578   4742.034540   -602.905659
PG13 -11088.068301 -24018.856231   2124.115951    437.378905
PG15  -3575.934819 -19633.477556 -18086.362084    441.709995
PG17  21403.496230 -10259.807885 -11839.979022   -196.592712
PG19  19733.924417 -17229.471672  -1670.361409    704.938207
PG20   7926.684787 -22478.094741 -11672.926618    276.890637
PG21   4963.734332 -20526.449052  16087.332692    370.674580
PG22  12449.917030 -10424.311059 -20762.072118     72.721269
PG23 -16393.929018  -7012.122584 -19701.694982    685.496281
PG24 -11319.187481 -15130.766239 -19363.602699    190.696930
PG27 -10489.462839  22629.794896  -8840.490975      0.449892
PG30  24898.026356  -2430.022447  -9077.721725    351.473816
*  2026  9  3 10 20  0.00000000
PG01  15087.952864  15119.849889 -15851.637858    181.303241
PG02   8046.879088  14810.508038 -20310.067688    169.138807
PG03  11856.222208  23186.189125   5256.313486    288.385878
PG05  -4928.016016 -24835.748963   7814.922545   -236.493968
PG06  20829.150058  -6343.034998  15383.083633   -533.687163
PG07  25427.392175   7406.967482   4482.350369   -221.310196
PG08    181.915887  20474.790980 -16856.337702    356.707029
PG09  16457.920913   2051.157376  20655.216816    687.110055
PG10 -13643.070705   4425.862568 -22080.931800   -539.938411
PG12 -10018.052400 -24250.224027   3809.414390   -602.905379
PG13 -11032.442514 -24112.343650   1174.854228    437.380373
PG15  -3206.451146 -20167.600989 -17542.318034    441.711062
PG17  21126.159548  -9861.372832 -12618.301018   -196.594653
PG19  19747.842237 -17097.768681  -2625.902558    704.938293
PG20   8252.777183 -22769.937010 -10857.304432    276.893385
PG21   5217.215976 -19952.699082  16717.896284    370.672224
PG22  12676.400927  -9640.321140 -20989.693127     72.723993
PG23 -16637.778455  -7713.413276 -19240.225292    685.497334
PG24 -10609.450274 -15124.893059 -19767.649710    190.702094
PG27 -10758.237267  22810.275803  -7961.765907      0.449804
PG30  25215.738152  -2283.448472  -8225.793488    351.477513
*  2026  9  3 10 25  0.00000000
PG01  14475.890530  15038.563262 -16484.664448    181.300532
PG02   7247.391835  14779.837478 -20607.445666    169.140878
PG03  11875.751827  23380.606884   4305.807627    288.379656
PG05  -4742.299436 -24566.233379   8711.063794   -236.494204
PG06  21378.275283  -6200.718301  14672.713709   -533.683948
PG07  25254.444155   7460.811729   5397.149122   -221.311135
PG08   -243.795364  20940.785572 -16250.898151    356.703933
PG09  15992.893975   2700.991527  20939.749158    687.107429
PG10 -13943.393260   3622.237749 -22050.276691   -539.936285
PG12  -9975.846831 -24407.526655   2869.460716   -602.905269
PG13 -10964.318853 -24173.813783    223.338388    437.381838
PG15  -2855.724871 -20690.054926 -16966.021754    441.711732
PG17  20836.272727  -9436.258255 -13372.325204   -196.595532
PG19  19738.376298 -16940.442279  -3576.236648    704.938135
PG20   8554.630236 -23042.726291 -10020.849620    276.896137
PG21   5488.676557 -19361.733238  17316.410622    370.669889
PG22  12918.488136  -8852.292631 -21176.152913     72.726577
PG23 -16888.020279  -8392.851404 -18742.004205    685.498408
PG24  -9885.566295 -15130.236049 -20135.899604    190.707260
PG27 -11003.879247  22968.688195  -7067.599638      0.449454
PG30  25503.763364  -2146.878247  -7358.223025    351.481227
*  2026  9  3 10 30  0.00000000
PG01  13839.730109  14963.115656 -17086.265018    181.297808
PG02   6436.157005  14762.588955 -20864.537012    169.143062
PG03  11886.022469  23540.866310   3347.070042    288.373452
PG05  -4537.315936 -24269.625108   9590.397828   -236.494010
PG06  21903.065002  -6073.127559  13934.566308   -533.680787
PG07  25049.247289   7512.719594   6301.979179   -221.312043
PG08   -649.026867  21394.653214 -15614.161556    356.700842
PG09  15533.443025   3367.131754  21183.861265    687.104821
PG10 -14258.010251   2826.691274 -21976.340846   -539.934077
PG12  -9925.389404 -24531.605042   1923.989236   -602.904791
PG13 -10882.411528 -24203.766836   -728.605747    437.383313
PG15  -2523.680385 -21199.256659 -16358.489324    441.712689
PG17  20535.355686  -8984.533666 -14100.557633   -196.596657
PG19  19706.692727 -16756.743561  -4519.481841    704.938214
PG20   8832.677910 -23295.028066  -9165.171266    276.898885
PG21   5778.443973 -18755.199421  17881.731769    370.667523
PG22  13175.928536  -8062.051825 -21321.039916     72.729127
PG23 -17143.341104  -9049.227042 -18208.013986    685.499480
PG24  -9149.004456 -15147.376374 -20467.687335    190.712430
PG27 -11226.985589  23103.720579  -6159.701529      0.449694
PG30  25761.327932  -2019.194236  -6476.674254    351.484960
*  2026  9  3 10 35  0.00000000
PG01  13180.656051  14894.638922 -17655.287564    181.295122
PG02   5614.943641  14759.204454 -21080.755975    169.144862
PG03  11885.550552  23667.215880   2381.939278    288.367242
PG05  -4312.199588 -23947.187611  10451.216616   -236.494302
PG06  22402.154596  -5959.349073  13170.040223   -533.677535
PG07  24812.127561   7564.054100   7195.194339   -221.312986
PG08  -1033.756248  21834.777011 -14947.307994    356.697760
PG09  15080.911394   4048.335441  21387.068244    687.102212
PG10 -14586.091317   2041.017077 -21859.314626   -539.931918
PG12  -9865.326651 -24622.724386    974.822204   -602.904739
PG13 -10785.478687 -24202.803925  -1679.152618    437.384797
PG15  -2210.149153 -21693.641279 -15720.795084    441.713634
PG17  20224.941185  -8506.376889 -14801.549716   -196.598527
PG19  19654.024419 -16546.017802  -5453.772329    704.938129
PG20   9087.450409 -23525.458807  -8291.914706    276.901631
PG21   6086.747062 -18134.779938  18412.779719    370.665172
PG22  13448.369540  -7271.419265 -21424.025410     72.732033
PG23 -17402.369969  -9681.424030 -17639.303221    685.500568
PG24  -8401.272331 -15176.811556 -20762.410166    190.717606
PG27 -11428.241003  23214.123778  -5239.814251      0.449493
PG30  25987.751234  -1899.233875  -5582.834081    351.488665
*  2026  9  3 10 40  0.00000000
PG01  12499.933849  14834.201160 -18190.641568    181.292407
PG02   4785.559680  14770.028337 -21255.596530    169.147073
PG03  11872.881123  23760.017166   1412.262761    288.361016
PG05  -4066.171272 -23600.259310  11291.846119   -236.494412
PG06  22874.256694  -5858.391319  12380.583505   -533.674292
PG07  24543.508507   7616.161988   8075.175966   -221.314265
PG08  -1398.058892  22259.558962 -14251.579797    356.694678
PG09  14636.577278   4743.279990  21548.964545    687.099604
PG10 -14926.711441   1266.952969 -21699.474368   -539.929757
PG12  -9794.332752 -24681.256734     23.784833   -602.904443
PG13 -10672.328515 -24171.624078  -2626.480449    437.386264
PG15  -1914.870853 -22171.667836 -15054.070222    441.714604
PG17  19906.568048  -8002.074489 -15473.901397   -196.599653
PG19  19581.664880 -16307.708046  -6377.262387    704.938095
PG20   9319.571020 -23732.692071  -7402.758315    276.904403
PG21   6413.713927 -17502.184685  18908.540442    370.662765
PG22  13735.357067  -6482.202412 -21484.864553     72.734442
PG23 -17663.684445 -10288.423782 -17036.984617    685.501660
PG24  -7643.910860 -15218.953227 -21019.528580    190.722738
PG27 -11608.414583  23298.716967  -4309.710443      0.449472
PG30  26182.448611  -1785.795423  -4678.409189    351.492375
*  2026  9  3 10 45  0.00000000
PG01  11798.905386  14782.801750 -18691.300095    181.289667
PG02   3949.844921  14795.305243 -21388.634075    169.149271
PG03  11846.594739  23819.742669    439.893260    288.354822
PG05  -3798.543019 -23230.247870  12110.649686   -236.494345
PG06  23318.166223  -5769.189856  11567.690817   -533.671072
PG07  24243.909381   7670.367587   8940.335399   -221.315454
PG08  -1742.107070  22667.426826 -13528.279459    356.691576
PG09  14201.648453   5450.567747  21669.224861    687.096993
PG10 -15278.855028    506.173876 -21497.181432   -539.927628
PG12  -9711.115954 -24707.678778   -927.298254   -602.904230
PG13 -10541.825115 -24111.020826  -3568.774754    437.387726
PG15  -1637.494896 -22631.825461 -14359.501261    441.715661
PG17  19581.774347  -7472.021723 -16116.264267   -196.600971
PG19  19490.961806 -16041.358254  -7288.130359    704.938234
PG20   9529.752557 -23915.464364  -6499.410248    276.907152
PG21   6759.370712 -16859.144229  19368.067803    370.660427
PG22  14036.336997  -5696.188336 -21503.397237     72.737268
PG23 -17925.816960 -10869.308673 -16402.232697    685.502721
PG24  -6878.488910 -15274.125212 -21238.567138    190.727894
PG27 -11768.355894  23356.393465  -3371.189250      0.449886
PG30  26344.933495  -1677.643956  -3765.122803    351.496069
*  2026  9  3 10 50  0.00000000
PG01  11078.983971  14741.366699 -19156.301766    181.286926
PG02   3109.663805  14835.178449 -21479.526972    169.151309
PG03  11805.314195  23846.973185   -533.314621    288.348599
PG05  -3508.721970 -22838.624164  12906.031407   -236.494447
PG06  23732.765135  -5690.612555  10732.900690   -533.667848
PG07  23913.942987   7727.966827   9789.116276   -221.316399
PG08  -2066.168627  23056.840937 -12778.767393    356.688495
PG09  13777.257313   6168.731269  21747.604872    687.094360
PG10 -15641.420387   -239.714611 -21252.881072   -539.925477
PG12  -9614.424839 -24702.569226  -1876.606536   -602.904033
PG13 -10392.894152 -24021.878417  -4504.231816    437.389191
PG15  -1377.582315 -23072.639409 -13638.328452    441.716366
PG17  19252.090575  -6916.722026 -16727.344610   -196.602658
PG19  19383.310444 -15746.615983  -8184.582568    704.938428
PG20   9718.793428 -24072.580745  -5583.605122    276.909892
PG21   7123.640817 -16207.402824  19790.485346    370.658081
PG22  14350.657116  -4915.136499 -21479.548753     72.739606
PG23 -18187.261312 -11423.264990 -15736.281395    685.503796
PG24  -6106.597753 -15342.561966 -21419.115260    190.733046
PG27 -11908.990684  23386.126242  -2426.072768      0.449766
PG30  26474.819128  -1573.517488  -2844.711468    351.499783
*  2026  9  3 10 55  0.00000000
PG01  10341.649066  14710.744300 -19584.752622    181.284228
PG02   2266.898033  14889.688707 -21528.017897    169.153565
PG03  11747.711055  23842.394751  -1505.507949    288.342374
PG05  -3196.213916 -22426.915985  13676.439377   -236.493789
PG06  24117.026782  -5621.465109   9877.792720   -533.664625
PG07  23554.313156   7790.221408  10619.996776   -221.317258
PG08  -2370.605242  23426.300916 -12004.459533    356.685401
PG09  13364.456241   6896.238920  21783.941816    687.091758
PG10 -16013.224606   -969.182347 -20967.101119   -539.923333
PG12  -9503.054388 -24666.605751  -2822.327074   -602.903665
PG13 -10224.528232 -23905.167644  -5431.062140    437.390653
PG15  -1134.608027 -23492.677012 -12891.844056    441.717668
PG17  18919.032823  -6336.786002 -17305.906363   -196.603692
PG19  19260.146752 -15423.234590  -9064.857147    704.938593
PG20   9887.573339 -24202.920146  -4657.100654    276.912655
PG21   7506.344581 -15548.711374  20174.987943    370.655691
PG22  14677.569527  -4140.771640 -21413.330250     72.742611
PG23 -18446.479355 -11949.585444 -15040.421562    685.504893
PG24  -5329.845439 -15424.407361 -21560.827937    190.738176
PG27 -12031.316229  23386.973114  -1476.202374      0.449825
PG30  26571.819892  -1472.133184  -1918.921818    351.503486
*  2026  9  3 11  0  0.00000000
PG01   9588.440744  14691.701150 -19975.827853    181.281522
PG02   1423.439069  14958.773565 -21533.935016    169.155771
PG03  11672.511953  23806.795156  -2474.838920    288.336156
PG05  -2860.626407 -21996.701498  14420.368894   -236.494254
PG06  24470.019925  -5560.496823   9003.984676   -533.661390
PG07  23165.811921   7858.353145  11431.491767   -221.318031
PG08  -2655.870254  23774.352274 -11206.824792    356.682311
PG09  12964.213360   7631.500751  21778.154906    687.089147
PG10 -16393.008791  -1680.780371 -20640.450498   -539.921183
PG12  -9375.851835 -24600.561556  -3762.657934   -602.903747
PG13 -10035.791986 -23761.941339  -6347.493869    437.392113
PG15   -907.963460 -23890.553515 -12121.390529    441.718327
PG17  18584.096018  -5732.929946 -17850.773990   -196.605161
PG19  19122.940419 -15071.074950  -9927.227764    704.938332
PG20  10037.048649 -24305.440389  -3721.674260    276.915401
PG21   7907.199406 -14884.820399  20520.843306    370.653328
PG22  15016.233529  -3374.776811 -21304.839005     72.745262
PG23 -18701.907808 -12447.671221 -14315.998379    685.505979
PG24  -4549.851120 -15519.713828 -21663.426380    190.743356
PG27 -12136.396336  23358.081602   -523.434979      0.449665
PG30  26635.752210  -1372.193644   -989.507353    351.507172
*  2026  9  3 11  5  0.00000000
PG01   8820.953884  14684.918525 -20328.773416    181.278807
PG02    581.180544  15042.267181 -21497.192961    169.157578
PG03  11578.504670  23741.060048  -3439.468299    288.329942
PG05  -2501.671425 -21549.602489  15136.365568   -236.494317
PG06  24790.912353  -5506.406642   8113.129551   -533.658143
PG07  22749.316362   7933.538519  12222.154888   -221.319539
PG08  -2922.506069  24099.592856 -10387.382373    356.679222
PG09  12577.408654   8372.874656  21730.245564    687.086541
PG10 -16779.443641  -2373.146249 -20273.617575   -539.919093
PG12  -9231.722279 -24505.301556  -4695.811568   -602.903325
PG13  -9825.826853 -23593.329519  -7251.776159    437.393591
PG15   -696.959536 -24264.937765 -11328.358602    441.719158
PG17  18248.747229  -5105.973881 -18360.835251   -196.606752
PG19  18973.187744 -14690.106685 -10770.007248    704.938404
PG20  10168.247414 -24379.182877  -2779.119626    276.918157
PG21   8325.820349 -14217.473013  20827.393353    370.650978
PG22  15365.718960  -2618.786589 -21154.258478     72.747829
PG23 -18951.965178 -12917.033582 -13564.408693    685.507056
PG24  -3768.239309 -15628.441860 -21726.698594    190.748521
PG27 -12225.356023  23298.693432    430.360815      0.449726
PG30  26666.535045  -1272.393235    -58.225229    351.510866
*  2026  9  3 11 10  0.00000000
PG01   8040.832142  14690.989135 -20642.907509    181.276081
PG02   -257.989393  15139.900640 -21417.793606    169.159936
PG03  11464.543923  23646.168660  -4397.568810    288.323709
PG05  -2119.167589 -21087.277416  15823.028338   -236.495062
PG06  25078.974111  -5457.849403   7206.912543   -533.654889
PG07  22305.785171   8016.903436  12990.580538   -221.320334
PG08  -3171.141156  24400.679105  -9547.698941    356.676125
PG09  12204.830496   9118.672773  21640.297501    687.083922
PG10 -17171.135338  -3045.009015 -19867.368350   -539.916966
PG12  -9069.634030 -24381.778195  -5620.018127   -602.903037
PG13  -9593.855527 -23400.534237  -8142.182502    437.395085
PG15   -500.830007 -24614.557744 -10514.185250    441.719957
PG17  17914.419092  -4456.839121 -18835.043868   -196.607821
PG19  18812.404443 -14280.408893 -11591.551094    704.938603
PG20  10282.264121 -24423.276932  -1831.243243    276.920896
PG21   8761.721157 -13548.397946  21094.055436    370.648641
PG22  15725.009964  -1874.380505 -20961.858163     72.750574
PG23 -19195.058751 -13357.294992 -12787.098273    685.508128
PG24  -2986.634132 -15750.459883 -21750.499878    190.753684
PG27 -12299.375901  23208.148638   1383.308620      0.450241
PG30  26664.189991  -1171.424432    873.166934    351.514556
*  2026  9  3 11 15  0.00000000
PG01   7249.761707  14710.414272 -20917.621923    181.273376
PG02  -1092.195733  15251.302766 -21295.826640    169.162059
PG03  11329.556869  23523.189160  -5347.328488    288.317513
PG05  -1713.041894 -20611.414316  16479.012385   -236.494876
PG06  25333.580312  -5413.442279   6287.047981   -533.651648
PG07  21836.254929   8109.518220  13735.405785   -221.321656
PG08  -3402.486636  24676.332110  -8689.385662    356.673041
PG09  11847.172601   9867.168099  21508.476618    687.081330
PG10 -17566.631706  -3695.193666 -19422.544489   -539.914792
PG12  -8888.623667 -24231.026927  -6533.528718   -602.903011
PG13  -9339.186055 -23184.824133  -9017.013996    437.396564
PG15   -318.735125 -24938.205907  -9680.351560    441.720670
PG17  17582.503367  -3786.545370 -19272.422070   -196.609248
PG19  18642.118398 -13842.170382 -12390.260846    704.938838
PG20  10380.254152 -24436.943776   -879.860941    276.923671
PG21   9214.315756 -12879.302656  21320.323420    370.646266
PG22  16093.009198  -1143.076708 -20727.993238     72.753176
PG23 -19429.591635 -13768.189791 -11985.558996    685.509202
PG24  -2206.653550 -15885.544490 -21734.753260    190.758864
PG27 -12359.686271  23085.889254   2333.528241      0.450466
PG30  26628.840945  -1067.984152   1802.914223    351.518266
*  2026  9  3 11 20  0.00000000
PG01   6449.464883  14743.601371 -21152.383254    181.270627
PG02  -1919.584259  15376.001446 -21131.469912    169.163854
PG03  11172.548291  23373.273664  -6286.953976    288.311276
PG05  -1283.330963 -20123.723576  17103.031941   -236.495036
PG06  25554.213523  -5371.771390   5355.276197   -533.648416
PG07  21341.836117   8212.392859  14455.312205   -221.322526
PG08  -3617.332487  24925.343420  -7814.095103    356.669929
PG09  11505.031392  10616.601288  21335.030734    687.078705
PG10 -17964.428634  -4322.625219 -18940.061224   -539.912693
PG12  -8687.800799 -24054.161384  -7434.618587   -602.902733
PG13  -9061.215569 -22947.528732  -9874.602552    437.398013
PG15   -149.765647 -25234.744312  -8828.380491    441.721813
PG17  17254.344676  -3096.207357 -19672.063011   -196.610626
PG19  18463.862392 -13375.689409 -13164.587348    704.938716
PG20  10463.427990 -24419.500121     73.205610    276.926400
PG21   9682.920176 -12211.866544  21505.768616    370.643761
PG22  16468.542435   -426.325915 -20453.103997     72.755736
PG23 -19653.969817 -14149.564391 -11161.325971    685.510267
PG24  -1429.903612 -16033.381040 -21679.449849    190.764010
PG27 -12407.560984  22931.462579   3279.139697      0.450116
PG30  26560.713379   -960.780057   2729.267579    351.521976
*  2026  9  3 11 25  0.00000000
PG01   5641.693518  14790.861978 -21346.733978    181.267892
PG02  -2738.329131  15513.425449 -20924.989573    169.166066
PG03  10992.605455  23197.652919  -7214.673771    288.305050
PG05   -830.181827 -19625.930624  17693.862979   -236.495158
PG06  25740.465719  -5331.398556   4413.360345   -533.645188
PG07  20823.708879   8326.472502  15149.027637   -221.323496
PG08  -3816.543370  25146.580569  -6923.518014    356.666838
PG09  11178.903830  11365.187615  21120.289158    687.076103
PG10 -18362.976710  -4926.332293 -18420.905108   -539.910586
PG12  -8466.352493 -23852.368242  -8321.590231   -602.902546
PG13  -8759.433633 -22690.032500 -10713.314037    437.399483
PG15      7.052845 -25503.109519  -7959.834525    441.722654
PG17  16931.234437  -2387.031036 -20033.133052   -196.612455
PG19  18279.166863 -12881.372922 -13913.033849    704.938773
PG20  10533.045207 -24370.361372   1026.132382    276.929145
PG21  10166.754911 -11547.734301  21650.040564    370.641346
PG22  16850.363555    274.494334 -20137.715077     72.758280
PG23 -19866.609207 -14501.377016 -10315.974601    685.511331
PG24   -657.972730 -16193.564628 -21584.649117    190.769108
PG27 -12444.311069  22744.523982   4218.267299      0.450107
PG30  26460.133209   -848.536787   3650.486910    351.525681
*  2026  9  3 11 30  0.00000000
PG01   4828.222301  14852.410151 -21500.293385    181.265173
PG02  -3546.640381  15662.906748 -20676.739981    169.168107
PG03  10788.902601  22997.630687  -8128.741406    288.298863
PG05   -353.852192 -19119.768553  18250.345779   -236.495456
PG06  25892.039796  -5290.868159   3463.083178   -533.641928
PG07  20283.118556   8452.633244  15815.327865   -221.324447
PG08  -4001.054101  25338.992323  -6019.379989    356.663729
PG09  10869.185684  12111.124055  20864.662074    687.073494
PG10 -18760.688045  -5505.450227 -17866.131645   -539.908443
PG12  -8223.547364 -23626.901814  -9192.776433   -602.902160
PG13  -8433.425201 -22413.768686 -11531.551343    437.400973
PG15    152.755323 -25742.317228  -7076.313210    441.723753
PG17  16614.405039  -1660.309338 -20354.873897   -196.613622
PG19  18089.552710 -12359.735316 -14634.158972    704.938770
PG20  10590.408248 -24289.044409   1977.096487    276.931884
PG21  10664.947708 -10888.509430  21752.867668    370.638982
PG22  17237.159902    958.085098 -19782.434477     72.761029
PG23 -20065.942636 -14823.696976  -9451.117587    685.512408
PG24    107.573996 -16365.601415 -21450.479099    190.774290
PG27 -12471.278175  22524.839235   5149.043742      0.450033
PG30  26327.525269   -730.002114   4564.844173    351.529430
*  2026  9  3 11 35  0.00000000
PG01   4010.841968  14928.361296 -21612.758375    181.262418
PG02  -4342.771274  15823.683325 -20387.163380    169.170502
PG03  10560.705073  22774.577859  -9027.438570    288.292640
PG05    145.289771 -18606.970724  18771.387373   -236.494621
PG06  26008.750630  -5248.714087   2506.243792   -533.638688
PG07  19721.370995   8591.678195  16453.038231   -221.325542
PG08  -4171.864786  25501.613581  -5103.438012    356.660644
PG09  10576.170265  12852.596467  20568.639770    687.070877
PG10 -19155.943250  -6059.223700 -17276.862803   -539.906318
PG12  -7958.739314 -23379.078401 -10046.543211   -602.902164
PG13  -8082.873153 -22120.212985 -12327.757375    437.402453
PG15    288.432401 -25951.466651  -6179.450599    441.724438
PG17  16305.024271   -917.417518 -20636.604577   -196.614791
PG19  17896.524191 -11811.396717 -15326.579512    704.938712
PG20  10636.856039 -24175.169954   2924.279651    276.934669
PG21  11176.536755 -10235.747953  21814.057678    370.636623
PG22  17627.557968   1623.231080 -19387.952370     72.763641
PG23 -20250.426792 -15116.703483  -8568.401893    685.513505
PG24    865.200373 -16548.910328 -21277.136515    190.779529
PG27 -12489.827851  22272.286366   6069.614233      0.449917
PG30  26163.411394   -603.952977   5470.626410    351.533126
*  2026  9  3 11 40  0.00000000
PG01   3191.352432  15018.731440 -21683.904099    181.259687
PG02  -5125.025501  15994.902457 -20056.789349    169.172361
PG03  10307.373056  22529.926313  -9909.078160    288.286425
PG05    666.766144 -18089.263372  19255.963846   -236.494978
PG06  26090.525688  -5203.466734   1544.654324   -533.635455
PG07  19139.827671   8744.333850  17061.035163   -221.326397
PG08  -4330.035634  25633.569939  -4177.476898    356.657546
PG09  10300.047630  13587.786835  20232.791694    687.068267
PG10 -19547.098543  -6587.008870 -16654.284411   -539.904205
PG12  -7671.370890 -23110.270418 -10881.292683   -602.901703
PG13  -7707.560428 -21810.877038 -13100.417962    437.403916
PG15    415.225161 -26129.744573  -5270.912582    441.725386
PG17  16004.190048   -159.808099 -20877.723273   -196.616512
PG19  17701.561940 -11237.080789 -15988.973094    704.938816
PG20  10673.757460 -24028.464503   3865.871687    276.937441
PG21  11700.474278  -9590.952340  21833.498020    370.634289
PG22  18020.129397   2268.805299 -18955.039710     72.766490
PG23 -20418.549046 -15380.684023  -7669.505660    685.514606
PG24   1613.404620 -16742.825112 -21064.886807    190.784711
PG27 -12501.342694  21986.857007   6978.140611      0.450201
PG30  25968.408135   -469.201390   6366.138751    351.536838
*  2026  9  3 11 45  0.00000000
PG01   2371.555873  15123.436948 -21713.584469    181.256764
PG02  -5891.764162  16175.624467 -19686.234018    169.174470
PG03  10028.364913  22265.162554 -10772.007255    288.280189
PG05   1209.990469 -17568.358260  19703.122500   -236.494911
PG06  26137.405177  -5153.660026    580.136629   -533.632250
PG07  18539.900618   8911.246770  17638.247651   -221.327490
PG08  -4476.681487  25734.081864  -3243.305647    356.654470
PG09  10040.904252  14314.880543  19857.765346    687.065663
PG10 -19932.492944  -7088.275001 -15999.643452   -539.902088
PG12  -7360.976274 -22821.900321 -11695.465849   -602.901734
PG13  -7307.371711 -21487.301808 -13848.064673    437.405389
PG15    534.319716 -26276.429105  -4352.394115    441.726383
PG17  15712.925449    610.994557 -21077.708968   -196.617572
PG19  17506.116139 -10637.612091 -16620.080653    704.938743
PG20  10702.504693 -23848.761822   4800.073935    276.940204
PG21  12235.630515  -8955.565685  21811.155979    370.631948
PG22  18413.397264   2893.773347 -18484.546635     72.769029
PG23 -20568.834158 -15616.032285  -6756.135084    685.515685
PG24   2350.724768 -16946.596741 -20814.064092    190.789886
PG27 -12507.215403  21668.657235   7872.805469      0.449901
PG30  25743.224090   -324.600178   7249.707363    351.540526
*  2026  9  3 11 50  0.00000000
PG01   1553.249825  15242.294685 -21701.732507    181.254010
PG02  -6641.412506  16364.826930 -19276.199045    169.176627
PG03   9723.240106  21981.821156 -11614.610021    288.273954
PG05   1774.269443 -17045.945398  20111.983869   -236.495591
PG06  26149.541738  -5097.838435   -385.481064   -533.629016
PG07  17923.047202   9092.980582  18183.658641   -221.328585
PG08  -4612.966063  25802.468487  -2302.753694    356.651373
PG09   9798.723169  15032.073648  19444.285008    687.063047
PG10 -20310.455520  -7562.605603 -15314.245273   -539.899963
PG12  -7027.183866 -22515.434368 -12487.545267   -602.901607
PG13  -6882.294701 -21151.050850 -14569.277544    437.406883
PG15    646.941548 -26390.893096  -3425.616339    441.727357
PG17  15432.174105   1393.400036 -21236.122919   -196.618937
PG19  17311.599869 -10013.912998 -17218.708756    704.938911
PG20  10724.506490 -23636.003987   5725.102676    276.942972
PG21  12780.798051  -8330.966148  21747.078726    370.629590
PG22  18805.842610   3497.197211 -17977.400680     72.771701
PG23 -20699.850824 -15823.245657  -5830.021263    685.516766
PG24   3075.743917 -17159.396175 -20525.071026    190.795068
PG27 -12508.841772  21317.907898   8751.816258      0.450172
PG30  25488.656896   -169.048549   8119.682351    351.544220
*  2026  9  3 11 55  0.00000000
PG01    738.220267  15375.022628 -21648.360551    181.251284
PG02  -7372.466397  16561.409299 -18827.470362    169.178793
PG03   9391.661697  21681.478033 -12435.310531    288.267715
PG05   2358.805100 -16523.685884  20481.743581   -236.495618
PG06  26127.199683  -5034.563963  -1350.367520   -533.625874
PG07  17290.764754   9290.013315  18696.306362   -221.329635
PG08  -4740.095973  25838.150957  -1357.667096    356.648266
PG09   9573.384595  15737.580119  18993.150307    687.060400
PG10 -20679.312670  -8009.699056 -14599.450689   -539.897821
PG12  -6669.718476 -22192.376233 -13256.057649   -602.901097
PG13  -6432.420926 -20803.703513 -15262.687710    437.408363
PG15    754.349636 -26472.607190  -2492.323606    441.728279
PG17  15162.795949   2185.757989 -21352.609952   -196.620713
PG19  17119.382688  -9367.000192 -17783.731742    704.938815
PG20  10741.181385 -23390.241987   6639.192517    276.945696
PG21  13334.696508  -7718.461691  21641.393191    370.627217
PG22  19195.911190   4078.238657 -17434.604790     72.774257
PG23 -20810.218045 -16002.922307  -4892.917017    685.517830
PG24   3787.095351 -17380.317462 -20198.378582    190.800231
PG27 -12507.613655  20934.944413   9613.409354      0.450224
PG30  25205.589871     -1.497442   8974.440607    351.547908
*  2026  9  3 12  0  0.00000000
PG01    -71.765231  15521.240915 -21553.560313    181.248547
PG02  -8083.498458  16764.197955 -18340.916687    169.180745
PG03   9033.398407  21365.743580 -13232.575502    288.261490
PG05   2962.697466 -16003.204868  20811.674066   -236.495597
PG06  26070.753775  -4962.423065  -2312.691879   -533.622633
PG07  16644.585068   9502.735068  19175.285598   -221.330447
PG08  -4859.314514  25840.655374   -409.904641    356.645194
PG09   9364.667008  16429.639012  18505.234633    687.057779
PG10 -21037.395395  -8429.368750 -13856.673028   -539.895724
PG12  -6288.403107 -21854.260503 -13999.576350   -602.900585
PG13  -5957.946127 -20446.848099 -15926.979929    437.409828
PG15    857.830388 -26521.142507  -1554.280407    441.728752
PG17  14905.563356   2986.364543 -21426.899564   -196.621843
PG19  16930.784437  -8697.980755 -18314.093704    704.938845
PG20  10753.950869 -23111.635868   7540.599725    276.948470
PG21  13895.977555  -7119.285130  21494.305791    370.624835
PG22  19582.020415   4636.162138 -16857.235148     72.776827
PG23 -20898.611289 -16155.757857  -3946.593680    685.518911
PG24   4483.467471 -17608.381173 -19834.525725    190.805427
PG27 -12504.911937  20520.216045  10455.854084      0.450428
PG30  24894.988325    179.045335   9812.388602    351.551592
*  2026  9  3 12  5  0.00000000
PG01   -874.964289  15680.473338 -21417.502778    181.245826
PG02  -8773.163876  16971.951627 -17817.487805    169.182675
PG03   8648.326246  21036.255688 -14004.916944    288.255263
PG05   3584.947674 -15486.084704  21101.126101   -236.495507
PG06  25980.687560  -4880.033471  -3270.627033   -533.619384
PG07  15986.068798   9731.446023  19619.748877   -221.331487
PG08  -4971.895272  25809.615256    538.666098    356.642099
PG09   9172.248697  17106.521545  17981.483387    687.055195
PG10 -21383.046531  -8821.542713 -13087.375094   -539.893575
PG12  -5883.160318 -21502.646091 -14716.723760   -602.900509
PG13  -5459.170187 -20082.075008 -16560.895004    437.411326
PG15    958.691417 -26536.172946   -613.268198    441.729917
PG17  14661.157699   3793.468997 -21458.806827   -196.623045
PG19  16747.069331  -8008.047877 -18808.810278    704.939028
PG20  10764.232577 -22800.454427   8427.605524    276.951219
PG21  14463.230224  -6534.589521  21306.102006    370.622508
PG22  19962.566440   5170.337227 -16246.438823     72.779716
PG23 -20963.768418 -16282.541668  -2992.837884    685.520011
PG24   5163.608546 -17842.538156 -19434.118999    190.810638
PG27 -12502.099549  20074.284661  11277.456693      0.449908
PG30  24557.895567    373.510217  10631.965117    351.555289
*  2026  9  3 12 10  0.00000000
PG01  -1669.666388  15852.149268 -21240.437967    181.243091
PG02  -9440.205827  17183.367187 -17258.212618    169.185101
PG03   8236.429687  20694.672690 -14750.894726    288.249036
PG05   4224.461536 -14973.858294  21349.530179   -236.495216
PG06  25857.591256  -4786.050891  -4222.353020   -533.616148
PG07  15316.799770   9976.354806  20028.907617   -221.332326
PG08  -5079.135575  25744.773547   1486.172759    356.638998
PG09   8995.709765  17766.538048  17422.912093    687.052579
PG10 -21714.627912  -9186.262764 -12293.066069   -539.891418
PG12  -5454.013180 -21139.109581 -15406.173592   -602.900320
PG13  -4936.496621 -19710.969897 -17163.232091    437.412784
PG15   1058.255172 -26517.477066    328.917862    441.730914
PG17  14430.166329   4605.280753 -21448.233093   -196.624528
PG19  16569.440335  -7298.476208 -19266.970272    704.939109
PG20  10773.433502 -22457.074448   9298.519329    276.953968
PG21  15034.986510  -5965.443902  21077.145797    370.620144
PG22  20335.931377   5680.240560 -15603.431241     72.782332
PG23 -21004.495369 -16384.152753  -2033.448323    685.521064
PG24   5826.331249 -18081.673610 -18997.832011    190.815840
PG27 -12500.514565  19597.822961  12076.564238      0.450020
PG30  24195.428611    582.761261  11431.643912    351.558967
*  2026  9  3 12 15  0.00000000
PG01  -2454.199420  16035.606009 -21022.694531    181.240372
PG02 -10083.460497  17397.085766 -16664.196976    169.187221
PG03   7797.802396  20342.666241 -15469.119036    288.242800
PG05   4880.053544 -14468.002676  21556.397725   -236.495496
PG06  25702.159204  -4679.175569  -5166.060402   -533.612914
PG07  14638.379220  10237.577212  20402.033188   -221.333520
PG08  -5182.349819  25645.984133   2430.742223    356.635918
PG09   8834.534583  18408.044748  16830.604353    687.049948
PG10 -22030.527441  -9523.683170 -11475.298371   -539.889309
PG12  -5001.085800 -20765.238536 -16066.653071   -602.900014
PG13  -4390.431629 -19335.106889 -17732.850904    437.414267
PG15   1157.852454 -26464.939566   1270.472251    441.731988
PG17  14213.080008   5419.976458 -21395.166493   -196.626044
PG19  16399.033865  -6570.616865 -19687.737101    704.939248
PG20  10782.943273 -22081.979507  10151.681930    276.956715
PG21  15609.727227  -5412.829404  20807.878892    370.617782
PG22  20700.490584   6165.457272 -14929.493494     72.784685
PG23 -21019.671548 -16461.555331  -1070.232510    685.522186
PG24   6470.516968 -18324.611454 -18526.404806    190.821019
PG27 -12501.463405  19091.612201  12851.568400      0.449882
PG30  23808.773601    807.591798  12209.936331    351.562675
*  2026  9  3 12 20  0.00000000
PG01  -3226.936066  16230.091567 -20764.679208    181.237627
PG02 -10701.861663  17611.699175 -16036.621287    169.189194
PG03   7332.647507  19981.914187 -16158.252765    288.236590
PG05   5550.451290 -13969.932866  21721.322131   -236.495644
PG06  25515.186893  -4558.158654  -6099.953635   -533.609673
PG07  13952.419984  10515.135271  20738.457928   -221.334497
PG08  -5282.862700  25513.212880   3370.504669    356.632825
PG09   8688.114672  19029.450367  16205.709668    687.047308
PG10 -22329.166022  -9834.068847 -10635.664448   -539.887180
PG12  -4524.603438 -20382.624811 -16696.945011   -602.899958
PG13  -3821.582701 -18956.041848 -18268.673790    437.415736
PG15   1258.815852 -26378.552330   2209.582520    441.732777
PG17  14010.290791   6235.707328 -21299.682229   -196.627492
PG19  16236.914826  -5825.892136 -20070.350060    704.939010
PG20  10794.127513 -21675.758321  10985.468606    276.959436
PG21  16185.888101  -4877.635760  20498.819911    370.615384
PG22  21054.620002   6625.681933 -14225.969484     72.787257
PG23 -21008.254931 -16515.794046   -105.003538    685.523258
PG24   7095.119865 -18570.118992 -18020.643150    190.826195
PG27 -12506.214197  18556.539403  13600.909198      0.449730
PG30  23399.180990   1048.720397  12965.393838    351.566369
*  2026  9  3 12 25  0.00000000
PG01  -3986.299992  16434.767822 -20466.876122    181.234893
PG02 -11294.444827  17825.756596 -15376.737919    169.191302
PG03   6841.277448  19614.093423 -16817.013771    288.230372
PG05   6234.300281 -13480.996001  21843.979607   -236.495014
PG06  25297.567576  -4421.808370  -7022.254429   -533.606447
PG07  13260.540662  10808.956693  21037.576090   -221.335452
PG08  -5382.002383  25346.538158   4303.597645    356.629735
PG09   8555.752018  19629.222500  15549.441118    687.044704
PG10 -22609.004341 -10117.793088  -9775.793554   -539.885058
PG12  -4024.892199 -19992.857869 -17295.889796   -602.899682
PG13  -3230.656802 -18575.305765 -18769.687694    437.417211
PG15   1362.473114 -26258.415032   3144.432797    441.733707
PG17  13822.090395   7050.606612 -21161.942651   -196.628817
PG19  16084.072011  -5065.789891 -20414.125408    704.939221
PG20  10808.321328 -21239.102669  11798.292168    276.962195
PG21  16761.866065  -4360.658203  20150.563355    370.613038
PG22  21396.703510   7060.718972 -13494.262926     72.790076
PG23 -20969.286846 -16547.988876    860.423167    685.524322
PG24   7699.170677 -18816.911843 -17481.417688    190.831420
PG27 -12515.990309  17993.594079  14323.078588      0.449574
PG30  22967.960462   1306.787127  13696.610481    351.570064
*  2026  9  3 12 30  0.00000000
PG01  -4730.771828  16648.714099 -20129.845936    181.232162
PG02 -11860.350861  18037.771505 -14685.868396    169.193222
PG03   6324.113320  19240.872794 -17444.177066    288.224138
PG05   6930.169136 -13002.465792  21924.129871   -236.495184
PG06  25050.288476  -4268.995948  -7931.205077   -533.603222
PG07  12564.359766  11118.874665  21298.844725   -221.336290
PG08  -5481.093652  25146.150882   5228.170141    356.626653
PG09   8436.662781  20205.893747  14863.072913    687.042107
PG10 -22868.549464 -10375.334853  -8897.348473   -539.882923
PG12  -3502.378311 -19597.518155 -17862.387239   -602.899436
PG13  -2618.458130 -18194.398264 -19234.945994    437.418683
PG15   1470.140492 -26104.735295   4073.207359    441.734488
PG17  13648.669045   7862.797163 -20982.197119   -196.630252
PG19  15941.413886  -4291.857741 -20718.457284    704.939173
PG20  10826.822936 -20772.804888  12588.605929    276.964980
PG21  17336.025738  -3862.594792  19763.778446    370.610667
PG22  21725.140242   7470.482587 -12735.834201     72.792740
PG23 -20901.896419 -16559.329734   1824.233079    685.525415
PG24   8281.780230 -19063.659136 -16909.662996    190.836626
PG27 -12531.964111  17403.864474  15016.623952      0.449490
PG30  22516.475645   1582.350162  14402.225283    351.573764
*  2026  9  3 12 35  0.00000000
PG01  -5458.894906  16870.931113 -19754.224852    181.229455
PG02 -12398.829152  18246.228792 -13965.400401    169.195445
PG03   5781.683818  18863.906058 -18038.576883    288.217909
PG05   7636.555133 -12535.537328  21961.616643   -236.495708
PG06  24774.426616  -4098.661303  -8825.071765   -533.600003
PG07  11865.489882  11444.628011  21521.784509   -221.337178
PG08  -5581.451057  24912.354029   6142.386655    356.623546
PG09   8329.981405  20758.067564  14147.937817    687.039473
PG10 -23106.361212 -10607.275628  -8002.022236   -539.880820
PG12  -2957.586992 -19198.170535 -18395.398346   -602.899107
PG13  -1985.885458 -17814.781273 -19663.570218    437.420158
PG15   1583.116087 -25917.828393   4994.094269    441.735360
PG17  13490.114804   8670.399084 -20760.781652   -196.631447
PG19  15809.764755  -3505.696961 -20982.818446    704.939460
PG20  10850.887466 -20277.754958  13354.906594    276.967722
PG21  17906.706059  -3384.044158  19339.207834    370.608333
PG22  22038.351856   7854.996147 -11952.197084     72.795323
PG23 -20805.304659 -16551.070812   2784.615798    685.526509
PG24   8842.142659 -19308.988941 -16306.376521    190.841826
PG27 -12555.250970  16788.533350  15680.151440      0.449150
PG30  22046.138628   1875.882720  15080.924559    351.577459
*  2026  9  3 12 40  0.00000000
PG01  -6169.280737  17100.345275 -19340.723466    181.226794
PG02 -12909.240236  18449.592051 -13216.784590    169.197341
PG03   5214.623726  18484.824926 -18599.108647    288.211693
PG05   8351.890081 -12081.322237  21956.367970   -236.495719
PG06  24471.144277  -3909.818428  -9702.147842   -533.596788
PG07  11165.531856  11785.861725  21705.980503   -221.338021
PG08  -5684.372113  24645.561665   7044.431225    356.620463
PG09   8234.765093  21284.423825  13405.424454    687.036830
PG10 -23321.058318 -10814.295869  -7091.534806   -539.878728
PG12  -2391.140912 -18796.357838 -18893.946959   -602.898791
PG13  -1333.929080 -17437.872873 -20054.751625    437.421620
PG15   1702.673229 -25698.116501   5905.289074    441.736326
PG17  13346.413409   9471.537399 -20498.118363   -196.632982
PG19  15689.861344  -2708.956215 -21206.760838    704.939133
PG20  10881.720962 -19754.937177  14095.737061    276.970479
PG21  18472.227037  -2925.503689  18877.666156    370.605968
PG22  22334.789700   8214.391093 -11144.915355     72.798181
PG23 -20678.828181 -16524.524667   3739.768260    685.527578
PG24   9379.538314 -19551.493925 -15672.617393    190.847022
PG27 -12586.903540  16148.873325  16312.329174      0.448980
PG30  21558.404293   2187.770356  15731.444158    351.581141
*  2026  9  3 12 45  0.00000000
PG01  -6860.614196  17335.813339 -18890.125478    181.224042
PG02 -13391.057896  18646.310983 -12441.531239    169.199392
PG03   4623.671968  18105.232237 -19124.730843    288.205476
PG05   9074.546497 -11640.844250  21908.396363   -236.495895
PG06  24141.684104  -3701.560475 -10560.757053   -533.593510
PG07  10466.069034  12142.127853  21851.082857   -221.339269
PG08  -5791.130560  24346.297466   7932.511442    356.617384
PG09   8149.998631  21783.724042  12636.974498    687.034204
PG10 -23511.324305 -10997.171048  -6167.629761   -539.876603
PG12  -1803.758257 -18393.594516 -19357.121300   -602.898525
PG13   -663.667364 -17065.041360 -20407.752664    437.423105
PG15   1830.053907 -25446.127478   6804.998541    441.737228
PG17  13217.448596  10264.349735 -20194.714665   -196.634411
PG19  15582.349804  -1903.325103 -21389.915986    704.938997
PG20  10920.474612 -19205.426460  14809.689133    276.973224
PG21  19030.896611  -2487.368155  18380.038475    370.603586
PG22  22612.941844   8548.905337 -10315.599292     72.800813
PG23 -20521.882540 -16481.056087   4687.897926    685.528673
PG24   9893.336333 -19789.737216 -15009.505122    190.852233
PG27 -12627.906348  15486.241806  16911.890295      0.448903
PG30  21054.764496   2518.308619  16352.571612    351.584835
*  2026  9  3 12 50  0.00000000
PG01  -7531.658395  17576.127383 -18403.286257    181.221325
PG02 -13843.870725  18834.828895 -11641.206724    169.201751
PG03   4009.669231  17726.695259 -19614.466769    288.199250
PG05   9802.844060 -11215.035160  21817.798750   -236.496041
PG06  23787.363880  -3473.064515 -11399.256728   -533.590285
PG07   9768.661562  12512.886747  21956.807448   -221.340221
PG08  -5902.969748  24015.192741   8804.862403    356.614299
PG09   8074.599543  22254.816255  11844.079761    687.031581
PG10 -23675.913096 -11156.767336  -5232.070971   -539.874476
PG12  -1196.250408 -17991.360454 -19784.075394   -602.898265
PG13     23.737071 -16697.599536 -20721.908289    437.424593
PG15   1966.462311 -25162.493190   7691.444437    441.738306
PG17  13103.002923  11046.993949 -19851.162282   -196.636120
PG19  15487.783136  -1090.527573 -21531.995234    704.939132
PG20  10968.239222 -18630.384260  15495.406137    276.976014
PG21  19581.017561  -2069.928783  17847.278569    370.601246
PG22  22871.339959   8858.881168  -9465.902072     72.803556
PG23 -20333.985163 -16422.075754   5627.225950    685.529734
PG24  10382.996883 -20022.258439 -14318.218166    190.857417
PG27 -12679.170723  14802.075513  17477.635844      0.448672
PG30  20536.742123   2867.701088  16943.148221    351.588522
*  2026  9  3 12 55  0.00000000
PG01  -8181.259227  17820.020076 -17881.131259    181.218591
PG02 -14267.383129  19013.590235 -10817.429847    169.203778
PG03   3373.555180  17350.739175 -20067.406186    288.193011
PG05  10535.056300 -10804.731218  21684.756255   -236.496131
PG06  23409.570998  -3223.595942 -12216.040918   -533.587048
PG07   9074.840776  12897.508671  22022.936452   -221.341114
PG08  -6021.096148  23652.983973   9659.750616    356.611222
PG09   8007.423547  22696.639538  11028.279174    687.028955
PG10 -23813.654309 -11294.036917  -4286.639271   -539.872361
PG12   -569.519233 -17591.094954 -20174.030386   -602.898107
PG13    727.041525 -16336.799265 -20996.627156    437.426064
PG15   2113.058478 -24847.947371   8562.867334    441.739159
PG17  13002.759088  11817.655687 -19468.136031   -196.637451
PG19  15406.619061   -272.315210 -21632.789809    704.939388
PG20  11026.039971 -18031.054139  16151.585442    276.978813
PG21  20120.894469  -1673.372781  17280.407105    370.598855
PG22  23108.565981   9144.762696  -8597.516083     72.805996
PG23 -20114.757877 -16349.033742   6555.990315    685.530805
PG24  10848.073036 -20247.579924 -13599.992377    190.862619
PG27 -12741.530087  14097.884650  18008.437464      0.448566
PG30  20005.885027   3236.057780  17502.071035    351.592223
*  2026  9  3 13  0  0.00000000
PG01  -8808.349554  18066.170242 -17324.654314    181.215846
PG02 -14661.415792  19181.048147  -9971.868029    169.205953
PG03   2716.365259  16978.840755 -20482.706855    288.186791
PG05  11269.417516 -10410.669967  21509.533790   -236.496052
PG06  23009.756640  -2952.512504 -13009.543472   -533.583856
PG07   8386.103702  13295.275754  22049.318853   -221.341866
PG08  -6146.673045  23260.509885  10495.477822    356.608128
PG09   7947.270292  23108.228125  10191.155682    687.026331
PG10 -23923.458237 -11410.012981  -3333.129145   -539.870268
PG12     75.445978 -17194.190907 -20526.275749   -602.897701
PG13   1444.927746 -15983.826298 -21231.392670    437.427531
PG15   2270.952113 -24503.323038   9417.530442    441.740253
PG17  12916.301729  12574.555824 -19046.392397   -196.638592
PG19  15339.218325    549.539553 -21692.170731    704.939424
PG20  11094.831453 -17408.757003  16776.980871    276.981565
PG21  20648.840681  -1297.783323  16680.509685    370.596472
PG22  23323.258564   9407.092821  -7712.169161     72.808564
PG23 -19863.929017 -16263.412860   7472.448942    685.531886
PG24  11288.212285 -20464.213045 -12856.119307    190.867793
PG27 -12815.735630  13375.246731  18503.239926      0.448987
PG30  19463.759891   3623.393951  18028.294763    351.595906
*  2026  9  3 13  5  0.00000000
PG01  -9411.953032  18313.208665 -16734.915770    181.213097
PG02 -15025.905571  19335.671981  -9106.233380    169.208105
PG03   2039.227106  16612.422252 -20859.595959    288.180567
PG05  12004.129859 -10033.487535  21292.479467   -236.496291
PG06  22589.429694  -2659.267954 -13778.241056   -533.580636
PG07   7703.907667  13705.384306  22035.870893   -221.343111
PG08  -6280.814436  22838.708044  11310.384751    356.605037
PG09   7892.889347  23488.715126   9334.333046    687.023699
PG10 -24004.320481 -11505.804409  -2373.345420   -539.868165
PG12    737.571938 -16801.989191 -20840.170373   -602.897544
PG13   2176.006764 -15639.795411 -21425.763900    437.429001
PG15   2441.196585 -24129.549443  10253.723439    441.740986
PG17  12843.119712  13315.957749 -18586.767911   -196.639911
PG19  15285.843456   1373.250285 -21710.088568    704.939759
PG20  11175.493043 -16764.886022  17370.405007    276.984330
PG21  21163.185247   -943.139976  16048.734762    370.594132
PG22  23514.119258   9646.509761  -6811.620759     72.811206
PG23 -19581.335102 -16166.721883   8374.882759    685.532967
PG24  11703.157678 -20670.664681 -12087.944396    190.872973
PG27 -12902.452399  12635.800110  18961.063454      0.448852
PG30  18911.946020   4029.629287  18520.833585    351.599618
*  2026  9  3 13 10  0.00000000
PG01  -9991.187538  18559.724139 -16113.040506    181.210363
PG02 -15360.904853  19475.954740  -8222.278657    169.210109
PG03   1343.356588  16252.845548 -21197.371422    288.174353
PG05  12737.370584  -9673.716396  21034.023837   -236.496484
PG06  22150.150438  -2343.415285 -14520.656095   -533.577418
PG07   7029.665071  14126.947458  21982.576444   -221.344035
PG08  -6424.579163  22388.611013  12102.854764    356.601947
PG09   7842.986414  23837.335817   8459.472575    687.021080
PG10 -24055.326227 -11582.590165  -1409.099982   -539.866037
PG12   1415.705131 -16415.773293 -21115.143547   -602.897189
PG13   2918.824032 -15305.745857 -21579.376360    437.430485
PG15   2624.783147 -23727.648598  11069.766306    441.741584
PG17  12782.608876  14040.174474 -18090.177312   -196.641198
PG19  15246.657963   2197.023420 -21686.573041    704.939738
PG20  11268.824595 -16100.901262  17930.731391    276.987055
PG21  21662.279813   -609.319586  15386.291452    370.591762
PG22  23679.918409   9863.743163  -5897.658069     72.813937
PG23 -19266.922082 -16060.488681   9261.598728    685.534051
PG24  12092.748573 -20865.443756 -11296.865012    190.878176
PG27 -13002.255806  11881.237226  19381.005858      0.448969
PG30  18352.029107   4454.587494  18978.762876    351.603264
*  2026  9  3 13 15  0.00000000
PG01 -10545.268205  18804.269712 -15460.215815    181.207641
PG02 -15666.580349  19600.420413  -7321.793122    169.212469
PG03    630.053473  15901.406556 -21495.403097    288.168137
PG05  13467.299405  -9331.783606  20734.678946   -236.496408
PG06  21693.524007  -2004.609554 -15235.359652   -533.574162
PG07   6364.738306  14558.998153  21889.487315   -221.344835
PG08  -6578.965306  21911.342092  12871.317412    356.598877
PG09   7796.229738  24153.430503   7568.269780    687.018459
PG10 -24075.654151 -11641.613438   -442.208508   -539.863841
PG12   2108.615892 -16036.764206 -21350.695831   -602.897070
PG13   3671.864853 -14982.637159 -21691.942645    437.431968
PG15   2822.635402 -23298.731361  11864.013149    441.742535
PG17  12734.075237  14745.575503 -17557.611524   -196.642758
PG19  15221.725984   3019.065133 -21621.732477    704.939765
PG20  11375.542494 -15418.324037  18456.896601    276.989816
PG21  22144.505431   -296.097603  14694.447222    370.589414
PG22  23819.500737  10059.609795  -4972.092099     72.816486
PG23 -18920.746139 -15946.253297  10130.932835    685.535149
PG24  12456.920989 -21047.067852 -10484.328371    190.883384
PG27 -13115.628594  11113.297618  19762.244456      0.448691
PG30  17785.594980   4897.996281  19401.220835    351.606972
*  2026  9  3 13 20  0.00000000
PG01 -11073.510034  19045.369113 -14777.689158    181.204904
PG02 -15943.211366  19707.631161  -6406.598327    169.214459
PG03    -99.303240  15559.329927 -21753.133855    288.161902
PG05  14192.065947  -9008.009535  20395.037225   -236.496667
PG06  21221.193681  -1642.610261 -15920.974213   -533.570949
PG07   5710.434859  15000.492448  21756.723493   -221.345870
PG08  -6744.904883  21408.110634  13614.251860    356.595786
PG09   7751.256683  24436.446919   6662.450968    687.015916
PG10 -24064.579939 -11684.175550    525.512776   -539.861745
PG12   2815.002812 -15666.115588 -21546.399807   -602.896433
PG13   4433.560056 -14671.345262 -21763.252928    437.433442
PG15   3035.604052 -22843.993114  12634.855991    441.743806
PG17  12696.738629  15430.593461 -16990.135437   -196.643909
PG19  15211.012378   3837.588165 -21515.753125    704.940108
PG20  11496.276083 -14718.731029  18947.902213    276.992584
PG21  22608.279257     -3.149855  13974.525472    370.587073
PG22  23931.790579  10235.008871  -4036.753722     72.819658
PG23 -18542.974055 -15825.560975  10981.253024    685.536210
PG24  12795.707562 -21214.069852  -9651.829306    190.888541
PG27 -13242.958249  10333.760736  20104.037793      0.448605
PG30  17214.223366   5359.487748  19787.410023    351.610666
*  2026  9  3 13 25  0.00000000
PG01 -11575.330086  19281.523333 -14066.765800    181.202153
PG02 -16191.187534  19796.194324  -5478.543831    169.216598
PG03   -843.260321  15227.764050 -21970.080543    288.155701
PG05  14909.817239  -8702.607074  20015.770206   -236.496648
PG06  20734.834012  -1257.283293 -16576.176391   -533.567720
PG07   5068.002619  15450.313149  21584.473302   -221.346986
PG08  -6923.258853  20880.206994  14330.190199    356.592718
PG09   7706.680449  24685.942185   5743.769777    687.013287
PG10 -24021.479403 -11711.629651   1492.250295   -539.859631
PG12   3533.497421 -15304.909227 -21701.900728   -602.896338
PG13   5202.291908 -14372.659059 -21793.175319    437.434917
PG15   3264.461950 -22364.709037  13380.728530    441.744484
PG17  12669.736766  16093.730427 -16388.885505   -196.645837
PG19  15214.383252   4650.818604 -21368.898336    704.940066
PG20  11631.564468 -14003.748174  19402.816641    276.995324
PG21  23052.061114    269.945257  13227.903013    370.584707
PG22  24015.796762  10390.917009  -3093.489709     72.821834
PG23 -18133.883123 -15699.955190  11810.962087    685.537300
PG24  13109.237098 -21365.004598  -8800.907913    190.893739
PG27 -13384.534896   9544.438576  20405.727141      0.448243
PG30  16639.481683   5838.599160  20136.598795    351.614332
*  2026  9  3 13 30  0.00000000
PG01 -12050.249229  19511.217319 -13328.806322    181.199391
PG02 -16411.006033  19864.769200  -4539.502861    169.218597
PG03  -1600.295612  14907.776402 -22145.834837    288.149485
PG05  15618.705235  -8415.681348  19597.627070   -236.496557
PG06  20236.143833   -848.602406 -17199.699547   -533.564512
PG07   4438.625389  15907.273742  21372.993490   -221.348106
PG08  -7114.812473  20328.997112  15017.720616    356.589624
PG09   7661.096890  24901.584290   4814.003674    687.010639
PG10 -23945.831198 -11725.374239   2456.196303   -539.857551
PG12   4262.669151 -14954.150814 -21816.917050   -602.896038
PG13   5976.400238 -14087.277302 -21781.656082    437.436392
PG15   3509.899491 -21862.229004  14100.109846    441.745459
PG17  12652.129699  16733.563947 -15755.067171   -196.647273
PG19  15231.606933   5457.002564 -21181.507607    704.939911
PG20  11781.853736 -13275.044355  19820.776854    276.998082
PG21  23474.359886    523.704134  12456.007445    370.582344
PG22  24070.617098  10528.382868  -2144.158753     72.824603
PG23 -17693.860628 -15570.970692  12618.500487    685.538377
PG24  13397.733709 -21498.455523  -7933.147053    190.899009
PG27 -13540.549665   8747.168197  20666.737778      0.448170
PG30  16062.918906   6334.774136  20448.122644    351.618012
*  2026  9  3 13 35  0.00000000
PG01 -12497.893450  19732.926768 -12565.224025    181.196654
PG02 -16603.268315  19912.073574  -3591.367949    169.220754
PG03  -2368.823619  14600.349227 -22280.063961    288.143283
PG05  16316.894305  -8147.229913  19141.433040   -236.497140
PG06  19726.839154   -416.650242 -17790.336296   -533.561293
PG07   3823.418637  16370.122625  21122.609240   -221.349078
PG08  -7320.271022  19755.916766  15675.490421    356.586577
PG09   7613.091414  25083.153100   3874.950397    687.008022
PG10 -23837.219117 -11726.846529   3415.552018   -539.855408
PG12   5001.030547 -14614.766045 -21891.240849   -602.895890
PG13   6754.188744 -13815.805913 -21728.719711    437.437858
PG15   3772.520361 -21337.972116  14791.528043    441.746406
PG17  12642.904650  17348.752705 -15089.952122   -196.648259
PG19  15262.355352   6254.412756 -20953.995499    704.940030
PG20  11947.494568 -12534.324933  20200.989965    277.000843
PG21  23873.739719    758.734945  11660.314440    370.580000
PG22  24095.442467  10648.521474  -1190.627498     72.827303
PG23 -17223.402873 -15440.126602  13402.349137    685.539460
PG24  13661.515545 -21613.041236  -7050.169719    190.904220
PG27 -13711.093561   7943.804132  20886.580055      0.448317
PG30  15486.059508   6847.364205  20721.385435    351.621724
*  2026  9  3 13 40  0.00000000
PG01 -12917.994706  19945.124978 -11777.482223    181.193836
PG02 -16768.676352  19936.889965  -2636.046536    169.222909
PG03  -3147.201368  14306.375597 -22372.511301    288.137063
PG05  17002.568691  -7897.143451  18648.087607   -236.497135
PG06  19208.646010     38.381116 -18346.940925   -533.558065
PG07   3223.425492  16837.547623  20833.714095   -221.349816
PG08  -7540.255908  19162.465524  16302.208927    356.583483
PG09   7561.245924  25230.540898   2928.424380    687.005373
PG10 -23695.333964 -11717.515688   4368.530708   -539.853303
PG12   5747.042715 -14287.597067 -21924.738132   -602.895593
PG13   7533.931457 -13558.755709 -21634.468865    437.439340
PG15   4052.837676 -20793.420901  15453.563818    441.747233
PG17  12640.981198  17938.041809 -14394.875386   -196.649927
PG19  15306.205852   7041.354918 -20686.850436    704.939915
PG20  12128.740285 -11783.325127  20542.734690    277.003589
PG21  24248.826007    975.734198  10842.344931    370.577636
PG22  24089.560487  10752.508281   -234.766586     72.829803
PG23 -16723.113771 -15308.919575  14161.032099    685.540570
PG24  13900.993112 -21707.422035  -6153.636274    190.909415
PG27 -13896.156808   7136.210759  21064.850235      0.448239
PG30  14910.397508   7375.630774  20955.860537    351.625400
*  2026  9  3 13 45  0.00000000
PG01 -13310.391329  20146.289740 -10967.091430    181.191137
PG02 -16908.028433  19938.071556  -1675.456583    169.225010
PG03  -3933.734503  14026.655842 -22422.996888    288.130875
PG05  17673.939865  -7665.206946  18118.562609   -236.497253
PG06  18683.293256    516.190072 -18868.431695   -533.554841
PG07   2639.613008  17308.180773  20506.769798   -221.350889
PG08  -7775.301184  18550.200425  16896.650158    356.580394
PG09   7504.145772  25343.752448   1976.253147    687.002762
PG10 -23519.975007 -11698.875982   5313.360741   -539.851212
PG12   6499.120977 -13973.399280 -21917.349029   -602.895379
PG13   8313.879335 -13316.540542 -21499.084161    437.440823
PG15   4351.270529 -20230.115197  16084.853943    441.748072
PG17  12645.216788  18500.267687 -13671.232278   -196.651085
PG19  15362.643400   7816.174075 -20380.633384    704.940080
PG20  12325.745318 -11023.803282  20845.362674    277.006367
PG21  24598.311125   1175.482928  10003.662227    370.575281
PG22  24052.358743  10841.572983    721.553272     72.832382
PG23 -16193.703008 -15178.817079  14893.119231    685.541659
PG24  14116.667184 -21780.306307  -5245.241550    190.914603
PG27 -14095.628698   6326.254637  21201.231110      0.448304
PG30  14337.390662   7918.747452  21151.091853    351.629101
*  2026  9  3 13 50  0.00000000
PG01 -13675.027973  20334.910221 -10135.606455    181.188382
PG02 -17022.214525  19914.547772   -711.522183    169.227189
PG03  -4726.683600  13761.894387 -22431.417762    288.124684
PG05  18329.253784  -7451.101343  17553.900164   -236.497106
PG06  18152.505361   1016.365914 -19353.793031   -533.551615
PG07   2072.868705  17780.603369  20142.306050   -221.351676
PG08  -8025.850485  17920.729412  17457.655400    356.577304
PG09   7440.386695  25422.904573   1020.273692    687.000130
PG10 -23311.050983 -11672.439844   6248.288581   -539.849074
PG12   7255.640724 -13672.838505 -21869.087883   -602.894985
PG13   9092.266964 -13089.475872 -21322.823830    437.442289
PG15   4668.140967 -19649.645753  16684.094637    441.749355
PG17  12654.412539  19034.362554 -12920.475216   -196.652580
PG19  15431.063194   8577.260613 -20035.976421    704.940696
PG20  12538.564119 -10257.534051  21108.299686    277.009118
PG21  24920.959896   1358.842522   9145.869031    370.572911
PG22  23983.327568  10916.993119   1676.465189     72.835570
PG23 -15635.983766 -15051.250791  15597.228753    685.542757
PG24  14309.126308 -21830.456788  -4326.711821    190.919800
PG27 -14309.297933   5515.796881  21295.492403      0.448225
PG30  13768.454800   8475.802765  21306.694741    351.632781
*  2026  9  3 13 55  0.00000000
PG01 -14011.955098  20509.493829  -9284.623399    181.185638
PG02 -17112.211232  19865.329499    253.830799    169.229126
PG03  -5524.270677  13512.696986 -22397.748216    288.118479
PG05  18966.797984  -7254.405678  16955.210452   -236.497279
PG06  17617.995232   1538.389687 -19802.077598   -533.548397
PG07   1523.997411  18253.351246  19740.920169   -221.353082
PG08  -8292.254405  17275.704567  17984.135573    356.574222
PG09   7368.581709  25468.225276     62.328850    686.997517
PG10 -23068.580690 -11639.730908   7171.581730   -539.846961
PG12   8014.943427 -13386.488536 -21780.043214   -602.894916
PG13   9867.319333 -12877.777769 -21106.023231    437.443763
PG15   5003.671420 -19053.647575  17250.044834    441.750036
PG17  12667.319314  19539.358438 -12144.110394   -196.654453
PG19  15510.773642   9323.056138 -19653.581195    704.940045
PG20  12767.150503  -9486.301523  21331.046675    277.011854
PG21  25215.614769   1526.750191   8270.604404    370.570564
PG22  23882.062371  10980.087493   2628.109946     72.837589
PG23 -15050.870041 -14927.610162  16272.029743    685.543855
PG24  14479.043911 -21856.696660  -3399.801649    190.924984
PG27 -14536.853449   4706.685577  21347.490939      0.448179
PG30  13204.958340   9045.803222  21422.356824    351.636473
*  2026  9  3 14  0  0.00000000
PG01 -14321.328010  20668.573015  -8415.776567    181.182828
PG02 -17179.076387  19789.513901   1218.679045    169.231388
PG03  -6324.685868  13279.568387 -22322.039912    288.112253
PG05  19584.908504  -7074.599668  16323.669371   -236.497221
PG06  17081.457086   2081.635542 -20212.408243   -533.545179
PG07    993.718404  18724.920285  19303.276662   -221.354187
PG08  -8574.768319  16616.815158  18475.073427    356.571130
PG09   7287.367911  25480.052382   -895.736328    686.994873
PG10 -22792.693132 -11602.277020   8081.531625   -539.844862
PG12   8775.342801 -13114.829077 -21650.377582   -602.894763
PG13  10637.258659 -12681.562357 -20849.094228    437.445245
PG15   5357.982599 -18443.793041  17781.529314    441.750670
PG17  12682.644028  20014.390740 -11343.694352   -196.655519
PG19  15600.999714  10052.059102 -19234.217287    704.940043
PG20  13011.357445  -8711.892309  21513.180692    277.014607
PG21  25481.200672   1680.214123   7379.540644    370.568208
PG22  23748.265495  11032.209453   3574.639784     72.840010
PG23 -14439.373543 -14809.236156  16916.244553    685.544952
PG24  14627.175018 -21857.915447  -2466.290606    190.930165
PG27 -14777.885724   3900.748304  21357.170608      0.448358
PG30  12648.217010   9627.676738  21497.838691    351.640175
*  2026  9  3 14  5  0.00000000
PG01 -14603.405446  20810.711987  -7530.735301    181.180048
PG02 -17223.943289  19686.288828   2181.106060    169.233262
PG03  -7126.094246  13062.910418 -22204.421878    288.106033
PG05  20181.976594  -6911.066744  15660.516053   -236.497532
PG06  16544.559411   2645.372555 -20583.979822   -533.541967
PG07    482.662886  19193.772131  18830.106690   -221.355160
PG08  -8873.550664  15945.780558  18929.525547    356.568064
PG09   7195.413183  25458.831723  -1852.078198    686.992247
PG10 -22483.627239 -11561.603268   8976.456467   -539.842715
PG12   9535.131084 -12858.244077 -21480.327335   -602.894442
PG13  11400.311229 -12500.845691 -20552.524426    437.446727
PG15   5731.091873 -17821.784832  18277.441702    441.751537
PG17  12699.056161  20458.701329 -10520.830430   -196.656729
PG19  15700.886630  10762.830174 -18778.720477    704.940332
PG20  13270.937315  -7936.088643  21654.355666    277.017354
PG21  25716.729542   1820.308324   6474.380113    370.565864
PG22  23581.747607  11074.740046   4514.222131     72.842894
PG23 -13802.600199 -14697.415202  17528.651149    685.546055
PG24  14754.352585 -21833.074686  -1527.979877    190.935371
PG27 -15031.888563   3099.784781  21324.562105      0.448331
PG30  12099.488781  10220.276390  21532.974479    351.643852
*  2026  9  3 14 10  0.00000000
PG01 -14858.547713  20934.513307  -6631.200740    181.177302
PG02 -17248.014635  19554.936786   3139.206376    169.235568
PG03  -7926.642757  12863.020514 -22045.100374    288.099830
PG05  20756.455182  -6763.097523  14967.050270   -236.497918
PG06  16008.938045   3228.767004 -20916.060885   -533.538749
PG07     -8.628210  19658.340101  18322.207435   -221.356104
PG08  -9188.661685  15264.343047  19346.624177    356.564995
PG09   7091.422746  25405.114878  -2804.858126    686.989657
PG10 -22141.731152 -11519.225044   9854.703997   -539.840583
PG12  10292.585415 -12617.020464 -21270.202246   -602.894217
PG13  12154.714237 -12335.544081 -20216.876275    437.448209
PG15   6122.912138 -17189.348700  18736.747310    441.752868
PG17  12715.194436  20871.641132  -9677.165132   -196.658525
PG19  15809.503889  11453.997331 -18287.990910    704.940446
PG20  13545.542552  -7160.661499  21754.303053    277.020101
PG21  25921.304488   1948.167176   5556.852004    370.563515
PG22  23382.428614  11109.081098   5445.043250     72.845644
PG23 -13141.746277 -14593.373380  18108.085359    685.547142
PG24  14861.483468 -21781.213334   -586.688755    190.940585
PG27 -15298.261338   2305.559677  21249.782463      0.448612
PG30  11559.969049  10822.384509  21527.672351    351.647561
*  2026  9  3 14 15  0.00000000
PG01 -15087.214393  21038.624342  -5718.902506    181.174558
PG02 -17252.556174  19394.838459   4091.089680    169.237689
PG03  -8724.467239  12680.090694 -21844.358642    288.093646
PG05  21306.865079  -6629.893692  14244.629708   -236.498028
PG06  15476.189402   3830.885107 -21207.995229   -533.535521
PG07   -479.706069  20117.035253  17780.441366   -221.357048
PG08  -9520.062650  14574.260549  19725.578851    356.561904
PG09   6974.145559  25319.556463  -3752.246069    686.987015
PG10 -21767.461092 -11476.641183  10714.654211   -539.838451
PG12  11045.974289 -12391.347298 -21020.385031   -602.893918
PG13  12898.722583 -12185.474847 -19842.786035    437.449668
PG15   6533.251201 -16548.226109  19158.485815    441.753545
PG17  12729.673645  21252.672238  -8814.384406   -196.659744
PG19  15925.849599  12124.260669 -17762.991190    704.940118
PG20  13834.726794  -6387.363770  21812.832327    277.022860
PG21  26094.123589   2064.979740   4628.709055    370.561158
PG22  23150.338104  11136.648242   6365.311821     72.848080
PG23 -12458.094135 -14498.270866  18653.443032    685.548246
PG24  14949.544032 -21701.452896    355.748974    190.945778
PG27 -15576.311679   1519.795622  21133.034381      0.448254
PG30  11030.786073  11432.717073  21481.914844    351.651254
*  2026  9  3 14 20  0.00000000
PG01 -15289.961628  21121.743534  -4795.595340    181.171815
PG02 -17238.890111  19205.475767   5034.884857    169.239787
PG03  -9517.699511  12514.206976 -21602.556521    288.087439
PG05  21831.800881  -6510.572281  13494.667140   -236.497738
PG06  14947.863872   4450.696196 -21459.203304   -533.532282
PG07   -930.215478  20568.252615  17205.735382   -221.358164
PG08  -9867.615536  13877.299324  20065.677819    356.558832
PG09   6842.380508  25202.911005  -4692.424126    686.984381
PG10 -21361.379805 -11435.327181  11554.722011   -539.836363
PG12  11793.564050 -12181.315318 -20731.330769   -602.893762
PG13  13630.615608 -12050.357519 -19430.962611    437.451162
PG15   6961.811659 -15900.166798  19541.773764    441.754399
PG17  12741.091561  21601.369484  -7934.209852   -196.661168
PG19  16048.855106  12772.396888 -17204.744375    704.940338
PG20  14137.946424  -5617.923531  21829.831341    277.025614
PG21  26234.483300   2171.983817   3691.724222    370.558796
PG22  22885.615316  11158.863924   7273.262416     72.850830
PG23 -11753.007614 -14413.196648  19163.682113    685.549345
PG24  15019.575423 -21593.002235   1297.488747    190.950972
PG27 -15865.258598    744.166449  20974.605343      0.447974
PG30  10512.996700  12049.928398  21395.759109    351.654934
*  2026  9  3 14 25  0.00000000
PG01 -15467.438982  21182.626472  -3863.055672    181.169087
PG02 -17208.388306  18986.434450   5968.743932    169.241917
PG03 -10304.474488  12365.349254 -21320.129941    288.081247
PG05  22329.936560  -6404.170322  12718.627496   -236.497794
PG06  14425.459430   5087.076337 -21669.183486   -533.529070
PG07  -1359.895951  21010.377535  16599.079857   -221.359175
PG08 -10231.083189  13175.226672  20366.289296    356.555733
PG09   6694.982379  25056.029398  -5623.590053    686.981764
PG10 -20924.154591 -11396.728545  12373.359784   -539.834285
PG12  12533.625419 -11986.916922 -20403.566195   -602.893445
PG13  14348.703736 -11929.815453 -18982.186254    437.452619
PG15   7408.191304 -15246.921284  19885.806893    441.755392
PG17  12748.035936  21917.421539  -7038.394872   -196.662622
PG19  16177.389886  13397.263470 -16614.331910    704.940492
PG20  14454.562562  -4854.037412  21805.266543    277.028346
PG21  26341.781452   2270.459803   2747.687315    370.556400
PG22  22588.508640  11177.150433   8167.158896     72.853577
PG23 -11027.927105 -14339.163563  19637.824616    685.550442
PG24  15072.678522 -21455.162038   2236.679024    190.956174
PG27 -16164.236020    -19.709311  20774.866550      0.448299
PG30  10007.582380  12672.616112  21269.337018    351.658643
*  2026  9  3 14 30  0.00000000
PG01 -15620.385910  21220.091728  -2923.078159    181.166324
PG02 -17162.465300  18737.406172   6890.845904    169.243811
PG03 -11082.937304  12233.391624 -20997.590288    288.075049
PG05  22800.030700  -6309.649855  11918.024836   -236.498097
PG06  13910.415475   5738.812352 -21837.513187   -533.525823
PG07  -1768.582466  21441.792135  15961.527553   -221.360250
PG08 -10610.129943  12469.803656  20626.862492    356.552666
PG09   6530.867581  24879.854969  -6543.960732    686.979155
PG10 -20456.554946 -11362.254275  13169.059929   -539.832170
PG12  13264.440011 -11808.046545 -20037.688895   -602.893175
PG13  15051.334996 -11823.377887 -18497.307132    437.454098
PG15   7871.884045 -14590.233366  20189.862246    441.756293
PG17  12749.091520  22200.631469  -6128.720775   -196.663984
PG19  16310.266696  13997.802505 -15992.891475    704.940452
PG20  14783.843473  -4097.364117  21739.183045    277.031096
PG21  26415.519842   2361.724363   1798.401597    370.554042
PG22  22259.374656  11192.922966   9045.297696     72.856081
PG23 -10284.364286 -14277.103639  20074.958493    685.551551
PG24  15110.008593 -21287.328919   3171.465178    190.961375
PG27 -16472.296713   -770.274632  20534.271660      0.448645
PG30   9515.445501  13299.326376  21102.855162    351.662342
*  2026  9  3 14 35  0.00000000
PG01 -15749.627838  21233.026444  -1977.472167    181.163609
PG02 -17102.571195  18458.190134   7799.400459    169.246011
PG03 -11851.250408  12118.103165 -20635.523648    288.068820
PG05  23240.931378  -6225.903263  11094.419233   -236.497973
PG06  13404.106938   6404.606254 -21963.849827   -533.522585
PG07  -2156.205829  21860.881858  15294.192420   -221.361018
PG08 -11004.322713  11762.777898  20846.928465    356.549593
PG09   6349.019596  24675.419159  -7451.775586    686.976509
PG10 -19959.449793 -11333.270523  13940.357298   -539.830047
PG12  13984.306827 -11644.501464 -19634.366381   -602.892809
PG13  15736.901398 -11730.482395 -17977.243777    437.455586
PG15   8352.281332 -13931.832641  20453.300095    441.757482
PG17  12742.847092  22450.916786  -5206.992840   -196.665242
PG19  16446.246940  14573.044174 -15341.614777    704.940568
PG20  15124.967383  -3349.518103  21631.704551    277.033842
PG21  26455.306391   2447.123946    845.680360    370.551638
PG22  21898.676720  11207.582782   9906.011011     72.858764
PG23  -9523.896570 -14227.863794  20474.239412    685.552669
PG24  15132.769656 -21088.999123   4099.993454    190.966578
PG27 -16788.416591  -1506.039892  20253.355343      0.448700
PG30   9037.406056  13928.559357  20896.594713    351.666013
*  2026  9  3 14 40  0.00000000
PG01 -15856.071882  21220.391623  -1028.058234    181.160831
PG02 -17030.184442  18148.694199   8692.651562    169.248085
PG03 -12607.600616  12019.149175 -20234.589915    288.062604
PG05  23651.580650  -6151.758910  10249.413581   -236.498304
PG06  12907.838665   7083.080064 -22047.931639   -533.519382
PG07  -2522.792636  22266.042055  14598.248272   -221.362083
PG08 -11413.132536  11055.876481  21026.100759    356.546510
PG09   6148.494127  24443.836861  -8345.299943    686.973884
PG10 -19433.804343 -11311.094438  14685.831579   -539.827974
PG12  14691.548697 -11495.983002 -19194.335057   -602.892772
PG13  16403.845132 -11650.477760 -17422.981401    437.457054
PG15   8848.674101 -13273.427091  20675.565640    441.758260
PG17  12727.902439  22668.308995  -4275.036366   -196.667000
PG19  16584.046252  15122.109865 -14661.745261    704.940511
PG20  15477.025703  -2612.063459  21483.033145    277.036572
PG21  26460.856861   2528.028175   -108.656517    370.549246
PG22  21506.983099  11222.510455  10747.669862     72.861246
PG23  -8748.161272 -14192.201888  20834.892419    685.553759
PG24  15142.208605 -20859.771824   5020.414993    190.971780
PG27 -17111.499355  -2225.588423  19932.731669      0.448881
PG30   8574.198654  14558.774914  20650.911168    351.669710
*  2026  9  3 14 45  0.00000000
PG01 -15940.702215  21181.227130    -76.664505    181.158090
PG02 -16946.804561  17808.935525   9568.880905    169.250174
PG03 -13350.206073  11936.092848 -19795.521779    288.056410
PG05  24031.018636  -6085.987061   9384.650328   -236.498230
PG06  12422.840126   7772.780988 -22089.578329   -533.516147
PG07  -2868.464849  22655.684623  13874.927329   -221.363090
PG08 -11835.936558  10350.798970  21164.075859    356.543423
PG09   5928.423934  24186.301411  -9222.828328    686.971265
PG10 -18880.676585 -11296.988231  15404.109600   -539.825869
PG12  15384.518643 -11362.098151 -18718.399076   -602.892672
PG13  17050.664573 -11582.627225 -16835.570096    437.458543
PG15   9360.255217 -12616.695781  20856.190495    441.759050
PG17  12702.875291  22852.952628  -3334.692697   -196.668144
PG19  16722.340255  15644.214920 -13954.575778    704.940615
PG20  15839.026631  -1886.507999  21293.448931    277.039320
PG21  26431.996139   2605.823137  -1062.786023    370.546891
PG22  21084.964682  11239.059269  11568.687054     72.863908
PG23  -7958.849523 -14170.783164  21156.213496    685.554837
PG24  15139.609093 -20599.351972   5930.889904    190.977016
PG27 -17440.381473  -2927.581702  19573.092324      0.449047
PG30   8126.469889  15188.398476  20366.233960    351.673421
*  2026  9  3 14 50  0.00000000
PG01 -16004.575108  21114.656353    874.876855    181.155356
PG02 -16853.944821  17439.040713  10426.411230    169.252405
PG03 -14077.323119  11868.397398 -19319.123588    288.050161
PG05  24378.387185  -6027.306047   8501.808141   -236.498632
PG06  11950.260448   8472.186944 -22088.691563   -533.512922
PG07  -3193.438969  23028.244641  13125.518631   -221.363992
PG08 -12272.020460   9649.210614  21260.633443    356.540320
PG09   5688.023325  23904.079274 -10082.687691    686.968625
PG10 -18301.213421 -11292.153469  16093.867564   -539.823731
PG12  16061.606137 -11242.361586 -18207.429083   -602.892398
PG13  17675.920057 -11526.112139 -16216.122907    437.459992
PG15   9886.122410 -11963.281679  20994.793934    441.759974
PG17  12666.408133  23005.103794  -2387.815261   -196.669637
PG19  16859.770473  16138.671002 -13221.446188    704.940667
PG20  16209.899134  -1174.297602  21063.309531    277.042164
PG21  26368.659060   2681.904604  -2014.885480    370.544537
PG22  20633.392263  11258.548773  12367.520009     72.866359
PG23  -7157.699959 -14164.177075  21437.571000    685.555948
PG24  15126.285225 -20307.552697   6829.591383    190.982223
PG27 -17773.837442  -3610.764154  19175.204669      0.449371
PG30   7694.776083  15815.827101  20043.065944    351.677114
*  2026  9  3 14 55  0.00000000
PG01 -16048.813663  21019.890523   1824.733253    181.152603
PG02 -16753.124938  17039.245463  11263.609485    169.254467
PG03 -14787.253008  11815.428619 -18806.270076    288.043814
PG05  24692.933099  -5974.388656   7602.598521   -236.498749
PG06  11491.163817   9179.712401 -22045.255305   -533.509689
PG07  -3498.024801  23382.186987  12351.366321   -221.365172
PG08 -12720.581293   8952.735735  21315.636447    356.537237
PG09   5426.592292  23598.504439 -10923.240552    686.966007
PG10 -17696.646461 -11297.725640  16753.833205   -539.821625
PG12  16721.243241 -11136.198082 -17662.360852   -602.891981
PG13  18278.239411 -11480.035952 -15565.813799    437.461457
PG15  10425.281679 -11314.784674  21091.083918    441.760762
PG17  12617.174902  23125.128227  -1436.265606   -196.671055
PG19  16994.950389  16604.888072 -12463.740907    704.940789
PG20  16588.497280   -476.810818  20793.049446    277.044885
PG21  26270.890783   2757.671216  -2963.136002    370.542182
PG22  20153.133430  11282.258535  13142.673474     72.869219
PG23  -6346.492196 -14172.854527  21678.406990    685.557044
PG24  15103.575066 -19984.297230   7714.709852    190.987421
PG27 -18110.585329  -4273.967551  18739.909656      0.448948
PG30   7279.581408  16439.435687  19681.982752    351.680798
*  2026  9  3 15  0  0.00000000
PG01 -16074.602275  20896.232660   2771.075262    181.149852
PG02 -16645.863804  16609.893763  12078.889850    169.256781
PG03 -15478.348471  11776.457867 -18257.904975    288.037468
PG05  24974.010913  -5925.868710   6688.762362   -236.498646
PG06  11046.525252   9893.714519 -21959.335983   -533.506476
PG07  -3782.623833  23716.012909  11553.867781   -221.366122
PG08 -13180.730732   8262.951337  21329.030940    356.534146
PG09   5143.520266  23270.972548 -11742.888074    686.963375
PG10 -17068.287494 -11314.768986  17382.787870   -539.819481
PG12  17361.910580 -11042.945313 -17084.193810   -602.891869
PG13  18856.323207 -11443.428560 -14885.875497    437.462908
PG15  10976.651171 -10672.754792  21144.857874    441.761582
PG17  12553.887510  23213.498882   -481.909468   -196.672775
PG19  17126.471603  17042.375977 -11682.886417    704.940839
PG20  16973.604911    204.646240  20483.179270    277.047613
PG21  26138.846709   2834.517648  -3905.725956    370.539802
PG22  19645.149060  11311.422107  13892.702106     72.871817
PG23  -5527.040132 -14197.185545  21878.238438    685.558130
PG24  15072.834017 -19629.620334   8584.457118    190.992627
PG27 -18449.292550  -4916.115000  18268.119596      0.448827
PG30   6881.256405  17057.583300  19283.632014    351.684560
*  2026  9  3 15  5  0.00000000
PG01 -16083.180820  20743.081134   3712.080209    181.147103
PG02 -16533.672291  16151.436604  12870.716588    169.258783
PG03 -16149.020085  11750.665464 -17675.039492    288.031109
PG05  25221.085215  -5880.347809   5762.066472   -236.498375
PG06  10617.226785  10612.499558 -21831.082492   -533.503239
PG07  -4047.727195  24028.266531  10734.471642   -221.367276
PG08 -13651.498699   7581.380978  21300.845812    356.531047
PG09   4838.289488  22922.934798 -12540.073039    686.960734
PG10 -16417.523656 -11344.271644  17979.568520   -539.817410
PG12  17982.143161 -10961.857031 -16473.989452   -602.891607
PG13  19408.949731 -11415.250990 -14177.597226    437.464395
PG15  11539.065494 -10038.685672  21156.003231    441.762640
PG17  12475.302179  23270.793056    473.387136   -196.674250
PG19  17252.910083  17450.745639 -10880.348717    704.940832
PG20  17363.940632    868.844688  20134.284768    277.050364
PG21  25972.791948   2913.827803  -4840.854397    370.537428
PG22  19110.489444  11347.221235  14616.212927     72.874506
PG23  -4701.185094 -14237.437364  22036.658305    685.559230
PG24  15035.428078 -19243.669239   9437.070534    190.997843
PG27 -18788.581866  -5536.224485  17760.815802      0.448934
PG30   6500.076896  17668.619612  18848.732452    351.688261
*  2026  9  3 15 10  0.00000000
PG01 -16075.838631  20559.932829   4645.935754    181.144363
PG02 -16418.046161  15664.430236  13637.606751    169.260852
PG03 -16797.742429  11737.144493 -17058.750672    288.024712
PG05  25433.732499  -5836.402204   4824.300062   -236.498291
PG06  10204.054048  11334.329525 -21660.726030   -533.500023
PG07  -4293.913234  24317.541242   9894.675643   -221.368267
PG08 -14131.837369   6909.488915  21231.192283    356.527965
PG09   4510.477973  22555.891619 -13313.282734    686.958108
PG10 -15745.812302 -11387.141089  18543.069656   -539.815284
PG12  18580.535973 -10892.106604 -15832.869649   -602.891516
PG13  19934.979625 -11394.400375 -13442.322341    437.465856
PG15  12111.280451  -9414.008318  21124.497724    441.763495
PG17  12380.225559  23297.689085   1427.761770   -196.675537
PG19  17372.832466  17829.709845 -10057.630743    704.940990
PG20  17758.163095   1514.637332  19747.025811    277.053093
PG21  25773.100325   2996.968047  -5766.734497    370.535035
PG22  18550.290074  11390.780339  15311.867642     72.877679
PG23  -3870.788853 -14293.772979  22153.336506    685.560308
PG24  14992.727030 -18826.704059  10270.817146    191.003052
PG27 -19127.037554  -6133.411973  17219.046109      0.448438
PG30   6136.223308  18270.891408  18378.072838    351.691988
*  2026  9  3 15 15  0.00000000
PG01 -16053.908252  20346.385885   5570.843445    181.141637
PG02 -16300.459109  15149.533994  14378.132722    169.262919
PG03 -17423.059994  11734.905000 -16410.179623    288.018421
PG05  25611.642543  -5792.589775   3877.271207   -236.498615
PG06   9807.693298  12057.429040 -21448.579773   -533.496775
PG07  -4521.844689  24582.485967   9036.024352   -221.369156
PG08 -14620.625512   6248.674548  21120.263235    356.524863
PG09   4159.762053  22171.386182 -14061.051748    686.955490
PG10 -15054.675621 -11444.199934  19072.245155   -539.813119
PG12  19155.749379 -10832.790915 -15162.014847   -602.891274
PG13  20433.360205 -11379.715234 -12681.445851    437.467299
PG15  12691.978173  -8800.085175  21050.409433    441.764539
PG17  12267.520588  23294.962608   2379.359392   -196.677043
PG19  17484.802414  18179.083641  -9216.269744    704.940835
PG20  18154.876568   2140.962788  19322.135184    277.055839
PG21  25540.252949   3085.280525  -6681.596939    370.532646
PG22  17965.767085  11443.161269  15978.384833     72.879754
PG23  -3037.726553 -14366.250130  22228.020731    685.561403
PG24  14946.097581 -18379.097688  11083.997810    191.008278
PG27 -19463.211742  -6706.894064  16643.922281      0.448587
PG30   5789.780401  18862.749150  17872.510816    351.695677
*  2026  9  3 15 20  0.00000000
PG01 -16018.759028  20102.142009   6485.022241    181.138909
PG02 -16182.355978  14607.507675  15090.924585    169.265017
PG03 -18023.592829  11742.878548 -15730.529632    288.012085
PG05  25754.619309  -5747.457070   2922.803285   -236.499015
PG06   9428.728892  12779.992382 -21195.038373   -533.493543
PG07  -4732.265479  24821.811278   8160.106740   -221.370129
PG08 -15116.673160   5600.267197  20968.332369    356.521768
PG09   3785.918496  21770.997748 -14781.964656    686.952862
PG10 -14345.694989 -11516.182057  19566.110039   -539.810994
PG12  19706.514258 -10782.934590 -14462.662156   -602.890814
PG13  20903.129421 -11369.981004 -11896.411851    437.468773
PG15  13279.772622  -8198.204539  20933.896596    441.765449
PG17  12136.112087  23263.482441   3326.336106   -196.678761
PG19  17587.386961  18498.784318  -8357.834621    704.940864
PG20  18552.636741   2746.849225  18860.417242    277.058539
PG21  25274.836330   3180.076583  -7583.693285    370.530314
PG22  17358.212407  11505.358381  16614.542012     72.882422
PG23  -2203.879555 -14454.820757  22260.537147    685.562509
PG24  14896.896501 -17901.335173  11874.951276    191.013502
PG27 -19795.630856  -7255.990179  16036.617316      0.448215
PG30   5460.737414  19442.553552  17332.971597    351.699324
*  2026  9  3 15 25  0.00000000
PG01 -15971.790546  19827.008358   7386.712008    181.136149
PG02 -16065.146162  14039.208522  15774.672343    169.267164
PG03 -18598.041890  11759.923145 -15021.064155    288.005740
PG05  25862.581368  -5699.546388   1962.731417   -236.499136
PG06   9067.641211  13500.190690 -20900.577297   -533.490319
PG07  -4925.997114  25034.295312   7268.553621   -221.371269
PG08 -15618.726578   4965.521219  20775.753204    356.518663
PG09   3388.826196  21356.334891 -15474.658606    686.950249
PG10 -13620.505107 -11603.729107  20023.742138   -539.808843
PG12  20231.636885 -10741.494559 -13736.103344   -602.890594
PG13  21343.419446 -11363.935827 -11088.710851    437.470220
PG15  13873.215430  -7609.575354  20775.207165    441.766513
PG17  11984.992057  23204.206067   4266.862845   -196.679650
PG19  17679.162864  18788.831007  -7483.923242    704.940958
PG20  18949.956776   3331.417728  18362.746453    277.061275
PG21  24977.540065   3282.630328  -8471.299297    370.527943
PG22  16728.988624  11578.293927  17219.177543     72.884897
PG23  -1371.128252 -14559.330911  22250.790959    685.563609
PG24  14846.463775 -17394.012563  12642.058208    191.018690
PG27 -20122.802170  -7780.124285  15398.362659      0.448250
PG30   5148.988628  20008.682159  16760.446518    351.703020
*  2026  9  3 15 30  0.00000000
PG01 -15914.425949  19520.898961   8274.176965    181.133420
PG02 -15950.197242  13445.587805  16428.127962    169.269376
PG03 -19145.194081  11784.828498 -14283.104682    287.999397
PG05  25935.561844  -5647.402869    998.898889   -236.499392
PG06   8724.805054  14216.179287 -20565.751998   -533.487067
PG07  -5103.934735  25218.789478   6363.034936   -221.372300
PG08 -16125.473510   4345.611495  20542.957905    356.515579
PG09   2968.467411  20929.028629 -16137.825790    686.947611
PG10 -12880.787920 -11707.387384  20444.283686   -539.806684
PG12  20730.003526 -10707.364908 -12983.682712   -602.890372
PG13  21753.459887 -11360.276545 -10259.877023    437.471690
PG15  14470.802061  -7035.322400  20574.678123    441.767075
PG17  11813.224656  23118.174783   5199.128978   -196.681212
PG19  17758.722912  19049.343874  -6596.159714    704.941164
PG20  19345.313546   3893.885272  17830.065789    277.064002
PG21  24649.154099   3394.172347  -9342.718225    370.525553
PG22  16079.523575  11662.813793  17791.192427     72.887558
PG23   -541.344870 -14679.521129  22198.766831    685.564716
PG24  14796.115832 -16857.835222  13383.745141    191.023902
PG27 -20443.220411  -8278.826144  14730.445331      0.448312
PG30   4854.334341  20559.535893  16155.991460    351.706720
*  2026  9  3 15 35  0.00000000
PG01 -15848.105176  19183.835699   9145.709081    181.130665
PG02 -15838.828857  12827.687029  17050.107259    169.271346
PG03 -19663.926951  11816.321583 -13518.028492    287.993049
PG05  25973.707875  -5589.581555     33.153589   -236.499143
PG06   8400.488515  14926.105093 -20191.196917   -533.483850
PG07  -5267.042797  25374.223920   5445.256903   -221.373245
PG08 -16635.548669   3741.629298  20270.455969    356.512483
PG09   2524.928560  20490.725486 -16770.215810    686.944980
PG10 -12128.266362 -11827.605116  20826.942821   -539.804551
PG12  21200.584721 -10679.382033 -12206.794875   -602.890322
PG13  22132.580587 -11357.664893  -9411.485352    437.473182
PG15  15070.978240  -6476.481912  20332.734560    441.768297
PG17  11619.950834  23006.508509   6121.345834   -196.682754
PG19  17824.682168  19280.542927  -5696.191642    704.941139
PG20  19737.154059   4433.567275  17263.385007    277.066742
PG21  24290.565571   3515.883617 -10196.284029    370.523203
PG22  15411.304718  11759.683595  18329.551955     72.890494
PG23    283.613722 -14815.027276  22104.529172    685.565833
PG24  14747.138865 -16293.615634  14098.488341    191.029130
PG27 -20755.374398  -8751.732104  14034.204982      0.448522
PG30   4576.482252  21093.545531  15520.725145    351.710413
*  2026  9  3 15 40  0.00000000
PG01 -15774.278126  18815.948819   9999.631414    181.127909
PG02 -15732.306856  12186.633791  17639.491622    169.273534
PG03 -20153.213040  11853.072515 -12727.266289    287.986704
PG05  25977.279612  -5524.654398   -932.655551   -236.499340
PG06   8094.852330  15628.114097 -19777.624324   -533.480621
PG07  -5416.350409  25499.612707   4516.959029   -221.374575
PG08 -17147.539460   3154.578555  19958.832748    356.509368
PG09   2058.400578  20043.080518 -17370.637915    686.942338
PG10 -11364.697940 -11964.730126  21170.994994   -539.802414
PG12  21642.439254 -10656.330049 -11406.882439   -602.890016
PG13  22480.214021 -11354.733856  -8545.148719    437.474647
PG15  15672.146633  -5933.997637  20049.888518    441.769066
PG17  11404.392619  22870.400304   7031.750135   -196.683973
PG19  17875.684142  19482.746437  -4785.687353    704.940869
PG20  20123.902029   4949.879742  16663.778793    277.069474
PG21  23902.755265   3648.889635 -11030.364561    370.520788
PG22  14725.873291  11869.585140  18833.287221     72.892900
PG23   1101.913142 -14965.381850  21968.222278    685.566919
PG24  14700.782279 -15702.270676  14784.817576    191.034322
PG27 -21057.753688  -9198.585417  13311.030876      0.448567
PG30   4315.049264  21609.178107  14855.827294    351.714089
*  2026  9  3 15 45  0.00000000
PG01 -15694.397812  18417.476987  10834.301391    181.125171
PG02 -15631.837744  11523.637305  18195.229566    169.275436
PG03 -20612.123845  11893.700686 -11912.299725    287.980346
PG05  25946.648740  -5451.217187  -1896.682090   -236.499388
PG06   7807.949715  16320.358853 -19325.822998   -533.477315
PG07  -5552.946346  25594.058721   3579.910972   -221.375506
PG08 -17659.991890   2585.372526  19608.747849    356.506276
PG09   1569.178811  19587.750334 -17937.963131    686.939724
PG10 -10591.868171 -12119.007924  21475.784288   -539.800271
PG12  22054.717773 -10636.946454 -10585.433580   -602.889573
PG13  22795.897277 -11350.094165  -7662.514891    437.476107
PG15  16272.673740  -5408.717369  19726.737603    441.769648
PG17  11165.857023  22711.110607   7928.607331   -196.685321
PG19  17910.406840  19656.368977  -3866.333106    704.940992
PG20  20503.964565   5442.340969  16032.384782    277.072215
PG21  23486.793667   3794.254792 -11843.364669    370.518427
PG22  14024.818276  11993.113276  19301.496509     72.895657
PG23   1911.748553 -15130.015747  21790.070329    685.568018
PG24  14658.252319 -15084.818405  15441.319767    191.039508
PG27 -21348.855186  -9619.236096  12562.358828      0.448322
PG30   4069.563684  22104.943190  14162.536653    351.717784
*  2026  9  3 15 50  0.00000000
PG01 -15609.913502  17988.766888  11648.114007    181.122400
PG02 -15538.563431  10839.983621  18716.338135    169.277872
PG03 -21039.833387  11936.781148 -11074.658811    287.974012
PG05  25882.296552  -5367.896347  -2857.085596   -236.499615
PG06   7539.726687  17001.005970 -18836.656740   -533.474047
PG07  -5677.973753  25656.758218   2635.909286   -221.376552
PG08 -18171.416653   2034.830895  19220.933385    356.503196
PG09   1057.662472  19126.386142 -18471.126261    686.937097
PG10  -9811.583923 -12290.580214  21740.724647   -539.798149
PG12  22436.666054 -10619.928015  -9743.979523   -602.889299
PG13  23079.273588 -11342.340908  -6765.263459    437.477590
PG15  16870.896958  -4901.389947  19363.963374    441.770803
PG17  10903.739562  22529.961230   8810.214833   -196.686335
PG19  17927.568696  19801.919095  -2939.830280    704.941238
PG20  20875.738961   5910.572821  15370.401468    277.074976
PG21  23043.836665   3952.977005 -12633.729241    370.516041
PG22  13309.770215  12130.773127  19733.346540     72.898638
PG23   2711.351618 -15308.260481  21570.377237    685.569120
PG24  14620.705888 -14442.374342  16066.642505    191.044702
PG27 -21627.189714 -10013.640316  11789.668080      0.448184
PG30   3839.467820  22579.399025  13442.148892    351.721488
*  2026  9  3 15 55  0.00000000
PG01 -15522.263901  17530.272356  12439.504956    181.119689
PG02 -15453.556331  10137.030557  19201.904145    169.279954
PG03 -21435.621372  11980.851215 -10215.919223    287.967691
PG05  25784.811568  -5273.355611  -3812.035122   -236.499609
PG06   7290.022877  17668.243557 -18311.062733   -533.470794
PG07  -5792.624559  25687.005045   1686.774019   -221.377540
PG08 -18680.295351   1503.677300  18796.192104    356.500129
PG09    524.353650  18660.626836 -18969.127762    686.934472
PG10  -9025.666649 -12479.483826  21965.301007   -539.795972
PG12  22787.627899 -10603.936850  -8884.091925   -602.889174
PG13  23330.093451 -11330.060221  -5855.102692    437.479063
PG15  17465.131782  -4412.662761  18962.329517    441.771477
PG17  10617.527377  22328.329143   9674.905141   -196.688323
PG19  17925.934341  19919.996624  -2007.892542    704.940908
PG20  21237.619542   6354.301563  14679.085986    277.077722
PG21  22575.120886   4125.982649 -13399.946168    370.513698
PG22  12582.394885  12282.977737  20128.073590     72.900954
PG23   3498.997312 -15499.350850  21309.526351    685.570214
PG24  14589.244613 -13776.147277  16659.497431    191.049918
PG27 -21891.288481 -10381.859362  10994.478150      0.448340
PG30   3624.120969  23031.158499  12696.014378    351.725208
*  2026  9  3 16  0  0.00000000
PG01 -15432.870397  17042.553057  13206.953668    181.116951
PG02 -15377.814792   9416.202374  19651.085267    169.281920
PG03 -21798.875916  12024.417263  -9337.699502    287.961327
PG05  25654.886720  -5166.302500  -4759.712655   -236.499722
PG06   7058.572810  18320.288594 -17750.049750   -533.467578
PG07  -5898.133618  25684.194465    734.345194   -221.378419
PG08 -19185.086834    992.537295  18335.395402    356.497012
PG09    -30.144122  18192.092181 -19431.035494    686.931829
PG10  -8235.945581 -12685.650084  22149.070325   -539.793849
PG12  23107.047631 -10587.606695  -8007.380172   -602.888977
PG13  23548.215278 -11311.836034  -4933.766341    437.480510
PG15  18053.679115  -3943.079756  18522.679811    441.772616
PG17  10306.801944  22107.640063  10521.048854   -196.689909
PG19  17904.320206  20011.289644  -1072.243012    704.941254
PG20  21588.004556   6773.358242  13959.751788    277.080466
PG21  22081.958715   4314.121802 -14140.549237    370.511306
PG22  11844.386872  12450.046114  20484.984481     72.903284
PG23   4273.010570 -15702.428049  21007.980005    685.571296
PG24  14564.909171 -13087.434636  17218.663454    191.055104
PG27 -22139.709454 -10724.058147  10178.345640      0.448519
PG30   3422.802778  23458.894919  11925.535816    351.728886
*  2026  9  3 16  5  0.00000000
PG01 -15343.130394  16526.272716  13948.986268    181.114179
PG02 -15312.258907   8678.984215  20063.110967    169.284141
PG03 -22129.095841  12065.961690  -8441.658157    287.954976
PG05  25493.316115  -5045.494618  -5698.316514   -236.499975
PG06   6845.007676  18955.394202 -17154.696203   -533.464338
PG07  -5995.772615  25647.826591   -219.520828   -221.379512
PG08 -19684.233612    501.936751  17839.481214    356.493912
PG09   -605.127728  17722.376094 -19855.986340    686.929230
PG10  -7444.250862 -12908.904613  22291.662519   -539.791701
PG12  23394.472213 -10569.549318  -7115.488574   -602.888641
PG13  23733.605625 -11286.256846  -4003.010390    437.481975
PG15  18634.832625  -3493.079947  18045.935892    441.773474
PG17   9971.241366  21869.361896  11347.057571   -196.690980
PG19  17861.599927  20076.571101   -134.611400    704.941155
PG20  21925.303060   7167.678629  13213.766208    277.083196
PG21  21565.732994   4518.163811 -14854.120924    370.508921
PG22  11097.463061  12632.201687  20803.457433     72.906233
PG23   5031.772744 -15916.543197  20666.278921    685.572390
PG24  14548.673917 -12377.617392  17742.989802    191.060300
PG27 -22371.043589 -11040.503293   9342.861023      0.448448
PG30   3234.716970  23861.347560  11132.165774    351.732602
*  2026  9  3 16 10  0.00000000
PG01 -15254.410773  15982.196908  14664.178425    181.111463
PG02 -15257.726689   7926.916335  20437.283296    169.285968
PG03 -22425.892507  12103.950016  -7529.490664    287.948627
PG05  25300.991392  -4909.745715  -6626.064704   -236.500089
PG06   6648.857561  19571.856768 -16526.148049   -533.461109
PG07  -6086.843746  25577.509390  -1172.955104   -221.380637
PG08 -20176.168337     32.300707  17309.451806    356.490810
PG09  -1199.796756  17253.040065 -20243.187692    686.926604
PG10  -6652.406689 -13148.967578  22392.781298   -539.789537
PG12  23649.552935 -10548.361063  -6210.093489   -602.888318
PG13  23886.338951 -11251.922490  -3064.609745    437.483422
PG15  19206.886146  -3062.996450  17533.094838    441.774463
PG17   9610.622240  21614.998048  12151.386665   -196.692363
PG19  17796.709529  20116.695106    803.268845    704.941230
PG20  22247.941793   7537.302707  12442.547920    277.085914
PG21  21027.891445   4738.793230 -15539.295109    370.506567
PG22  10343.356072  12829.571184  21082.942806     72.908781
PG23   5773.727836 -16140.661292  20285.041457    685.573471
PG24  14541.441846 -11648.154583  18231.398887    191.065516
PG27 -22583.920901 -11331.560804   8489.645416      0.448044
PG30   3058.995421  24237.326969  10317.404082    351.736330
*  2026  9  3 16 15  0.00000000
PG01 -15168.041501  15411.190411  15351.158106    181.108742
PG02 -15214.970641   7161.588153  20772.977525    169.288179
PG03 -22688.991186  12136.838087  -6602.926378    287.942299
PG05  25078.897691  -4757.931492  -7541.198207   -236.499891
PG06   6469.554140  20168.022897 -15865.616552   -533.457768
PG07  -6172.673210  25472.961248  -2124.079963   -221.381555
PG08 -20659.320296   -416.047339  16746.371468    356.487711
PG09  -1813.256200  16785.606750 -20591.918812    686.924067
PG10  -5862.224459 -13405.454373  22452.204887   -539.787404
PG12  23872.046695 -10522.629486  -5292.900349   -602.887806
PG13  24006.596951 -11207.450873  -2120.354897    437.484876
PG15  19768.141054  -2653.056030  16985.226562    441.775417
PG17   9224.821092  21346.080639  12932.537943   -196.693391
PG19  17708.652381  20132.592919   1739.663417    704.941198
PG20  22554.371997   7882.373719  11647.564299    277.088653
PG21  20469.940817   4976.606108 -16194.759687    370.504249
PG22   9583.807668  13042.183920  21322.963699     72.911874
PG23   6497.388478 -16373.665560  19864.962698    685.574565
PG24  14544.039904 -10900.577442  18682.888979    191.070705
PG27 -22777.016348 -11597.693333   7620.347339      0.447750
PG30   2894.702573  24585.719999   9482.795121    351.740039
*  2026  9  3 16 20  0.00000000
PG01 -15085.309423  14814.214143  16008.608228    181.105986
PG02 -15184.654722   6384.632137  21069.642660    169.290363
PG03 -22918.231964  12163.079352  -5663.725359    287.935959
PG05  24828.109247  -4588.995142  -8441.984223   -236.500271
PG06   6306.433815  20742.296166 -15174.375905   -533.454536
PG07  -6254.604533  25334.013067  -3071.012968   -221.382577
PG08 -21132.121918   -842.885694  16151.364107    356.484645
PG09  -2444.519558  16321.553743 -20901.532047    686.921462
PG10  -5075.495956 -13677.876739  22469.786654   -539.785263
PG12  24061.816848 -10490.940072  -4365.640615   -602.887981
PG13  24094.667427 -11151.484650  -1172.048532    437.486334
PG15  20316.913599  -2263.379166  16403.471047    441.776461
PG17   8813.815384  21064.163656  13689.062172   -196.695333
PG19  17596.503894  20125.268637   2672.840014    704.941455
PG20  22843.076145   8203.136770  10830.328678    277.091400
PG21  19893.440808   5232.106685 -16819.259078    370.501946
PG22   8820.562164  13269.971508  21523.116437     72.914763
PG23   7201.341639 -16614.362187  19406.813399    685.575672
PG24  14557.214692 -10136.483172  19096.536674    191.075918
PG27 -22949.055504 -11839.457071   6736.639472      0.448138
PG30   2740.840155  24905.494544   8629.924991    351.743771
*  2026  9  3 16 25  0.00000000
PG01 -15007.452255  14192.321691  16635.269183    181.103251
PG02 -15167.351720   5597.717569  21326.801802    169.292503
PG03 -23113.570170  12181.132190  -4713.675109    287.929607
PG05  24549.784636  -4401.952582  -9326.719335   -236.500009
PG06   6158.741289  21293.143643 -14453.760717   -533.451313
PG07  -6333.991769  25160.609878  -4011.870949   -221.383499
PG08 -21593.015240  -1248.094292  15525.610772    356.481570
PG09  -3092.512329  15862.307576 -21171.453921    686.918826
PG10  -4293.986611 -13965.644330  22445.455620   -539.783125
PG12  24218.833625 -10451.882988  -3430.068659   -602.887613
PG13  24150.942729 -11082.697807   -221.502122    437.487783
PG15  20851.542150  -1893.980622  15789.035423    441.777096
PG17   8377.684089  20770.816065  14419.561485   -196.696861
PG19  17459.415944  20095.794608   3601.071224    704.941486
PG20  23112.574573   8499.936994   9992.397523    277.094132
PG21  19299.997766   5505.704470 -17411.596641    370.499607
PG22   8055.359859  13512.767978  21683.070933     72.917216
PG23   7884.254031 -16861.485417  18911.438774    685.576768
PG24  14581.628565  -9357.528404  19471.499147    191.081104
PG27 -23098.820013 -12057.498267   5840.215422      0.448004
PG30   2596.352213  25195.703954   7760.418579    351.747461
*  2026  9  3 16 30  0.00000000
PG01 -14935.652816  13546.655443  17229.941257    181.100532
PG02 -15163.541032   4802.544198  21544.052386    169.294579
PG03 -23275.076314  12189.467248  -3754.587238    287.923229
PG05  24245.161693  -4195.897371 -10193.732608   -236.499848
PG06   6025.633551  21819.102144 -13705.163375   -533.448172
PG07  -6412.192585  24952.811963  -4944.774126   -221.384439
PG08 -22040.458328  -1631.654087  14870.347080    356.478473
PG09  -3756.075869  15409.237948 -21401.186078    686.916182
PG10  -3519.428849 -14268.066708  22379.216863   -539.780961
PG12  24343.174110 -10404.059858  -2487.958562   -602.887314
PG13  24175.917760 -10999.802126    729.467518    437.489255
PG15  21370.394324  -1544.770531  15143.190900    441.778104
PG17   7916.607827  20467.614921  15122.691656   -196.698099
PG19  17296.621010  20045.306569   4522.637392    704.941303
PG20  23361.431968   8773.217297   9135.367513    277.096868
PG21  18691.258202   5797.711753 -17970.636962    370.497205
PG22   7289.930509  13770.310320  21802.570934     72.919714
PG23   8544.877186 -17113.702996  18379.757123    685.577849
PG24  14617.856171  -8565.422370  19807.016183    191.086293
PG27 -23225.152777 -12252.549393   4932.786487      0.448216
PG30   2460.130405  25455.491118   6875.936515    351.751159
*  2026  9  3 16 35  0.00000000
PG01 -14871.033517  12878.442358  17791.486925    181.097818
PG02 -15173.606861   4000.835817  21721.066290    169.296833
PG03 -23402.935555  12186.574751  -2788.294050    287.916889
PG05  23915.552124  -3970.005290 -11041.388615   -236.499831
PG06   5906.184269  22318.784200 -12930.031278   -533.444915
PG07  -6490.561296  24710.795463  -5867.850293   -221.385670
PG08 -22472.931601  -1993.646006  14186.860593    356.475381
PG09  -4433.971617  14963.652232 -21590.306102    686.913565
PG10  -2753.515564 -14584.355763  22271.151800   -539.778806
PG12  24435.021782 -10346.090514  -1541.100866   -602.887144
PG13  24170.187550 -10901.553501   1679.041682    437.490727
PG15  21871.873954  -1215.555963  14467.269570    441.779019
PG17   7430.868582  20156.138497  15797.164245   -196.699653
PG19  17107.435998  19974.998556   5435.829495    704.941296
PG20  23588.263679   9023.515676   8260.872543    277.099610
PG21  18068.902157   6108.341523 -18495.308039    370.494830
PG22   6525.986886  14042.239419  21881.434148     72.922492
PG23   9182.052187 -17369.621939  17812.758321    685.578936
PG24  14666.381424  -7761.919818  20102.411979    191.091509
PG27 -23326.962890 -12425.424993   4016.078450      0.448005
PG30   2331.019559  25684.092181   5978.172034    351.754874
*  2026  9  3 16 40  0.00000000
PG01 -14814.651130  12188.989362  18318.833014    181.095084
PG02 -15197.836835   3194.333790  21857.589819    169.298629
PG03 -23497.446675  12170.971776  -1816.645075    287.910531
PG05  23562.335826  -3723.538554 -11868.090379   -236.500173
PG06   5799.388551  22790.883709 -12129.863960   -533.441697
PG07  -6570.441851  24434.852475  -6779.239051   -221.386528
PG08 -22888.944067  -2334.249496  13476.488111    356.472278
PG09  -5124.885649  14526.790253 -21738.468187    686.910932
PG10  -1997.893725 -14913.628560  22121.418370   -539.776606
PG12  24494.665613 -10276.619719   -591.299243   -602.886881
PG13  24134.444420 -10786.758082   2625.403246    437.492168
PG15  22354.427874   -906.042981  13762.661089    441.779948
PG17   6920.848993  19837.959466  16441.748613   -196.700866
PG19  16891.265750  19886.117574   6338.952004    704.941554
PG20  23791.741854   9251.462134   7370.580648    277.102315
PG21  17434.636424   6437.705841 -18984.603344    370.492486
PG22   5765.218426  14328.101409  21919.552255     72.925362
PG23   9794.714020 -17627.794592  17211.502136    685.579995
PG24  14727.594952  -6948.813718  20357.096703    191.096695
PG27 -23403.230274 -12577.017215   3091.828380      0.448166
PG30   2207.823451  25880.839883   5068.847745    351.758584
*  2026  9  3 16 45  0.00000000
PG01 -14767.491864  11479.678424  18810.972742    181.092331
PG02 -15236.421036   2384.790544  21953.443572    169.300835
PG03 -23559.020574  12141.209426   -841.503529    287.904165
PG05  23186.954963  -3455.849664 -12672.282230   -236.500153
PG06   5704.168073  23234.181241 -11306.210094   -533.438459
PG07  -6653.160826  24125.390608  -7677.096089   -221.387678
PG08 -23287.039405  -2653.740646  12740.612926    356.469188
PG09  -5827.433561  14099.819385 -21845.403680    686.908307
PG10  -1254.158171 -15254.910601  21930.251075   -539.774428
PG12  24522.498727 -10194.323802    359.632874   -602.886422
PG13  24069.474735 -10654.278208   3566.740142    437.493613
PG15  22816.552480   -615.839163  13030.809253    441.781009
PG17   6387.031225  19514.638163  17055.273811   -196.702438
PG19  16647.606220  19779.958068   7230.325746    704.941500
PG20  23970.601336   9457.775197   6466.190852    277.105053
PG21  16790.187680   6785.814641 -19437.583762    370.490129
PG22   5009.285002  14627.349410  21916.890808     72.927584
PG23  10381.895542 -17886.724971  16577.116414    685.581094
PG24  14801.792015  -6127.927791  20570.567821    191.101896
PG27 -23453.010020 -12708.291054   2161.781467      0.447757
PG30   2089.310802  26045.166506   4149.712310    351.762272
*  2026  9  3 16 50  0.00000000
PG01 -14730.466767  10751.961310  19266.967618    181.089588
PG02 -15289.451453   1573.963068  22008.522196    169.302868
PG03 -23588.178295  12095.879899    135.257270    287.897819
PG05  22790.907797  -3166.384857 -13452.452581   -236.500474
PG06   5619.376537  23647.548980 -10460.664399   -533.435215
PG07  -6740.020460  23782.932025  -8559.597486   -221.388445
PG08 -23665.801905  -2952.489925  11980.662010    356.466079
PG09  -6540.165642  13683.829970 -21910.921475    686.905702
PG10   -523.845585 -15607.139480  21697.960921   -539.772234
PG12  24519.016624 -10097.917202   1309.875719   -602.886318
PG13  23976.155274 -10503.038123   4501.248829    437.495055
PG15  23256.800044   -344.456574  12273.208487    441.781688
PG17   5829.995433  19187.715948  17636.630331   -196.703801
PG19  16376.047285  19657.856208   8108.290745    704.941538
PG20  24123.645323   9643.258055   5549.429965    277.107783
PG21  16137.295541   7152.574987 -19853.379403    370.487800
PG22   4259.810843  14939.345653  21873.489028     72.929856
PG23  10942.731034 -18144.875353  15910.795103    685.582194
PG24  14889.170904  -5301.108897  20742.411167    191.107076
PG27 -23475.436406 -12820.279338   1227.687886      0.447696
PG30   1974.221442  26176.606407   3222.537045    351.766074
*  2026  9  3 16 55  0.00000000
PG01 -14704.407477  10007.354046  19685.949209    181.086866
PG02 -15356.921848    763.606430  22022.794027    169.304846
PG03 -23585.548568  12033.623406   1111.757539    287.891458
PG05  22375.742318  -2854.687162 -14207.136602   -236.500433
PG06   5543.805438  24029.955282  -9594.864447   -533.431981
PG07  -6832.291749  23408.111937  -9424.944030   -221.389210
PG08 -24023.862217  -3230.959520  11198.103165    356.462974
PG09  -7261.572329  13279.831082 -21934.908283    686.903036
PG10    191.571302 -15969.168940  21424.935222   -539.770057
PG12  24484.814970  -9986.158876   2257.606665   -602.886042
PG13  23855.449213 -10332.029429   5427.137758    437.496530
PG15  23673.784753    -91.315163  11491.400243    441.782569
PG17   5250.417825  18858.708711  18184.771734   -196.705106
PG19  16076.275219  19521.184011   8971.209057    704.941628
PG20  24249.750757   9808.794339   4622.049302    277.110515
PG21  15477.705572   7537.790779 -20231.191283    370.485497
PG22   3518.378615  15263.363986  21789.459479     72.932758
PG23  11476.459329 -18400.673077  15213.796136    685.583271
PG24  14989.831848  -4470.219336  20872.301771    191.112266
PG27 -23469.726590 -12914.077465    291.299688      0.447688
PG30   1861.272635  26274.798128   2289.112440    351.769769
*  2026  9  3 17  0  0.00000000
PG01 -14690.062335   9247.431110  20067.120761    181.084100
PG02 -15438.728034    -44.532664  21996.300630    169.307110
PG03 -23551.864898  11953.134900   2086.114697    287.885115
PG05  21943.049697  -2520.399031 -14934.918808   -236.500395
PG06   5476.190113  24380.468811  -8710.487383   -533.428763
PG07  -6931.207665  23001.676571 -10271.365529   -221.390450
PG08 -24359.902907  -3489.700315  10394.442140    356.459896
PG09  -7990.089920  12888.746654 -21917.328750    686.900428
PG10    890.689260 -16339.773301  21111.637283   -539.767891
PG12  24420.586967  -9857.858551   3201.003730   -602.885910
PG13  23708.401758 -10140.316261   6342.630822    437.497973
PG15  24066.188438    144.253418  10686.969340    441.783521
PG17   4649.068344  18529.100524  18698.716148   -196.706441
PG19  15748.074773  19371.343315   9817.467580    704.941558
PG20  24347.873414   9955.343549   3685.821363    277.113248
PG21  14813.162291   7941.162919 -20570.292877    370.483181
PG22   2786.523698  15598.592734  21664.987654     72.935211
PG23  11982.426487 -18652.517545  14487.439164    685.584341
PG24  15103.776407  -3637.129081  20960.004431    191.117451
PG27 -23435.183954 -12990.837925   -645.632259      0.447744
PG30   1749.165518  26339.486069   1351.244625    351.773454
*  2026  9  3 17  5  0.00000000
PG01 -14688.092875   8473.819394  20409.758680    181.081369
PG02 -15534.668559   -848.722229  21929.156232    169.309283
PG03 -23487.962204  11853.170613   3056.447074    287.878767
PG05  21494.457584  -2163.264557 -15634.435544   -236.500787
PG06   5415.216052  24698.262266  -7809.246557   -533.425517
PG07  -7037.956509  22564.480615 -11097.125110   -221.391498
PG08 -24672.663778  -3729.348509   9571.219698    356.456836
PG09  -8724.106509  12511.411982 -21858.225451    686.897790
PG10   1572.179852 -16717.652252  20758.605956   -539.765766
PG12  24327.120302  -9711.882781   4138.249112   -602.885669
PG13  23536.135431  -9927.040167   7245.970784    437.499435
PG15  24432.765978    363.001624   9861.540247    441.784217
PG17   4026.807960  18200.337482  19177.547633   -196.707472
PG19  15391.330888  19209.759645  10645.480854    704.941418
PG20  24417.052673  10083.936165   2742.536460    277.115986
PG21  14145.402187   8362.289923 -20870.031527    370.480833
PG22   2065.728664  15944.137924  21500.331440     72.938327
PG23  12460.088024 -18898.787378  13733.103158    685.585420
PG24  15230.907377  -2803.708001  21005.374038    191.122650
PG27 -23371.201102 -13051.764627  -1581.361303      0.447639
PG30   1636.591650  26370.521715    410.751761    351.777155
*  2026  9  3 17 10  0.00000000
PG01 -14699.070723   7688.191934  20713.213867    181.078636
PG02 -15644.445788  -1647.251277  21821.547061    169.311258
PG03 -23394.773013  11732.554329   4020.877632    287.872404
PG05  21031.623280  -1783.131254 -16304.377369   -236.500628
PG06   5359.525427  24982.615648  -6892.888085   -533.422271
PG07  -7153.675456  22097.484126 -11900.523481   -221.392327
PG08 -24960.946959  -3950.621891   8730.008676    356.453749
PG09  -9461.968135  12148.570621 -21757.718740    686.895161
PG10   2234.794423 -17101.435993  20366.455059   -539.763625
PG12  24205.293692  -9547.160795   5067.532758   -602.885314
PG13  23339.845038  -9691.424658   8135.422677    437.500886
PG15  24772.350356    565.761453   9016.773322    441.785082
PG17   3384.585614  17873.821746  19620.417425   -196.708935
PG19  15006.030012  19037.875969  11453.693829    704.941429
PG20  24456.415959  10195.668439   1793.999301    277.118710
PG21  13476.146778   8800.668986 -21129.829715    370.478461
PG22   1357.417991  16299.026838  21295.820497     72.941095
PG23  12909.010665 -19137.847707  12952.223862    685.586490
PG24  15371.029180  -1971.818108  21008.355648    191.127834
PG27 -23277.262488 -13098.107053  -2514.147978      0.447398
PG30   1522.239610  26367.864406   -530.539605    351.780846
*  2026  9  3 17 15  0.00000000
PG01 -14723.474893   6892.261463  20976.912905    181.075866
PG02 -15767.667382  -2438.435974  21673.730594    169.313336
PG03 -23273.323238  11590.183408   4977.537712    287.866045
PG05  20556.226821  -1379.951391 -16943.491334   -236.500577
PG06   5307.723822  25232.919082  -5963.187344   -533.419055
PG07  -7279.444305  21601.748936 -12679.903144   -221.393359
PG08 -25223.621722  -4154.315807   7872.411008    356.450641
PG09 -10201.985113  11800.871680 -21616.006464    686.892511
PG10   2877.368784 -17489.690695  19935.872670   -539.761493
PG12  24056.073043  -9362.690098   5987.055937   -602.885218
PG13  23120.792339  -9432.779416   9009.277168    437.502318
PG15  25083.857337    753.439552   8154.361020    441.786227
PG17   2723.434805  17550.905813  20026.545051   -196.710799
PG19  14592.261024  18857.146394  12240.584609    704.941533
PG20  24465.182811  10291.696923    842.025545    277.121404
PG21  12807.095760   9255.697506 -21349.186195    370.476137
PG22    662.953018  16662.211893  21051.855527     72.943505
PG23  13328.873618 -19368.057549  12146.291116    685.587563
PG24  15523.848768  -1143.305868  20968.984310    191.133013
PG27 -23152.946683 -13131.154266  -3442.262947      0.446857
PG30   1404.801642  26331.581654  -1470.798244    351.784507
*  2026  9  3 17 20  0.00000000
PG01 -14761.689509   6087.773800  21200.359094    181.073160
PG02 -15903.848156  -3220.625656  21486.034709    169.315325
PG03 -23124.727541  11425.034493   5924.570777    287.859678
PG05  20069.963994   -953.782894 -17550.583158   -236.500545
PG06   5258.387131  25448.675156  -5021.945406   -533.415822
PG07  -7416.279491  21078.434563 -13433.652542   -221.394335
PG08 -25459.629025  -4341.298810   7000.054739    356.447511
PG09 -10942.438509  11468.867536 -21433.363550    686.889898
PG10   3498.827557 -17880.924281  19467.620278   -539.759331
PG12  23880.507217  -9157.541797   6895.034829   -602.885009
PG13  22880.300433  -9150.504139   9865.853881    437.503781
PG15  25366.289768    927.012019   7276.024088    441.786898
PG17   2044.469848  17232.887038  20395.219322   -196.711828
PG19  14150.215750  18669.029809  13004.667168    704.941298
PG20  24442.668588  10373.232720   -111.561676    277.124145
PG21  12139.920243   9726.675031 -21527.676980    370.473782
PG22    -16.372825  17032.574831  20768.907447     72.946086
PG23  13719.469367 -19587.777266  11316.846057    685.588673
PG24  15688.977001   -319.994615  20887.384638    191.138211
PG27 -22997.928260 -13152.228800  -4363.989878      0.446683
PG30   1282.980299  26261.848989  -2408.191970    351.788183
*  2026  9  3 17 25  0.00000000
PG01 -14814.001957   5276.501100  21383.133337    181.070421
PG02 -16052.412311  -3992.208695  21258.856756    169.317419
PG03 -22950.184318  11236.168901   6860.136167    287.853307
PG05  19574.539305   -504.789798 -18124.519287   -236.501183
PG06   5210.068587  25629.500792  -4070.985420   -533.412598
PG07  -7565.128388  20528.793637 -14160.210125   -221.395526
PG08 -25667.985753  -4512.508039   6114.591020    356.444416
PG09 -11681.586763  11153.011968 -21210.141449    686.887234
PG10   4098.188170 -18273.592488  18962.531806   -539.757180
PG12  23679.723457  -8930.865637   7789.704114   -602.884803
PG13  22619.747900  -8844.092006  10703.504668    437.505229
PG15  25618.741464   1087.518913   6383.507752    441.787824
PG17   1348.881818  16921.002417  20725.799202   -196.712684
PG19  13680.189081  18474.983503  13744.494030    704.941455
PG20  24388.287771  10441.535514  -1064.935256    277.126893
PG21  11476.256142  10212.805656 -21664.956182    370.471420
PG22   -679.338513  17408.931196  20447.516471     72.948721
PG23  14080.703965 -19795.376037  10465.478179    685.589738
PG24  15865.930508    496.322894  20763.770154    191.143398
PG27 -22811.979308 -13162.680448  -5277.628274      0.446753
PG30   1155.495059  26158.949344  -3340.891397    351.791868
*  2026  9  3 17 30  0.00000000
PG01 -14880.601475   4460.235011  21524.894875    181.067659
PG02 -16212.696028  -4751.618179  20992.662546    169.319560
PG03 -22750.970308  11022.737658   7782.412831    287.846933
PG05  19071.658956    -33.242241 -18664.228849   -236.501119
PG06   5161.305895  25775.128617  -3112.148957   -533.409365
PG07  -7726.863916  19954.166867 -14858.068314   -221.396584
PG08 -25847.788659  -4668.944333   5217.691108    356.441318
PG09 -12417.672394  10853.658718 -20946.767455    686.884611
PG10   4674.564478 -18666.105190  18421.512488   -539.754999
PG12  23454.922448  -8681.894712   8669.320553   -602.884569
PG13  22340.562709  -8513.132741  11520.616829    437.506702
PG15  25840.400681   1236.058527   5478.577902    441.788902
PG17    637.934196  16616.423662  21017.714557   -196.714440
PG19  13182.578672  18276.456784  14458.658914    704.941532
PG20  24301.556862  10497.907385  -2016.267624    277.129619
PG21  10817.697707  10713.200838 -21760.756700    370.469119
PG22  -1324.799619  17790.035088  20088.291094     72.951316
PG23  14412.596839 -19989.239343   9593.822294    685.590812
PG24  16054.134020   1303.891738  20598.442390    191.148592
PG27 -22594.970547 -13163.879978  -6181.496255      0.446833
PG30   1021.088893  26023.271970  -4267.073712    351.795602
*  2026  9  3 17 35  0.00000000
PG01 -14961.578183   3640.779752  21625.381867    181.064960
PG02 -16383.950411  -5497.337397  20687.985256    169.321749
PG03 -22528.434868  10783.986153   8689.603047    287.840620
PG05  18563.023829    460.483974 -19168.705489   -236.500965
PG06   5110.628437  25885.407851  -2147.292316   -533.406151
PG07  -7902.279518  19355.977569 -15525.777353   -221.397633
PG08 -25998.217964  -4811.667107   4311.043346    356.438176
PG09 -13148.928791  10571.060489 -20643.743886    686.881980
PG10   5227.169996 -19056.832967  17845.537612   -539.752859
PG12  23207.373073  -8409.949835   9532.166555   -602.884090
PG13  22044.215926  -8157.315270  12315.616267    437.508156
PG15  26030.553163   1373.781432   4563.017301    441.789591
PG17    -87.041759  16320.252578  21270.466785   -196.716204
PG19  12657.884240  18074.884632  15145.799334    704.941430
PG20  24182.096858  10543.686449  -2963.734266    277.132345
PG21  10165.791267  11226.882621 -21814.890769    370.466740
PG22  -1951.692197  18174.584171  19691.906982     72.953949
PG23  14715.280096 -20167.776402   8703.555363    685.591876
PG24  16252.923145   2101.001891  20391.789763    191.153765
PG27 -22346.872079 -13157.212808  -7073.933271      0.446981
PG30    878.534728  25855.310899  -5184.926458    351.799344
*  2026  9  3 17 40  0.00000000
PG01 -15056.922567   2819.945144  21684.411813    181.062204
PG02 -16565.344769  -6227.905114  20345.424263    169.323906
PG03 -22283.993919  10519.258401   9579.936113    287.834258
PG05  18050.322519    975.908269 -19637.009091   -236.500940
PG06   5056.564511  25960.304687  -1178.282805   -533.402908
PG07  -8092.084500  18735.725779 -16161.949029   -221.398461
PG08 -26118.540637  -4941.789009   3396.350161    356.435102
PG09 -13873.587047  10305.368384 -20301.647144    686.879338
PG10   5755.320721 -19444.113891  17235.651114   -539.750753
PG12  22938.406854  -8114.443535  10376.553718   -602.883832
PG13  21732.215248  -7776.429954  13086.970574    437.509620
PG15  26188.584753   1501.884334   3638.621810    441.790434
PG17   -824.651905  16033.516754  21483.629335   -196.717610
PG19  12106.706443  17871.681393  15804.599155    704.941588
PG20  24029.635298  10580.240338  -3905.517243    277.135166
PG21   9522.029172  11752.787268 -21827.250346    370.464399
PG22  -2559.036331  18561.224916  19259.105776     72.956752
PG23  14988.997335 -20329.427545   7796.393224    685.592956
PG24  16461.547586   2885.995011  20144.286221    191.158957
PG27 -22067.753736 -13144.072647  -7953.302768      0.447169
PG30    726.641808  25655.662940  -6092.651306    351.803087
*  2026  9  3 17 45  0.00000000
PG01 -15166.525405   1999.539628  21701.881828    181.059488
PG02 -16755.970214  -6941.920603  19965.643900    169.325942
PG03 -22019.123609  10228.000871  10451.672000    287.827934
PG05  17535.224451   1512.446625 -20068.267381   -236.501376
PG06   4997.648575  25999.902179   -206.995005   -533.399705
PG07  -8296.899790  18094.981982 -16765.260242   -221.399716
PG08 -26208.113318  -5060.470380   2475.325055    356.432000
PG09 -14589.882816  10056.631781 -19921.126640    686.876695
PG10   6258.437536 -19826.260493  16592.964039   -539.748592
PG12  22649.412120  -7794.883678  11200.826339   -602.883987
PG13  21406.098389  -7370.370385  13833.192045    437.511049
PG15  26313.983550   1621.603770   2707.196658    441.791229
PG17  -1573.444340  15757.165599  21656.848099   -196.719086
PG19  11529.745355  17668.234556  16433.791100    704.941415
PG20  23844.007858  10608.959557  -4839.808706    277.137900
PG21   8887.843988  12289.769269 -21797.807353    370.462051
PG22  -3145.939354  18948.558059  18790.693804     72.959169
PG23  15234.101969 -20472.671479   6874.087230    685.594046
PG24  16679.174769   3657.270971  19856.489686    191.164125
PG27 -21757.785053 -13125.855147  -8817.994790      0.446780
PG30    564.261894  25425.025229  -6988.467825    351.806851
*  2026  9  3 17 50  0.00000000
PG01 -15290.178144   1181.363304  21677.768765    181.056749
PG02 -16954.843573  -7638.048438  19549.372145    169.327826
PG03 -21735.353698   9909.765888  11303.104962    287.821599
PG05  17019.373096   2069.413339 -20461.677415   -236.501406
PG06   4932.428468  26004.399631    764.692968   -533.396396
PG07  -8517.254129  17435.380490 -17334.456415   -221.400539
PG08 -26266.384882  -5168.913550   1549.689615    356.428902
PG09 -15296.063149   9824.798649 -19502.903595    686.874076
PG10   6736.048186 -20201.566903  15918.652856   -539.746453
PG12  22341.827924  -7450.876667  12003.364884   -602.883345
PG13  21067.426350  -6939.134740  14552.840606    437.512530
PG15  26406.341635   1734.209681   1770.552743    441.792432
PG17  -2331.914750  15492.066707  21789.841708   -196.720209
PG19  10927.798534  17465.898634  17032.159207    704.941581
PG20  23625.159502  10631.250748  -5764.814399    277.140614
PG21   8264.602954  12836.605719 -21726.613764    370.459705
PG22  -3711.598706  19335.144254  18287.540702     72.961692
PG23  15451.055062 -20596.032421   5938.420775    685.595113
PG24  16904.893864   4413.294053  19529.040287    191.169318
PG27 -21417.234857 -13103.951576  -9666.428520      0.446826
PG30    390.295288  25164.192348  -7870.617223    351.810627
*  2026  9  3 17 55  0.00000000
PG01 -15427.573723    367.201007  21612.129174    181.053968
PG02 -17160.911585  -8315.023014  19097.399241    169.329986
PG03 -21434.260721   9564.214560  12132.567085    287.815272
PG05  16504.379316   2646.023222 -20816.506941   -236.501609
PG06   4859.472560  25974.111492   1734.903214   -533.393161
PG07  -8753.580716  16758.612493 -17868.354730   -221.401401
PG08 -26292.898649  -5268.356977    621.170523    356.425790
PG09 -15990.393311   9609.716305 -19047.769718    686.871447
PG10   7187.788794 -20568.316109  15213.957624   -539.744296
PG12  22017.137727  -7082.130231  12782.589402   -602.883122
PG13  20717.776598  -6482.826682  15244.526656    437.513965
PG15  26465.356334   1840.998880    830.502994    441.793227
PG17  -3098.511947  15239.002599  21882.401701   -196.722177
PG19  10301.758686  17265.989163  17598.541214    704.941553
PG20  23373.145177  10648.529883  -6678.757134    277.143344
PG21   7653.602734  13392.001051 -21613.801537    370.457380
PG22  -4255.304442  19719.509903  17750.577957     72.964587
PG23  15640.422689 -20698.087051   4991.205750    685.596209
PG24  17137.720177   5152.598828  19162.658394    191.174507
PG27 -21046.470478 -13079.742535 -10497.054762      0.446739
PG30    203.696651  24874.053004  -8737.366060    351.814351
*  2026  9  3 18  0  0.00000000
PG01 -15578.307839   -441.184543  21505.099116    181.051371
PG02 -17373.055376  -8971.652790  18610.576247    169.331873
PG03 -21117.460934   9191.119243  12938.431779    287.808941
PG05  15991.814875   3241.394200 -21132.095639   -236.501640
PG06   4777.376816  25909.465761   2701.761784   -533.389948
PG07  -9006.214330  16066.418837 -18365.847169   -221.402419
PG08 -26287.294208  -5360.069268   -308.503401    356.422697
PG09 -16671.163517   9411.132604 -18556.585762    686.868796
PG10   7613.404939 -20924.787334  14480.180028   -539.742154
PG12  21676.862882  -6688.455773  13536.962891   -602.882915
PG13  20358.736188  -6001.655812  15906.913817    437.515433
PG15  26490.831036   1943.288455   -111.141213    441.794145
PG17  -3871.643586  14998.667821  21934.392598   -196.723219
PG19   9652.610940  17069.776866  18131.830897    704.941744
PG20  23088.130045  10662.215428  -7579.880248    277.146109
PG21   7056.064482  13954.592091 -21459.582397    370.454992
PG22  -4776.441361  20100.153133  17180.797356     72.967547
PG23  15802.872833 -20777.471267   4034.278910    685.597320
PG24  17376.599884   5873.795649  18758.142478    191.179695
PG27 -20645.956581 -13054.591760 -11308.358358      0.446979
PG30      3.480576  24555.586302  -9587.009917    351.818108
*  2026  9  3 18  5  0.00000000
PG01 -15741.880651  -1242.059479  21356.893827    181.048644
PG02 -17590.095191  -9606.824244  18089.813531    169.334105
PG03 -20786.603091   8790.365516  13719.117193    287.802594
PG05  15483.206127   3854.550335 -21407.856246   -236.501805
PG06   4684.771733  25811.001913   3663.402393   -533.386720
PG07  -9275.388947  15360.582538 -18825.903353   -221.403546
PG08 -26249.308877  -5445.343099  -1237.604152    356.419597
PG09 -17336.695584   9228.697562 -18030.279956    686.866166
PG10   8012.752253 -21269.263469  13718.681259   -539.740037
PG12  21322.555952  -6269.770255  14264.994581   -602.882736
PG13  19991.894856  -5495.937657  16538.721582    437.516890
PG15  26482.675570   2042.409143  -1052.573573    441.794732
PG17  -4649.682028  14771.666422  21945.751861   -196.724520
PG19   8981.429726  16878.481985  18630.980329    704.941706
PG20  22770.389252  10673.721485  -8466.451019    277.148804
PG21   6473.129238  14522.953421 -21264.247463    370.452644
PG22  -5274.490759  20475.549905  16579.249355     72.970056
PG23  15939.171831 -20832.886706   3069.498180    685.598392
PG24  17620.415086   6575.575765  18316.366785    191.184874
PG27 -20216.253639 -13029.840004 -12098.860541      0.447148
PG30   -211.273094  24209.857624 -10417.877016    351.821830
*  2026  9  3 18 10  0.00000000
PG01 -15917.698904  -2033.725406  21167.807225    181.045896
PG02 -17810.795362 -10219.505512  17536.079191    169.336235
PG03 -20443.361081   8361.953650  14473.089548    287.796247
PG05  14980.027920   4484.425230 -21643.275545   -236.501798
PG06   4580.329123  25679.368359   4617.970121   -533.383495
PG07  -9561.235871  14642.921104 -19247.573164   -221.404474
PG08 -26178.778777  -5525.489053  -2164.407462    356.416478
PG09 -17985.349464   9061.965397 -17469.846328    686.863489
PG10   8385.796563 -21600.038563  12930.879761   -539.737856
PG12  20955.793881  -5826.097637  14965.243152   -602.882447
PG13  19618.838110  -4966.093198  17138.727859    437.518327
PG15  26440.906126   2139.698688  -1991.996296    441.795646
PG17  -5430.970334  14558.509821  21916.489752   -196.725779
PG19   8289.375289  16693.268813  19095.002065    704.941404
PG20  22420.307241  10684.450980  -9336.764044    277.151531
PG21   5905.853683  15095.603035 -21028.166725    370.450297
PG22  -5749.031805  20844.160227  15947.041367     72.972646
PG23  16050.180372 -20863.106992   2098.738890    685.599449
PG24  17867.989146   7256.716024  17838.278857    191.190061
PG27 -19758.016037 -13006.799044 -12867.121230      0.447195
PG30   -441.414241  23838.014124 -11228.331777    351.825564
*  2026  9  3 18 15  0.00000000
PG01 -16105.078485  -2814.525847  20938.211270    181.043292
PG02 -18033.869501 -10808.749718  16950.397429    169.338370
PG03 -20089.426449   7905.999579  15198.866379    287.789955
PG05  14483.697722   5129.865817 -21837.915242   -236.501734
PG06   4462.768700  25515.319440   5563.625074   -533.380277
PG07  -9863.782377  13915.278680 -19629.989147   -221.405187
PG08 -26075.639518  -5601.829417  -3087.195702    356.413374
PG09 -18615.529627   8910.396992 -16876.342900    686.860865
PG10   8732.613553 -21915.425307  12118.248837   -539.735689
PG12  20578.171056  -5357.569826  15636.319863   -602.882210
PG13  19241.140358  -4412.647947  17705.771402    437.519782
PG15  26365.644750   2236.495226  -2927.623470    441.796730
PG17  -6213.828368  14359.615060  21846.689090   -196.727195
PG19   7577.689820  16515.240460  19522.971257    704.941628
PG20  22038.376604  10695.788880 -10189.144565    277.154236
PG21   5355.206262  15671.008246 -20751.788370    370.447943
PG22  -6199.742519  21204.434451  15285.335967     72.975408
PG23  16136.849092 -20866.983695   1123.889962    685.600536
PG24  18118.092293   7916.083148  17324.896899    191.195260
PG27 -19271.989829 -12986.745832 -13611.741250      0.447393
PG30   -687.717767  23441.279849 -12016.778301    351.829295
*  2026  9  3 18 20  0.00000000
PG01 -16303.247371  -3582.852518  20668.555182    181.040588
PG02 -18257.985894 -11373.697973  16333.846853    169.340318
PG03 -19726.500853   7422.735352  15895.019678    287.783627
PG05  13995.570021   5789.636516 -21991.412701   -236.502237
PG06   4330.864463  25319.711982   6498.546003   -533.377045
PG07 -10182.950890  13179.518072 -19972.368662   -221.406676
PG08 -25939.926511  -5675.691942  -4004.260750    356.410296
PG09 -19225.691275   8773.362754 -16250.889784    686.858238
PG10   9053.387943 -22213.762509  11282.314111   -539.733559
PG12  20191.292289  -4864.427153  16276.891579   -602.881782
PG13  18860.358093  -3836.230557  18238.754126    437.521232
PG15  26257.118405   2334.130723  -3857.684350    441.797363
PG17  -6996.558976  14175.303454  21736.504903   -196.728496
PG19   6847.693247  16345.433858  19914.027677    704.941742
PG20  21625.196474  10709.095518 -11021.951744    277.156951
PG21   4822.063702  16247.591837 -20435.637948    370.445606
PG22  -6626.400361  21554.819631  14595.349014     72.978073
PG23  16200.213756 -20843.451957    146.850059    685.601619
PG24  18369.447450   8552.637556  16777.307008    191.200433
PG27 -18759.010145 -12970.916794 -14331.364493      0.447054
PG30   -950.879222  23020.950550 -12781.663778    351.833047
*  2026  9  3 18 25  0.00000000
PG01 -16511.348984  -4337.151375  20359.364505    181.037835
PG02 -18481.773067 -11913.582040  15687.558729    169.342568
PG03 -19356.288474   6912.509068  16560.178932    287.777305
PG05  13516.930989   6462.423733 -22103.481572   -236.501856
PG06   4183.450827  25093.501428   7420.933878   -533.373809
PG07 -10518.558696  12437.512686 -20274.015806   -221.407329
PG08 -25771.774888  -5748.403606  -4913.906833    356.407214
PG09 -19814.346358   8650.145876 -15594.667159    686.855634
PG10   9348.412208 -22493.422500  10424.650864   -539.731411
PG12  19796.765747  -4347.018365  16885.683705   -602.881595
PG13  18478.023172  -3237.570997  18736.643304    437.522693
PG15  26115.657610   2433.924488  -4780.426550    441.798411
PG17  -7777.454228  14005.799644  21586.163984   -196.729780
PG19   6100.778674  16184.815038  20267.377652    704.941443
PG20  21181.470473  10725.700009 -11833.581873    277.159684
PG21   4307.207928  16823.738419 -20080.317404    370.443268
PG22  -7028.882428  21893.765913  13878.347700     72.980572
PG23  16241.390066 -20791.535777   -830.476315    685.602706
PG24  18620.736263   9165.436741  16196.660270    191.205649
PG27 -18219.998276 -12960.502319 -15024.680013      0.447121
PG30  -1231.510793  22578.388166 -13521.481799    351.836783
*  2026  9  3 18 30  0.00000000
PG01 -16728.445915  -5075.928435  20011.240035    181.035130
PG02 -18703.825532 -12427.726643  15012.715174    169.344490
PG03 -18980.488424   6375.784292  17193.034037    287.770975
PG05  13048.993454   7146.840694 -22173.912272   -236.502234
PG06   4019.428484  24837.737551   8329.015405   -533.370581
PG07 -10870.318192  11691.138429 -20534.323073   -221.408378
PG08 -25571.419042  -5821.284391  -5814.453337    356.404105
PG09 -20380.069368   8539.945968 -14908.913144    686.852984
PG10   9618.084805 -22752.818454   9546.881227   -539.729277
PG12  19396.195877  -3805.800124  17461.482999   -602.881435
PG13  18095.636213  -2617.498268  19198.473636    437.524149
PG15  25941.694671   2537.176798  -5694.119146    441.799272
PG17  -8554.801700  13851.231043  21395.964355   -196.731317
PG19   5338.407504  16034.274706  20582.295910    704.941676
PG20  20708.004224  10746.893825 -12622.471515    277.162402
PG21   3811.323399  17397.800973 -19686.503950    370.440879
PG22  -7407.165248  22219.732942  13135.648514     72.983334
PG23  16261.568114 -20710.352907  -1806.182723    685.603770
PG24  18870.605296   9753.638172  15584.169756    191.210849
PG27 -17655.958424 -12956.641446 -15690.424052      0.446982
PG30  -1530.137675  22115.015026 -14234.775576    351.840472
*  2026  9  3 18 35  0.00000000
PG01 -16953.524019  -5797.755329  19624.856605    181.032434
PG02 -18922.709653 -12915.551437  14310.547295    169.346720
PG03 -18600.787185   5813.138952  17792.338096    287.764657
PG05  12592.892192   7841.432590 -22202.572354   -236.502432
PG06   3837.769968  24553.559786   9221.046479   -533.367374
PG07 -11237.837666  10942.265612 -20752.772757   -221.409296
PG08 -25339.191790  -5895.641119  -6704.237578    356.401012
PG09 -20921.502884   8441.883056 -14194.921569    686.850349
PG10   9862.907943 -22990.411591   8650.671249   -539.727208
PG12  18991.176336  -3241.336024  18003.140270   -602.881222
PG13  17714.660145  -1976.937699  19623.349182    437.525597
PG15  25735.761521   2645.162648  -6597.055686    441.800194
PG17  -9326.890758  13711.627694  21166.274624   -196.733186
PG19   4562.104250  15894.624124  20858.127314    704.941579
PG20  20205.702420  10773.924534 -13387.100572    277.165121
PG21   3334.994875  17968.107543 -19254.948792    370.438526
PG22  -7761.324181  22531.196249  12368.615135     72.985894
PG23  16262.006501 -20599.119357  -2778.364733    685.604865
PG24  19117.672361  10316.501719  14941.107399    191.216053
PG27 -17067.974154 -12960.416770 -16327.381995      0.446587
PG30  -1847.194836  21632.307779 -14920.141044    351.844170
*  2026  9  3 18 40  0.00000000
PG01 -17185.496845  -6501.274569  19200.961734    181.029745
PG02 -19136.969652 -13376.572607  13582.333269    169.348734
PG03 -18218.851115   5225.263723  18356.910085    287.758316
PG05  12149.679556   8544.682007 -22189.406741   -236.502644
PG06   3637.524898  24242.192192  10095.315568   -533.364177
PG07 -11620.622617  10192.750906 -20928.938094   -221.410328
PG08 -25075.523156  -5972.761334  -7581.617537    356.397928
PG09 -21437.362855   8355.001934 -13454.039640    686.847703
PG10  10083.484882 -23204.718215   7737.727840   -539.725050
PG12  18583.282982  -2654.295115  18509.572941   -602.881093
PG13  17336.513937  -1316.907810  20010.445167    437.527049
PG15  25498.487166   2759.125659  -7487.557100    441.800933
PG17 -10092.018845  13586.922520  20897.533260   -196.734549
PG19   3773.451055  15766.591329  21094.288502    704.941587
PG20  19675.565492  10807.989734 -14125.995267    277.167825
PG21   2878.705617  18532.968064 -18786.475725    370.436171
PG22  -8091.532430  22826.653609  11578.656247     72.988438
PG23  16244.026159 -20457.153467  -3745.123846    685.605909
PG24  19360.532955  10853.391601  14268.800797    191.221256
PG27 -16457.204542 -12972.849586 -16934.390268      0.446727
PG30  -2183.024202  21131.791106 -15576.229857    351.847871
*  2026  9  3 18 45  0.00000000
PG01 -17423.210399  -7185.204515  18740.374134    181.027003
PG02 -19345.133696 -13810.404108  12829.396376    169.350908
PG03 -17836.319048   4612.959903  18885.637367    287.752022
PG05  11720.321461   9255.014632 -22134.437827   -236.502581
PG06   3417.824872  23904.938065  10950.147018   -533.360964
PG07 -12018.077587   9444.429381 -21062.484132   -221.411310
PG08 -24780.938790  -6053.907298  -8444.974559    356.394753
PG09 -21926.443583   8278.276837 -12687.665515    686.845075
PG10  10280.516778 -23394.316568   6809.795589   -539.722911
PG12  18174.066940  -2045.449949  18979.767483   -602.880782
PG13  16962.566532   -638.516771  20359.009644    437.528513
PG15  25230.594772   2880.272176  -8363.974509    441.801696
PG17 -10848.497720  13476.951976  20590.247767   -196.735524
PG19   2974.081950  15650.817697  21290.269407    704.941588
PG20  19118.685857  10850.231223 -14837.731043    277.170538
PG21   2442.836036  19090.681277 -18281.979568    370.433836
PG22  -8398.059652  23104.631330  10767.223279     72.991168
PG23  16209.003894 -20283.879547  -4704.571437    685.606972
PG24  19597.766761  11363.777850  13568.629927    191.226459
PG27 -15824.880050 -12994.895288 -17510.338152      0.446347
PG30  -2537.872262  20615.031214 -16201.752251    351.851573
*  2026  9  3 18 50  0.00000000
PG01 -17665.448209  -7848.344007  18243.982100    181.024281
PG02 -19545.720073 -14216.758533  12053.102971    169.352942
PG03 -17454.795039   3977.136783  19377.478082    287.745692
PG05  11305.693749   9970.805200 -22037.765463   -236.502924
PG06   3177.888004  23543.174242  11783.904277   -533.357752
PG07 -12429.508513   8699.106684 -21153.168341   -221.412432
PG08 -24456.058019  -6140.310086  -9292.716003    356.391645
PG09 -22387.622403   8210.616430 -11897.245777    686.842408
PG10  10454.799089 -23557.853462   5868.653470   -539.720782
PG12  17765.047789  -1415.674155  19412.781699   -602.880368
PG13  16594.131011     57.041538  20668.365012    437.529963
PG15  24932.898399   3009.765549  -9224.691934    441.802572
PG17 -11594.659655  13381.457100  20244.993771   -196.736893
PG19   2165.676854  15547.854889  21445.634663    704.941831
PG20  18536.243789  10901.729413 -15520.935364    277.173256
PG21   2027.662796  19639.541718 -17742.424475    370.431476
PG22  -8681.270189  23363.690463   9935.808074     72.993683
PG23  16158.365683 -20078.831047  -5654.832662    685.608048
PG24  19827.944195  11847.237285  12842.023799    191.231655
PG27 -15172.298124 -13027.439044 -18054.169540      0.446458
PG30  -2911.888122  20083.629171 -16795.479776    351.855291
*  2026  9  3 18 55  0.00000000
PG01 -17910.936667  -8489.576654  17712.741756    181.021548
PG02 -19737.243422 -14595.447611  11254.860406    169.355103
PG03 -17075.841266   3318.808535  19831.463365    287.739364
PG05  10906.578931  10690.383666 -21899.566800   -236.502871
PG06   2917.023067  23158.345099  12594.993026   -533.354493
PG07 -12854.125576   7958.551389 -21200.840945   -221.413338
PG08 -24101.591545  -6233.163824 -10123.277855    356.388549
PG09 -22819.864026   8150.869086 -11084.272823    686.839771
PG10  10607.217539 -23694.050653   4916.111432   -539.718610
PG12  17357.706896   -765.939538  19807.746857   -602.880061
PG13  16232.459024    768.491841  20937.909392    437.531429
PG15  24606.299396   3148.720659 -10068.128898    441.803499
PG17 -12328.863543  13300.084948  19862.414018   -196.738381
PG19   1349.955362  15458.162167  21560.024889    704.941966
PG20  17929.502914  10963.498022 -16174.290417    277.176014
PG21   1633.358364  20177.846744 -17168.842108    370.429151
PG22  -8941.620910  23602.432901   9085.940483     72.996492
PG23  16093.579760 -19841.653258  -6594.050360    685.609143
PG24  20049.632964  12303.454013  12090.457055    191.236869
PG27 -14500.818552 -13071.291752 -18564.884620      0.446424
PG30  -3305.122002  19539.214088 -17356.247893    351.859012
*  2026  9  3 19  0  0.00000000
PG01 -18158.350637  -9107.874762  17147.675189    181.018792
PG02 -19918.220990 -14946.382329  10436.114906    169.357072
PG03 -16700.971146   2639.090621  20246.699412    287.733058
PG05  10523.663332  11412.041570 -21720.096011   -236.502936
PG06   2634.633240  22751.956288  13381.864218   -533.351282
PG07 -13291.046525   7224.487563 -21205.444991   -221.414108
PG08 -23718.338797  -6333.620083 -10935.127292    356.385445
PG09 -23222.224535   8097.828431 -10250.282166    686.837127
PG10  10738.743676 -23801.710935   3954.006892   -539.716482
PG12  16953.480926    -97.312735  20163.869667   -602.879849
PG13  15878.735495   1494.482147  21167.117847    437.532877
PG15  24251.782484   3298.198669 -10892.742927    441.804259
PG17 -13049.500905  13232.390419  19443.217279   -196.739490
PG19    528.670318  15382.104123  21633.157836    704.941897
PG20  17299.805357  11036.479066 -16796.535709    277.178780
PG21   1259.991029  20703.903564 -16562.329671    370.426821
PG22  -9179.658688  23819.507345   8219.185893     72.999439
PG23  16016.149522 -19572.105517  -7520.388900    685.610231
PG24  20261.404596  12732.219448  11315.446525    191.242098
PG27 -13811.858579 -13127.186303 -19041.541480      0.446248
PG30  -3717.524193  18983.436197 -17882.958416    351.862716
*  2026  9  3 19  5  0.00000000
PG01 -18406.319297  -9702.302877  16549.868456    181.016039
PG02 -20087.178907 -15269.572680   9598.349379    169.359195
PG03 -16331.642675   1939.195743  20622.369389    287.726754
PG05  10157.534659  12134.038586 -21499.683883   -236.503285
PG06   2330.219433  22325.568238  14143.017008   -533.348072
PG07 -13739.300476   6498.587579 -21167.016151   -221.415128
PG08 -23307.184948  -6442.782453 -11726.765200    356.382364
PG09 -23593.855013   8050.239137  -9396.849652    686.834496
PG10  10850.430025 -23879.723918   2984.201121   -539.714302
PG12  16553.755572    589.048575  20480.434094   -602.879530
PG13  15534.073639   2233.588768  21355.543456    437.534329
PG15  23870.411546   3459.202048 -11697.031944    441.805372
PG17 -13755.001783  13177.838455  18988.177169   -196.741275
PG19   -296.398776  15319.948810  21664.829412    704.941962
PG20  16648.566555  11121.538182 -17386.470550    277.181518
PG21    907.525368  21216.036248 -15924.047821    370.424448
PG22  -9396.017505  24013.615111   7337.142682     73.002093
PG23  15927.606278 -19270.062918  -8432.038003    685.611305
PG24  20461.840923  13133.431858  10518.547750    191.247299
PG27 -13106.887812 -13195.774162 -19483.257652      0.446011
PG30  -4148.944480  18417.959850 -18374.581807    351.866422
*  2026  9  3 19 10  0.00000000
PG01 -18653.432182 -10272.020938  15920.469473    181.013327
PG02 -20242.658445 -15565.127038   8743.081189    169.361236
PG03 -15969.252041   1220.429345  20957.735160    287.720445
PG05   9808.679972  12854.609203 -21238.737281   -236.503636
PG06   2003.383181  21880.789442  14877.001586   -533.344856
PG07 -14197.832132   5782.465226 -21085.682260   -221.416223
PG08 -22869.097606  -6561.701316 -12496.728639    356.379278
PG09 -23934.004795   8006.802934  -8525.588599    686.831858
PG10  10943.404867 -23927.071461   2008.575547   -539.712134
PG12  16159.859514   1291.899884  20756.802996   -602.879500
PG13  15199.510312   2984.321654  21502.818227    437.535795
PG15  23463.325127   3632.669872 -12479.536556    441.806374
PG17 -14443.840475  13135.806613  18498.130884   -196.742801
PG19  -1123.452506  15271.866312  21654.914557    704.942066
PG20  15977.269767  11219.460281 -17942.956423    277.184263
PG21    575.823172  21712.592679 -15255.218455    370.422093
PG22  -9591.415197  24183.515762   6441.439612     73.004519
PG23  15829.501896 -18935.517505  -9327.216495    685.612394
PG24  20649.540485  13507.095454   9701.351487    191.252490
PG27 -12387.422923 -13277.622270 -19889.211576      0.445951
PG30  -4599.132022  17844.456476 -18830.159310    351.870152
*  2026  9  3 19 15  0.00000000
PG01 -18898.245422 -10816.287024  15260.685802    181.010578
PG02 -20383.222252 -15833.251156   7871.859865    169.363462
PG03 -15615.127522    484.184704  21252.138849    287.714114
PG05   9477.484105  13571.969537 -20937.738484   -236.503449
PG06   1653.829089  21419.269564  15582.421893   -533.341641
PG07 -14665.506432   5077.669142 -20961.662600   -221.416917
PG08 -22405.123196  -6691.368843 -13243.593262    356.376171
PG09 -24242.024315   7966.184815  -7638.146867    686.829220
PG10  11018.866652 -23942.832728   1029.027973   -539.709960
PG12  15773.058657   2009.914470  20992.419591   -602.879122
PG13  14876.001700   3745.130031  21608.653859    437.537270
PG15  23031.731693   3819.473410 -13238.842238    441.807312
PG17 -15114.541113  13105.587991  17973.977845   -196.744054
PG19  -1950.678410  15237.927733  21603.367973    704.942140
PG20  15287.460288  11330.945577 -18464.919231    277.186994
PG21    264.644821  22191.951432 -14557.122372    370.419741
PG22  -9766.649866  24328.032536   5533.733152     73.007227
PG23  15723.401358 -18568.578965 -10204.176004    685.613477
PG24  20823.124824  13853.319027   8865.480196    191.257692
PG27 -11655.022174 -13373.210300 -20258.643988      0.446419
PG30  -5067.735707  17264.597525 -19248.804919    351.873841
*  2026  9  3 19 20  0.00000000
PG01 -19139.288126 -11334.459681  14571.782315    181.007836
PG02 -20507.460517 -16074.246796   6986.264769    169.365320
PG03 -15270.523723   -268.062388  21505.004218    287.707812
PG05   9164.228506  14284.324231 -20597.244391   -236.503422
PG06   1281.366834  20942.692404  16257.938216   -533.338445
PG07 -15141.113582   4385.676595 -20795.266928   -221.418041
PG08 -21916.383037  -6832.714221 -13965.975676    356.373079
PG09 -24517.367551   7927.019422  -6736.203853    686.826594
PG10  11078.078089 -23926.188855     47.468720   -539.707830
PG12  15394.550664   2741.688404  21186.808744   -602.879134
PG13  14564.419386   4514.408301  21672.842338    437.538725
PG15  22576.904643   4020.412034 -13973.581412    441.808030
PG17 -15765.683054  13086.394507  17416.678259   -196.745352
PG19  -2776.257942  15218.104646  21510.224714    704.942104
PG20  14580.739420  11456.605990 -18951.351413    277.189721
PG21    -26.348894  22652.528526 -13831.096826    370.417367
PG22  -9922.595947  24446.057545   4615.704737     73.009860
PG23  15610.875278 -18169.474784 -11061.204580    685.614553
PG24  20981.244642  14172.314145   8012.584538    191.262918
PG27 -10911.279781 -13482.928252 -20590.859236      0.446184
PG30  -5554.304970  16680.047432 -19629.707177    351.877527
*  2026  9  3 19 25  0.00000000
PG01 -19375.068904 -11825.999822  13855.078767    181.005094
PG02 -20613.997071 -16288.509996   6087.902706    169.367567
PG03 -14936.616147  -1034.759315  21715.837872    287.701516
PG05   8869.090535  14989.873425 -20217.885601   -236.503577
PG06    885.912693  20452.768734  16902.269672   -533.335229
PG07 -15623.374445   3707.887662 -20586.894264   -221.418980
PG08 -21404.069146  -6986.599144 -14662.535749    356.369971
PG09 -24759.594050   7887.917565  -5821.467422    686.823967
PG10  11122.359916 -23876.427185   -934.183293   -539.705709
PG12  15025.459806   3485.745913  21339.578063   -602.878740
PG13  14265.546800   5290.502204  21695.256378    437.540184
PG15  22100.177113   4236.209438 -14682.435420    441.808937
PG17 -16395.906062  13077.360515  16827.251604   -196.746840
PG19  -3598.373493  15212.268978  21375.600606    704.942470
PG20  13858.758192  11596.961949 -19401.313941    277.192469
PG21   -297.594519  23092.784046 -13078.532954    370.414954
PG22 -10060.199963  24536.556742   3689.057976     73.012513
PG23  15493.492404 -17738.549898 -11896.630232    685.615647
PG24  21122.585805  14464.392934   7144.339865    191.268101
PG27 -10157.820141 -13607.074420 -20885.226520      0.446056
PG30  -6058.291063  16092.456643 -19972.130804    351.881219
*  2026  9  3 19 30  0.00000000
PG01 -19604.082484 -12290.472202  13111.947266    181.002365
PG02 -20701.495378 -16476.528963   5178.405489    169.369696
PG03 -14614.496153  -1814.282676  21884.230267    287.695233
PG05   8592.143197  15686.819752 -19800.365372   -236.503964
PG06    467.490613  19951.229057  17514.196560   -533.332012
PG07 -16110.946256   3045.619810 -20337.031439   -221.419901
PG08 -20869.439765  -7153.813576 -15331.978858    356.366892
PG09 -24968.370525   7847.472862  -4895.670781    686.821339
PG10  11153.084402 -23792.945060  -1914.004528   -539.703584
PG12  14666.832175   4240.545083  21450.418813   -602.878366
PG13  13980.076071   6071.715182  21675.849698    437.541658
PG15  21602.936581   4467.510192 -15364.136394    441.809756
PG17 -17003.915263  13077.546737  16206.775014   -196.748414
PG19  -4415.215450  15220.193355  21199.692518    704.942190
PG20  13123.210888  11752.439611 -19813.938164    277.195221
PG21   -549.623247  23511.228581 -12300.873115    370.412616
PG22 -10180.475978  24598.574601   2755.515785     73.015137
PG23  15372.812151 -17276.265820 -12708.824381    685.616723
PG24  21245.875155  14729.965438   6262.442736    191.273320
PG27  -9396.291932 -13745.853718 -21141.181048      0.445949
PG30  -6579.048793  15503.454720 -20275.418145    351.884901
*  2026  9  3 19 35  0.00000000
PG01 -19824.816403 -12727.546438  12343.809644    180.999627
PG02 -20768.664409 -16638.881626   4259.427448    169.371852
PG03 -14305.166306  -2604.944648  22009.856544    287.688924
PG05   8333.355326  16373.375362 -19345.458443   -236.504074
PG06     26.232803  19439.816309  18092.562584   -533.328795
PG07 -16602.428638   2400.102927 -20046.251422   -221.420776
PG08 -20313.814636  -7335.071807 -15973.058082    356.363817
PG09 -25143.472013   7804.268468  -3960.569294    686.818707
PG10  11171.668581 -23675.253146  -2890.070848   -539.701415
PG12  14319.631252   5004.483876  21519.106636   -602.878316
PG13  13708.605292   6856.314954  21614.657136    437.543138
PG15  21086.619315   4714.876647 -16017.469027    441.810607
PG17 -17588.485863  13085.944516  15556.381599   -196.749989
PG19  -5224.989258  15241.551908  20982.778462    704.942294
PG20  12375.828385  11923.368496 -20188.427530    277.197969
PG21   -783.057826  23906.429478 -11499.608111    370.410238
PG22 -10284.500752  24631.238530   1816.817479     73.017535
PG23  15250.377187 -16783.199251 -13496.205201    685.617826
PG24  21349.886121  14969.536604   5368.607458    191.278522
PG27  -8628.362125 -13899.376398 -21358.225114      0.445979
PG30  -7115.838691  14914.643568 -20538.990439    351.888597
*  2026  9  3 19 40  0.00000000
PG01 -20035.757744 -13136.997603  11552.134749    180.996871
PG02 -20814.264371 -16776.232829   3332.642892    169.373945
PG03 -14009.536153  -3404.999642  22092.477165    287.682607
PG05   8092.592219  17047.768907 -18854.009744   -236.504196
PG06   -437.620146  18920.278532  18636.276950   -533.325585
PG07 -17096.369876   1772.474797 -19715.211427   -221.421751
PG08 -19738.570051  -7531.008807 -16584.576328    356.360719
PG09 -25284.782598   7756.883865  -3017.937251    686.816064
PG10  11179.567281 -23522.978270  -3860.461577   -539.699256
PG12  13984.733881   5775.906428  21545.502076   -602.877889
PG13  13451.636221   7642.540236  21511.794600    437.544597
PG15  20552.704656   4978.786178 -16641.272237    441.811585
PG17 -18148.467596  13101.480349  14877.258671   -196.751442
PG19  -6025.922452  15275.921527  20725.217526    704.942330
PG20  11618.371344  12109.979566 -20524.059159    277.200701
PG21   -998.609056  24277.016857 -10676.274326    370.407860
PG22 -10373.408645  24633.762968    874.715802     73.020409
PG23  15127.706119 -16260.040191 -14257.240860    685.618895
PG24  21433.444096  15183.702886   4464.562651    191.283725
PG27  -7855.709907 -14067.657135 -21535.929096      0.445821
PG30  -7667.829631  14327.590819 -20762.348905    351.892292
*  2026  9  3 19 45  0.00000000
PG01 -20235.399885 -13518.706365  10738.435646    180.994162
PG02 -20837.112265 -16889.331190   2399.743527    169.375936
PG03 -13728.418432  -4212.651220  22131.938358    287.676295
PG05   7869.616705  17708.252493 -18326.932973   -236.504274
PG06   -923.719605  18394.361563  19144.316320   -533.322371
PG07 -17591.273417   1163.777069 -19344.650813   -221.422823
PG08 -19145.133671  -7742.176914 -17165.388396    356.357622
PG09 -25392.295684   7703.901681  -2069.564589    686.813411
PG10  11178.265950 -23335.865755  -4823.263581   -539.697044
PG12  13662.926645   6553.109607  21529.550910   -602.877729
PG13  13209.572410   8428.607617  21367.458859    437.546051
PG15  20002.709190   5259.628799 -17234.440733    441.812423
PG17 -18682.788899  13123.020709  14170.645892   -196.752851
PG19  -6816.271639  15322.783575  20427.449640    704.942237
PG20  10852.623289  12312.403744 -20820.185263    277.203425
PG21  -1197.071904  24621.689378  -9832.450760    370.405484
PG22 -10448.386249  24605.453155    -69.026091     73.022876
PG23  15006.286307 -15707.589543 -14990.452645    685.619975
PG24  21495.431572  15373.148501   3552.047856    191.288915
PG27  -7080.020560 -14250.614518 -21673.932365      0.445743
PG30  -8234.101855  13743.823386 -20945.075645    351.895992
*  2026  9  3 19 50  0.00000000
PG01 -20422.249242 -13872.658686   9904.266742    180.991418
PG02 -20836.087267 -16979.005622   1462.435817    169.378068
PG03 -13462.525742  -5026.059238  22128.172382    287.669982
PG05   7664.090670  18353.108552 -17765.209054   -236.504571
PG06  -1431.609733  17863.801756  19615.726639   -533.319152
PG07 -18085.604566    574.951704 -18935.388795   -221.423794
PG08 -18534.979162  -7969.042843 -17714.402978    356.354516
PG09 -25466.113821   7643.914511  -1117.253574    686.810771
PG10  11169.273334 -23113.781234  -5776.575366   -539.694826
PG12  13354.902681   7334.349791  21471.284283   -602.877711
PG13  12982.717789   9212.718522  21181.927167    437.547515
PG15  19438.180811   5557.705138 -17795.926492    441.813427
PG17 -19190.460788  13149.377116  13437.833343   -196.753915
PG19  -7594.329379  15381.526056  20089.995156    704.942453
PG20  10080.383584  12530.670885 -21076.234429    277.206160
PG21  -1379.321256  24939.219731  -8969.755993    370.403067
PG22 -10510.666808  24545.708574  -1012.637700     73.025711
PG23  14887.566834 -15126.756238 -15694.417957    685.621036
PG24  21534.792996  15538.641354   2632.810190    191.294091
PG27  -6302.979298 -14448.070917 -21771.944112      0.445987
PG30  -8813.650422  13164.821237 -21086.834361    351.899671
*  2026  9  3 19 55  0.00000000
PG01 -20594.831957 -14198.945077   9051.220834    180.988678
PG02 -20810.135894 -17046.161547    522.438305    169.379954
PG03 -13212.467686  -5843.347200  22081.197584    287.663687
PG05   7475.577005  18980.656607 -17169.884475   -236.504487
PG06  -1960.728760  17330.318781  20049.624809   -533.315921
PG07 -18577.797337      6.837939 -18488.321973   -221.424838
PG08 -17909.620640  -8211.985050 -18230.584585    356.351421
PG09 -25506.448088   7575.531721   -162.815453    686.808129
PG10  11154.114031 -22856.711942  -6718.511176   -539.692726
PG12  13061.258932   8117.849844  21370.818641   -602.877404
PG13  12771.275692   9993.066258  20955.556726    437.548986
PG15  18860.692702   5873.224774 -18324.740123    441.814379
PG17 -19670.580428  13179.311461  12680.159514   -196.755217
PG19  -8358.430950  15451.446221  19713.454259    704.942649
PG20   9303.460352  12764.709203 -21291.712741    277.208879
PG21  -1546.307305  25228.459827  -8089.845055    370.400680
PG22 -10561.524416  24454.026017  -1954.344291     73.028458
PG23  14772.951680 -14518.553879 -16367.773185    685.622105
PG24  21550.539359  15681.028657   1708.601044    191.299274
PG27  -5526.265099 -14659.752758 -21829.744083      0.446356
PG30  -9405.389031  12592.011403 -21187.370884    351.903344
*  2026  9  3 20  0  0.00000000
PG01 -20751.700530 -14497.759418   8180.926096    180.985944
PG02 -20758.276938 -17091.776790   -418.521120    169.382040
PG03 -12978.748492  -6662.609758  21991.118281    287.657389
PG05   7303.541989  19589.259913 -16542.069506   -236.504554
PG06  -2510.410734  16795.608521  20445.200230   -533.312698
PG07 -19066.261421   -539.830240 -18004.421686   -221.425660
PG08 -17270.606970  -8471.291448 -18712.955407    356.348338
PG09 -25513.617025   7497.386180    791.932929    686.805475
PG10  11134.320960 -22564.767462  -7647.205083   -539.690572
PG12  12782.493858   8901.806245  21228.355471   -602.877232
PG13  12575.348355  10767.843106  20688.783993    437.550467
PG15  18271.837267   6206.304964 -18819.952150    441.815001
PG17 -20122.334372  13211.541536  11899.009205   -196.756454
PG19  -9106.960962  15531.753620  19298.506190    704.942625
PG20   8523.663377  13014.345158 -21466.204754    277.211633
PG21  -1699.050625  25488.345658  -7194.406238    370.398276
PG22 -10602.268031  24330.002297  -2892.370040     73.030808
PG23  14663.793116 -13884.096933 -17009.216430    685.623196
PG24  21541.752466  15801.232261    781.172843    191.304475
PG27  -4751.544542 -14885.291187 -21847.183225      0.446317
PG30 -10008.154229  12026.762253 -21246.513521    351.907061
*  2026  9  3 20  5  0.00000000
PG01 -20891.440339 -14769.397337   7295.042999    180.983154
PG02 -20679.606162 -17116.897184  -1358.707989    169.384120
PG03 -12761.765130  -7481.920351  21858.124443    287.651098
PG05   7147.358092  20177.331932 -15882.936297   -236.504580
PG06  -3079.887708  16261.336099  20801.716198   -533.309481
PG07 -19549.389242  -1064.426102 -17484.731220   -221.426642
PG08 -16619.515923  -8747.157500 -19160.597102    356.345237
PG09 -25488.045128   7408.140926   1745.172528    686.802818
PG10  11111.427772 -22238.179932  -8560.815053   -539.688467
PG12  12519.005617   9684.396353  21044.180844   -602.876645
PG13  12394.936857  11535.247423  20382.123820    437.551940
PG15  17673.220016   6556.969727 -19280.694196    441.816203
PG17 -20545.001472  13244.746785  11095.811363   -196.757651
PG19  -9838.359784  15621.573569  18845.908296    704.942786
PG20   7742.796988  13279.303801 -21599.374307    277.214384
PG21  -1838.636931  25717.901816  -6285.157830    370.395915
PG22 -10634.235327  24173.336558  -3824.941225     73.033917
PG23  14561.385353 -13224.596484 -17617.510100    685.624276
PG24  21507.588909  15900.243726   -147.724136    191.309664
PG27  -3980.465689 -15124.223133 -21824.184237      0.446151
PG30 -10620.709964  11470.378060 -21264.173212    351.910741
*  2026  9  3 20 10  0.00000000
PG01 -21012.676046 -15014.254177   6395.261175    180.980411
PG02 -20573.300717 -17122.631895  -2296.384079    169.386393
PG03 -12561.805938  -8299.338939  21682.491190    287.644793
PG05   7006.307189  20743.342625 -15193.716862   -236.504930
PG06  -3668.292385  15729.129068  21118.511152   -533.306258
PG07 -20025.563055  -1566.431650 -16930.362868   -221.427606
PG08 -15957.948213  -9039.684677 -19572.652499    356.342147
PG09 -25430.260902   7306.495701   2695.085518    686.800214
PG10  11086.961260 -21877.303694  -9457.526986   -539.686307
PG12  12271.090718  10463.785761  20818.664761   -602.876763
PG13  12229.941529  12293.490725  20036.168439    437.553403
PG15  17066.453450   6925.149317 -19706.160072    441.816892
PG17 -20937.955431  13277.574220  10272.036831   -196.759413
PG19 -10551.129753  15719.951040  18356.494883    704.942666
PG20   6962.652991  13559.209578 -21690.965184    277.217131
PG21  -1966.211547  25916.245646  -5363.844794    370.393539
PG22 -10658.786405  23983.832198  -4750.289438     73.036206
PG23  14466.958480 -12541.355566 -18191.483343    685.625349
PG24  21447.283703  15979.119149  -1076.344883    191.314837
PG27  -3214.652016 -15375.992766 -21760.742022      0.445738
PG30 -11241.752468  10924.093882 -21240.343505    351.914406
*  2026  9  3 20 15  0.00000000
PG01 -21114.077838 -15232.822533   5483.296228    180.977656
PG02 -20438.623280 -17110.148485  -3229.810264    169.388333
PG03 -12379.049743  -9112.919788  21464.578102    287.638480
PG05   6879.584160  21285.824539 -14475.700953   -236.504756
PG06  -4274.661172  15200.570792  21394.999777   -533.303007
PG07 -20493.162065  -2045.438580 -16342.494862   -221.428832
PG08 -15287.521454  -9348.879306 -19948.327230    356.339051
PG09 -25340.894489   7191.193361   3639.858719    686.797603
PG10  11062.433783 -21482.614408 -10335.558704   -539.684183
PG12  12038.943161  11238.135705  20552.260309   -602.876693
PG13  12080.162816  13040.804723  19651.586296    437.554847
PG15  16453.150942   7310.680067 -20095.606785    441.817804
PG17 -21300.666996  13308.644500   9429.196020   -196.760838
PG19 -11243.841148  15825.854948  17831.175897    704.942572
PG20   6185.003659  13853.587588 -21740.801608    277.219865
PG21  -2082.973628  26082.591019  -4432.235395    370.391087
PG22 -10677.297385  23761.398375  -5666.654830     73.038982
PG23  14381.672716 -11835.764095 -18730.034337    685.626413
PG24  21360.153591  16038.973787  -2002.952706    191.320032
PG27  -2455.696425 -15639.953344 -21656.924049      0.445562
PG30 -11869.915446  10389.070780 -21175.100351    351.918077
*  2026  9  3 20 20  0.00000000
PG01 -21194.367493 -15425.689396   4560.886504    180.974891
PG02 -20274.925880 -17080.667718  -4157.249420    169.390451
PG03 -12213.565503  -9920.719288  21204.828349    287.632159
PG05   6766.300892  21803.378641 -13730.233813   -236.505432
PG06  -4897.937662  14677.194039  21630.673963   -533.299795
PG07 -20950.569517  -2501.148708 -15722.368194   -221.429674
PG08 -14609.864035  -9674.651811 -20286.891282    356.335943
PG09 -25220.674872   7061.026102   4577.687031    686.794964
PG10  11039.335752 -21054.707602 -11193.163885   -539.682076
PG12  11822.654059  12005.610502  20245.502621   -602.876208
PG13  11945.302597  13775.448284  19229.120721    437.556309
PG15  15834.920660   7713.304603 -20448.355450    441.818497
PG17 -21632.705785  13336.558152   8568.836515   -196.762290
PG19 -11915.137881  15938.182813  17270.935412    704.942824
PG20   5411.594813  14161.865294 -21748.788586    277.222606
PG21  -2190.170138  26216.251697  -3492.117779    370.388719
PG22 -10691.153913  23506.051096  -6572.289379     73.041728
PG23  14306.612995 -11109.293435 -19232.132411    685.627470
PG24  21245.600003  16080.976481  -2925.822211    191.325200
PG27  -1705.155366 -15915.369449 -21512.870604      0.445236
PG30 -12503.775550   9866.391396 -21068.601714    351.921750
*  2026  9  3 20 25  0.00000000
PG01 -21252.324244 -15593.532895   3629.789822    180.972114
PG02 -20081.653406 -17035.458143  -5076.969357    169.392354
PG03 -12065.312452 -10720.803743  20903.767639    287.625849
PG05   6665.490627  22294.679909 -12958.713832   -236.505304
PG06  -5536.976506  14160.474818  21825.103614   -533.296604
PG07 -21396.179728  -2933.373890 -15071.283332   -221.430678
PG08 -13926.608951 -10016.816345 -20587.680456    356.332853
PG09 -25070.426675   6914.841501   5506.776861    686.792331
PG10  11019.128212 -20594.296690 -12028.635927   -539.679958
PG12  11622.211744  12764.384977  19899.007658   -602.876027
PG13  11824.965940  14495.714274  18769.588463    437.557767
PG15  15213.359535   8132.672438 -20763.792118    441.819419
PG17 -21933.741731  13359.901897   7692.540592   -196.763401
PG19 -12563.742888  16055.765796  16676.829939    704.942746
PG20   4644.139028  14483.374672 -21714.912078    277.225323
PG21  -2289.089618  26316.644292  -2545.296509    370.386361
PG22 -10701.744605  23217.913880  -7465.460172     73.044396
PG23  14242.783916 -10363.490611 -19696.820012    685.628546
PG24  21103.111655  16106.343922  -3843.242208    191.330364
PG27   -964.543078 -16201.419608 -21328.794937      0.445521
PG30 -13141.858104   9357.055902 -20921.087006    351.925432
*  2026  9  3 20 30  0.00000000
PG01 -21286.790402 -15737.118667   2691.780162    180.969346
PG02 -19858.346773 -16975.830468  -5987.245796    169.394687
PG03 -11934.140756 -11511.257131  20562.002982    287.619533
PG05   6576.112681  22758.482619 -12162.590087   -236.505351
PG06  -6190.547668  13651.826490  21977.937305   -533.293408
PG07 -21828.405035  -3342.035429 -14390.596850   -221.431493
PG08 -13239.387615 -10375.090822 -20850.097749    356.329757
PG09 -24891.066558   6751.548325   6425.349546    686.789678
PG10  11003.235565 -20102.210449 -12840.311737   -539.677874
PG12  11437.502361  13512.651838  19513.470803   -602.876003
PG13  11718.663312  15199.936268  18273.878059    437.559250
PG15  14590.047309   8568.340926 -21041.368513    441.820583
PG17 -22203.546135  13377.255067   6801.922673   -196.765088
PG19 -13188.463196  16177.374061  16049.986547    704.942788
PG20   3884.308992  14817.354795 -21639.239022    277.228036
PG21  -2381.055784  26383.290794  -1593.589074    370.384017
PG22 -10710.454449  22897.217984  -8344.452696     73.046927
PG23  14191.105083  -9599.972209 -20123.214499    685.629620
PG24  20932.266802  16116.334771  -4753.518543    191.335527
PG27   -235.325981 -16497.199286 -21104.983307      0.446005
PG30 -13782.643059   8861.978349 -20732.876349    351.929091
*  2026  9  3 20 35  0.00000000
PG01 -21296.676736 -15857.295864   1748.644339    180.966581
PG02 -19604.645734 -16903.131732  -6886.365366    169.396633
PG03 -11819.792673 -12290.188767  20180.221299    287.613231
PG05   6497.057474  23193.625337 -11343.359786   -236.505492
PG06  -6857.341048  13152.594162  22088.902802   -533.290183
PG07 -22245.682616  -3727.162980 -13681.717983   -221.432464
PG08 -12549.823665 -10749.097355 -21073.614630    356.326668
PG09 -24683.599237   6570.122097   7331.644756    686.787059
PG10  10993.038452 -19579.389973 -13626.575420   -539.675747
PG12  11268.310941  14248.628982  19089.665272   -602.875638
PG13  11625.813202  15886.495089  17742.948079    437.560710
PG15  13966.540667   9019.776585 -21280.602699    441.821254
PG17 -22441.992336  13387.196093   5898.626706   -196.766334
PG19 -13788.194625  16301.722472  15391.600815    704.942864
PG20   3133.731050  15162.954840 -21521.917188    277.230766
PG21  -2467.420960  26415.820657   -638.822369    370.381613
PG22 -10718.658206  22544.302195  -9207.574143     73.049549
PG23  14152.406841  -8820.417972 -20510.509775    685.630683
PG24  20732.735111  16112.243674  -5654.976850    191.340693
PG27    481.082756 -16801.724246 -20841.794913      0.446309
PG30 -14424.571148   8381.983419 -20504.369662    351.932771
*  2026  9  3 20 40  0.00000000
PG01 -21280.967566 -15954.992811    802.178644    180.963836
PG02 -19320.291322 -16818.739317  -7772.628645    169.398935
PG03 -11721.904207 -13055.740852  19759.187843    287.606917
PG05   6427.151890  23599.035570 -10502.565607   -236.505481
PG06  -7535.971440  12664.049405  22157.807422   -533.286964
PG07 -22646.481166  -4088.892977 -12946.105124   -221.433480
PG08 -11859.526791 -11138.363086 -21257.772243    356.323593
PG09 -24449.113130   6369.610381   8223.923881    686.784445
PG10  10989.866847 -19026.885114 -14385.861868   -539.673588
PG12  11114.322947  14970.566672  18628.440364   -602.875339
PG13  11545.745166  16553.825149  17177.825213    437.562178
PG15  13344.367491   9486.356770 -21481.079646    441.822135
PG17 -22649.055971  13388.309021   4984.323473   -196.767742
PG19 -14361.926124  16427.476568  14702.934589    704.942796
PG20   2393.978950  15519.237498 -21363.174868    277.233539
PG21  -2549.559396  26413.972444    317.170844    370.379227
PG22 -10727.713827  22159.612174 -10053.156703     73.052225
PG23  14127.426443  -8026.564147 -20857.977736    685.631783
PG24  20504.279179  16095.395173  -6545.965229    191.345873
PG27   1183.328458 -17113.934264 -20539.661706      0.446147
PG30 -15066.050215   7917.803600 -20236.045590    351.936484
*  2026  9  3 20 45  0.00000000
PG01 -21238.725558 -16031.212346   -145.814523    180.961113
PG02 -19005.127907 -16724.054805  -8644.353212    169.400955
PG03 -11640.007256 -13806.095872  19299.744471    287.600695
PG05   6365.164913  23973.734075  -9641.792945   -236.505526
PG06  -8224.983815  12187.385303  22184.538255   -533.283709
PG07 -23029.307380  -4427.466581 -12185.262266   -221.434559
PG08 -11170.086620 -11542.321430 -21402.182492    356.320545
PG09 -24188.775666   6149.137779   9100.473384    686.781834
PG10  10994.993390 -18445.850427 -15116.660238   -539.671455
PG12  10975.126292  15676.754586  18130.719533   -602.875199
PG13  11477.703282  17200.420571  16579.602235    437.563641
PG15  12725.021249   9967.371699 -21642.451726    441.823093
PG17 -22824.814844  13379.190051   4060.707828   -196.769378
PG19 -14908.743692  16553.258813  13985.313582    704.942735
PG20   1666.567828  15885.182790 -21163.320420    277.236292
PG21  -2628.860492  26377.595014   1272.555482    370.376798
PG22 -10738.955917  21743.699368 -10879.560863     73.054861
PG23  14116.804656  -7220.196595 -21164.969560    685.632887
PG24  20246.755672  16067.137563  -7424.856844    191.351092
PG27   1870.119974 -17432.697195 -20199.088095      0.445382
PG30 -15705.461682   7470.076786 -19928.460261    351.940192
*  2026  9  3 20 50  0.00000000
PG01 -21169.096210 -16087.026846  -1093.530037    180.958381
PG02 -18659.104865 -16620.497713  -9499.876731    169.402922
PG03 -11573.532227 -14539.483813  18802.807753    287.594420
PG05   6309.813535  24316.838791  -8762.667066   -236.505825
PG06  -8922.858901  11723.711859  22169.062234   -533.280467
PG07 -23392.712240  -4743.227179 -11400.735415   -221.435603
PG08 -10483.066663 -11960.313707 -21506.529038    356.317482
PG09 -23903.828252   5907.910596   9959.608123    686.779238
PG10  11009.626992 -17837.540639 -15817.517297   -539.669297
PG12  10850.213798  16365.528667  17597.498298   -602.874985
PG13  11420.849979  17824.841049  15949.435830    437.565109
PG15  12109.955531  10462.026822 -21764.439126    441.824075
PG17 -22969.448387  13358.454060   3129.495876   -196.770538
PG19 -15427.833881  16677.655081  13240.124789    704.942724
PG20    952.948461  16259.692241 -20922.741637    277.239056
PG21  -2706.721952  26306.648245   2225.497700    370.374435
PG22 -10753.689279  21297.219467 -11685.178677     73.057629
PG23  14121.082812  -6403.143695 -21430.916809    685.634001
PG24  19960.116101  16028.836699  -8290.052431    191.356311
PG27   2540.234465 -17756.813365 -19820.650522      0.445386
PG30 -16341.167133   7039.344327 -19582.245892    351.943880
*  2026  9  3 20 55  0.00000000
PG01 -21071.311984 -16123.572969  -2039.163427    180.955619
PG02 -18282.277824 -16509.499120 -10337.560048    169.405099
PG03 -11521.811118 -15254.189156  18269.366929    287.588147
PG05   6259.768908  24627.568384  -7866.850167   -236.505275
PG06  -9628.019038  11274.051778  22111.426062   -533.277213
PG07 -23735.297056  -5036.617448 -10594.108976   -221.436561
PG08  -9799.998360 -12391.591179 -21570.568186    356.314404
PG09 -23595.580936   5645.221172  10799.674634    686.776587
PG10  11034.906747 -17203.305659 -16487.040640   -539.667158
PG12  10738.986111  17035.277777  17029.842011   -602.874814
PG13  11374.270241  18425.717441  15288.544296    437.566586
PG15  11500.578756  10969.445520 -21846.830175    441.825029
PG17 -23083.236715  13324.741093   2192.422080   -196.771976
PG19 -15918.486866  16799.221348  12468.813751    704.942920
PG20    254.501797  16641.593433 -20641.904973    277.241813
PG21  -2784.542908  26201.203304   3174.168438    370.372049
PG22 -10773.182560  20820.930433 -12468.437030     73.060274
PG23  14140.700340  -5577.269096 -21655.332363    685.635123
PG24  19644.407227  15981.869794  -9139.982743    191.361526
PG27   3192.521933 -18085.020283 -19404.996922      0.445465
PG30 -16971.514982   6626.049516 -19198.109246    351.947567
*  2026  9  3 21  0  0.00000000
PG01 -20944.696089 -16142.046144  -2980.914262    180.952867
PG02 -17874.809515 -16392.495227 -11155.790299    169.407302
PG03 -11484.081049 -15948.557627  17700.481726    287.581856
PG05   6213.662711  24905.245390  -6956.038357   -236.505622
PG06 -10338.834282  10839.336636  22011.755996   -533.273991
PG07 -24055.719260  -5308.176003  -9767.002123   -221.437693
PG08  -9122.375246 -12835.317471 -21594.129669    356.311320
PG09 -23265.406789   5360.451848  11619.054354    686.773970
PG10  11071.896173 -16544.585156 -17123.901757   -539.665020
PG12  10640.755034  17684.450105  16428.883459   -602.874575
PG13  11336.976168  19001.757060  14598.205121    437.568059
PG15  10898.249077  11488.672129 -21889.481601    441.825836
PG17 -23166.559286  13276.722780   1251.236309   -196.772993
PG19 -16380.099040  16916.490564  11672.881645    704.942866
PG20   -427.466198  17029.644881 -20321.354602    277.244546
PG21  -2863.717045  26061.442438   4116.746961    370.369668
PG22 -10798.662029  20315.690088 -13227.800862     73.062856
PG23  14175.992758  -4744.464318 -21837.811172    685.636176
PG24  19299.771093  15927.619212  -9973.110898    191.366745
PG27   3825.909486 -18415.997659 -18952.846050      0.445481
PG30 -17594.847184   6230.536526 -18776.829937    351.951271
*  2026  9  3 21  5  0.00000000
PG01 -20788.665898 -16143.694809  -3916.989522    180.950164
PG02 -17436.970175 -16270.920851 -11952.984030    169.409271
PG03 -11459.488214 -16621.002673  17097.280028    287.575564
PG05   6170.093705  25149.298937  -6031.958559   -236.506012
PG06 -11053.628735  10420.403460  21870.257485   -533.270758
PG07 -24352.697905  -5558.533653  -8921.065172   -221.438630
PG08  -8451.647259 -13290.571377 -21577.117318    356.308231
PG09 -22914.736014   5053.078554  12416.166805    686.771355
PG10  11121.577824 -15862.902733 -17726.838947   -539.662889
PG12  10554.747269  18311.559304  15795.820340   -602.874234
PG13  11307.911853  19551.748635  13879.752449    437.569552
PG15  10304.269488  12018.675271 -21892.318701    441.827050
PG17 -23219.893152  13213.108672    307.700832   -196.774635
PG19 -16812.175150  17027.979660  10853.882234    704.943127
PG20  -1091.729360  17422.541235 -19961.711331    277.247292
PG21  -2945.625743  25887.658317   5051.424387    370.367306
PG22 -10831.305525  19782.453272 -13961.776363     73.065456
PG23  14227.190156  -3906.641267 -21978.030836    685.637279
PG24  18926.444705  15867.466303 -10787.934656    191.371977
PG27   4439.405287 -18748.372703 -18464.986690      0.445143
PG30 -18209.505983   5853.049803 -18319.258597    351.954962
*  2026  9  3 21 10  0.00000000
PG01 -20602.735967 -16129.814444  -4845.606957    180.947468
PG02 -16969.137538 -16146.202908 -12727.590314    169.411361
PG03 -11447.092248 -17270.011627  16460.955419    287.569277
PG05   6127.634457  25359.267037  -5096.365335   -236.506188
PG06 -11770.687066  10017.991722  21687.214667   -533.267501
PG07 -24625.018877  -5788.409286  -8057.975957   -221.439577
PG08  -7789.215215 -13756.350045 -21519.509612    356.305149
PG09 -22545.049826   4722.673998  13189.472705    686.768739
PG10  11184.848291 -15159.859723 -18294.660071   -539.660732
PG12  10480.108553  18915.190331  15131.912599   -602.874351
PG13  11285.958580  20074.566933  13134.574433    437.571026
PG15   9719.883150  12558.351486 -21855.335435    441.827685
PG17 -23243.810819  13132.652455   -636.412753   -196.775969
PG19 -17214.329942  17132.196679  10013.418663    704.943274
PG20  -1737.145802  17818.918772 -19563.671359    277.250060
PG21  -3031.631288  25680.252907   5976.407180    370.364960
PG22 -10872.236583  19222.268592 -14668.914126     73.068027
PG23  14294.416163  -3065.724668 -22075.752004    685.638365
PG24  18524.759337  15802.785278 -11582.988615    191.377159
PG27   5032.102206 -19080.725695 -17942.276716      0.445331
PG30 -18813.840638   5493.733908 -17826.314911    351.958645
*  2026  9  3 21 15  0.00000000
PG01 -20386.520656 -16101.741414  -5764.998430    180.944724
PG02 -16471.796373 -16019.753883 -13478.093868    169.413202
PG03 -11445.870983 -17894.151550  15792.764600    287.563006
PG05   6084.838197  25534.798428  -4151.037637   -236.505924
PG06 -12488.261209   9632.740770  21462.989729   -533.264251
PG07 -24871.539775  -5998.605416  -7179.436228   -221.440454
PG08  -7136.425471 -14231.572527 -21421.360122    356.302054
PG09 -22157.874114   4368.910443  13937.477014    686.766127
PG10  11262.513614 -14437.128625 -18826.245130   -539.658568
PG12  10415.908155  19494.004974  14438.479641   -602.873766
PG13  11269.940299  20569.177019  12364.110478    437.572493
PG15   9146.268966  13106.529160 -21778.594441    441.828612
PG17 -23238.977718  13034.158028  -1579.326629   -196.777489
PG19 -17586.289308  17227.647971   9153.140119    704.943412
PG20  -2362.662009  18217.361162 -19128.004890    277.252821
PG21  -3123.070158  25439.735885   6889.920626    370.362577
PG22 -10922.518788  18636.274743 -15347.812239     73.070898
PG23  14377.687406  -2223.644480 -22130.818605    685.639479
PG24  18095.139495  15734.937162 -12356.846322    191.382348
PG27   5603.181125 -19411.595795 -17385.642039      0.445380
PG30 -19406.214123   5152.633809 -17298.985524    351.962361
*  2026  9  3 21 20  0.00000000
PG01 -20139.736349 -16060.846646  -6673.413226    180.941990
PG02 -15945.537594 -15892.965340 -14203.018155    169.415506
PG03 -11454.725554 -18492.074714  15094.024687    287.556725
PG05   6040.245776  25675.653974  -3197.775501   -236.506133
PG06 -13204.577197   9265.187690  21198.022126   -533.261045
PG07 -25091.194459  -6190.003403  -6287.168073   -221.441324
PG08  -6494.564800 -14715.083677 -21282.797822    356.298970
PG09 -21754.772918   3991.562056  14658.731907    686.763504
PG10  11355.285137 -13696.446243 -19320.548669   -539.656430
PG12  10361.143727  20046.747016  13716.897429   -602.873490
PG13  11258.629362  21034.638121  11569.848395    437.573935
PG15   8584.537403  13661.972711 -21662.226973    441.829356
PG17 -23206.149286  12916.485401  -2519.259935   -196.778832
PG19 -17927.890938  17312.845436   8274.738364    704.943600
PG20  -2967.316548  18616.405475 -18655.554595    277.255574
PG21  -3221.246435  25166.722618   7790.212253    370.360223
PG22 -10983.150368  18025.696451 -15997.119331     73.073759
PG23  14476.913455  -1382.328298 -22143.157902    685.640579
PG24  17638.101522  15665.263841 -13108.122310    191.387526
PG27   6151.913907 -19739.487088 -16796.075401      0.445116
PG30 -19985.009755   4829.695619 -16738.321823    351.966053
*  2026  9  3 21 25  0.00000000
PG01 -19862.203240 -16008.529179  -7569.121334    180.939258
PG02 -15391.056913 -15767.201478 -14900.928477    169.417638
PG03 -11472.485866 -19062.523706  14366.110399    287.550438
PG05   5992.392706  25781.707591  -2238.396678   -236.505995
PG06 -13917.842113   8915.765624  20892.827665   -533.257772
PG07 -25282.997251  -6363.558384  -5382.910371   -221.442454
PG08  -5864.855504 -15205.658405 -21104.027280    356.295877
PG09 -21337.341753   3590.506826  15351.839664    686.760911
PG10  11463.775820 -12939.606522 -19776.601991   -539.654294
PG12  10314.746472  20572.247048  12968.595469   -602.873455
PG13  11250.752494  21470.107110  10753.321450    437.575405
PG15   8035.726593  14223.387046 -21506.432758    441.830518
PG17 -23146.167683  12778.556410  -3454.431969   -196.780245
PG19 -18239.084458  17386.313768   7379.944141    704.943364
PG20  -3550.243371  19014.548409 -18147.233938    277.258339
PG21  -3327.425359  24861.931687   8675.555224    370.357841
PG22 -11055.059059  17391.840018 -16615.537537     73.076060
PG23  14591.897264   -543.693796 -22112.780370    685.641679
PG24  17154.251876  15595.082231 -13835.474057    191.392713
PG27   6677.665989 -20062.874826 -16174.635036      0.444791
PG30 -20548.637724   4524.767770 -16145.437611    351.969754
*  2026  9  3 21 30  0.00000000
PG01 -19553.846696 -15946.209602  -8450.416694    180.936563
PG02 -14809.153064 -15643.792777 -15570.435029    169.419721
PG03 -11497.916353 -19604.336136  13610.451144    287.544160
PG05   5939.816246  25852.946718  -1274.733209   -236.506496
PG06 -14626.251124   8584.802539  20547.997461   -533.254535
PG07 -25446.046763  -6520.293942  -4468.415298   -221.443326
PG08  -5248.450777 -15702.006240 -20885.328715    356.292800
PG09 -20907.200800   3165.728023  16015.455474    686.758308
PG10  11588.497022 -12168.453149 -20193.515187   -539.652135
PG12  10275.586607  21069.426877  12195.053707   -602.873015
PG13  11244.996970  21874.841558   9916.105337    437.576868
PG15   7500.798708  14789.422256 -21311.479774    441.831574
PG17 -23059.958136  12619.360204  -4383.065440   -196.781332
PG19 -18519.931059  17446.597674   6470.523477    704.943778
PG20  -4110.674704  19410.252709 -17604.025362    277.261084
PG21  -3442.827057  24526.181994   9544.251666    370.355443
PG22 -11139.097270  16736.088506 -17201.825400     73.079004
PG23  14722.336087    290.358768 -22039.779416    685.642793
PG24  16644.285068  15525.678577 -14537.603867    191.397920
PG27   7179.898601 -20380.211849 -15522.443200      0.444849
PG30 -21095.541507   4237.602626 -15521.506667    351.973452
*  2026  9  3 21 35  0.00000000
PG01 -19214.698190 -15875.323406  -9315.620397    180.933838
PG02 -14200.725571 -15524.029752 -16210.195941    169.421815
PG03 -11529.722036 -20116.448924  12828.528007    287.537869
PG05   5881.062497  25889.472312   -308.627959   -236.506989
PG06 -15327.994566   8272.520449  20164.196751   -533.251293
PG07 -25579.529358  -6661.296525  -3545.444869   -221.444473
PG08  -4646.430352 -16202.776223 -20627.057934    356.289716
PG09 -20465.987998   2717.315212  16648.290141    686.755682
PG10  11729.855782 -11384.871934 -20570.478958   -539.649985
PG12  10242.479100  21537.303545  11397.799320   -602.872882
PG13  11240.016972  22248.202369   9059.815067    437.578322
PG15   6980.636640  15358.678545 -21077.703949    441.832316
PG17 -22948.524932  12437.958491  -5303.389756   -196.783374
PG19 -18770.602625  17492.269023   5548.273879    704.943574
PG20  -4647.943502  19801.953748 -17026.978342    277.263837
PG21  -3568.620472  24160.389445  10394.635942    370.353056
PG22 -11236.037560  16059.896575 -17754.800674     73.081519
PG23  14867.822881   1117.953943 -21924.330921    685.643886
PG24  16108.981281  15458.302905 -15213.260674    191.403094
PG27   7658.170598 -20689.935165 -14840.684543      0.444581
PG30 -21624.204125   3967.858502 -14867.760213    351.977157
*  2026  9  3 21 40  0.00000000
PG01 -18844.895785 -15797.314302 -10163.083832    180.931106
PG02 -13566.772092 -15409.156850 -16818.920259    169.424018
PG03 -11566.554833 -20597.902152  12021.870656    287.531592
PG05   5814.693490  25891.498369    658.068894   -236.506332
PG06 -16021.265064   7979.035103  19742.163588   -533.248039
PG07 -25682.722223  -6787.709671  -2615.767545   -221.445470
PG08  -4059.796433 -16706.562083 -20329.646114    356.286625
PG09 -20015.352065   2245.464803  17249.112697    686.753078
PG10  11888.152594 -10590.783021 -20906.766252   -539.647843
PG12  10214.189644  21974.992907  10578.403442   -602.872663
PG13  11234.440100  22589.655979   8186.101777    437.579790
PG15   6476.040983  15929.711361 -20805.508779    441.833262
PG17 -22812.947086  12233.490515  -6213.644335   -196.784697
PG19 -18991.380344  17521.933897   4615.020448    704.943422
PG20  -5161.485461  20188.066245 -16417.207303    277.266601
PG21  -3705.917522  23765.563237  11225.077866    370.350695
PG22 -11346.568469  15364.784986 -18273.343046     73.084239
PG23  15027.848172   1937.248353 -21766.692626    685.644967
PG24  15549.203674  15394.163658 -15861.241769    191.408275
PG27   8112.139881 -20990.472655 -14130.604352      0.444321
PG30 -22133.154227   3715.102112 -14185.484276    351.980853
*  2026  9  3 21 45  0.00000000
PG01 -18444.684184 -15713.627494 -10991.191791    180.928382
PG02 -12908.385320 -15300.366517 -17395.370898    169.426081
PG03 -11607.020097 -21047.842474  11192.054161    287.525316
PG05   5739.294219  25859.350977   1623.503406   -236.506499
PG06 -16704.264642   7704.356133  19282.707408   -533.244800
PG07 -25754.996050  -6900.728036  -1681.154896   -221.446587
PG08  -3489.469955 -17211.907689 -19993.599465    356.283548
PG09 -19556.945486   1750.480125  17816.752901    686.750454
PG10  12063.579707  -9788.132960 -21201.733681   -539.645712
PG12  10189.440843  22381.712785   9738.477806   -602.872574
PG13  11226.873998  22898.776101   7296.649488    437.581242
PG15   5987.727341  16501.036731 -20495.364862    441.833934
PG17 -22654.373663  12005.177737  -7112.081948   -196.786058
PG19 -19182.652827  17534.239502   3672.611903    704.943350
PG20  -5650.840592  20566.991082 -15775.889415    277.269357
PG21  -3855.767513  23342.801751  12033.985836    370.348346
PG22 -11471.290709  14652.334798 -18756.396749     73.086909
PG23  15201.802384   2746.437794 -21567.203356    685.646065
PG24  14965.895392  15334.422515 -16480.394460    191.413475
PG27   8541.564410 -21280.249878 -13393.506642      0.444419
PG30 -22620.971967   3478.811398 -13476.016978    351.984572
*  2026  9  3 21 50  0.00000000
PG01 -18014.414335 -15625.702981 -11798.365498    180.925650
PG02 -12226.749459 -15198.793452 -17938.367521    169.428209
PG03 -11649.683353 -21465.526052  10340.695748    287.518991
PG05   5653.479599  25793.466901   2585.821434   -236.506726
PG06 -17375.211800   7448.387654  18786.707475   -533.241548
PG07 -25795.817326  -7001.591270   -743.378330   -221.447309
PG08  -2936.287172 -17717.312763 -19619.498742    356.280463
PG09 -19092.417483   1232.771050  18350.103630    686.747818
PG10  12256.219937  -8978.886678 -21454.822743   -539.643574
PG12  10166.918584  22756.785670   8879.671329   -602.872415
PG13  11215.913078  23175.245026   6393.171784    437.582712
PG15   5516.323965  17071.136765 -20147.809358    441.835095
PG17 -22474.018820  11752.328205  -7996.972076   -196.787690
PG19 -19344.913734  17527.880911   2722.916547    704.943687
PG20  -6115.654330  20937.122204 -15104.262270    277.272083
PG21  -4019.151832  22893.288091  12819.809895    370.345959
PG22 -11610.713742  13924.181285 -19202.973070     73.089362
PG23  15388.978616   3543.764151 -21326.282087    685.647158
PG24  14360.076283  15280.189424 -17069.617650    191.418622
PG27   8946.302796 -21557.696955 -12630.752110      0.444644
PG30 -23086.294662   3258.378741 -12740.745731    351.988271
*  2026  9  3 21 55  0.00000000
PG01 -17554.542596 -15534.968874 -12583.065587    180.922911
PG02 -11523.136295 -15105.509102 -18446.789364    169.430296
PG03 -11693.077195 -21850.321027   9469.451485    287.512694
PG05   5555.901321  25694.391692   3543.172234   -236.506596
PG06 -18032.348534   7210.929327  18255.111196   -533.238301
PG07 -25804.750217  -7091.577774    195.794100   -221.448462
PG08  -2400.996588 -18221.238824 -19207.998608    356.277364
PG09 -18623.407017    692.853135  18848.123156    686.745199
PG10  12466.046003  -8165.019392 -21665.560829   -539.641448
PG12  10145.278560  23099.640961   8003.666642   -602.871985
PG13  11200.145307  23418.854457   5477.408457    437.584175
PG15   5062.369727  17638.465320 -19763.445350    441.836079
PG17 -22273.156540  11474.340585  -8866.604284   -196.788798
PG19 -19478.758921  17501.607603   1767.818181    704.943322
PG20  -6555.678187  21296.853557 -14403.621441    277.274831
PG21  -4196.978936  22418.285260  13581.044712    370.343574
PG22 -11765.252767  13182.007593 -19612.152729     73.092138
PG23  15588.575847   4327.522083 -21044.426859    685.648236
PG24  13732.839342  15232.517857 -17627.863351    191.423793
PG27   9326.314459 -21821.255488 -11843.755937      0.444810
PG30 -23527.822193   3053.114548 -11981.104372    351.991955
*  2026  9  3 22  0  0.00000000
PG01 -17065.629464 -15442.834789 -13343.795000    180.920155
PG02 -10798.900851 -15021.516392 -18919.577979    169.432256
PG03 -11735.708330 -22201.709507   8580.012918    287.506390
PG05   5445.254556  25562.777355   4493.712063   -236.506554
PG06 -18673.947263   6991.677869  17688.932337   -533.235072
PG07 -25781.458053  -7171.998352   1134.600829   -221.449570
PG08  -1884.256266 -18722.115341 -18759.826863    356.274278
PG09 -18151.535831    131.346302  19309.837290    686.742569
PG10  12692.920392  -7348.508500 -21833.562022   -539.639303
PG12  10123.152914  23409.816746   7112.176576   -602.871866
PG13  11178.159023  23629.505886   4551.122092    437.585627
PG15   4626.312450  18201.453804 -19342.941139    441.836822
PG17 -22053.115108  11170.707833  -9719.291592   -196.790298
PG19 -19584.883119  17454.229760    809.211959    704.943300
PG20  -6970.769952  21644.586043 -13675.317926    277.277549
PG21  -4390.079674  21919.131020  14316.232465    370.341232
PG22 -11935.226125  12427.538159 -19983.088147     73.094891
PG23  15799.702563   5096.065471 -20722.213545    685.649336
PG24  13085.346889  15192.400314 -18154.138117    191.428962
PG27   9681.659364 -22069.385505 -11033.985457      0.445014
PG30 -23944.322138   2862.251172 -11198.570226    351.995626
*  2026  9  3 22  5  0.00000000
PG01 -16548.337867 -15350.685323 -14079.101812    180.917427
PG02 -10055.476657 -14947.744746 -19355.739899    169.434647
PG03 -11776.064712 -22519.289067   7674.103651    287.500092
PG05   5320.284499  25399.379545   5435.607792   -236.506859
PG06 -19298.317635   6790.229002  17089.249107   -533.231824
PG07 -25725.704412  -7244.189784   2071.289824   -221.450571
PG08  -1386.631510 -19218.346076 -18275.783514    356.271180
PG09 -17678.401590   -451.026933  19734.341409    686.739977
PG10  12936.595756  -6531.325493 -21958.527682   -539.637165
PG12  10099.156976  23686.961107   6206.940608   -602.871736
PG13  11148.549755  23807.210513   3616.094622    437.587084
PG15   4208.507586  18758.517091 -18887.029436    441.837909
PG17 -21815.271340  10841.020492 -10553.373860   -196.791533
PG19 -19664.076168  17384.624302   -150.999767    704.943420
PG20  -7360.893418  21978.734460 -12920.755491    277.280300
PG21  -4599.202945  21397.232437  15023.965638    370.338870
PG22 -12120.853146  11662.531933 -20315.005562     73.097438
PG23  16021.380782   5847.813584 -20360.294474    685.650436
PG24  12418.826507  15160.764073 -18647.504420    191.434132
PG27  10012.497307 -22300.572379 -10202.957674      0.444943
PG30 -24334.634616   2684.947162 -10394.661108    351.999318
*  2026  9  3 22 10  0.00000000
PG01 -16003.431033 -15259.873656 -14787.581974    180.914694
PG02  -9294.370648 -14885.045403 -19754.349203    169.436584
PG03 -11812.622755 -22802.773760   6753.475893    287.493793
PG05   5179.792708  25205.054343   6367.040517   -236.506695
PG06 -19903.813192   6606.079843  16457.202146   -533.228546
PG07 -25637.353801  -7309.508371   3004.121550   -221.451517
PG08   -908.592941 -19708.315588 -17756.739698    356.268113
PG09 -17205.571122  -1053.443705  20120.802341    686.737378
PG10  13196.715816  -5715.427914 -22040.246823   -539.635019
PG12  10071.896056  23930.832957   5289.721284   -602.871429
PG13  11109.927016  23952.088701   2674.123850    437.588541
PG15   3809.217260  19308.059545 -18396.506477    441.838662
PG17 -21561.044588  10484.969594 -11367.221149   -196.792744
PG19 -19717.218809  17291.740614  -1110.911633    704.943403
PG20  -7726.117663  22297.734396 -12141.387916    277.283068
PG21  -4825.011724  20854.060159  15702.889710    370.336563
PG22 -12322.252444  10888.775424 -20607.207009     73.099911
PG23  16252.550455   6581.256951 -19959.396913    685.651550
PG24  11734.566736  15138.467216 -19107.081943    191.439289
PG27  10319.086777 -22513.333704  -9352.236647      0.444962
PG30 -24697.676818   2520.291828  -9570.932284    352.003049
*  2026  9  3 22 15  0.00000000
PG01 -15431.769939 -15171.715296 -15467.881973    180.911879
PG02  -8517.157700 -14834.187075 -20114.549984    169.438836
PG03 -11843.854581 -23051.994631   5819.906970    287.487493
PG05   5022.643216  24980.754591   7286.209160   -236.507059
PG06 -20488.837861   6438.631711  15793.992396   -533.225282
PG07 -25516.371940  -7369.323445   3931.371860   -221.452394
PG08   -450.514976 -20190.395869 -17203.636451    356.265043
PG09 -16734.573811  -1674.983470  20468.460115    686.734783
PG10  13472.816792  -4902.751424 -22078.596284   -539.632832
PG12  10039.972270  24141.302392   4362.300627   -602.871197
PG13  11060.921036  24064.368968   1727.019945    437.590036
PG15   3428.609689  19848.481110 -17872.231040    441.839545
PG17 -21291.890544  10102.349146 -12159.237079   -196.794252
PG19 -19745.278086  17174.605960  -2068.619450    704.943669
PG20  -8066.615867  22600.049041 -11338.716138    277.285828
PG21  -5068.079468  20291.142422  16351.705748    370.334210
PG22 -12539.440682  10108.075600 -20859.072153     73.102763
PG23  16492.074227   7294.962905 -19520.321418    685.652650
PG24  11033.912560  15126.294939 -19532.048815    191.444462
PG27  10601.783374 -22706.226099  -8483.430731      0.444874
PG30 -25032.447208   2367.310079  -8728.973371    352.006745
*  2026  9  3 22 20  0.00000000
PG01 -14834.310359 -15087.481994 -16118.701399    180.909166
PG02  -7725.474835 -14795.851945 -20435.558692    169.440804
PG03 -11868.235278 -23266.899744   4875.195811    287.481211
PG05   4847.768387  24727.525822   8191.334052   -236.506957
PG06 -21051.852234   6287.193352  15100.878876   -533.222043
PG07 -25362.825652  -7425.010897   4851.334798   -221.453454
PG08    -12.674725 -20662.953095 -16617.483328    356.261968
PG09 -16266.895161  -2314.631127  20776.629569    686.732182
PG10  13764.329338  -4095.201983 -22073.540688   -539.630690
PG12  10001.991359  24318.350587   3426.476525   -602.870898
PG13  11000.189411  24144.386540    776.601925    437.591511
PG15   3066.758958  20378.183458 -17315.123380    441.840543
PG17 -21009.294869   9693.058198 -12927.862158   -196.795971
PG19 -19749.302340  17032.330526  -3022.224386    704.943616
PG20  -8382.663687  22884.175906 -10514.285312    277.288543
PG21  -5328.886915  19710.058836  16969.172881    370.331815
PG22 -12772.331800   9322.252673 -21070.059955     73.105230
PG23  16738.742540   7987.580791 -19043.940055    685.653728
PG24  10318.260686  15124.956152 -19921.642768    191.449620
PG27  10861.037793 -22877.851892  -7598.189687      0.445102
PG30 -25338.029388   2224.967530  -7870.405214    352.010483
*  2026  9  3 22 25  0.00000000
PG01 -14212.099506 -15008.395864 -16738.795414    180.906435
PG02  -6921.015108 -14770.632053 -20716.666371    169.443089
PG03 -11884.250131 -23447.553716   3921.159424    287.474895
PG05   4654.174487  24446.501787   9080.660495   -236.507077
PG06 -21591.379642   6150.984555  14379.176352   -533.218789
PG07 -25176.882366  -7477.946732   5762.325311   -221.454615
PG08    404.748696 -21124.354446 -15999.356860    356.258885
PG09 -15803.970560  -2971.280558  21044.701811    686.729559
PG10  14070.580967  -3294.648214 -22025.132196   -539.628549
PG12   9956.569483  24462.069207   2484.059126   -602.870618
PG13  10926.423631  24192.581447   -175.305875    437.592981
PG15   2723.645190  20895.576180 -16726.164067    441.841242
PG17 -20714.766677   9257.102459 -13671.577076   -196.797585
PG19 -19730.415857  16864.112098  -3969.837121    704.943754
PG20  -8674.637186  23148.653391  -9669.681791    277.291278
PG21  -5607.819300  19112.433963  17554.110666    370.329461
PG22 -13020.736729   8533.132813 -21239.710173     73.107985
PG23  16991.279043   8657.846799 -18531.194495    685.654798
PG24   9589.054638  15135.080388 -20275.162236    191.454760
PG27  11097.393384 -23026.865673  -6698.201658      0.445048
PG30 -25613.595599   2092.175847  -6996.876717    352.014144
*  2026  9  3 22 30  0.00000000
PG01 -13566.272300 -14935.623726 -17326.977126    180.903699
PG02  -6105.521206 -14759.026076 -20957.240743    169.445330
PG03 -11890.401793 -23594.136764   2959.629348    287.468563
PG05   4440.946940  24138.899612   9952.462283   -236.507233
PG06 -22106.011959   6029.140155  13630.252914   -533.215620
PG07 -24958.809235  -7529.500684   6662.681887   -221.455753
PG08    801.674416 -21572.974990 -15350.398866    356.255763
PG09 -15347.179275  -3643.738569  21272.145527    686.726935
PG10  14390.798961  -2502.913956 -21933.510060   -539.626398
PG12   9902.339940  24572.659364   1536.867237   -602.870358
PG13  10838.355469  24209.496190  -1126.877330    437.594432
PG15   2399.155073  21399.082969 -16106.392721    441.842547
PG17 -20409.831895   8794.595470 -14388.905969   -196.798708
PG19 -19689.813172  16669.240332  -4909.581979    704.943834
PG20  -8943.010339  23392.067202  -8806.530028    277.294008
PG21  -5905.163987  18499.930724  18105.401326    370.327069
PG22 -13284.363590   7742.540808 -21367.644700     73.110763
PG23  17248.346288   9304.588423 -17983.093993    685.655879
PG24   8847.779685  15157.215033 -20591.967378    191.459918
PG27  11311.483282 -23151.980671  -5785.190018      0.445013
PG30 -25858.409852   1967.798304  -6110.061663    352.017856
*  2026  9  3 22 35  0.00000000
PG01 -12898.047268 -14870.271695 -17882.119853    180.900942
PG02  -5280.778777 -14761.436520 -21156.728167    169.447383
PG03 -11885.217381 -23706.943281   1992.448120    287.462222
PG05   4207.255263  23806.014589  10805.045193   -236.507427
PG06 -22594.415145   5920.714395  12855.527459   -533.212371
PG07 -24708.971886  -7581.029912   7550.769101   -221.456904
PG08   1178.119632 -22007.204574 -14671.814604    356.252649
PG09 -14897.838707  -4330.729242  21458.508136    686.724310
PG10  14724.113744  -1721.771059 -21798.899984   -539.624236
PG12   9837.959804  24650.430118    586.724739   -602.870114
PG13  10734.763186  24195.772985  -2076.288053    437.595866
PG15   2093.082788  21887.147813 -15456.906670    441.843420
PG17 -20096.026536   8305.759311 -15078.419628   -196.800216
PG19 -19628.753077  16447.100601  -5839.601007    704.943808
PG20  -9188.352109  23613.056572  -7926.489408    277.296730
PG21  -6221.108538  17874.243651  18621.991882    370.324648
PG22 -13562.818374   6952.292713 -21453.568707     73.113467
PG23  17508.551696   9926.728516 -17400.713251    685.656947
PG24   8095.957616  15191.822872 -20871.481040    191.465056
PG27  11504.027136 -23251.974928  -4860.910103      0.445507
PG30 -26071.830684   1850.655531  -5211.655501    352.021549
*  2026  9  3 22 40  0.00000000
PG01 -12208.722093 -14813.380044 -18403.159284    180.898164
PG02  -4448.609533 -14778.167363 -21314.655429    169.449480
PG03 -11867.255440 -23786.379932   1021.465731    287.455914
PG05   3952.357623  23449.214639  11636.750418   -236.507805
PG06 -23055.334485   5824.685642  12056.467092   -533.209149
PG07 -24427.832801  -7633.872798   8424.980071   -221.457762
PG08   1534.198998 -22425.454716 -13964.870768    356.249553
PG09 -14457.198922  -5030.898639  21603.416789    686.721698
PG10  15069.562698   -952.932447 -21621.613282   -539.622097
PG12   9762.116435  24695.796525   -364.542981   -602.870007
PG13  10614.477554  24152.150586  -3021.718912    437.597307
PG15   1805.131292  22358.241137 -14778.859490    441.844092
PG17 -19774.889902   7790.924838 -15738.738648   -196.801564
PG19 -19548.552347  16197.177408  -6758.058003    704.943897
PG20  -9411.323131  23810.320264  -7031.251015    277.299435
PG21  -6555.739220  17237.092028  19102.896133    370.322207
PG22 -13855.606117   6164.188520 -21497.271619     73.115825
PG23  17770.453754  10523.288927 -16785.190178    685.657983
PG24   7335.141382  15239.279979 -21113.189641    191.470207
PG27  11675.827423 -23325.697239  -3927.145814      0.445496
PG30 -26253.313514   1739.531427  -4303.372125    352.025252
*  2026  9  3 22 45  0.00000000
PG01 -11499.668829 -14765.918365 -18889.095524    180.895424
PG02  -3610.864130 -14809.422135 -21430.631382    169.451428
PG03 -11835.112766 -23832.963302     48.536105    287.449596
PG05   3675.605031  23069.934452  12445.957947   -236.507306
PG06 -23487.599518   5739.961426  11234.584433   -533.205904
PG07 -24115.949346  -7689.342874   9283.738838   -221.458876
PG08   1870.123574 -22826.165453 -13230.893336    356.246443
PG09 -14026.437492  -5742.819883  21706.579205    686.719055
PG10  15426.094413   -198.045474 -21402.045857   -539.619948
PG12   9673.533843  24709.277262  -1315.112563   -602.869829
PG13  10476.387631  24079.460724  -3961.359520    437.598796
PG15   1534.913994  22810.865900 -14073.459458    441.844906
PG17 -19447.957759   7250.531445 -16368.536517   -196.802833
PG19 -19450.579222  15919.057337  -7663.142473    704.943907
PG20  -9612.671994  23982.622329  -6122.534352    277.302183
PG21  -6909.039963  16590.212942  19547.196531    370.319824
PG22 -14162.132550   5380.004890 -21498.627882     73.118574
PG23  18032.568422  11093.393721 -16137.723542    685.659067
PG24   6566.909623  15299.873945 -21316.644005    191.475354
PG27  11827.765383 -23372.072830  -2985.706123      0.445588
PG30 -26402.412612   1633.179210  -3386.940651    352.028948
*  2026  9  3 22 50  0.00000000
PG01 -10772.328808 -14728.781037 -19338.995022    180.892679
PG02  -2769.414885 -14855.302472 -21504.348411    169.453509
PG03 -11787.431060 -23847.317090   -924.486415    287.443258
PG05   3376.445121  22669.669355  13231.089881   -236.507343
PG06 -23890.128615   5665.383781  10391.434854   -533.202663
PG07 -23773.971457  -7748.722890  10125.502654   -221.459887
PG08   2186.199337 -23207.812113 -12471.265262    356.243319
PG09 -13606.654671  -6464.998552  21767.784344    686.716419
PG10  15792.573331    541.314386 -21140.676988   -539.617780
PG12   9570.978869  24691.491822  -2263.166175   -602.869558
PG13  10319.446304  23978.624153  -4893.411710    437.600261
PG15   1281.956794  23243.563599 -13341.967898    441.845994
PG17 -19116.755511   6685.126350 -16966.542629   -196.804209
PG19 -19336.246687  15612.431540  -8553.073507    704.943935
PG20  -9793.231157  24128.797602  -5202.084002    277.304915
PG21  -7280.891768  15935.354270  19954.045903    370.317446
PG22 -14481.706236   4601.487965 -21457.597556     73.121518
PG23  18293.375715  11636.271945 -15459.570526    685.660134
PG24   5792.861100  15373.802454 -21481.460107    191.480523
PG27  11960.796580 -23390.108743  -2038.421465      0.445751
PG30 -26518.782654   1530.327578  -2464.102181    352.032640
*  2026  9  3 22 55  0.00000000
PG01 -10028.207257 -14702.783039 -19751.992375    180.889971
PG02  -1926.148345 -14915.807154 -21535.583709    169.455776
PG03 -11722.903365 -23830.168875  -1895.750548    287.436966
PG05   3054.425523  22249.968903  13990.613671   -236.507405
PG06 -24261.933214   5599.734877   9528.613638   -533.199418
PG07 -23402.638994  -7813.259059  10948.764186   -221.460832
PG08   2482.825270 -23568.911994 -11687.424024    356.240204
PG09 -13198.868920  -7195.878401  21786.902919    686.713805
PG10  16167.784773   1263.649504 -20838.067949   -539.615655
PG12   9453.267176  24643.157307  -3206.894968   -602.869310
PG13  10142.675547  23850.646341  -5816.092971    437.601720
PG15   1045.700491  23654.920183 -12585.697427    441.846983
PG17 -18782.791396   6095.363391 -17531.545204   -196.805877
PG19 -19207.005563  15277.097737  -9426.103569    704.943957
PG20  -9953.912506  24247.756894  -4271.666246    277.307661
PG21  -7671.072569  15274.267644  20322.669046    370.315074
PG22 -14813.541173   3830.346319 -21374.226687     73.123930
PG23  18551.326447  12151.259959 -14752.044200    685.661223
PG24   5014.609046  15461.172215 -21607.319767    191.485682
PG27  12075.946102 -23378.898895  -1087.140039      0.445588
PG30 -26602.179872   1429.686952  -1536.606580    352.036352
*  2026  9  3 23  0  0.00000000
PG01  -9268.867639 -14688.656106 -20127.292022    180.887223
PG02  -1082.957735 -14990.831618 -21524.200378    169.457755
PG03 -11640.280285 -23782.346462  -2863.411529    287.430681
PG05   2709.196786  21812.430249  14723.045277   -236.507392
PG06 -24602.121670   5541.742903   8647.753060   -533.196137
PG07 -23002.778782  -7884.155480  11752.053641   -221.461957
PG08   2760.491017 -23908.030905 -10880.859018    356.237127
PG09 -12804.012797  -7933.847354  21763.887730    686.711224
PG10  16550.440321   1967.545674 -20494.860456   -539.613465
PG12   9319.268999  24565.084829  -4144.502485   -602.869096
PG13   9945.171380  23696.612817  -6727.639847    437.603209
PG15    825.503559  24043.571829 -11806.010100    441.848015
PG17 -18447.549749   5482.001355 -18062.394130   -196.806952
PG19 -19064.337469  14912.961735 -10280.522181    704.943973
PG20 -10095.702584  24338.491878  -3333.065655    277.310406
PG21  -8079.257554  14608.701414  20652.364177    370.312699
PG22 -15156.759862   3068.244056 -21248.647497     73.126543
PG23  18804.849088  12637.803305 -14016.510901    685.662368
PG24   4233.775463  15561.998250 -21693.971262    191.490973
PG27  12174.303431 -23337.628795   -133.724015      0.445186
PG30 -26652.462802   1329.955791   -606.209258    352.040087
*  2026  9  3 23  5  0.00000000
PG01  -8495.925753 -14687.045265 -20464.169790    180.884535
PG02   -241.735349 -15080.167981 -21470.148326    169.459894
PG03 -11538.375944 -23704.773836  -3825.634531    287.424383
PG05   2340.514862  21358.691307  15426.952246   -236.507678
PG06 -24909.902721   5490.088194   7750.519415   -533.192868
PG07 -22575.301338  -7962.568769  12533.940806   -221.462894
PG08   3019.774124 -24223.789535 -10053.108820    356.234056
PG09 -12422.929256  -8677.243768  21698.773847    686.708613
PG10  16939.183525   2651.677292 -20111.774944   -539.611268
PG12   9167.914652  24458.175546  -5074.208013   -602.869075
PG13   9726.108517  23517.684189  -7626.311292    437.604708
PG15    620.645270  24408.210569 -11004.315437    441.848842
PG17 -18112.484353   4845.901817 -18558.003681   -196.808577
PG19 -18909.747664  14520.038449 -11114.659502    704.944203
PG20 -10219.657496  24400.079642  -2388.081642    277.313161
PG21  -8505.019937  13940.393642  20942.504245    370.310340
PG22 -15510.396824   2316.794106 -21081.078355     73.129434
PG23  19052.356717  13095.458111 -13254.387531    685.663475
PG24   3451.985373  15676.203549 -21741.229874    191.496172
PG27  12257.016996 -23265.579883    819.954328      0.445157
PG30 -26669.592603   1229.826920    325.332037    352.043783
*  2026  9  3 23 10  0.00000000
PG01  -7711.043616 -14698.505749 -20761.974327    180.881794
PG02    595.635112 -15183.505556 -21373.464955    169.461933
PG03 -11416.073666 -23598.466728  -4780.598037    287.418073
PG05   1948.243116  20890.423734  16100.956679   -236.507463
PG06 -25184.588547   5443.409561   6838.609974   -533.189594
PG07 -22121.197318  -8049.602913  13293.037006   -221.464021
PG08   3261.336864 -24514.869644  -9205.758297    356.230970
PG09 -12056.368335  -9424.362920  21591.678604    686.706024
PG10  17332.595904   3314.812122 -19689.608698   -539.609095
PG12   8998.199764  24323.416336  -5994.249876   -602.868929
PG13   9484.744670  23315.090871  -8510.391968    437.606214
PG15    430.329166  24747.589752 -10182.068364    441.849781
PG17 -17779.011914   4188.026516 -19017.355142   -196.810110
PG19 -18744.757827  14098.452425 -11926.889779    704.944076
PG20 -10326.897534  24431.686878  -1438.524996    277.315925
PG21  -8947.832179  13271.065160  21192.538097    370.307975
PG22 -15873.402551   1577.551749 -20871.823543     73.132038
PG23  19292.254041  13523.892046 -12467.138791    685.664564
PG24   2670.861058  15803.619086 -21748.978360    191.501361
PG27  12325.288440 -23162.133471   1772.016544      0.445230
PG30 -26653.632982   1127.993880   1256.260399    352.047521
*  2026  9  3 23 15  0.00000000
PG01  -6915.923144 -14723.500315 -21020.128391    180.879050
PG02   1427.286204 -15300.431874 -21234.275650    169.464121
PG03 -11272.331350 -23464.527832  -5726.497176    287.411760
PG05   1532.353867  20409.325785  16743.738104   -236.507766
PG06 -25425.597411   5400.310807   5913.749886   -533.186324
PG07 -21641.533686  -8146.304363  14027.996989   -221.465009
PG08   3485.922674 -24780.020012  -8340.435592    356.227869
PG09 -11704.984283 -10173.463704  21442.801439    686.703403
PG10  17729.203222   3955.815610 -19229.233828   -539.606928
PG12   8809.190211  24161.875153  -6902.888659   -602.868286
PG13   9220.424497  23090.127525  -9378.195497    437.607692
PG15    253.686872  25060.529294  -9340.767028    441.850725
PG17 -17448.505689   3509.434262 -19439.499299   -196.811319
PG19 -18570.898796  13648.437873 -12715.634684    704.944088
PG20 -10418.601533  24432.573707   -486.214403    277.318673
PG21  -9407.067662  12602.412718  21401.991495    370.305598
PG22 -16244.647869    852.008395 -20621.272824     73.134732
PG23  19522.944443  13922.884786 -11656.274336    685.665661
PG24   1892.016291  15943.984203 -21717.167359    191.506553
PG27  12380.366612 -23026.774259   2720.582016      0.445007
PG30 -26604.749699   1023.157250   2184.822931    352.051250
*  2026  9  3 23 20  0.00000000
PG01  -6112.299665 -14762.396970 -21238.130008    180.876349
PG02   2251.374362 -15430.434208 -21052.794041    169.466298
PG03 -11106.186529 -23304.141677  -6661.546991    287.405450
PG05   1092.929444  19917.115042  17354.036237   -236.507962
PG06 -25632.455871   5359.367399   4977.689031   -533.183076
PG07 -21137.449622  -8253.657379  14737.520722   -221.466053
PG08   3694.352207 -25018.062140  -7458.808979    356.224796
PG09 -11369.333113 -10922.775501  21252.423556    686.700798
PG10  18127.481998   4573.654747 -18731.595107   -539.604754
PG12   8600.026750  23974.696060  -7798.410366   -602.868074
PG13   8932.583175  22844.147252 -10228.067633    437.609172
PG15     89.782223  25345.920724  -8481.950518    441.851478
PG17 -17122.289298   2811.277396 -19823.558805   -196.812415
PG19 -18389.703305  13170.338193 -13479.366496    704.944185
PG20 -10496.000980  24402.097107    467.027049    277.321410
PG21  -9882.002791  11936.102249  21570.467989    370.303200
PG22 -16622.928711    141.585645 -20329.900783     73.137608
PG23  19742.837040  14292.328037 -10823.345873    685.666761
PG24   1117.050597  16096.947359 -21645.815710    191.511747
PG27  12423.541331 -22859.093417   3663.772003      0.444950
PG30 -26523.209674    914.030921   3109.273873    352.054960
*  2026  9  3 23 25  0.00000000
PG01  -5301.935293 -14815.467121 -21415.553488    180.873634
PG02   3066.087457 -15572.901600 -20829.322047    169.468177
PG03 -10916.761078 -23118.569191  -7583.985670    287.399131
PG05    630.162754  19415.521072  17930.653623   -236.507900
PG06 -25804.800561   5319.133264   4032.198820   -533.179851
PG07 -20610.152189  -8372.579645  15420.355127   -221.467205
PG08   3887.519006 -25227.895674  -6562.583592    356.221717
PG09 -11049.870610 -11670.505190  21020.907414    686.698198
PG10  18525.866223   5167.401468 -18197.707676   -539.602611
PG12   8369.929303  23763.093989  -8679.129500   -602.868034
PG13   8620.749587  22578.555564 -11058.389380    437.610639
PG15    -62.384291  25602.731975  -7607.196471    441.852632
PG17 -16801.630758   2094.797801 -20168.730401   -196.813687
PG19 -18202.698757  12664.605020 -14216.611156    704.944232
PG20 -10560.373916  24339.713952   1419.375357    277.324162
PG21 -10371.819535  11273.762286  21697.649637    370.300848
PG22 -17006.971250   -552.370318 -19998.265979     73.140080
PG23  19950.353713  14632.225075  -9969.944203    685.667849
PG24    347.543544  16262.067247 -21535.010705    191.516911
PG27  12456.136936 -22658.791198   4599.713725      0.445311
PG30 -26409.379694    799.348304   4027.877705    352.058662
*  2026  9  3 23 30  0.00000000
PG01  -4486.612182 -14882.884151 -21552.050302    180.870948
PG02   3869.652241 -15727.127374 -20564.249692    169.470257
PG03 -10703.265563 -22909.141967  -8492.077695    287.392832
PG05    144.357351  18906.278042  18472.458147   -236.507704
PG06 -25942.379513   5278.147695   3079.068958   -533.176576
PG07 -20060.911774  -8503.918165  16075.295725   -221.467946
PG08   4066.384846 -25408.503508  -5653.498039    356.218641
PG09 -10746.950787 -12414.844280  20748.696060    686.695588
PG10  18922.754251   5736.235562 -17628.654622   -539.600478
PG12   8118.200913  23528.349229  -9543.392061   -602.867526
PG13   8284.549108  22294.804141 -11867.580029    437.612116
PG15   -203.870781  25830.011920  -6718.118576    441.853354
PG17 -16487.736751   1361.322491 -20474.286996   -196.815417
PG19 -18011.400062  12131.796781 -14925.951163    704.944587
PG20 -10613.038643  24244.983619   2369.009095    277.326925
PG21 -10875.608376  10616.977557  21783.297579    370.298465
PG22 -17395.437399  -1228.594003 -19627.009870     73.143048
PG23  20143.936081  14942.689845  -9097.696206    685.668945
PG24   -414.950897  16438.814278 -21384.908254    191.522089
PG27  12479.505655 -22425.679075   5526.544467      0.445346
PG30 -26263.724720    677.868436   4938.912211    352.062411
*  2026  9  3 23 35  0.00000000
PG01  -3668.125695 -14964.722438 -21647.349815    180.868226
PG02   4660.341642 -15892.312147 -20258.054694    169.472335
PG03 -10465.003215 -22677.256277  -9384.116941    287.386501
PG05   -364.072986  18391.117315  18978.385426   -236.508022
PG06 -26045.053044   5234.942316   2120.104167   -533.173300
PG07 -19491.057321  -8648.445450  16701.188222   -221.469091
PG08   4231.974731 -25558.956554  -4733.320909    356.215562
PG09 -10460.824816 -13153.976117  20436.312274    686.692896
PG10  19316.515832   6279.447099 -17025.584442   -539.598313
PG12   7844.231325  23271.801683 -10389.578466   -602.867015
PG13   7923.705973  21994.384428 -12654.100110    437.613606
PG15   -335.788944  26026.894618  -5816.363970    441.854603
PG17 -16181.747177    612.258791 -20739.579580   -196.816901
PG19 -17817.302582  11572.576780 -15606.028318    704.944427
PG20 -10655.347277  24117.570177   3314.112888    277.329652
PG21 -11392.371675   9967.282781  21827.252457    370.296113
PG22 -17786.930625  -1885.905507 -19216.855549     73.145313
PG23  20322.052396  15223.945586  -8208.261784    685.670039
PG24  -1168.909918  16626.572418 -21195.732976    191.527272
PG27  12495.020827 -22159.681394   6442.415713      0.445329
PG30 -26086.805824    548.381967   5840.671506    352.066142
*  2026  9  3 23 40  0.00000000
PG01  -2848.277520 -15060.956811 -21701.259872    180.865474
PG02   5436.481880 -16067.567298 -19911.301814    169.474382
PG03 -10201.373504 -22424.366833 -10258.429694    287.380181
PG05   -894.605171  17871.760078  19447.441047   -236.507941
PG06 -26112.794173   5188.048098   1157.120881   -533.170057
PG07 -18901.971370  -8806.856017  17296.930012   -221.469941
PG08   4385.371590 -25678.418156  -3803.847172    356.212477
PG09 -10191.640420 -13886.083142  20084.357570    686.690207
PG10  19705.499262   6796.438358 -16389.708400   -539.596151
PG12   7547.500195  22994.844909 -11216.106375   -602.867251
PG13   7538.045226  21678.821076 -13416.454264    437.615078
PG15   -459.298774  26192.603256  -4903.610523    441.855231
PG17 -15884.730002   -150.910873 -20964.038983   -196.818206
PG19 -17621.875207  10987.710819 -16255.546304    704.944335
PG20 -10688.679162  23957.244143   4252.880866    277.332416
PG21 -11921.027421   9326.156695  21829.434679    370.293738
PG22 -18180.002067  -2523.215020 -18768.606263     73.148066
PG23  20483.204323  15476.323031  -7303.330758    685.671194
PG24  -1912.847337  16824.641394 -20967.778200    191.532447
PG27  12504.070008 -21860.836511   7345.497264      0.445301
PG30 -25879.277740    409.716997   6731.469007    352.069856
*  2026  9  3 23 45  0.00000000
PG01  -2028.868754 -15171.462448 -21713.667240    180.862713
PG02   6196.459350 -16251.918913 -19524.641983    169.476582
PG03  -9911.875311 -22151.980346 -11113.377601    287.373833
PG05  -1446.608223  17349.910012  19878.702674   -236.507796
PG06 -26145.688591   5136.002380    191.943908   -533.166856
PG07 -18295.084926  -8979.763195  17861.471621   -221.471203
PG08   4527.710691 -25766.148106  -2866.894494    356.209360
PG09  -9939.441736 -14609.354174  19693.511010    686.687579
PG10  20088.038598   7286.725255 -15722.297781   -539.594026
PG12   7227.579914  22698.919976 -12021.433435   -602.866589
PG13   7127.494232  21349.665276 -14153.194030    437.616552
PG15   -575.603041  26326.453764  -3981.564031    441.856364
PG17 -15597.676436   -926.634553 -21147.177451   -196.819420
PG19 -17426.553598  10378.064370 -16873.273102    704.944633
PG20 -10714.434181  23763.883789   5183.520107    277.335119
PG21 -12460.413356   8695.016332  21789.844543    370.291351
PG22 -18573.156925  -3139.526909 -18283.143744     73.150634
PG23  20625.933590  15700.258150  -6384.619740    685.672339
PG24  -2645.318938  17032.239241 -20701.405885    191.537609
PG27  12508.047999 -21529.297424   8233.981355      0.445144
PG30 -25641.886058    260.744754   7609.640373    352.073541
*  2026  9  3 23 50  0.00000000
PG01  -1211.692981 -15296.015232 -21684.537903    180.859991
PG02   6938.727262 -16444.312159 -19098.811179    169.478813
PG03  -9596.109682 -21861.648897 -11947.360536    287.367519
PG05  -2019.345165  16827.246063  20271.321998   -236.507834
PG06 -26143.934169   5077.355882   -773.596924   -533.163618
PG07 -17671.872169  -9167.696262  18393.818074   -221.472212
PG08   4660.173788 -25821.506269  -1924.299457    356.206263
PG09  -9704.169657 -15321.991669  19264.527874    686.684948
PG10  20462.460930   7749.938274 -15024.681054   -539.591890
PG12   6884.138037  22385.509162 -12804.059921   -602.866732
PG13   6692.083763  21008.487992 -14862.920523    437.618021
PG15   -685.941531  26427.858086  -3051.955292    441.857103
PG17 -15321.496463  -1713.296703 -21288.590053   -196.820714
PG19 -17232.733629   9744.599314 -17458.043240    704.944381
PG20 -10734.026001  23537.476006   6104.254025    277.337867
PG21 -13009.291463   8075.211591  21708.562196    370.289004
PG22 -18964.861087  -3733.943364 -17761.426333     73.153232
PG23  20748.828460  15896.289486  -5453.868961    685.673423
PG24  -3364.927677  17248.505205 -20397.046445    191.542786
PG27  12508.349820 -21165.331883   9106.086744      0.444711
PG30 -25375.464067    100.385066   8473.546381    352.077239
*  2026  9  3 23 55  0.00000000
PG01   -398.529391 -15434.292533 -21613.917199    180.857282
PG02   7661.811973 -16643.616087 -18634.629083    169.480832
PG03  -9253.782149 -21554.963149 -12758.819392    287.361207
PG05  -2611.975401  16305.415324  20624.526536   -236.508027
PG06 -26107.840008   5010.679660  -1737.670135   -533.160359
PG07 -17033.845030  -9371.097915  18893.030201   -221.473262
PG08   4783.983044 -25843.955765   -977.913717    356.203185
PG09  -9485.662636 -16022.218941  18798.238160    686.682325
PG10  20827.093658   8185.822890 -14298.240958   -539.589723
PG12   6516.939305  22056.129520 -13562.531289   -602.866318
PG13   6231.948630  20656.873146 -15544.287028    437.619493
PG15   -791.585099  26496.327091  -2116.537098    441.857950
PG17 -15057.014754  -2509.224414 -21387.955893   -196.822707
PG19 -17041.765052   9088.370271 -18008.759865    704.944462
PG20 -10748.875261  23278.116715   7013.325748    277.340583
PG21 -13566.352783   7468.020090  21585.747451    370.286656
PG22 -19353.547952  -4305.667587 -17204.486923     73.156063
PG23  20850.530020  16065.055062  -4512.839080    685.674491
PG24  -4070.328722  17472.502977 -20055.198489    191.547961
PG27  12506.363671 -20769.321982   9960.062770      0.444280
PG30 -25080.929260    -72.388362   9321.575752    352.080947
*  2026  9  4  0  0  0.00000000
PG01    408.864051 -15585.874450 -21501.929820 999999.999999
PG02   8364.319003 -16848.628834 -18132.997494 999999.999999
PG03  -8884.704618 -21233.545435 -13546.238779 999999.999999
PG05  -3223.557563  15786.026079  20937.621271 999999.999999
PG06 -26037.825040   4934.571996  -2698.445980 999999.999999
PG07 -16382.547652  -9590.322071  19358.225870 999999.999999
PG08   4900.394742 -25833.065717    -29.600086 999999.999999
PG09  -9283.657963 -16708.287294  18295.544931 999999.999999
PG10  21180.271750   8594.239498 -13544.411502 999999.999999
PG12   6125.847255  21712.326333 -14295.440628 999999.999999
PG13   5747.327874  20296.410764 -16196.001477 999999.999999
PG15   -893.829534  26531.473097  -1177.081113 999999.999999
PG17 -14804.966967  -3312.693953 -21445.039132 999999.999999
PG19 -16854.945426   8410.520526 -18524.396645 999999.999999
PG20 -10760.402752  22986.010824   7909.001430 999999.999999
PG21 -14130.222561   6874.642361  21421.639449 999999.999999
PG22 -19737.625446  -4854.006513 -16613.430713 999999.999999
PG23  20929.738256  16207.288899  -3563.307979 999999.999999
PG24  -4760.234317  17703.224260 -19676.428461 999999.999999
PG27  12503.463922 -20341.763214  10794.193350 999999.999999
PG30 -24759.279522   -258.542921  10152.147917 999999.999999
EOF
