     2.00           CLOCK DATA                              RINEX VERSION / TYPE
CCRNXC V5.5         AIUB                04-SEP-26 18:38     PGM / RUN BY / DATE 
CODE RAPID PRECISE CLOCK INFORMATION                        COMMENT             
BASED ON CODE AND PHASE MEASUREMENTS                        COMMENT             
MERGED CLOCK INFORMATION FROM 5-MINUTE AND                  COMMENT             
30-SECOND CLOCK CORRECTIONS                                 COMMENT             
   GPS                                                      TIME SYSTEM ID      
G GPSEST V5.5       IGS20_2425                              SYS / PCVS APPLIED  
G GPSEST V5.5       CODE.BIA @ ftp.aiub.unibe.ch/CODE/      SYS / DCBS APPLIED  
COD  Center for Orbit Determination in Europe               ANALYSIS CENTER     
     1                                                      # OF CLK REF        
MGUE 41558M001                           0.000000000000E+00 ANALYSIS CLK REF    
                                                            END OF HEADER       
AS G01  2026 09 03 04 58 00.000000  1    0.181479213823E-03                              
AS G02  2026 09 03 04 58 00.000000  1    0.169003210699E-03                              
AS G03  2026 09 03 04 58 00.000000  1    0.288785401817E-03                              
AS G05  2026 09 03 04 58 00.000000  1   -0.236487796371E-03                              
AS G06  2026 09 03 04 58 00.000000  1   -0.533894298364E-03                              
AS G07  2026 09 03 04 58 00.000000  1   -0.221247203976E-03                              
AS G08  2026 09 03 04 58 00.000000  1    0.356905912857E-03                              
AS G09  2026 09 03 04 58 00.000000  1    0.687278797189E-03                              
AS G10  2026 09 03 04 58 00.000000  1   -0.540075689107E-03                              
AS G12  2026 09 03 04 58 00.000000  1   -0.602920112809E-03                              
AS G13  2026 09 03 04 58 00.000000  1    0.437286116376E-03                              
AS G15  2026 09 03 04 58 00.000000  1    0.441653840407E-03                              
AS G17  2026 09 03 04 58 00.000000  1   -0.196505347806E-03                              
AS G19  2026 09 03 04 58 00.000000  1    0.704935824020E-03                              
AS G20  2026 09 03 04 58 00.000000  1    0.276716588382E-03                              
AS G21  2026 09 03 04 58 00.000000  1    0.370824253899E-03                              
AS G22  2026 09 03 04 58 00.000000  1    0.725522650531E-04                              
AS G23  2026 09 03 04 58 00.000000  1    0.685427438416E-03                              
AS G24  2026 09 03 04 58 00.000000  1    0.190367567801E-03                              
AS G27  2026 09 03 04 58 00.000000  1    0.450758403344E-06                              
AS G30  2026 09 03 04 58 00.000000  1    0.351238720548E-03                              
AS G01  2026 09 03 04 58 30.000000  1    0.181478934157E-03                              
AS G02  2026 09 03 04 58 30.000000  1    0.169003400484E-03                              
AS G03  2026 09 03 04 58 30.000000  1    0.288784765481E-03                              
AS G05  2026 09 03 04 58 30.000000  1   -0.236487900140E-03                              
AS G06  2026 09 03 04 58 30.000000  1   -0.533893978456E-03                              
AS G07  2026 09 03 04 58 30.000000  1   -0.221247076102E-03                              
AS G08  2026 09 03 04 58 30.000000  1    0.356905604653E-03                              
AS G09  2026 09 03 04 58 30.000000  1    0.687278532326E-03                              
AS G10  2026 09 03 04 58 30.000000  1   -0.540075470798E-03                              
AS G12  2026 09 03 04 58 30.000000  1   -0.602920003762E-03                              
AS G13  2026 09 03 04 58 30.000000  1    0.437286255877E-03                              
AS G15  2026 09 03 04 58 30.000000  1    0.441653870767E-03                              
AS G17  2026 09 03 04 58 30.000000  1   -0.196505416079E-03                              
AS G19  2026 09 03 04 58 30.000000  1    0.704935874891E-03                              
AS G20  2026 09 03 04 58 30.000000  1    0.276716864134E-03                              
AS G21  2026 09 03 04 58 30.000000  1    0.370824025412E-03                              
AS G22  2026 09 03 04 58 30.000000  1    0.725525271614E-04                              
AS G23  2026 09 03 04 58 30.000000  1    0.685427542651E-03                              
AS G24  2026 09 03 04 58 30.000000  1    0.190368077949E-03                              
AS G27  2026 09 03 04 58 30.000000  1    0.450790580332E-06                              
AS G30  2026 09 03 04 58 30.000000  1    0.351239094537E-03                              
AS G01  2026 09 03 04 59 00.000000  1    0.181478663084E-03                              
AS G02  2026 09 03 04 59 00.000000  1    0.169003670231E-03                              
AS G03  2026 09 03 04 59 00.000000  1    0.288784139281E-03                              
AS G05  2026 09 03 04 59 00.000000  1   -0.236487995904E-03                              
AS G06  2026 09 03 04 59 00.000000  1   -0.533893667699E-03                              
AS G07  2026 09 03 04 59 00.000000  1   -0.221247279822E-03                              
AS G08  2026 09 03 04 59 00.000000  1    0.356905293014E-03                              
AS G09  2026 09 03 04 59 00.000000  1    0.687278262107E-03                              
AS G10  2026 09 03 04 59 00.000000  1   -0.540075262385E-03                              
AS G12  2026 09 03 04 59 00.000000  1   -0.602919952377E-03                              
AS G13  2026 09 03 04 59 00.000000  1    0.437286401415E-03                              
AS G15  2026 09 03 04 59 00.000000  1    0.441653931486E-03                              
AS G17  2026 09 03 04 59 00.000000  1   -0.196505564845E-03                              
AS G19  2026 09 03 04 59 00.000000  1    0.704935895209E-03                              
AS G20  2026 09 03 04 59 00.000000  1    0.276717134872E-03                              
AS G21  2026 09 03 04 59 00.000000  1    0.370823802858E-03                              
AS G22  2026 09 03 04 59 00.000000  1    0.725527829172E-04                              
AS G23  2026 09 03 04 59 00.000000  1    0.685427661457E-03                              
AS G24  2026 09 03 04 59 00.000000  1    0.190368589863E-03                              
AS G27  2026 09 03 04 59 00.000000  1    0.450707385659E-06                              
AS G30  2026 09 03 04 59 00.000000  1    0.351239457927E-03                              
AS G01  2026 09 03 04 59 30.000000  1    0.181478379343E-03                              
AS G02  2026 09 03 04 59 30.000000  1    0.169003891258E-03                              
AS G03  2026 09 03 04 59 30.000000  1    0.288783510548E-03                              
AS G05  2026 09 03 04 59 30.000000  1   -0.236487966892E-03                              
AS G06  2026 09 03 04 59 30.000000  1   -0.533893339879E-03                              
AS G07  2026 09 03 04 59 30.000000  1   -0.221247527141E-03                              
AS G08  2026 09 03 04 59 30.000000  1    0.356904983300E-03                              
AS G09  2026 09 03 04 59 30.000000  1    0.687277999900E-03                              
AS G10  2026 09 03 04 59 30.000000  1   -0.540075046973E-03                              
AS G12  2026 09 03 04 59 30.000000  1   -0.602919929024E-03                              
AS G13  2026 09 03 04 59 30.000000  1    0.437286540299E-03                              
AS G15  2026 09 03 04 59 30.000000  1    0.441654075604E-03                              
AS G17  2026 09 03 04 59 30.000000  1   -0.196505767102E-03                              
AS G19  2026 09 03 04 59 30.000000  1    0.704935874160E-03                              
AS G20  2026 09 03 04 59 30.000000  1    0.276717398196E-03                              
AS G21  2026 09 03 04 59 30.000000  1    0.370823561683E-03                              
AS G22  2026 09 03 04 59 30.000000  1    0.725530004987E-04                              
AS G23  2026 09 03 04 59 30.000000  1    0.685427769383E-03                              
AS G24  2026 09 03 04 59 30.000000  1    0.190369104193E-03                              
AS G27  2026 09 03 04 59 30.000000  1    0.450827950526E-06                              
AS G30  2026 09 03 04 59 30.000000  1    0.351239822432E-03                              
AS G01  2026 09 03 05 00 00.000000  2    0.181478097105E-03  0.882197018302E-11          
AS G02  2026 09 03 05 00 00.000000  2    0.169003992847E-03  0.881796081637E-11          
AS G03  2026 09 03 05 00 00.000000  2    0.288782892850E-03  0.896927145693E-11          
AS G05  2026 09 03 05 00 00.000000  2   -0.236487988541E-03  0.901063207997E-11          
AS G06  2026 09 03 05 00 00.000000  2   -0.533893022966E-03  0.919415152441E-11          
AS G07  2026 09 03 05 00 00.000000  2   -0.221247574453E-03  0.913057745850E-11          
AS G08  2026 09 03 05 00 00.000000  2    0.356904669740E-03  0.885921755170E-11          
AS G09  2026 09 03 05 00 00.000000  2    0.687277736590E-03  0.923151226890E-11          
AS G10  2026 09 03 05 00 00.000000  2   -0.540074823008E-03  0.896612721266E-11          
AS G12  2026 09 03 05 00 00.000000  2   -0.602920263707E-03  0.910639302916E-11          
AS G13  2026 09 03 05 00 00.000000  2    0.437286682016E-03  0.916162782744E-11          
AS G15  2026 09 03 05 00 00.000000  2    0.441654132087E-03  0.917392336967E-11          
AS G17  2026 09 03 05 00 00.000000  2   -0.196505991310E-03  0.893440309951E-11          
AS G19  2026 09 03 05 00 00.000000  2    0.704935923901E-03  0.906615554490E-11          
AS G20  2026 09 03 05 00 00.000000  2    0.276717666841E-03  0.914178265481E-11          
AS G21  2026 09 03 05 00 00.000000  2    0.370823307587E-03  0.911446852150E-11          
AS G22  2026 09 03 05 00 00.000000  2    0.725531681287E-04  0.889556819818E-11          
AS G23  2026 09 03 05 00 00.000000  2    0.685427863652E-03  0.940110238096E-11          
AS G24  2026 09 03 05 00 00.000000  2    0.190369619434E-03  0.912046239500E-11          
AS G27  2026 09 03 05 00 00.000000  2    0.450940310300E-06  0.902086248093E-11          
AS G30  2026 09 03 05 00 00.000000  2    0.351240179913E-03  0.900577980003E-11          
AS G01  2026 09 03 05 00 30.000000  1    0.181477829400E-03                              
AS G02  2026 09 03 05 00 30.000000  1    0.169004198249E-03                              
AS G03  2026 09 03 05 00 30.000000  1    0.288782265253E-03                              
AS G05  2026 09 03 05 00 30.000000  1   -0.236487881533E-03                              
AS G06  2026 09 03 05 00 30.000000  1   -0.533892690769E-03                              
AS G07  2026 09 03 05 00 30.000000  1   -0.221247493260E-03                              
AS G08  2026 09 03 05 00 30.000000  1    0.356904359499E-03                              
AS G09  2026 09 03 05 00 30.000000  1    0.687277467375E-03                              
AS G10  2026 09 03 05 00 30.000000  1   -0.540074598138E-03                              
AS G12  2026 09 03 05 00 30.000000  1   -0.602920140512E-03                              
AS G13  2026 09 03 05 00 30.000000  1    0.437286826448E-03                              
AS G15  2026 09 03 05 00 30.000000  1    0.441654156422E-03                              
AS G17  2026 09 03 05 00 30.000000  1   -0.196506067153E-03                              
AS G19  2026 09 03 05 00 30.000000  1    0.704935981888E-03                              
AS G20  2026 09 03 05 00 30.000000  1    0.276717943984E-03                              
AS G21  2026 09 03 05 00 30.000000  1    0.370823080615E-03                              
AS G22  2026 09 03 05 00 30.000000  1    0.725534453534E-04                              
AS G23  2026 09 03 05 00 30.000000  1    0.685427971213E-03                              
AS G24  2026 09 03 05 00 30.000000  1    0.190370143757E-03                              
AS G27  2026 09 03 05 00 30.000000  1    0.450816371569E-06                              
AS G30  2026 09 03 05 00 30.000000  1    0.351240567646E-03                              
AS G01  2026 09 03 05 01 00.000000  1    0.181477554453E-03                              
AS G02  2026 09 03 05 01 00.000000  1    0.169004490106E-03                              
AS G03  2026 09 03 05 01 00.000000  1    0.288781643162E-03                              
AS G05  2026 09 03 05 01 00.000000  1   -0.236487960384E-03                              
AS G06  2026 09 03 05 01 00.000000  1   -0.533892363030E-03                              
AS G07  2026 09 03 05 01 00.000000  1   -0.221247602301E-03                              
AS G08  2026 09 03 05 01 00.000000  1    0.356904046776E-03                              
AS G09  2026 09 03 05 01 00.000000  1    0.687277205568E-03                              
AS G10  2026 09 03 05 01 00.000000  1   -0.540074389505E-03                              
AS G12  2026 09 03 05 01 00.000000  1   -0.602920007384E-03                              
AS G13  2026 09 03 05 01 00.000000  1    0.437286966468E-03                              
AS G15  2026 09 03 05 01 00.000000  1    0.441654149552E-03                              
AS G17  2026 09 03 05 01 00.000000  1   -0.196506220662E-03                              
AS G19  2026 09 03 05 01 00.000000  1    0.704935911152E-03                              
AS G20  2026 09 03 05 01 00.000000  1    0.276718216315E-03                              
AS G21  2026 09 03 05 01 00.000000  1    0.370822844972E-03                              
AS G22  2026 09 03 05 01 00.000000  1    0.725538785603E-04                              
AS G23  2026 09 03 05 01 00.000000  1    0.685428076362E-03                              
AS G24  2026 09 03 05 01 00.000000  1    0.190370658781E-03                              
AS G27  2026 09 03 05 01 00.000000  1    0.450771540866E-06                              
AS G30  2026 09 03 05 01 00.000000  1    0.351240935977E-03                              
AS G01  2026 09 03 05 01 30.000000  1    0.181477291291E-03                              
AS G02  2026 09 03 05 01 30.000000  1    0.169004745268E-03                              
AS G03  2026 09 03 05 01 30.000000  1    0.288781021076E-03                              
AS G05  2026 09 03 05 01 30.000000  1   -0.236487993271E-03                              
AS G06  2026 09 03 05 01 30.000000  1   -0.533892044050E-03                              
AS G07  2026 09 03 05 01 30.000000  1   -0.221247814733E-03                              
AS G08  2026 09 03 05 01 30.000000  1    0.356903735326E-03                              
AS G09  2026 09 03 05 01 30.000000  1    0.687276942015E-03                              
AS G10  2026 09 03 05 01 30.000000  1   -0.540074182858E-03                              
AS G12  2026 09 03 05 01 30.000000  1   -0.602919901107E-03                              
AS G13  2026 09 03 05 01 30.000000  1    0.437287108275E-03                              
AS G15  2026 09 03 05 01 30.000000  1    0.441654326712E-03                              
AS G17  2026 09 03 05 01 30.000000  1   -0.196506435270E-03                              
AS G19  2026 09 03 05 01 30.000000  1    0.704935983641E-03                              
AS G20  2026 09 03 05 01 30.000000  1    0.276718484509E-03                              
AS G21  2026 09 03 05 01 30.000000  1    0.370822619832E-03                              
AS G22  2026 09 03 05 01 30.000000  1    0.725541818518E-04                              
AS G23  2026 09 03 05 01 30.000000  1    0.685428198589E-03                              
AS G24  2026 09 03 05 01 30.000000  1    0.190371185316E-03                              
AS G27  2026 09 03 05 01 30.000000  1    0.450718446803E-06                              
AS G30  2026 09 03 05 01 30.000000  1    0.351241302812E-03                              
AS G01  2026 09 03 05 02 00.000000  1    0.181477006661E-03                              
AS G02  2026 09 03 05 02 00.000000  1    0.169004851871E-03                              
AS G03  2026 09 03 05 02 00.000000  1    0.288780396874E-03                              
AS G05  2026 09 03 05 02 00.000000  1   -0.236487853150E-03                              
AS G06  2026 09 03 05 02 00.000000  1   -0.533891725826E-03                              
AS G07  2026 09 03 05 02 00.000000  1   -0.221247898400E-03                              
AS G08  2026 09 03 05 02 00.000000  1    0.356903428169E-03                              
AS G09  2026 09 03 05 02 00.000000  1    0.687276676806E-03                              
AS G10  2026 09 03 05 02 00.000000  1   -0.540073973373E-03                              
AS G12  2026 09 03 05 02 00.000000  1   -0.602919790340E-03                              
AS G13  2026 09 03 05 02 00.000000  1    0.437287261183E-03                              
AS G15  2026 09 03 05 02 00.000000  1    0.441654479812E-03                              
AS G17  2026 09 03 05 02 00.000000  1   -0.196506442350E-03                              
AS G19  2026 09 03 05 02 00.000000  1    0.704936028003E-03                              
AS G20  2026 09 03 05 02 00.000000  1    0.276718750700E-03                              
AS G21  2026 09 03 05 02 00.000000  1    0.370822383381E-03                              
AS G22  2026 09 03 05 02 00.000000  1    0.725543326218E-04                              
AS G23  2026 09 03 05 02 00.000000  1    0.685428317214E-03                              
AS G24  2026 09 03 05 02 00.000000  1    0.190371705812E-03                              
AS G27  2026 09 03 05 02 00.000000  1    0.450700734707E-06                              
AS G30  2026 09 03 05 02 00.000000  1    0.351241679473E-03                              
AS G01  2026 09 03 05 02 30.000000  1    0.181476734690E-03                              
AS G02  2026 09 03 05 02 30.000000  1    0.169004948792E-03                              
AS G03  2026 09 03 05 02 30.000000  1    0.288779774430E-03                              
AS G05  2026 09 03 05 02 30.000000  1   -0.236487677099E-03                              
AS G06  2026 09 03 05 02 30.000000  1   -0.533891402775E-03                              
AS G07  2026 09 03 05 02 30.000000  1   -0.221248052724E-03                              
AS G08  2026 09 03 05 02 30.000000  1    0.356903109162E-03                              
AS G09  2026 09 03 05 02 30.000000  1    0.687276421579E-03                              
AS G10  2026 09 03 05 02 30.000000  1   -0.540073768086E-03                              
AS G12  2026 09 03 05 02 30.000000  1   -0.602919683053E-03                              
AS G13  2026 09 03 05 02 30.000000  1    0.437287414294E-03                              
AS G15  2026 09 03 05 02 30.000000  1    0.441654553991E-03                              
AS G17  2026 09 03 05 02 30.000000  1   -0.196506454619E-03                              
AS G19  2026 09 03 05 02 30.000000  1    0.704935975851E-03                              
AS G20  2026 09 03 05 02 30.000000  1    0.276719017105E-03                              
AS G21  2026 09 03 05 02 30.000000  1    0.370822151018E-03                              
AS G22  2026 09 03 05 02 30.000000  1    0.725545349020E-04                              
AS G23  2026 09 03 05 02 30.000000  1    0.685428416977E-03                              
AS G24  2026 09 03 05 02 30.000000  1    0.190372220712E-03                              
AS G27  2026 09 03 05 02 30.000000  1    0.450575286849E-06                              
AS G30  2026 09 03 05 02 30.000000  1    0.351242048893E-03                              
AS G01  2026 09 03 05 03 00.000000  1    0.181476472978E-03                              
AS G02  2026 09 03 05 03 00.000000  1    0.169005318109E-03                              
AS G03  2026 09 03 05 03 00.000000  1    0.288779164480E-03                              
AS G05  2026 09 03 05 03 00.000000  1   -0.236487894884E-03                              
AS G06  2026 09 03 05 03 00.000000  1   -0.533891072516E-03                              
AS G07  2026 09 03 05 03 00.000000  1   -0.221248171382E-03                              
AS G08  2026 09 03 05 03 00.000000  1    0.356902807289E-03                              
AS G09  2026 09 03 05 03 00.000000  1    0.687276161567E-03                              
AS G10  2026 09 03 05 03 00.000000  1   -0.540073559429E-03                              
AS G12  2026 09 03 05 03 00.000000  1   -0.602919672287E-03                              
AS G13  2026 09 03 05 03 00.000000  1    0.437287557739E-03                              
AS G15  2026 09 03 05 03 00.000000  1    0.441654718675E-03                              
AS G17  2026 09 03 05 03 00.000000  1   -0.196506566989E-03                              
AS G19  2026 09 03 05 03 00.000000  1    0.704935925559E-03                              
AS G20  2026 09 03 05 03 00.000000  1    0.276719299077E-03                              
AS G21  2026 09 03 05 03 00.000000  1    0.370821924422E-03                              
AS G22  2026 09 03 05 03 00.000000  1    0.725547947743E-04                              
AS G23  2026 09 03 05 03 00.000000  1    0.685428528391E-03                              
AS G24  2026 09 03 05 03 00.000000  1    0.190372752430E-03                              
AS G27  2026 09 03 05 03 00.000000  1    0.450470583494E-06                              
AS G30  2026 09 03 05 03 00.000000  1    0.351242436217E-03                              
AS G01  2026 09 03 05 03 30.000000  1    0.181476209522E-03                              
AS G02  2026 09 03 05 03 30.000000  1    0.169005566699E-03                              
AS G03  2026 09 03 05 03 30.000000  1    0.288778543181E-03                              
AS G05  2026 09 03 05 03 30.000000  1   -0.236487953603E-03                              
AS G06  2026 09 03 05 03 30.000000  1   -0.533890746179E-03                              
AS G07  2026 09 03 05 03 30.000000  1   -0.221248232953E-03                              
AS G08  2026 09 03 05 03 30.000000  1    0.356902504159E-03                              
AS G09  2026 09 03 05 03 30.000000  1    0.687275977711E-03                              
AS G10  2026 09 03 05 03 30.000000  1   -0.540073356521E-03                              
AS G12  2026 09 03 05 03 30.000000  1   -0.602919670341E-03                              
AS G13  2026 09 03 05 03 30.000000  1    0.437287707868E-03                              
AS G15  2026 09 03 05 03 30.000000  1    0.441654761304E-03                              
AS G17  2026 09 03 05 03 30.000000  1   -0.196506623931E-03                              
AS G19  2026 09 03 05 03 30.000000  1    0.704935911242E-03                              
AS G20  2026 09 03 05 03 30.000000  1    0.276719579703E-03                              
AS G21  2026 09 03 05 03 30.000000  1    0.370821698115E-03                              
AS G22  2026 09 03 05 03 30.000000  1    0.725551750093E-04                              
AS G23  2026 09 03 05 03 30.000000  1    0.685428626797E-03                              
AS G24  2026 09 03 05 03 30.000000  1    0.190373274907E-03                              
AS G27  2026 09 03 05 03 30.000000  1    0.450504330210E-06                              
AS G30  2026 09 03 05 03 30.000000  1    0.351242808978E-03                              
AS G01  2026 09 03 05 04 00.000000  1    0.181475931239E-03                              
AS G02  2026 09 03 05 04 00.000000  1    0.169005718325E-03                              
AS G03  2026 09 03 05 04 00.000000  1    0.288777923092E-03                              
AS G05  2026 09 03 05 04 00.000000  1   -0.236487948400E-03                              
AS G06  2026 09 03 05 04 00.000000  1   -0.533890424706E-03                              
AS G07  2026 09 03 05 04 00.000000  1   -0.221248232147E-03                              
AS G08  2026 09 03 05 04 00.000000  1    0.356902196101E-03                              
AS G09  2026 09 03 05 04 00.000000  1    0.687275716991E-03                              
AS G10  2026 09 03 05 04 00.000000  1   -0.540073154182E-03                              
AS G12  2026 09 03 05 04 00.000000  1   -0.602919700618E-03                              
AS G13  2026 09 03 05 04 00.000000  1    0.437287850164E-03                              
AS G15  2026 09 03 05 04 00.000000  1    0.441654886319E-03                              
AS G17  2026 09 03 05 04 00.000000  1   -0.196506792852E-03                              
AS G19  2026 09 03 05 04 00.000000  1    0.704935945782E-03                              
AS G20  2026 09 03 05 04 00.000000  1    0.276719845591E-03                              
AS G21  2026 09 03 05 04 00.000000  1    0.370821473581E-03                              
AS G22  2026 09 03 05 04 00.000000  1    0.725554777444E-04                              
AS G23  2026 09 03 05 04 00.000000  1    0.685428745711E-03                              
AS G24  2026 09 03 05 04 00.000000  1    0.190373793633E-03                              
AS G27  2026 09 03 05 04 00.000000  1    0.450518516751E-06                              
AS G30  2026 09 03 05 04 00.000000  1    0.351243179468E-03                              
AS G01  2026 09 03 05 04 30.000000  1    0.181475656423E-03                              
AS G02  2026 09 03 05 04 30.000000  1    0.169005972708E-03                              
AS G03  2026 09 03 05 04 30.000000  1    0.288777306627E-03                              
AS G05  2026 09 03 05 04 30.000000  1   -0.236488069743E-03                              
AS G06  2026 09 03 05 04 30.000000  1   -0.533890095763E-03                              
AS G07  2026 09 03 05 04 30.000000  1   -0.221248368193E-03                              
AS G08  2026 09 03 05 04 30.000000  1    0.356901894176E-03                              
AS G09  2026 09 03 05 04 30.000000  1    0.687275463982E-03                              
AS G10  2026 09 03 05 04 30.000000  1   -0.540072938073E-03                              
AS G12  2026 09 03 05 04 30.000000  1   -0.602919695257E-03                              
AS G13  2026 09 03 05 04 30.000000  1    0.437288012572E-03                              
AS G15  2026 09 03 05 04 30.000000  1    0.441654973529E-03                              
AS G17  2026 09 03 05 04 30.000000  1   -0.196506938930E-03                              
AS G19  2026 09 03 05 04 30.000000  1    0.704935927393E-03                              
AS G20  2026 09 03 05 04 30.000000  1    0.276720136490E-03                              
AS G21  2026 09 03 05 04 30.000000  1    0.370821242008E-03                              
AS G22  2026 09 03 05 04 30.000000  1    0.725557138554E-04                              
AS G23  2026 09 03 05 04 30.000000  1    0.685428851747E-03                              
AS G24  2026 09 03 05 04 30.000000  1    0.190374323437E-03                              
AS G27  2026 09 03 05 04 30.000000  1    0.450540051468E-06                              
AS G30  2026 09 03 05 04 30.000000  1    0.351243550909E-03                              
AS G01  2026 09 03 05 05 00.000000  2    0.181475383232E-03  0.898726744186E-11          
AS G02  2026 09 03 05 05 00.000000  2    0.169006174500E-03  0.898591734238E-11          
AS G03  2026 09 03 05 05 00.000000  2    0.288776688926E-03  0.911921882800E-11          
AS G05  2026 09 03 05 05 00.000000  2   -0.236487806812E-03  0.917545227898E-11          
AS G06  2026 09 03 05 05 00.000000  2   -0.533889776976E-03  0.934409216672E-11          
AS G07  2026 09 03 05 05 00.000000  2   -0.221248536201E-03  0.930005517294E-11          
AS G08  2026 09 03 05 05 00.000000  2    0.356901586478E-03  0.903161141311E-11          
AS G09  2026 09 03 05 05 00.000000  2    0.687275196057E-03  0.939267344276E-11          
AS G10  2026 09 03 05 05 00.000000  2   -0.540072713935E-03  0.914984935327E-11          
AS G12  2026 09 03 05 05 00.000000  2   -0.602919685838E-03  0.928521399574E-11          
AS G13  2026 09 03 05 05 00.000000  2    0.437288166660E-03  0.934526281170E-11          
AS G15  2026 09 03 05 05 00.000000  2    0.441655082785E-03  0.933603361496E-11          
AS G17  2026 09 03 05 05 00.000000  2   -0.196507091908E-03  0.908590234857E-11          
AS G19  2026 09 03 05 05 00.000000  2    0.704935889570E-03  0.921651943050E-11          
AS G20  2026 09 03 05 05 00.000000  2    0.276720405527E-03  0.930558022100E-11          
AS G21  2026 09 03 05 05 00.000000  2    0.370820996079E-03  0.928541857934E-11          
AS G22  2026 09 03 05 05 00.000000  2    0.725559574664E-04  0.905833103932E-11          
AS G23  2026 09 03 05 05 00.000000  2    0.685428972997E-03  0.953156617457E-11          
AS G24  2026 09 03 05 05 00.000000  2    0.190374842839E-03  0.925737492410E-11          
AS G27  2026 09 03 05 05 00.000000  2    0.450553409007E-06  0.920432492110E-11          
AS G30  2026 09 03 05 05 00.000000  2    0.351243921803E-03  0.918054593660E-11          
AS G01  2026 09 03 05 05 30.000000  1    0.181475114113E-03                              
AS G02  2026 09 03 05 05 30.000000  1    0.169006431990E-03                              
AS G03  2026 09 03 05 05 30.000000  1    0.288776064959E-03                              
AS G05  2026 09 03 05 05 30.000000  1   -0.236487715929E-03                              
AS G06  2026 09 03 05 05 30.000000  1   -0.533889452935E-03                              
AS G07  2026 09 03 05 05 30.000000  1   -0.221248677615E-03                              
AS G08  2026 09 03 05 05 30.000000  1    0.356901271547E-03                              
AS G09  2026 09 03 05 05 30.000000  1    0.687274944562E-03                              
AS G10  2026 09 03 05 05 30.000000  1   -0.540072499342E-03                              
AS G12  2026 09 03 05 05 30.000000  1   -0.602919635392E-03                              
AS G13  2026 09 03 05 05 30.000000  1    0.437288307925E-03                              
AS G15  2026 09 03 05 05 30.000000  1    0.441655189781E-03                              
AS G17  2026 09 03 05 05 30.000000  1   -0.196507320700E-03                              
AS G19  2026 09 03 05 05 30.000000  1    0.704935863126E-03                              
AS G20  2026 09 03 05 05 30.000000  1    0.276720687687E-03                              
AS G21  2026 09 03 05 05 30.000000  1    0.370820756075E-03                              
AS G22  2026 09 03 05 05 30.000000  1    0.725562449683E-04                              
AS G23  2026 09 03 05 05 30.000000  1    0.685429084181E-03                              
AS G24  2026 09 03 05 05 30.000000  1    0.190375370648E-03                              
AS G27  2026 09 03 05 05 30.000000  1    0.450592497613E-06                              
AS G30  2026 09 03 05 05 30.000000  1    0.351244285218E-03                              
AS G01  2026 09 03 05 06 00.000000  1    0.181474837940E-03                              
AS G02  2026 09 03 05 06 00.000000  1    0.169006721993E-03                              
AS G03  2026 09 03 05 06 00.000000  1    0.288775442170E-03                              
AS G05  2026 09 03 05 06 00.000000  1   -0.236487770911E-03                              
AS G06  2026 09 03 05 06 00.000000  1   -0.533889134087E-03                              
AS G07  2026 09 03 05 06 00.000000  1   -0.221248680783E-03                              
AS G08  2026 09 03 05 06 00.000000  1    0.356900961371E-03                              
AS G09  2026 09 03 05 06 00.000000  1    0.687274679451E-03                              
AS G10  2026 09 03 05 06 00.000000  1   -0.540072280174E-03                              
AS G12  2026 09 03 05 06 00.000000  1   -0.602919509636E-03                              
AS G13  2026 09 03 05 06 00.000000  1    0.437288454289E-03                              
AS G15  2026 09 03 05 06 00.000000  1    0.441655258067E-03                              
AS G17  2026 09 03 05 06 00.000000  1   -0.196507462600E-03                              
AS G19  2026 09 03 05 06 00.000000  1    0.704936072126E-03                              
AS G20  2026 09 03 05 06 00.000000  1    0.276720955880E-03                              
AS G21  2026 09 03 05 06 00.000000  1    0.370820526013E-03                              
AS G22  2026 09 03 05 06 00.000000  1    0.725565010606E-04                              
AS G23  2026 09 03 05 06 00.000000  1    0.685429193180E-03                              
AS G24  2026 09 03 05 06 00.000000  1    0.190375891908E-03                              
AS G27  2026 09 03 05 06 00.000000  1    0.450677344473E-06                              
AS G30  2026 09 03 05 06 00.000000  1    0.351244656959E-03                              
AS G01  2026 09 03 05 06 30.000000  1    0.181474565998E-03                              
AS G02  2026 09 03 05 06 30.000000  1    0.169006977244E-03                              
AS G03  2026 09 03 05 06 30.000000  1    0.288774812234E-03                              
AS G05  2026 09 03 05 06 30.000000  1   -0.236487843875E-03                              
AS G06  2026 09 03 05 06 30.000000  1   -0.533888810148E-03                              
AS G07  2026 09 03 05 06 30.000000  1   -0.221248807185E-03                              
AS G08  2026 09 03 05 06 30.000000  1    0.356900649739E-03                              
AS G09  2026 09 03 05 06 30.000000  1    0.687274401465E-03                              
AS G10  2026 09 03 05 06 30.000000  1   -0.540072078748E-03                              
AS G12  2026 09 03 05 06 30.000000  1   -0.602919611061E-03                              
AS G13  2026 09 03 05 06 30.000000  1    0.437288593064E-03                              
AS G15  2026 09 03 05 06 30.000000  1    0.441655383089E-03                              
AS G17  2026 09 03 05 06 30.000000  1   -0.196507679284E-03                              
AS G19  2026 09 03 05 06 30.000000  1    0.704936070455E-03                              
AS G20  2026 09 03 05 06 30.000000  1    0.276721225198E-03                              
AS G21  2026 09 03 05 06 30.000000  1    0.370820294933E-03                              
AS G22  2026 09 03 05 06 30.000000  1    0.725567382904E-04                              
AS G23  2026 09 03 05 06 30.000000  1    0.685429312758E-03                              
AS G24  2026 09 03 05 06 30.000000  1    0.190376406661E-03                              
AS G27  2026 09 03 05 06 30.000000  1    0.450672243421E-06                              
AS G30  2026 09 03 05 06 30.000000  1    0.351245022854E-03                              
AS G01  2026 09 03 05 07 00.000000  1    0.181474303893E-03                              
AS G02  2026 09 03 05 07 00.000000  1    0.169007120968E-03                              
AS G03  2026 09 03 05 07 00.000000  1    0.288774181663E-03                              
AS G05  2026 09 03 05 07 00.000000  1   -0.236487872779E-03                              
AS G06  2026 09 03 05 07 00.000000  1   -0.533888483905E-03                              
AS G07  2026 09 03 05 07 00.000000  1   -0.221248906488E-03                              
AS G08  2026 09 03 05 07 00.000000  1    0.356900337941E-03                              
AS G09  2026 09 03 05 07 00.000000  1    0.687274134613E-03                              
AS G10  2026 09 03 05 07 00.000000  1   -0.540071878973E-03                              
AS G12  2026 09 03 05 07 00.000000  1   -0.602919647050E-03                              
AS G13  2026 09 03 05 07 00.000000  1    0.437288726664E-03                              
AS G15  2026 09 03 05 07 00.000000  1    0.441655474995E-03                              
AS G17  2026 09 03 05 07 00.000000  1   -0.196507688120E-03                              
AS G19  2026 09 03 05 07 00.000000  1    0.704936018142E-03                              
AS G20  2026 09 03 05 07 00.000000  1    0.276721502487E-03                              
AS G21  2026 09 03 05 07 00.000000  1    0.370820057450E-03                              
AS G22  2026 09 03 05 07 00.000000  1    0.725570488021E-04                              
AS G23  2026 09 03 05 07 00.000000  1    0.685429424706E-03                              
AS G24  2026 09 03 05 07 00.000000  1    0.190376916940E-03                              
AS G27  2026 09 03 05 07 00.000000  1    0.450700250427E-06                              
AS G30  2026 09 03 05 07 00.000000  1    0.351245387988E-03                              
AS G01  2026 09 03 05 07 30.000000  1    0.181474037850E-03                              
AS G02  2026 09 03 05 07 30.000000  1    0.169007235826E-03                              
AS G03  2026 09 03 05 07 30.000000  1    0.288773567524E-03                              
AS G05  2026 09 03 05 07 30.000000  1   -0.236488020982E-03                              
AS G06  2026 09 03 05 07 30.000000  1   -0.533888170729E-03                              
AS G07  2026 09 03 05 07 30.000000  1   -0.221249039132E-03                              
AS G08  2026 09 03 05 07 30.000000  1    0.356900037920E-03                              
AS G09  2026 09 03 05 07 30.000000  1    0.687273870819E-03                              
AS G10  2026 09 03 05 07 30.000000  1   -0.540071669646E-03                              
AS G12  2026 09 03 05 07 30.000000  1   -0.602919575903E-03                              
AS G13  2026 09 03 05 07 30.000000  1    0.437288885862E-03                              
AS G15  2026 09 03 05 07 30.000000  1    0.441655382927E-03                              
AS G17  2026 09 03 05 07 30.000000  1   -0.196507778383E-03                              
AS G19  2026 09 03 05 07 30.000000  1    0.704936071446E-03                              
AS G20  2026 09 03 05 07 30.000000  1    0.276721768814E-03                              
AS G21  2026 09 03 05 07 30.000000  1    0.370819820999E-03                              
AS G22  2026 09 03 05 07 30.000000  1    0.725573092401E-04                              
AS G23  2026 09 03 05 07 30.000000  1    0.685429529061E-03                              
AS G24  2026 09 03 05 07 30.000000  1    0.190377438695E-03                              
AS G27  2026 09 03 05 07 30.000000  1    0.450791749220E-06                              
AS G30  2026 09 03 05 07 30.000000  1    0.351245759440E-03                              
AS G01  2026 09 03 05 08 00.000000  1    0.181473752376E-03                              
AS G02  2026 09 03 05 08 00.000000  1    0.169007368111E-03                              
AS G03  2026 09 03 05 08 00.000000  1    0.288772937919E-03                              
AS G05  2026 09 03 05 08 00.000000  1   -0.236487871758E-03                              
AS G06  2026 09 03 05 08 00.000000  1   -0.533887849047E-03                              
AS G07  2026 09 03 05 08 00.000000  1   -0.221249202925E-03                              
AS G08  2026 09 03 05 08 00.000000  1    0.356899729667E-03                              
AS G09  2026 09 03 05 08 00.000000  1    0.687273615847E-03                              
AS G10  2026 09 03 05 08 00.000000  1   -0.540071452262E-03                              
AS G12  2026 09 03 05 08 00.000000  1   -0.602919503430E-03                              
AS G13  2026 09 03 05 08 00.000000  1    0.437289034010E-03                              
AS G15  2026 09 03 05 08 00.000000  1    0.441655415891E-03                              
AS G17  2026 09 03 05 08 00.000000  1   -0.196507979360E-03                              
AS G19  2026 09 03 05 08 00.000000  1    0.704935995814E-03                              
AS G20  2026 09 03 05 08 00.000000  1    0.276722046142E-03                              
AS G21  2026 09 03 05 08 00.000000  1    0.370819589795E-03                              
AS G22  2026 09 03 05 08 00.000000  1    0.725575282537E-04                              
AS G23  2026 09 03 05 08 00.000000  1    0.685429634519E-03                              
AS G24  2026 09 03 05 08 00.000000  1    0.190377962688E-03                              
AS G27  2026 09 03 05 08 00.000000  1    0.450776846514E-06                              
AS G30  2026 09 03 05 08 00.000000  1    0.351246119035E-03                              
AS G01  2026 09 03 05 08 30.000000  1    0.181473465494E-03                              
AS G02  2026 09 03 05 08 30.000000  1    0.169007614524E-03                              
AS G03  2026 09 03 05 08 30.000000  1    0.288772315279E-03                              
AS G05  2026 09 03 05 08 30.000000  1   -0.236488035665E-03                              
AS G06  2026 09 03 05 08 30.000000  1   -0.533887530605E-03                              
AS G07  2026 09 03 05 08 30.000000  1   -0.221249300595E-03                              
AS G08  2026 09 03 05 08 30.000000  1    0.356899414446E-03                              
AS G09  2026 09 03 05 08 30.000000  1    0.687273354261E-03                              
AS G10  2026 09 03 05 08 30.000000  1   -0.540071249325E-03                              
AS G12  2026 09 03 05 08 30.000000  1   -0.602919380726E-03                              
AS G13  2026 09 03 05 08 30.000000  1    0.437289176913E-03                              
AS G15  2026 09 03 05 08 30.000000  1    0.441655317872E-03                              
AS G17  2026 09 03 05 08 30.000000  1   -0.196508246773E-03                              
AS G19  2026 09 03 05 08 30.000000  1    0.704935961636E-03                              
AS G20  2026 09 03 05 08 30.000000  1    0.276722310744E-03                              
AS G21  2026 09 03 05 08 30.000000  1    0.370819350238E-03                              
AS G22  2026 09 03 05 08 30.000000  1    0.725578319186E-04                              
AS G23  2026 09 03 05 08 30.000000  1    0.685429746520E-03                              
AS G24  2026 09 03 05 08 30.000000  1    0.190378487494E-03                              
AS G27  2026 09 03 05 08 30.000000  1    0.450815762400E-06                              
AS G30  2026 09 03 05 08 30.000000  1    0.351246488600E-03                              
AS G01  2026 09 03 05 09 00.000000  1    0.181473192517E-03                              
AS G02  2026 09 03 05 09 00.000000  1    0.169007827434E-03                              
AS G03  2026 09 03 05 09 00.000000  1    0.288771684311E-03                              
AS G05  2026 09 03 05 09 00.000000  1   -0.236488074107E-03                              
AS G06  2026 09 03 05 09 00.000000  1   -0.533887209519E-03                              
AS G07  2026 09 03 05 09 00.000000  1   -0.221249463011E-03                              
AS G08  2026 09 03 05 09 00.000000  1    0.356899092333E-03                              
AS G09  2026 09 03 05 09 00.000000  1    0.687273091627E-03                              
AS G10  2026 09 03 05 09 00.000000  1   -0.540071025251E-03                              
AS G12  2026 09 03 05 09 00.000000  1   -0.602919286838E-03                              
AS G13  2026 09 03 05 09 00.000000  1    0.437289315322E-03                              
AS G15  2026 09 03 05 09 00.000000  1    0.441655347134E-03                              
AS G17  2026 09 03 05 09 00.000000  1   -0.196508377609E-03                              
AS G19  2026 09 03 05 09 00.000000  1    0.704935883863E-03                              
AS G20  2026 09 03 05 09 00.000000  1    0.276722581174E-03                              
AS G21  2026 09 03 05 09 00.000000  1    0.370819115860E-03                              
AS G22  2026 09 03 05 09 00.000000  1    0.725581564182E-04                              
AS G23  2026 09 03 05 09 00.000000  1    0.685429852446E-03                              
AS G24  2026 09 03 05 09 00.000000  1    0.190378987375E-03                              
AS G27  2026 09 03 05 09 00.000000  1    0.450783365206E-06                              
AS G30  2026 09 03 05 09 00.000000  1    0.351246846995E-03                              
AS G01  2026 09 03 05 09 30.000000  1    0.181472916241E-03                              
AS G02  2026 09 03 05 09 30.000000  1    0.169007995875E-03                              
AS G03  2026 09 03 05 09 30.000000  1    0.288771049489E-03                              
AS G05  2026 09 03 05 09 30.000000  1   -0.236488011362E-03                              
AS G06  2026 09 03 05 09 30.000000  1   -0.533886888108E-03                              
AS G07  2026 09 03 05 09 30.000000  1   -0.221249700321E-03                              
AS G08  2026 09 03 05 09 30.000000  1    0.356898785842E-03                              
AS G09  2026 09 03 05 09 30.000000  1    0.687272827369E-03                              
AS G10  2026 09 03 05 09 30.000000  1   -0.540070813154E-03                              
AS G12  2026 09 03 05 09 30.000000  1   -0.602919274663E-03                              
AS G13  2026 09 03 05 09 30.000000  1    0.437289451099E-03                              
AS G15  2026 09 03 05 09 30.000000  1    0.441655613218E-03                              
AS G17  2026 09 03 05 09 30.000000  1   -0.196508578199E-03                              
AS G19  2026 09 03 05 09 30.000000  1    0.704935978903E-03                              
AS G20  2026 09 03 05 09 30.000000  1    0.276722849739E-03                              
AS G21  2026 09 03 05 09 30.000000  1    0.370818888290E-03                              
AS G22  2026 09 03 05 09 30.000000  1    0.725584335948E-04                              
AS G23  2026 09 03 05 09 30.000000  1    0.685429964446E-03                              
AS G24  2026 09 03 05 09 30.000000  1    0.190379513436E-03                              
AS G27  2026 09 03 05 09 30.000000  1    0.450783066265E-06                              
AS G30  2026 09 03 05 09 30.000000  1    0.351247210660E-03                              
AS G01  2026 09 03 05 10 00.000000  2    0.181472657425E-03  0.849837065143E-11          
AS G02  2026 09 03 05 10 00.000000  2    0.169008107900E-03  0.849886429045E-11          
AS G03  2026 09 03 05 10 00.000000  2    0.288770432070E-03  0.862249280089E-11          
AS G05  2026 09 03 05 10 00.000000  2   -0.236487895375E-03  0.869609104706E-11          
AS G06  2026 09 03 05 10 00.000000  2   -0.533886576098E-03  0.885872440593E-11          
AS G07  2026 09 03 05 10 00.000000  2   -0.221249883054E-03  0.882336683634E-11          
AS G08  2026 09 03 05 10 00.000000  2    0.356898476395E-03  0.855075653353E-11          
AS G09  2026 09 03 05 10 00.000000  2    0.687272563469E-03  0.891868717357E-11          
AS G10  2026 09 03 05 10 00.000000  2   -0.540070585315E-03  0.868819463715E-11          
AS G12  2026 09 03 05 10 00.000000  2   -0.602919228207E-03  0.882505297941E-11          
AS G13  2026 09 03 05 10 00.000000  2    0.437289604548E-03  0.889319614546E-11          
AS G15  2026 09 03 05 10 00.000000  2    0.441655775665E-03  0.885723078619E-11          
AS G17  2026 09 03 05 10 00.000000  2   -0.196508617774E-03  0.859351206696E-11          
AS G19  2026 09 03 05 10 00.000000  2    0.704935998235E-03  0.872336101872E-11          
AS G20  2026 09 03 05 10 00.000000  2    0.276723123295E-03  0.883604623191E-11          
AS G21  2026 09 03 05 10 00.000000  2    0.370818656693E-03  0.882221479732E-11          
AS G22  2026 09 03 05 10 00.000000  2    0.725586378962E-04  0.856846118892E-11          
AS G23  2026 09 03 05 10 00.000000  2    0.685430071895E-03  0.903300391078E-11          
AS G24  2026 09 03 05 10 00.000000  2    0.190380043407E-03  0.877275641882E-11          
AS G27  2026 09 03 05 10 00.000000  2    0.450780591429E-06  0.873931769449E-11          
AS G30  2026 09 03 05 10 00.000000  2    0.351247585288E-03  0.871432425332E-11          
AS G01  2026 09 03 05 10 30.000000  1    0.181472379801E-03                              
AS G02  2026 09 03 05 10 30.000000  1    0.169008420786E-03                              
AS G03  2026 09 03 05 10 30.000000  1    0.288769808210E-03                              
AS G05  2026 09 03 05 10 30.000000  1   -0.236487906127E-03                              
AS G06  2026 09 03 05 10 30.000000  1   -0.533886248021E-03                              
AS G07  2026 09 03 05 10 30.000000  1   -0.221249881652E-03                              
AS G08  2026 09 03 05 10 30.000000  1    0.356898155875E-03                              
AS G09  2026 09 03 05 10 30.000000  1    0.687272294642E-03                              
AS G10  2026 09 03 05 10 30.000000  1   -0.540070385020E-03                              
AS G12  2026 09 03 05 10 30.000000  1   -0.602919277701E-03                              
AS G13  2026 09 03 05 10 30.000000  1    0.437289748855E-03                              
AS G15  2026 09 03 05 10 30.000000  1    0.441655866544E-03                              
AS G17  2026 09 03 05 10 30.000000  1   -0.196508629381E-03                              
AS G19  2026 09 03 05 10 30.000000  1    0.704935981070E-03                              
AS G20  2026 09 03 05 10 30.000000  1    0.276723393496E-03                              
AS G21  2026 09 03 05 10 30.000000  1    0.370818409968E-03                              
AS G22  2026 09 03 05 10 30.000000  1    0.725588786537E-04                              
AS G23  2026 09 03 05 10 30.000000  1    0.685430177185E-03                              
AS G24  2026 09 03 05 10 30.000000  1    0.190380557514E-03                              
AS G27  2026 09 03 05 10 30.000000  1    0.450785828754E-06                              
AS G30  2026 09 03 05 10 30.000000  1    0.351247958050E-03                              
AS G01  2026 09 03 05 11 00.000000  1    0.181472115020E-03                              
AS G02  2026 09 03 05 11 00.000000  1    0.169008810521E-03                              
AS G03  2026 09 03 05 11 00.000000  1    0.288769190156E-03                              
AS G05  2026 09 03 05 11 00.000000  1   -0.236488105637E-03                              
AS G06  2026 09 03 05 11 00.000000  1   -0.533885920948E-03                              
AS G07  2026 09 03 05 11 00.000000  1   -0.221249847828E-03                              
AS G08  2026 09 03 05 11 00.000000  1    0.356897862780E-03                              
AS G09  2026 09 03 05 11 00.000000  1    0.687272033496E-03                              
AS G10  2026 09 03 05 11 00.000000  1   -0.540070157787E-03                              
AS G12  2026 09 03 05 11 00.000000  1   -0.602919333867E-03                              
AS G13  2026 09 03 05 11 00.000000  1    0.437289892644E-03                              
AS G15  2026 09 03 05 11 00.000000  1    0.441656003899E-03                              
AS G17  2026 09 03 05 11 00.000000  1   -0.196508758920E-03                              
AS G19  2026 09 03 05 11 00.000000  1    0.704936061013E-03                              
AS G20  2026 09 03 05 11 00.000000  1    0.276723674572E-03                              
AS G21  2026 09 03 05 11 00.000000  1    0.370818173800E-03                              
AS G22  2026 09 03 05 11 00.000000  1    0.725591794532E-04                              
AS G23  2026 09 03 05 11 00.000000  1    0.685430295654E-03                              
AS G24  2026 09 03 05 11 00.000000  1    0.190381085631E-03                              
AS G27  2026 09 03 05 11 00.000000  1    0.450725281433E-06                              
AS G30  2026 09 03 05 11 00.000000  1    0.351248330045E-03                              
AS G01  2026 09 03 05 11 30.000000  1    0.181471830903E-03                              
AS G02  2026 09 03 05 11 30.000000  1    0.169009001836E-03                              
AS G03  2026 09 03 05 11 30.000000  1    0.288768564042E-03                              
AS G05  2026 09 03 05 11 30.000000  1   -0.236487972135E-03                              
AS G06  2026 09 03 05 11 30.000000  1   -0.533885600196E-03                              
AS G07  2026 09 03 05 11 30.000000  1   -0.221249855636E-03                              
AS G08  2026 09 03 05 11 30.000000  1    0.356897549873E-03                              
AS G09  2026 09 03 05 11 30.000000  1    0.687271765855E-03                              
AS G10  2026 09 03 05 11 30.000000  1   -0.540069933868E-03                              
AS G12  2026 09 03 05 11 30.000000  1   -0.602919316483E-03                              
AS G13  2026 09 03 05 11 30.000000  1    0.437290042303E-03                              
AS G15  2026 09 03 05 11 30.000000  1    0.441656058435E-03                              
AS G17  2026 09 03 05 11 30.000000  1   -0.196508873399E-03                              
AS G19  2026 09 03 05 11 30.000000  1    0.704936002280E-03                              
AS G20  2026 09 03 05 11 30.000000  1    0.276723944624E-03                              
AS G21  2026 09 03 05 11 30.000000  1    0.370817953642E-03                              
AS G22  2026 09 03 05 11 30.000000  1    0.725594856039E-04                              
AS G23  2026 09 03 05 11 30.000000  1    0.685430403921E-03                              
AS G24  2026 09 03 05 11 30.000000  1    0.190381610985E-03                              
AS G27  2026 09 03 05 11 30.000000  1    0.450750378558E-06                              
AS G30  2026 09 03 05 11 30.000000  1    0.351248698125E-03                              
AS G01  2026 09 03 05 12 00.000000  1    0.181471549858E-03                              
AS G02  2026 09 03 05 12 00.000000  1    0.169009186613E-03                              
AS G03  2026 09 03 05 12 00.000000  1    0.288767922659E-03                              
AS G05  2026 09 03 05 12 00.000000  1   -0.236487897103E-03                              
AS G06  2026 09 03 05 12 00.000000  1   -0.533885273198E-03                              
AS G07  2026 09 03 05 12 00.000000  1   -0.221249932816E-03                              
AS G08  2026 09 03 05 12 00.000000  1    0.356897238800E-03                              
AS G09  2026 09 03 05 12 00.000000  1    0.687271502126E-03                              
AS G10  2026 09 03 05 12 00.000000  1   -0.540069725855E-03                              
AS G12  2026 09 03 05 12 00.000000  1   -0.602919197724E-03                              
AS G13  2026 09 03 05 12 00.000000  1    0.437290196076E-03                              
AS G15  2026 09 03 05 12 00.000000  1    0.441656192230E-03                              
AS G17  2026 09 03 05 12 00.000000  1   -0.196508983120E-03                              
AS G19  2026 09 03 05 12 00.000000  1    0.704935997239E-03                              
AS G20  2026 09 03 05 12 00.000000  1    0.276724224729E-03                              
AS G21  2026 09 03 05 12 00.000000  1    0.370817762451E-03                              
AS G22  2026 09 03 05 12 00.000000  1    0.725598043384E-04                              
AS G23  2026 09 03 05 12 00.000000  1    0.685430522961E-03                              
AS G24  2026 09 03 05 12 00.000000  1    0.190382121021E-03                              
AS G27  2026 09 03 05 12 00.000000  1    0.450734406309E-06                              
AS G30  2026 09 03 05 12 00.000000  1    0.351249080562E-03                              
AS G01  2026 09 03 05 12 30.000000  1    0.181471269746E-03                              
AS G02  2026 09 03 05 12 30.000000  1    0.169009421210E-03                              
AS G03  2026 09 03 05 12 30.000000  1    0.288767313799E-03                              
AS G05  2026 09 03 05 12 30.000000  1   -0.236487811842E-03                              
AS G06  2026 09 03 05 12 30.000000  1   -0.533884956804E-03                              
AS G07  2026 09 03 05 12 30.000000  1   -0.221250013980E-03                              
AS G08  2026 09 03 05 12 30.000000  1    0.356896932392E-03                              
AS G09  2026 09 03 05 12 30.000000  1    0.687271237292E-03                              
AS G10  2026 09 03 05 12 30.000000  1   -0.540069513265E-03                              
AS G12  2026 09 03 05 12 30.000000  1   -0.602919161175E-03                              
AS G13  2026 09 03 05 12 30.000000  1    0.437290344839E-03                              
AS G15  2026 09 03 05 12 30.000000  1    0.441656358295E-03                              
AS G17  2026 09 03 05 12 30.000000  1   -0.196509145331E-03                              
AS G19  2026 09 03 05 12 30.000000  1    0.704935954883E-03                              
AS G20  2026 09 03 05 12 30.000000  1    0.276724513957E-03                              
AS G21  2026 09 03 05 12 30.000000  1    0.370817532337E-03                              
AS G22  2026 09 03 05 12 30.000000  1    0.725601455714E-04                              
AS G23  2026 09 03 05 12 30.000000  1    0.685430617283E-03                              
AS G24  2026 09 03 05 12 30.000000  1    0.190382639687E-03                              
AS G27  2026 09 03 05 12 30.000000  1    0.450754706946E-06                              
AS G30  2026 09 03 05 12 30.000000  1    0.351249446613E-03                              
AS G01  2026 09 03 05 13 00.000000  1    0.181471005679E-03                              
AS G02  2026 09 03 05 13 00.000000  1    0.169009632196E-03                              
AS G03  2026 09 03 05 13 00.000000  1    0.288766695921E-03                              
AS G05  2026 09 03 05 13 00.000000  1   -0.236487640798E-03                              
AS G06  2026 09 03 05 13 00.000000  1   -0.533884637240E-03                              
AS G07  2026 09 03 05 13 00.000000  1   -0.221250212363E-03                              
AS G08  2026 09 03 05 13 00.000000  1    0.356896621391E-03                              
AS G09  2026 09 03 05 13 00.000000  1    0.687270972699E-03                              
AS G10  2026 09 03 05 13 00.000000  1   -0.540069302048E-03                              
AS G12  2026 09 03 05 13 00.000000  1   -0.602919136433E-03                              
AS G13  2026 09 03 05 13 00.000000  1    0.437290499424E-03                              
AS G15  2026 09 03 05 13 00.000000  1    0.441656477495E-03                              
AS G17  2026 09 03 05 13 00.000000  1   -0.196509277970E-03                              
AS G19  2026 09 03 05 13 00.000000  1    0.704936088120E-03                              
AS G20  2026 09 03 05 13 00.000000  1    0.276724792662E-03                              
AS G21  2026 09 03 05 13 00.000000  1    0.370817288183E-03                              
AS G22  2026 09 03 05 13 00.000000  1    0.725603310559E-04                              
AS G23  2026 09 03 05 13 00.000000  1    0.685430731468E-03                              
AS G24  2026 09 03 05 13 00.000000  1    0.190383164990E-03                              
AS G27  2026 09 03 05 13 00.000000  1    0.450868520514E-06                              
AS G30  2026 09 03 05 13 00.000000  1    0.351249816107E-03                              
AS G01  2026 09 03 05 13 30.000000  1    0.181470732917E-03                              
AS G02  2026 09 03 05 13 30.000000  1    0.169009751094E-03                              
AS G03  2026 09 03 05 13 30.000000  1    0.288766070713E-03                              
AS G05  2026 09 03 05 13 30.000000  1   -0.236487874539E-03                              
AS G06  2026 09 03 05 13 30.000000  1   -0.533884314160E-03                              
AS G07  2026 09 03 05 13 30.000000  1   -0.221250406387E-03                              
AS G08  2026 09 03 05 13 30.000000  1    0.356896316068E-03                              
AS G09  2026 09 03 05 13 30.000000  1    0.687270713442E-03                              
AS G10  2026 09 03 05 13 30.000000  1   -0.540069073366E-03                              
AS G12  2026 09 03 05 13 30.000000  1   -0.602919096246E-03                              
AS G13  2026 09 03 05 13 30.000000  1    0.437290652853E-03                              
AS G15  2026 09 03 05 13 30.000000  1    0.441656523769E-03                              
AS G17  2026 09 03 05 13 30.000000  1   -0.196509482797E-03                              
AS G19  2026 09 03 05 13 30.000000  1    0.704936090413E-03                              
AS G20  2026 09 03 05 13 30.000000  1    0.276725062486E-03                              
AS G21  2026 09 03 05 13 30.000000  1    0.370817051488E-03                              
AS G22  2026 09 03 05 13 30.000000  1    0.725606203865E-04                              
AS G23  2026 09 03 05 13 30.000000  1    0.685430846089E-03                              
AS G24  2026 09 03 05 13 30.000000  1    0.190383672715E-03                              
AS G27  2026 09 03 05 13 30.000000  1    0.450820707704E-06                              
AS G30  2026 09 03 05 13 30.000000  1    0.351250194402E-03                              
AS G01  2026 09 03 05 14 00.000000  1    0.181470462567E-03                              
AS G02  2026 09 03 05 14 00.000000  1    0.169010021378E-03                              
AS G03  2026 09 03 05 14 00.000000  1    0.288765441681E-03                              
AS G05  2026 09 03 05 14 00.000000  1   -0.236487784594E-03                              
AS G06  2026 09 03 05 14 00.000000  1   -0.533883985322E-03                              
AS G07  2026 09 03 05 14 00.000000  1   -0.221250459484E-03                              
AS G08  2026 09 03 05 14 00.000000  1    0.356896003078E-03                              
AS G09  2026 09 03 05 14 00.000000  1    0.687270448279E-03                              
AS G10  2026 09 03 05 14 00.000000  1   -0.540068857058E-03                              
AS G12  2026 09 03 05 14 00.000000  1   -0.602919160524E-03                              
AS G13  2026 09 03 05 14 00.000000  1    0.437290798475E-03                              
AS G15  2026 09 03 05 14 00.000000  1    0.441656591120E-03                              
AS G17  2026 09 03 05 14 00.000000  1   -0.196509757979E-03                              
AS G19  2026 09 03 05 14 00.000000  1    0.704936102068E-03                              
AS G20  2026 09 03 05 14 00.000000  1    0.276725331090E-03                              
AS G21  2026 09 03 05 14 00.000000  1    0.370816812430E-03                              
AS G22  2026 09 03 05 14 00.000000  1    0.725608914879E-04                              
AS G23  2026 09 03 05 14 00.000000  1    0.685430951964E-03                              
AS G24  2026 09 03 05 14 00.000000  1    0.190384194054E-03                              
AS G27  2026 09 03 05 14 00.000000  1    0.450796715848E-06                              
AS G30  2026 09 03 05 14 00.000000  1    0.351250563081E-03                              
AS G01  2026 09 03 05 14 30.000000  1    0.181470187425E-03                              
AS G02  2026 09 03 05 14 30.000000  1    0.169010237589E-03                              
AS G03  2026 09 03 05 14 30.000000  1    0.288764817815E-03                              
AS G05  2026 09 03 05 14 30.000000  1   -0.236487684720E-03                              
AS G06  2026 09 03 05 14 30.000000  1   -0.533883658845E-03                              
AS G07  2026 09 03 05 14 30.000000  1   -0.221250626429E-03                              
AS G08  2026 09 03 05 14 30.000000  1    0.356895684129E-03                              
AS G09  2026 09 03 05 14 30.000000  1    0.687270180559E-03                              
AS G10  2026 09 03 05 14 30.000000  1   -0.540068650003E-03                              
AS G12  2026 09 03 05 14 30.000000  1   -0.602919133765E-03                              
AS G13  2026 09 03 05 14 30.000000  1    0.437290943223E-03                              
AS G15  2026 09 03 05 14 30.000000  1    0.441656667475E-03                              
AS G17  2026 09 03 05 14 30.000000  1   -0.196509986720E-03                              
AS G19  2026 09 03 05 14 30.000000  1    0.704936113619E-03                              
AS G20  2026 09 03 05 14 30.000000  1    0.276725609933E-03                              
AS G21  2026 09 03 05 14 30.000000  1    0.370816572867E-03                              
AS G22  2026 09 03 05 14 30.000000  1    0.725612268161E-04                              
AS G23  2026 09 03 05 14 30.000000  1    0.685431050888E-03                              
AS G24  2026 09 03 05 14 30.000000  1    0.190384707821E-03                              
AS G27  2026 09 03 05 14 30.000000  1    0.450875189279E-06                              
AS G30  2026 09 03 05 14 30.000000  1    0.351250918739E-03                              
AS G01  2026 09 03 05 15 00.000000  2    0.181469916000E-03  0.878125159217E-11          
AS G02  2026 09 03 05 15 00.000000  2    0.169010407647E-03  0.878425937983E-11          
AS G03  2026 09 03 05 15 00.000000  2    0.288764208893E-03  0.889070511220E-11          
AS G05  2026 09 03 05 15 00.000000  2   -0.236487749069E-03  0.897755482243E-11          
AS G06  2026 09 03 05 15 00.000000  2   -0.533883337531E-03  0.911983324620E-11          
AS G07  2026 09 03 05 15 00.000000  2   -0.221250832912E-03  0.910322591956E-11          
AS G08  2026 09 03 05 15 00.000000  2    0.356895382259E-03  0.883953259125E-11          
AS G09  2026 09 03 05 15 00.000000  2    0.687269911585E-03  0.919318608171E-11          
AS G10  2026 09 03 05 15 00.000000  2   -0.540068447723E-03  0.899229007949E-11          
AS G12  2026 09 03 05 15 00.000000  2   -0.602919127952E-03  0.912023011003E-11          
AS G13  2026 09 03 05 15 00.000000  2    0.437291104650E-03  0.919161160565E-11          
AS G15  2026 09 03 05 15 00.000000  2    0.441656754464E-03  0.912986811008E-11          
AS G17  2026 09 03 05 15 00.000000  2   -0.196509919972E-03  0.886942591719E-11          
AS G19  2026 09 03 05 15 00.000000  2    0.704936034765E-03  0.899208883902E-11          
AS G20  2026 09 03 05 15 00.000000  2    0.276725884986E-03  0.911829171425E-11          
AS G21  2026 09 03 05 15 00.000000  2    0.370816339550E-03  0.910819938699E-11          
AS G22  2026 09 03 05 15 00.000000  2    0.725614736394E-04  0.884857867943E-11          
AS G23  2026 09 03 05 15 00.000000  2    0.685431160712E-03  0.927852314191E-11          
AS G24  2026 09 03 05 15 00.000000  2    0.190385228456E-03  0.903956634612E-11          
AS G27  2026 09 03 05 15 00.000000  2    0.450983327545E-06  0.904047517314E-11          
AS G30  2026 09 03 05 15 00.000000  2    0.351251288029E-03  0.900458853593E-11          
AS G01  2026 09 03 05 15 30.000000  1    0.181469631282E-03                              
AS G02  2026 09 03 05 15 30.000000  1    0.169010654733E-03                              
AS G03  2026 09 03 05 15 30.000000  1    0.288763576907E-03                              
AS G05  2026 09 03 05 15 30.000000  1   -0.236487787052E-03                              
AS G06  2026 09 03 05 15 30.000000  1   -0.533883026295E-03                              
AS G07  2026 09 03 05 15 30.000000  1   -0.221250996760E-03                              
AS G08  2026 09 03 05 15 30.000000  1    0.356895065792E-03                              
AS G09  2026 09 03 05 15 30.000000  1    0.687269649019E-03                              
AS G10  2026 09 03 05 15 30.000000  1   -0.540068240971E-03                              
AS G12  2026 09 03 05 15 30.000000  1   -0.602919124332E-03                              
AS G13  2026 09 03 05 15 30.000000  1    0.437291246623E-03                              
AS G15  2026 09 03 05 15 30.000000  1    0.441656791915E-03                              
AS G17  2026 09 03 05 15 30.000000  1   -0.196509988890E-03                              
AS G19  2026 09 03 05 15 30.000000  1    0.704935975254E-03                              
AS G20  2026 09 03 05 15 30.000000  1    0.276726152348E-03                              
AS G21  2026 09 03 05 15 30.000000  1    0.370816104813E-03                              
AS G22  2026 09 03 05 15 30.000000  1    0.725617804477E-04                              
AS G23  2026 09 03 05 15 30.000000  1    0.685431257107E-03                              
AS G24  2026 09 03 05 15 30.000000  1    0.190385745365E-03                              
AS G27  2026 09 03 05 15 30.000000  1    0.450942830238E-06                              
AS G30  2026 09 03 05 15 30.000000  1    0.351251657281E-03                              
AS G01  2026 09 03 05 16 00.000000  1    0.181469361644E-03                              
AS G02  2026 09 03 05 16 00.000000  1    0.169010968043E-03                              
AS G03  2026 09 03 05 16 00.000000  1    0.288762948674E-03                              
AS G05  2026 09 03 05 16 00.000000  1   -0.236487660114E-03                              
AS G06  2026 09 03 05 16 00.000000  1   -0.533882703595E-03                              
AS G07  2026 09 03 05 16 00.000000  1   -0.221251170282E-03                              
AS G08  2026 09 03 05 16 00.000000  1    0.356894754015E-03                              
AS G09  2026 09 03 05 16 00.000000  1    0.687269376387E-03                              
AS G10  2026 09 03 05 16 00.000000  1   -0.540068030143E-03                              
AS G12  2026 09 03 05 16 00.000000  1   -0.602919208247E-03                              
AS G13  2026 09 03 05 16 00.000000  1    0.437291402220E-03                              
AS G15  2026 09 03 05 16 00.000000  1    0.441656787889E-03                              
AS G17  2026 09 03 05 16 00.000000  1   -0.196510105960E-03                              
AS G19  2026 09 03 05 16 00.000000  1    0.704936064321E-03                              
AS G20  2026 09 03 05 16 00.000000  1    0.276726414585E-03                              
AS G21  2026 09 03 05 16 00.000000  1    0.370815866632E-03                              
AS G22  2026 09 03 05 16 00.000000  1    0.725619804989E-04                              
AS G23  2026 09 03 05 16 00.000000  1    0.685431367783E-03                              
AS G24  2026 09 03 05 16 00.000000  1    0.190386262806E-03                              
AS G27  2026 09 03 05 16 00.000000  1    0.450908067469E-06                              
AS G30  2026 09 03 05 16 00.000000  1    0.351252024064E-03                              
AS G01  2026 09 03 05 16 30.000000  1    0.181469083800E-03                              
AS G02  2026 09 03 05 16 30.000000  1    0.169011099209E-03                              
AS G03  2026 09 03 05 16 30.000000  1    0.288762324652E-03                              
AS G05  2026 09 03 05 16 30.000000  1   -0.236487785122E-03                              
AS G06  2026 09 03 05 16 30.000000  1   -0.533882386025E-03                              
AS G07  2026 09 03 05 16 30.000000  1   -0.221251103221E-03                              
AS G08  2026 09 03 05 16 30.000000  1    0.356894446091E-03                              
AS G09  2026 09 03 05 16 30.000000  1    0.687269117821E-03                              
AS G10  2026 09 03 05 16 30.000000  1   -0.540067811664E-03                              
AS G12  2026 09 03 05 16 30.000000  1   -0.602919202473E-03                              
AS G13  2026 09 03 05 16 30.000000  1    0.437291547047E-03                              
AS G15  2026 09 03 05 16 30.000000  1    0.441656929060E-03                              
AS G17  2026 09 03 05 16 30.000000  1   -0.196510303510E-03                              
AS G19  2026 09 03 05 16 30.000000  1    0.704936062188E-03                              
AS G20  2026 09 03 05 16 30.000000  1    0.276726689478E-03                              
AS G21  2026 09 03 05 16 30.000000  1    0.370815616103E-03                              
AS G22  2026 09 03 05 16 30.000000  1    0.725622055883E-04                              
AS G23  2026 09 03 05 16 30.000000  1    0.685431479477E-03                              
AS G24  2026 09 03 05 16 30.000000  1    0.190386780745E-03                              
AS G27  2026 09 03 05 16 30.000000  1    0.450784950008E-06                              
AS G30  2026 09 03 05 16 30.000000  1    0.351252392409E-03                              
AS G01  2026 09 03 05 17 00.000000  1    0.181468808107E-03                              
AS G02  2026 09 03 05 17 00.000000  1    0.169011204300E-03                              
AS G03  2026 09 03 05 17 00.000000  1    0.288761694794E-03                              
AS G05  2026 09 03 05 17 00.000000  1   -0.236487995498E-03                              
AS G06  2026 09 03 05 17 00.000000  1   -0.533882066368E-03                              
AS G07  2026 09 03 05 17 00.000000  1   -0.221251065165E-03                              
AS G08  2026 09 03 05 17 00.000000  1    0.356894137699E-03                              
AS G09  2026 09 03 05 17 00.000000  1    0.687268847438E-03                              
AS G10  2026 09 03 05 17 00.000000  1   -0.540067601977E-03                              
AS G12  2026 09 03 05 17 00.000000  1   -0.602919126371E-03                              
AS G13  2026 09 03 05 17 00.000000  1    0.437291691024E-03                              
AS G15  2026 09 03 05 17 00.000000  1    0.441657061697E-03                              
AS G17  2026 09 03 05 17 00.000000  1   -0.196510479475E-03                              
AS G19  2026 09 03 05 17 00.000000  1    0.704936030938E-03                              
AS G20  2026 09 03 05 17 00.000000  1    0.276726961354E-03                              
AS G21  2026 09 03 05 17 00.000000  1    0.370815386202E-03                              
AS G22  2026 09 03 05 17 00.000000  1    0.725625098961E-04                              
AS G23  2026 09 03 05 17 00.000000  1    0.685431581037E-03                              
AS G24  2026 09 03 05 17 00.000000  1    0.190387299482E-03                              
AS G27  2026 09 03 05 17 00.000000  1    0.450787506206E-06                              
AS G30  2026 09 03 05 17 00.000000  1    0.351252764993E-03                              
AS G01  2026 09 03 05 17 30.000000  1    0.181468540108E-03                              
AS G02  2026 09 03 05 17 30.000000  1    0.169011543032E-03                              
AS G03  2026 09 03 05 17 30.000000  1    0.288761068998E-03                              
AS G05  2026 09 03 05 17 30.000000  1   -0.236488011729E-03                              
AS G06  2026 09 03 05 17 30.000000  1   -0.533881741649E-03                              
AS G07  2026 09 03 05 17 30.000000  1   -0.221251092892E-03                              
AS G08  2026 09 03 05 17 30.000000  1    0.356893833429E-03                              
AS G09  2026 09 03 05 17 30.000000  1    0.687268593559E-03                              
AS G10  2026 09 03 05 17 30.000000  1   -0.540067386338E-03                              
AS G12  2026 09 03 05 17 30.000000  1   -0.602919048262E-03                              
AS G13  2026 09 03 05 17 30.000000  1    0.437291832425E-03                              
AS G15  2026 09 03 05 17 30.000000  1    0.441657171332E-03                              
AS G17  2026 09 03 05 17 30.000000  1   -0.196510691124E-03                              
AS G19  2026 09 03 05 17 30.000000  1    0.704936122128E-03                              
AS G20  2026 09 03 05 17 30.000000  1    0.276727233977E-03                              
AS G21  2026 09 03 05 17 30.000000  1    0.370815153327E-03                              
AS G22  2026 09 03 05 17 30.000000  1    0.725628326502E-04                              
AS G23  2026 09 03 05 17 30.000000  1    0.685431695929E-03                              
AS G24  2026 09 03 05 17 30.000000  1    0.190387822704E-03                              
AS G27  2026 09 03 05 17 30.000000  1    0.450812685123E-06                              
AS G30  2026 09 03 05 17 30.000000  1    0.351253132183E-03                              
AS G01  2026 09 03 05 18 00.000000  1    0.181468274219E-03                              
AS G02  2026 09 03 05 18 00.000000  1    0.169011824131E-03                              
AS G03  2026 09 03 05 18 00.000000  1    0.288760442264E-03                              
AS G05  2026 09 03 05 18 00.000000  1   -0.236487967297E-03                              
AS G06  2026 09 03 05 18 00.000000  1   -0.533881422130E-03                              
AS G07  2026 09 03 05 18 00.000000  1   -0.221251211418E-03                              
AS G08  2026 09 03 05 18 00.000000  1    0.356893505857E-03                              
AS G09  2026 09 03 05 18 00.000000  1    0.687268323846E-03                              
AS G10  2026 09 03 05 18 00.000000  1   -0.540067172769E-03                              
AS G12  2026 09 03 05 18 00.000000  1   -0.602919115855E-03                              
AS G13  2026 09 03 05 18 00.000000  1    0.437291981535E-03                              
AS G15  2026 09 03 05 18 00.000000  1    0.441657391482E-03                              
AS G17  2026 09 03 05 18 00.000000  1   -0.196510745092E-03                              
AS G19  2026 09 03 05 18 00.000000  1    0.704935976259E-03                              
AS G20  2026 09 03 05 18 00.000000  1    0.276727501889E-03                              
AS G21  2026 09 03 05 18 00.000000  1    0.370814911895E-03                              
AS G22  2026 09 03 05 18 00.000000  1    0.725631068426E-04                              
AS G23  2026 09 03 05 18 00.000000  1    0.685431797002E-03                              
AS G24  2026 09 03 05 18 00.000000  1    0.190388342473E-03                              
AS G27  2026 09 03 05 18 00.000000  1    0.450821601831E-06                              
AS G30  2026 09 03 05 18 00.000000  1    0.351253497100E-03                              
AS G01  2026 09 03 05 18 30.000000  1    0.181467998905E-03                              
AS G02  2026 09 03 05 18 30.000000  1    0.169011990340E-03                              
AS G03  2026 09 03 05 18 30.000000  1    0.288759816230E-03                              
AS G05  2026 09 03 05 18 30.000000  1   -0.236487857968E-03                              
AS G06  2026 09 03 05 18 30.000000  1   -0.533881102650E-03                              
AS G07  2026 09 03 05 18 30.000000  1   -0.221251419011E-03                              
AS G08  2026 09 03 05 18 30.000000  1    0.356893193542E-03                              
AS G09  2026 09 03 05 18 30.000000  1    0.687268055013E-03                              
AS G10  2026 09 03 05 18 30.000000  1   -0.540066960335E-03                              
AS G12  2026 09 03 05 18 30.000000  1   -0.602919141751E-03                              
AS G13  2026 09 03 05 18 30.000000  1    0.437292135102E-03                              
AS G15  2026 09 03 05 18 30.000000  1    0.441657488001E-03                              
AS G17  2026 09 03 05 18 30.000000  1   -0.196510851121E-03                              
AS G19  2026 09 03 05 18 30.000000  1    0.704935992469E-03                              
AS G20  2026 09 03 05 18 30.000000  1    0.276727785247E-03                              
AS G21  2026 09 03 05 18 30.000000  1    0.370814690702E-03                              
AS G22  2026 09 03 05 18 30.000000  1    0.725633197787E-04                              
AS G23  2026 09 03 05 18 30.000000  1    0.685431901636E-03                              
AS G24  2026 09 03 05 18 30.000000  1    0.190388856543E-03                              
AS G27  2026 09 03 05 18 30.000000  1    0.450720618980E-06                              
AS G30  2026 09 03 05 18 30.000000  1    0.351253870349E-03                              
AS G01  2026 09 03 05 19 00.000000  1    0.181467736809E-03                              
AS G02  2026 09 03 05 19 00.000000  1    0.169012189157E-03                              
AS G03  2026 09 03 05 19 00.000000  1    0.288759207366E-03                              
AS G05  2026 09 03 05 19 00.000000  1   -0.236487830951E-03                              
AS G06  2026 09 03 05 19 00.000000  1   -0.533880767702E-03                              
AS G07  2026 09 03 05 19 00.000000  1   -0.221251391529E-03                              
AS G08  2026 09 03 05 19 00.000000  1    0.356892893112E-03                              
AS G09  2026 09 03 05 19 00.000000  1    0.687267802870E-03                              
AS G10  2026 09 03 05 19 00.000000  1   -0.540066753780E-03                              
AS G12  2026 09 03 05 19 00.000000  1   -0.602919076237E-03                              
AS G13  2026 09 03 05 19 00.000000  1    0.437292283162E-03                              
AS G15  2026 09 03 05 19 00.000000  1    0.441657599638E-03                              
AS G17  2026 09 03 05 19 00.000000  1   -0.196511032307E-03                              
AS G19  2026 09 03 05 19 00.000000  1    0.704936032465E-03                              
AS G20  2026 09 03 05 19 00.000000  1    0.276728059253E-03                              
AS G21  2026 09 03 05 19 00.000000  1    0.370814477375E-03                              
AS G22  2026 09 03 05 19 00.000000  1    0.725635191005E-04                              
AS G23  2026 09 03 05 19 00.000000  1    0.685432022431E-03                              
AS G24  2026 09 03 05 19 00.000000  1    0.190389381935E-03                              
AS G27  2026 09 03 05 19 00.000000  1    0.450653672553E-06                              
AS G30  2026 09 03 05 19 00.000000  1    0.351254235566E-03                              
AS G01  2026 09 03 05 19 30.000000  1    0.181467463835E-03                              
AS G02  2026 09 03 05 19 30.000000  1    0.169012355129E-03                              
AS G03  2026 09 03 05 19 30.000000  1    0.288758581671E-03                              
AS G05  2026 09 03 05 19 30.000000  1   -0.236487839005E-03                              
AS G06  2026 09 03 05 19 30.000000  1   -0.533880451793E-03                              
AS G07  2026 09 03 05 19 30.000000  1   -0.221251454602E-03                              
AS G08  2026 09 03 05 19 30.000000  1    0.356892585653E-03                              
AS G09  2026 09 03 05 19 30.000000  1    0.687267549553E-03                              
AS G10  2026 09 03 05 19 30.000000  1   -0.540066541830E-03                              
AS G12  2026 09 03 05 19 30.000000  1   -0.602918990342E-03                              
AS G13  2026 09 03 05 19 30.000000  1    0.437292426876E-03                              
AS G15  2026 09 03 05 19 30.000000  1    0.441657682307E-03                              
AS G17  2026 09 03 05 19 30.000000  1   -0.196511274364E-03                              
AS G19  2026 09 03 05 19 30.000000  1    0.704935990230E-03                              
AS G20  2026 09 03 05 19 30.000000  1    0.276728327011E-03                              
AS G21  2026 09 03 05 19 30.000000  1    0.370814231599E-03                              
AS G22  2026 09 03 05 19 30.000000  1    0.725637664661E-04                              
AS G23  2026 09 03 05 19 30.000000  1    0.685432140182E-03                              
AS G24  2026 09 03 05 19 30.000000  1    0.190389900562E-03                              
AS G27  2026 09 03 05 19 30.000000  1    0.450589015589E-06                              
AS G30  2026 09 03 05 19 30.000000  1    0.351254609767E-03                              
AS G01  2026 09 03 05 20 00.000000  2    0.181467182894E-03  0.903806525617E-11          
AS G02  2026 09 03 05 20 00.000000  2    0.169012548562E-03  0.904343911369E-11          
AS G03  2026 09 03 05 20 00.000000  2    0.288757964917E-03  0.913194708676E-11          
AS G05  2026 09 03 05 20 00.000000  2   -0.236488102850E-03  0.923345771253E-11          
AS G06  2026 09 03 05 20 00.000000  2   -0.533880120905E-03  0.935586529521E-11          
AS G07  2026 09 03 05 20 00.000000  2   -0.221251505177E-03  0.936271399094E-11          
AS G08  2026 09 03 05 20 00.000000  2    0.356892278091E-03  0.910311902377E-11          
AS G09  2026 09 03 05 20 00.000000  2    0.687267286717E-03  0.943983686341E-11          
AS G10  2026 09 03 05 20 00.000000  2   -0.540066334976E-03  0.927274864484E-11          
AS G12  2026 09 03 05 20 00.000000  2   -0.602918811272E-03  0.939109044428E-11          
AS G13  2026 09 03 05 20 00.000000  2    0.437292567637E-03  0.946351213344E-11          
AS G15  2026 09 03 05 20 00.000000  2    0.441657717386E-03  0.938909830104E-11          
AS G17  2026 09 03 05 20 00.000000  2   -0.196511341937E-03  0.911882077015E-11          
AS G19  2026 09 03 05 20 00.000000  2    0.704936065486E-03  0.923720728207E-11          
AS G20  2026 09 03 05 20 00.000000  2    0.276728602280E-03  0.936808936493E-11          
AS G21  2026 09 03 05 20 00.000000  2    0.370813989952E-03  0.936867582338E-11          
AS G22  2026 09 03 05 20 00.000000  2    0.725640224126E-04  0.910267671589E-11          
AS G23  2026 09 03 05 20 00.000000  2    0.685432236992E-03  0.949971250835E-11          
AS G24  2026 09 03 05 20 00.000000  2    0.190390419365E-03  0.928142676130E-11          
AS G27  2026 09 03 05 20 00.000000  2    0.450502285374E-06  0.931535644550E-11          
AS G30  2026 09 03 05 20 00.000000  2    0.351254983374E-03  0.927003520177E-11          
AS G01  2026 09 03 05 20 30.000000  1    0.181466920663E-03                              
AS G02  2026 09 03 05 20 30.000000  1    0.169012838875E-03                              
AS G03  2026 09 03 05 20 30.000000  1    0.288757339774E-03                              
AS G05  2026 09 03 05 20 30.000000  1   -0.236488210669E-03                              
AS G06  2026 09 03 05 20 30.000000  1   -0.533879809275E-03                              
AS G07  2026 09 03 05 20 30.000000  1   -0.221251543827E-03                              
AS G08  2026 09 03 05 20 30.000000  1    0.356891965987E-03                              
AS G09  2026 09 03 05 20 30.000000  1    0.687267017486E-03                              
AS G10  2026 09 03 05 20 30.000000  1   -0.540066096573E-03                              
AS G12  2026 09 03 05 20 30.000000  1   -0.602918662056E-03                              
AS G13  2026 09 03 05 20 30.000000  1    0.437292709307E-03                              
AS G15  2026 09 03 05 20 30.000000  1    0.441657754327E-03                              
AS G17  2026 09 03 05 20 30.000000  1   -0.196511629515E-03                              
AS G19  2026 09 03 05 20 30.000000  1    0.704936074530E-03                              
AS G20  2026 09 03 05 20 30.000000  1    0.276728878961E-03                              
AS G21  2026 09 03 05 20 30.000000  1    0.370813757833E-03                              
AS G22  2026 09 03 05 20 30.000000  1    0.725643815827E-04                              
AS G23  2026 09 03 05 20 30.000000  1    0.685432344465E-03                              
AS G24  2026 09 03 05 20 30.000000  1    0.190390944892E-03                              
AS G27  2026 09 03 05 20 30.000000  1    0.450377198172E-06                              
AS G30  2026 09 03 05 20 30.000000  1    0.351255349145E-03                              
AS G01  2026 09 03 05 21 00.000000  1    0.181466651558E-03                              
AS G02  2026 09 03 05 21 00.000000  1    0.169013034081E-03                              
AS G03  2026 09 03 05 21 00.000000  1    0.288756717945E-03                              
AS G05  2026 09 03 05 21 00.000000  1   -0.236488236108E-03                              
AS G06  2026 09 03 05 21 00.000000  1   -0.533879487003E-03                              
AS G07  2026 09 03 05 21 00.000000  1   -0.221251770775E-03                              
AS G08  2026 09 03 05 21 00.000000  1    0.356891666686E-03                              
AS G09  2026 09 03 05 21 00.000000  1    0.687266757645E-03                              
AS G10  2026 09 03 05 21 00.000000  1   -0.540065884761E-03                              
AS G12  2026 09 03 05 21 00.000000  1   -0.602918728574E-03                              
AS G13  2026 09 03 05 21 00.000000  1    0.437292859426E-03                              
AS G15  2026 09 03 05 21 00.000000  1    0.441657844648E-03                              
AS G17  2026 09 03 05 21 00.000000  1   -0.196511899747E-03                              
AS G19  2026 09 03 05 21 00.000000  1    0.704936102033E-03                              
AS G20  2026 09 03 05 21 00.000000  1    0.276729162484E-03                              
AS G21  2026 09 03 05 21 00.000000  1    0.370813517744E-03                              
AS G22  2026 09 03 05 21 00.000000  1    0.725647670270E-04                              
AS G23  2026 09 03 05 21 00.000000  1    0.685432457382E-03                              
AS G24  2026 09 03 05 21 00.000000  1    0.190391464825E-03                              
AS G27  2026 09 03 05 21 00.000000  1    0.450222206948E-06                              
AS G30  2026 09 03 05 21 00.000000  1    0.351255715163E-03                              
AS G01  2026 09 03 05 21 30.000000  1    0.181466393172E-03                              
AS G02  2026 09 03 05 21 30.000000  1    0.169013197785E-03                              
AS G03  2026 09 03 05 21 30.000000  1    0.288756100041E-03                              
AS G05  2026 09 03 05 21 30.000000  1   -0.236488028709E-03                              
AS G06  2026 09 03 05 21 30.000000  1   -0.533879160320E-03                              
AS G07  2026 09 03 05 21 30.000000  1   -0.221251943441E-03                              
AS G08  2026 09 03 05 21 30.000000  1    0.356891355194E-03                              
AS G09  2026 09 03 05 21 30.000000  1    0.687266492762E-03                              
AS G10  2026 09 03 05 21 30.000000  1   -0.540065659432E-03                              
AS G12  2026 09 03 05 21 30.000000  1   -0.602918736366E-03                              
AS G13  2026 09 03 05 21 30.000000  1    0.437293019427E-03                              
AS G15  2026 09 03 05 21 30.000000  1    0.441658057455E-03                              
AS G17  2026 09 03 05 21 30.000000  1   -0.196511842243E-03                              
AS G19  2026 09 03 05 21 30.000000  1    0.704936142549E-03                              
AS G20  2026 09 03 05 21 30.000000  1    0.276729438902E-03                              
AS G21  2026 09 03 05 21 30.000000  1    0.370813283657E-03                              
AS G22  2026 09 03 05 21 30.000000  1    0.725650122812E-04                              
AS G23  2026 09 03 05 21 30.000000  1    0.685432560879E-03                              
AS G24  2026 09 03 05 21 30.000000  1    0.190391983483E-03                              
AS G27  2026 09 03 05 21 30.000000  1    0.450183463806E-06                              
AS G30  2026 09 03 05 21 30.000000  1    0.351256091049E-03                              
AS G01  2026 09 03 05 22 00.000000  1    0.181466118673E-03                              
AS G02  2026 09 03 05 22 00.000000  1    0.169013485562E-03                              
AS G03  2026 09 03 05 22 00.000000  1    0.288755475341E-03                              
AS G05  2026 09 03 05 22 00.000000  1   -0.236487864822E-03                              
AS G06  2026 09 03 05 22 00.000000  1   -0.533878840215E-03                              
AS G07  2026 09 03 05 22 00.000000  1   -0.221252059123E-03                              
AS G08  2026 09 03 05 22 00.000000  1    0.356891051220E-03                              
AS G09  2026 09 03 05 22 00.000000  1    0.687266225922E-03                              
AS G10  2026 09 03 05 22 00.000000  1   -0.540065445530E-03                              
AS G12  2026 09 03 05 22 00.000000  1   -0.602918743651E-03                              
AS G13  2026 09 03 05 22 00.000000  1    0.437293157964E-03                              
AS G15  2026 09 03 05 22 00.000000  1    0.441658113678E-03                              
AS G17  2026 09 03 05 22 00.000000  1   -0.196512026117E-03                              
AS G19  2026 09 03 05 22 00.000000  1    0.704936201944E-03                              
AS G20  2026 09 03 05 22 00.000000  1    0.276729715306E-03                              
AS G21  2026 09 03 05 22 00.000000  1    0.370813049469E-03                              
AS G22  2026 09 03 05 22 00.000000  1    0.725652885104E-04                              
AS G23  2026 09 03 05 22 00.000000  1    0.685432671534E-03                              
AS G24  2026 09 03 05 22 00.000000  1    0.190392502177E-03                              
AS G27  2026 09 03 05 22 00.000000  1    0.450200210987E-06                              
AS G30  2026 09 03 05 22 00.000000  1    0.351256465007E-03                              
AS G01  2026 09 03 05 22 30.000000  1    0.181465839380E-03                              
AS G02  2026 09 03 05 22 30.000000  1    0.169013605207E-03                              
AS G03  2026 09 03 05 22 30.000000  1    0.288754851521E-03                              
AS G05  2026 09 03 05 22 30.000000  1   -0.236487985885E-03                              
AS G06  2026 09 03 05 22 30.000000  1   -0.533878517208E-03                              
AS G07  2026 09 03 05 22 30.000000  1   -0.221251906165E-03                              
AS G08  2026 09 03 05 22 30.000000  1    0.356890737819E-03                              
AS G09  2026 09 03 05 22 30.000000  1    0.687265961132E-03                              
AS G10  2026 09 03 05 22 30.000000  1   -0.540065229328E-03                              
AS G12  2026 09 03 05 22 30.000000  1   -0.602918753403E-03                              
AS G13  2026 09 03 05 22 30.000000  1    0.437293301342E-03                              
AS G15  2026 09 03 05 22 30.000000  1    0.441658120128E-03                              
AS G17  2026 09 03 05 22 30.000000  1   -0.196511993947E-03                              
AS G19  2026 09 03 05 22 30.000000  1    0.704936235708E-03                              
AS G20  2026 09 03 05 22 30.000000  1    0.276729989746E-03                              
AS G21  2026 09 03 05 22 30.000000  1    0.370812814885E-03                              
AS G22  2026 09 03 05 22 30.000000  1    0.725656269469E-04                              
AS G23  2026 09 03 05 22 30.000000  1    0.685432769138E-03                              
AS G24  2026 09 03 05 22 30.000000  1    0.190393021315E-03                              
AS G27  2026 09 03 05 22 30.000000  1    0.450176347057E-06                              
AS G30  2026 09 03 05 22 30.000000  1    0.351256832542E-03                              
AS G01  2026 09 03 05 23 00.000000  1    0.181465561458E-03                              
AS G02  2026 09 03 05 23 00.000000  1    0.169013828596E-03                              
AS G03  2026 09 03 05 23 00.000000  1    0.288754223424E-03                              
AS G05  2026 09 03 05 23 00.000000  1   -0.236488214395E-03                              
AS G06  2026 09 03 05 23 00.000000  1   -0.533878192492E-03                              
AS G07  2026 09 03 05 23 00.000000  1   -0.221252036952E-03                              
AS G08  2026 09 03 05 23 00.000000  1    0.356890430913E-03                              
AS G09  2026 09 03 05 23 00.000000  1    0.687265698331E-03                              
AS G10  2026 09 03 05 23 00.000000  1   -0.540065014229E-03                              
AS G12  2026 09 03 05 23 00.000000  1   -0.602918776639E-03                              
AS G13  2026 09 03 05 23 00.000000  1    0.437293445805E-03                              
AS G15  2026 09 03 05 23 00.000000  1    0.441658210423E-03                              
AS G17  2026 09 03 05 23 00.000000  1   -0.196512089644E-03                              
AS G19  2026 09 03 05 23 00.000000  1    0.704936226221E-03                              
AS G20  2026 09 03 05 23 00.000000  1    0.276730256701E-03                              
AS G21  2026 09 03 05 23 00.000000  1    0.370812572645E-03                              
AS G22  2026 09 03 05 23 00.000000  1    0.725659843211E-04                              
AS G23  2026 09 03 05 23 00.000000  1    0.685432876675E-03                              
AS G24  2026 09 03 05 23 00.000000  1    0.190393530650E-03                              
AS G27  2026 09 03 05 23 00.000000  1    0.450250804223E-06                              
AS G30  2026 09 03 05 23 00.000000  1    0.351257201813E-03                              
AS G01  2026 09 03 05 23 30.000000  1    0.181465293049E-03                              
AS G02  2026 09 03 05 23 30.000000  1    0.169014010331E-03                              
AS G03  2026 09 03 05 23 30.000000  1    0.288753600801E-03                              
AS G05  2026 09 03 05 23 30.000000  1   -0.236488218340E-03                              
AS G06  2026 09 03 05 23 30.000000  1   -0.533877874409E-03                              
AS G07  2026 09 03 05 23 30.000000  1   -0.221252342773E-03                              
AS G08  2026 09 03 05 23 30.000000  1    0.356890117982E-03                              
AS G09  2026 09 03 05 23 30.000000  1    0.687265441255E-03                              
AS G10  2026 09 03 05 23 30.000000  1   -0.540064803624E-03                              
AS G12  2026 09 03 05 23 30.000000  1   -0.602918731800E-03                              
AS G13  2026 09 03 05 23 30.000000  1    0.437293589823E-03                              
AS G15  2026 09 03 05 23 30.000000  1    0.441658325769E-03                              
AS G17  2026 09 03 05 23 30.000000  1   -0.196512239185E-03                              
AS G19  2026 09 03 05 23 30.000000  1    0.704936012544E-03                              
AS G20  2026 09 03 05 23 30.000000  1    0.276730530916E-03                              
AS G21  2026 09 03 05 23 30.000000  1    0.370812334614E-03                              
AS G22  2026 09 03 05 23 30.000000  1    0.725662239530E-04                              
AS G23  2026 09 03 05 23 30.000000  1    0.685432986090E-03                              
AS G24  2026 09 03 05 23 30.000000  1    0.190394051854E-03                              
AS G27  2026 09 03 05 23 30.000000  1    0.450245440008E-06                              
AS G30  2026 09 03 05 23 30.000000  1    0.351257577675E-03                              
AS G01  2026 09 03 05 24 00.000000  1    0.181465025193E-03                              
AS G02  2026 09 03 05 24 00.000000  1    0.169014189317E-03                              
AS G03  2026 09 03 05 24 00.000000  1    0.288752974529E-03                              
AS G05  2026 09 03 05 24 00.000000  1   -0.236488255806E-03                              
AS G06  2026 09 03 05 24 00.000000  1   -0.533877563534E-03                              
AS G07  2026 09 03 05 24 00.000000  1   -0.221252529094E-03                              
AS G08  2026 09 03 05 24 00.000000  1    0.356889812200E-03                              
AS G09  2026 09 03 05 24 00.000000  1    0.687265174246E-03                              
AS G10  2026 09 03 05 24 00.000000  1   -0.540064598824E-03                              
AS G12  2026 09 03 05 24 00.000000  1   -0.602918730448E-03                              
AS G13  2026 09 03 05 24 00.000000  1    0.437293736874E-03                              
AS G15  2026 09 03 05 24 00.000000  1    0.441658349522E-03                              
AS G17  2026 09 03 05 24 00.000000  1   -0.196512518235E-03                              
AS G19  2026 09 03 05 24 00.000000  1    0.704936007080E-03                              
AS G20  2026 09 03 05 24 00.000000  1    0.276730802870E-03                              
AS G21  2026 09 03 05 24 00.000000  1    0.370812086120E-03                              
AS G22  2026 09 03 05 24 00.000000  1    0.725664151263E-04                              
AS G23  2026 09 03 05 24 00.000000  1    0.685433087271E-03                              
AS G24  2026 09 03 05 24 00.000000  1    0.190394569532E-03                              
AS G27  2026 09 03 05 24 00.000000  1    0.450213534754E-06                              
AS G30  2026 09 03 05 24 00.000000  1    0.351257949172E-03                              
AS G01  2026 09 03 05 24 30.000000  1    0.181464745563E-03                              
AS G02  2026 09 03 05 24 30.000000  1    0.169014484858E-03                              
AS G03  2026 09 03 05 24 30.000000  1    0.288752357778E-03                              
AS G05  2026 09 03 05 24 30.000000  1   -0.236488147815E-03                              
AS G06  2026 09 03 05 24 30.000000  1   -0.533877244246E-03                              
AS G07  2026 09 03 05 24 30.000000  1   -0.221252629565E-03                              
AS G08  2026 09 03 05 24 30.000000  1    0.356889491731E-03                              
AS G09  2026 09 03 05 24 30.000000  1    0.687264914223E-03                              
AS G10  2026 09 03 05 24 30.000000  1   -0.540064389635E-03                              
AS G12  2026 09 03 05 24 30.000000  1   -0.602918688505E-03                              
AS G13  2026 09 03 05 24 30.000000  1    0.437293879546E-03                              
AS G15  2026 09 03 05 24 30.000000  1    0.441658479647E-03                              
AS G17  2026 09 03 05 24 30.000000  1   -0.196512706241E-03                              
AS G19  2026 09 03 05 24 30.000000  1    0.704936026614E-03                              
AS G20  2026 09 03 05 24 30.000000  1    0.276731077519E-03                              
AS G21  2026 09 03 05 24 30.000000  1    0.370811844269E-03                              
AS G22  2026 09 03 05 24 30.000000  1    0.725666492030E-04                              
AS G23  2026 09 03 05 24 30.000000  1    0.685433195290E-03                              
AS G24  2026 09 03 05 24 30.000000  1    0.190395087537E-03                              
AS G27  2026 09 03 05 24 30.000000  1    0.450175605705E-06                              
AS G30  2026 09 03 05 24 30.000000  1    0.351258315254E-03                              
AS G01  2026 09 03 05 25 00.000000  2    0.181464484496E-03  0.859822620911E-11          
AS G02  2026 09 03 05 25 00.000000  2    0.169014677396E-03  0.860580914607E-11          
AS G03  2026 09 03 05 25 00.000000  2    0.288751741027E-03  0.868482937108E-11          
AS G05  2026 09 03 05 25 00.000000  2   -0.236488489621E-03  0.880329423729E-11          
AS G06  2026 09 03 05 25 00.000000  2   -0.533876918348E-03  0.891806501893E-11          
AS G07  2026 09 03 05 25 00.000000  2   -0.221252506704E-03  0.893555945360E-11          
AS G08  2026 09 03 05 25 00.000000  2    0.356889180848E-03  0.867368118320E-11          
AS G09  2026 09 03 05 25 00.000000  2    0.687264652605E-03  0.901481246184E-11          
AS G10  2026 09 03 05 25 00.000000  2   -0.540064174296E-03  0.886864468745E-11          
AS G12  2026 09 03 05 25 00.000000  2   -0.602918508111E-03  0.898152003217E-11          
AS G13  2026 09 03 05 25 00.000000  2    0.437294022590E-03  0.906198237876E-11          
AS G15  2026 09 03 05 25 00.000000  2    0.441658682824E-03  0.895580494660E-11          
AS G17  2026 09 03 05 25 00.000000  2   -0.196512759365E-03  0.867450781854E-11          
AS G19  2026 09 03 05 25 00.000000  2    0.704936299123E-03  0.879340499152E-11          
AS G20  2026 09 03 05 25 00.000000  2    0.276731346162E-03  0.893992162291E-11          
AS G21  2026 09 03 05 25 00.000000  2    0.370811623776E-03  0.895448966202E-11          
AS G22  2026 09 03 05 25 00.000000  2    0.725670859069E-04  0.866239679709E-11          
AS G23  2026 09 03 05 25 00.000000  2    0.685433307686E-03  0.903925755613E-11          
AS G24  2026 09 03 05 25 00.000000  2    0.190395607963E-03  0.884541667624E-11          
AS G27  2026 09 03 05 25 00.000000  2    0.450208786107E-06  0.889908485151E-11          
AS G30  2026 09 03 05 25 00.000000  2    0.351258686429E-03  0.885703570467E-11          
AS G01  2026 09 03 05 25 30.000000  1    0.181464194433E-03                              
AS G02  2026 09 03 05 25 30.000000  1    0.169014933183E-03                              
AS G03  2026 09 03 05 25 30.000000  1    0.288751112261E-03                              
AS G05  2026 09 03 05 25 30.000000  1   -0.236488465470E-03                              
AS G06  2026 09 03 05 25 30.000000  1   -0.533876593023E-03                              
AS G07  2026 09 03 05 25 30.000000  1   -0.221252586785E-03                              
AS G08  2026 09 03 05 25 30.000000  1    0.356888873423E-03                              
AS G09  2026 09 03 05 25 30.000000  1    0.687264390332E-03                              
AS G10  2026 09 03 05 25 30.000000  1   -0.540063957155E-03                              
AS G12  2026 09 03 05 25 30.000000  1   -0.602918602191E-03                              
AS G13  2026 09 03 05 25 30.000000  1    0.437294178545E-03                              
AS G15  2026 09 03 05 25 30.000000  1    0.441658866856E-03                              
AS G17  2026 09 03 05 25 30.000000  1   -0.196512817896E-03                              
AS G19  2026 09 03 05 25 30.000000  1    0.704936329351E-03                              
AS G20  2026 09 03 05 25 30.000000  1    0.276731605912E-03                              
AS G21  2026 09 03 05 25 30.000000  1    0.370811388355E-03                              
AS G22  2026 09 03 05 25 30.000000  1    0.725673695050E-04                              
AS G23  2026 09 03 05 25 30.000000  1    0.685433415566E-03                              
AS G24  2026 09 03 05 25 30.000000  1    0.190396134306E-03                              
AS G27  2026 09 03 05 25 30.000000  1    0.450170422429E-06                              
AS G30  2026 09 03 05 25 30.000000  1    0.351259061832E-03                              
AS G01  2026 09 03 05 26 00.000000  1    0.181463921549E-03                              
AS G02  2026 09 03 05 26 00.000000  1    0.169015188745E-03                              
AS G03  2026 09 03 05 26 00.000000  1    0.288750485309E-03                              
AS G05  2026 09 03 05 26 00.000000  1   -0.236488368028E-03                              
AS G06  2026 09 03 05 26 00.000000  1   -0.533876280324E-03                              
AS G07  2026 09 03 05 26 00.000000  1   -0.221252658200E-03                              
AS G08  2026 09 03 05 26 00.000000  1    0.356888563473E-03                              
AS G09  2026 09 03 05 26 00.000000  1    0.687264126305E-03                              
AS G10  2026 09 03 05 26 00.000000  1   -0.540063744862E-03                              
AS G12  2026 09 03 05 26 00.000000  1   -0.602918676766E-03                              
AS G13  2026 09 03 05 26 00.000000  1    0.437294320079E-03                              
AS G15  2026 09 03 05 26 00.000000  1    0.441658893764E-03                              
AS G17  2026 09 03 05 26 00.000000  1   -0.196512899763E-03                              
AS G19  2026 09 03 05 26 00.000000  1    0.704936365645E-03                              
AS G20  2026 09 03 05 26 00.000000  1    0.276731883465E-03                              
AS G21  2026 09 03 05 26 00.000000  1    0.370811135219E-03                              
AS G22  2026 09 03 05 26 00.000000  1    0.725674889833E-04                              
AS G23  2026 09 03 05 26 00.000000  1    0.685433515580E-03                              
AS G24  2026 09 03 05 26 00.000000  1    0.190396649048E-03                              
AS G27  2026 09 03 05 26 00.000000  1    0.450217580573E-06                              
AS G30  2026 09 03 05 26 00.000000  1    0.351259425775E-03                              
AS G01  2026 09 03 05 26 30.000000  1    0.181463657746E-03                              
AS G02  2026 09 03 05 26 30.000000  1    0.169015502780E-03                              
AS G03  2026 09 03 05 26 30.000000  1    0.288749865432E-03                              
AS G05  2026 09 03 05 26 30.000000  1   -0.236488331347E-03                              
AS G06  2026 09 03 05 26 30.000000  1   -0.533875964695E-03                              
AS G07  2026 09 03 05 26 30.000000  1   -0.221252881598E-03                              
AS G08  2026 09 03 05 26 30.000000  1    0.356888254281E-03                              
AS G09  2026 09 03 05 26 30.000000  1    0.687263863174E-03                              
AS G10  2026 09 03 05 26 30.000000  1   -0.540063524543E-03                              
AS G12  2026 09 03 05 26 30.000000  1   -0.602918540227E-03                              
AS G13  2026 09 03 05 26 30.000000  1    0.437294463337E-03                              
AS G15  2026 09 03 05 26 30.000000  1    0.441658854907E-03                              
AS G17  2026 09 03 05 26 30.000000  1   -0.196513027980E-03                              
AS G19  2026 09 03 05 26 30.000000  1    0.704936347749E-03                              
AS G20  2026 09 03 05 26 30.000000  1    0.276732159795E-03                              
AS G21  2026 09 03 05 26 30.000000  1    0.370810900251E-03                              
AS G22  2026 09 03 05 26 30.000000  1    0.725676328406E-04                              
AS G23  2026 09 03 05 26 30.000000  1    0.685433628490E-03                              
AS G24  2026 09 03 05 26 30.000000  1    0.190397176490E-03                              
AS G27  2026 09 03 05 26 30.000000  1    0.450118513524E-06                              
AS G30  2026 09 03 05 26 30.000000  1    0.351259795920E-03                              
AS G01  2026 09 03 05 27 00.000000  1    0.181463379007E-03                              
AS G02  2026 09 03 05 27 00.000000  1    0.169015636197E-03                              
AS G03  2026 09 03 05 27 00.000000  1    0.288749241351E-03                              
AS G05  2026 09 03 05 27 00.000000  1   -0.236488168686E-03                              
AS G06  2026 09 03 05 27 00.000000  1   -0.533875651038E-03                              
AS G07  2026 09 03 05 27 00.000000  1   -0.221253038540E-03                              
AS G08  2026 09 03 05 27 00.000000  1    0.356887943317E-03                              
AS G09  2026 09 03 05 27 00.000000  1    0.687263599984E-03                              
AS G10  2026 09 03 05 27 00.000000  1   -0.540063307267E-03                              
AS G12  2026 09 03 05 27 00.000000  1   -0.602918417517E-03                              
AS G13  2026 09 03 05 27 00.000000  1    0.437294614081E-03                              
AS G15  2026 09 03 05 27 00.000000  1    0.441659064107E-03                              
AS G17  2026 09 03 05 27 00.000000  1   -0.196513141566E-03                              
AS G19  2026 09 03 05 27 00.000000  1    0.704936406508E-03                              
AS G20  2026 09 03 05 27 00.000000  1    0.276732422849E-03                              
AS G21  2026 09 03 05 27 00.000000  1    0.370810657246E-03                              
AS G22  2026 09 03 05 27 00.000000  1    0.725679094681E-04                              
AS G23  2026 09 03 05 27 00.000000  1    0.685433729806E-03                              
AS G24  2026 09 03 05 27 00.000000  1    0.190397684203E-03                              
AS G27  2026 09 03 05 27 00.000000  1    0.450224478716E-06                              
AS G30  2026 09 03 05 27 00.000000  1    0.351260167272E-03                              
AS G01  2026 09 03 05 27 30.000000  1    0.181463108177E-03                              
AS G02  2026 09 03 05 27 30.000000  1    0.169015777758E-03                              
AS G03  2026 09 03 05 27 30.000000  1    0.288748627441E-03                              
AS G05  2026 09 03 05 27 30.000000  1   -0.236488103262E-03                              
AS G06  2026 09 03 05 27 30.000000  1   -0.533875319821E-03                              
AS G07  2026 09 03 05 27 30.000000  1   -0.221253209125E-03                              
AS G08  2026 09 03 05 27 30.000000  1    0.356887640290E-03                              
AS G09  2026 09 03 05 27 30.000000  1    0.687263346483E-03                              
AS G10  2026 09 03 05 27 30.000000  1   -0.540063092096E-03                              
AS G12  2026 09 03 05 27 30.000000  1   -0.602918259987E-03                              
AS G13  2026 09 03 05 27 30.000000  1    0.437294765516E-03                              
AS G15  2026 09 03 05 27 30.000000  1    0.441659231703E-03                              
AS G17  2026 09 03 05 27 30.000000  1   -0.196513350065E-03                              
AS G19  2026 09 03 05 27 30.000000  1    0.704936299037E-03                              
AS G20  2026 09 03 05 27 30.000000  1    0.276732698122E-03                              
AS G21  2026 09 03 05 27 30.000000  1    0.370810428874E-03                              
AS G22  2026 09 03 05 27 30.000000  1    0.725682039563E-04                              
AS G23  2026 09 03 05 27 30.000000  1    0.685433839116E-03                              
AS G24  2026 09 03 05 27 30.000000  1    0.190398202947E-03                              
AS G27  2026 09 03 05 27 30.000000  1    0.450214323338E-06                              
AS G30  2026 09 03 05 27 30.000000  1    0.351260549530E-03                              
AS G01  2026 09 03 05 28 00.000000  1    0.181462838757E-03                              
AS G02  2026 09 03 05 28 00.000000  1    0.169016044986E-03                              
AS G03  2026 09 03 05 28 00.000000  1    0.288747992570E-03                              
AS G05  2026 09 03 05 28 00.000000  1   -0.236488004959E-03                              
AS G06  2026 09 03 05 28 00.000000  1   -0.533874999655E-03                              
AS G07  2026 09 03 05 28 00.000000  1   -0.221253334993E-03                              
AS G08  2026 09 03 05 28 00.000000  1    0.356887327924E-03                              
AS G09  2026 09 03 05 28 00.000000  1    0.687263091687E-03                              
AS G10  2026 09 03 05 28 00.000000  1   -0.540062886487E-03                              
AS G12  2026 09 03 05 28 00.000000  1   -0.602918345207E-03                              
AS G13  2026 09 03 05 28 00.000000  1    0.437294911411E-03                              
AS G15  2026 09 03 05 28 00.000000  1    0.441659161864E-03                              
AS G17  2026 09 03 05 28 00.000000  1   -0.196513620358E-03                              
AS G19  2026 09 03 05 28 00.000000  1    0.704936052683E-03                              
AS G20  2026 09 03 05 28 00.000000  1    0.276732971600E-03                              
AS G21  2026 09 03 05 28 00.000000  1    0.370810190480E-03                              
AS G22  2026 09 03 05 28 00.000000  1    0.725682835044E-04                              
AS G23  2026 09 03 05 28 00.000000  1    0.685433946668E-03                              
AS G24  2026 09 03 05 28 00.000000  1    0.190398726437E-03                              
AS G27  2026 09 03 05 28 00.000000  1    0.450022724386E-06                              
AS G30  2026 09 03 05 28 00.000000  1    0.351260921870E-03                              
AS G01  2026 09 03 05 28 30.000000  1    0.181462581184E-03                              
AS G02  2026 09 03 05 28 30.000000  1    0.169016192422E-03                              
AS G03  2026 09 03 05 28 30.000000  1    0.288747371437E-03                              
AS G05  2026 09 03 05 28 30.000000  1   -0.236487930684E-03                              
AS G06  2026 09 03 05 28 30.000000  1   -0.533874676804E-03                              
AS G07  2026 09 03 05 28 30.000000  1   -0.221253504843E-03                              
AS G08  2026 09 03 05 28 30.000000  1    0.356887013546E-03                              
AS G09  2026 09 03 05 28 30.000000  1    0.687262836063E-03                              
AS G10  2026 09 03 05 28 30.000000  1   -0.540062670439E-03                              
AS G12  2026 09 03 05 28 30.000000  1   -0.602918614909E-03                              
AS G13  2026 09 03 05 28 30.000000  1    0.437295055331E-03                              
AS G15  2026 09 03 05 28 30.000000  1    0.441659258567E-03                              
AS G17  2026 09 03 05 28 30.000000  1   -0.196513979257E-03                              
AS G19  2026 09 03 05 28 30.000000  1    0.704936062239E-03                              
AS G20  2026 09 03 05 28 30.000000  1    0.276733249346E-03                              
AS G21  2026 09 03 05 28 30.000000  1    0.370809952430E-03                              
AS G22  2026 09 03 05 28 30.000000  1    0.725684587714E-04                              
AS G23  2026 09 03 05 28 30.000000  1    0.685434059638E-03                              
AS G24  2026 09 03 05 28 30.000000  1    0.190399253741E-03                              
AS G27  2026 09 03 05 28 30.000000  1    0.449985882441E-06                              
AS G30  2026 09 03 05 28 30.000000  1    0.351261292436E-03                              
AS G01  2026 09 03 05 29 00.000000  1    0.181462303235E-03                              
AS G02  2026 09 03 05 29 00.000000  1    0.169016377645E-03                              
AS G03  2026 09 03 05 29 00.000000  1    0.288746751007E-03                              
AS G05  2026 09 03 05 29 00.000000  1   -0.236488025037E-03                              
AS G06  2026 09 03 05 29 00.000000  1   -0.533874362036E-03                              
AS G07  2026 09 03 05 29 00.000000  1   -0.221253679730E-03                              
AS G08  2026 09 03 05 29 00.000000  1    0.356886715450E-03                              
AS G09  2026 09 03 05 29 00.000000  1    0.687262584799E-03                              
AS G10  2026 09 03 05 29 00.000000  1   -0.540062455355E-03                              
AS G12  2026 09 03 05 29 00.000000  1   -0.602918593200E-03                              
AS G13  2026 09 03 05 29 00.000000  1    0.437295202762E-03                              
AS G15  2026 09 03 05 29 00.000000  1    0.441659316031E-03                              
AS G17  2026 09 03 05 29 00.000000  1   -0.196514075137E-03                              
AS G19  2026 09 03 05 29 00.000000  1    0.704936128739E-03                              
AS G20  2026 09 03 05 29 00.000000  1    0.276733526785E-03                              
AS G21  2026 09 03 05 29 00.000000  1    0.370809719447E-03                              
AS G22  2026 09 03 05 29 00.000000  1    0.725687220864E-04                              
AS G23  2026 09 03 05 29 00.000000  1    0.685434167659E-03                              
AS G24  2026 09 03 05 29 00.000000  1    0.190399784593E-03                              
AS G27  2026 09 03 05 29 00.000000  1    0.450030600072E-06                              
AS G30  2026 09 03 05 29 00.000000  1    0.351261675957E-03                              
AS G01  2026 09 03 05 29 30.000000  1    0.181462042004E-03                              
AS G02  2026 09 03 05 29 30.000000  1    0.169016691596E-03                              
AS G03  2026 09 03 05 29 30.000000  1    0.288746141232E-03                              
AS G05  2026 09 03 05 29 30.000000  1   -0.236488035079E-03                              
AS G06  2026 09 03 05 29 30.000000  1   -0.533874039223E-03                              
AS G07  2026 09 03 05 29 30.000000  1   -0.221253773065E-03                              
AS G08  2026 09 03 05 29 30.000000  1    0.356886405231E-03                              
AS G09  2026 09 03 05 29 30.000000  1    0.687262323760E-03                              
AS G10  2026 09 03 05 29 30.000000  1   -0.540062219783E-03                              
AS G12  2026 09 03 05 29 30.000000  1   -0.602918504616E-03                              
AS G13  2026 09 03 05 29 30.000000  1    0.437295359245E-03                              
AS G15  2026 09 03 05 29 30.000000  1    0.441659376839E-03                              
AS G17  2026 09 03 05 29 30.000000  1   -0.196514009520E-03                              
AS G19  2026 09 03 05 29 30.000000  1    0.704936116732E-03                              
AS G20  2026 09 03 05 29 30.000000  1    0.276733807819E-03                              
AS G21  2026 09 03 05 29 30.000000  1    0.370809496393E-03                              
AS G22  2026 09 03 05 29 30.000000  1    0.725689717455E-04                              
AS G23  2026 09 03 05 29 30.000000  1    0.685434282800E-03                              
AS G24  2026 09 03 05 29 30.000000  1    0.190400304194E-03                              
AS G27  2026 09 03 05 29 30.000000  1    0.449940985742E-06                              
AS G30  2026 09 03 05 29 30.000000  1    0.351262054017E-03                              
AS G01  2026 09 03 05 30 00.000000  2    0.181461766483E-03  0.924378122337E-11          
AS G02  2026 09 03 05 30 00.000000  2    0.169016923279E-03  0.925344458034E-11          
AS G03  2026 09 03 05 30 00.000000  2    0.288745519430E-03  0.931638545985E-11          
AS G05  2026 09 03 05 30 00.000000  2   -0.236487868829E-03  0.944196799941E-11          
AS G06  2026 09 03 05 30 00.000000  2   -0.533873712247E-03  0.952499865541E-11          
AS G07  2026 09 03 05 30 00.000000  2   -0.221253788536E-03  0.956338546282E-11          
AS G08  2026 09 03 05 30 00.000000  2    0.356886098257E-03  0.932519412766E-11          
AS G09  2026 09 03 05 30 00.000000  2    0.687262057863E-03  0.963257896459E-11          
AS G10  2026 09 03 05 30 00.000000  2   -0.540062014814E-03  0.953917138513E-11          
AS G12  2026 09 03 05 30 00.000000  2   -0.602918452273E-03  0.962973488799E-11          
AS G13  2026 09 03 05 30 00.000000  2    0.437295517111E-03  0.970370259817E-11          
AS G15  2026 09 03 05 30 00.000000  2    0.441659374326E-03  0.958480137650E-11          
AS G17  2026 09 03 05 30 00.000000  2   -0.196514032062E-03  0.931215882926E-11          
AS G19  2026 09 03 05 30 00.000000  2    0.704936053465E-03  0.942738380652E-11          
AS G20  2026 09 03 05 30 00.000000  2    0.276734080427E-03  0.956445590242E-11          
AS G21  2026 09 03 05 30 00.000000  2    0.370809271545E-03  0.958963491090E-11          
AS G22  2026 09 03 05 30 00.000000  2    0.725691414002E-04  0.930451074281E-11          
AS G23  2026 09 03 05 30 00.000000  2    0.685434382461E-03  0.964063684050E-11          
AS G24  2026 09 03 05 30 00.000000  2    0.190400818935E-03  0.946919362777E-11          
AS G27  2026 09 03 05 30 00.000000  2    0.449796870036E-06  0.956261227331E-11          
AS G30  2026 09 03 05 30 00.000000  2    0.351262434456E-03  0.950061178182E-11          
AS G01  2026 09 03 05 30 30.000000  1    0.181461492274E-03                              
AS G02  2026 09 03 05 30 30.000000  1    0.169017178854E-03                              
AS G03  2026 09 03 05 30 30.000000  1    0.288744894120E-03                              
AS G05  2026 09 03 05 30 30.000000  1   -0.236488056619E-03                              
AS G06  2026 09 03 05 30 30.000000  1   -0.533873397387E-03                              
AS G07  2026 09 03 05 30 30.000000  1   -0.221253708668E-03                              
AS G08  2026 09 03 05 30 30.000000  1    0.356885786032E-03                              
AS G09  2026 09 03 05 30 30.000000  1    0.687261794361E-03                              
AS G10  2026 09 03 05 30 30.000000  1   -0.540061781467E-03                              
AS G12  2026 09 03 05 30 30.000000  1   -0.602918461403E-03                              
AS G13  2026 09 03 05 30 30.000000  1    0.437295654220E-03                              
AS G15  2026 09 03 05 30 30.000000  1    0.441659435613E-03                              
AS G17  2026 09 03 05 30 30.000000  1   -0.196514101533E-03                              
AS G19  2026 09 03 05 30 30.000000  1    0.704936066308E-03                              
AS G20  2026 09 03 05 30 30.000000  1    0.276734352557E-03                              
AS G21  2026 09 03 05 30 30.000000  1    0.370809049448E-03                              
AS G22  2026 09 03 05 30 30.000000  1    0.725693018083E-04                              
AS G23  2026 09 03 05 30 30.000000  1    0.685434485565E-03                              
AS G24  2026 09 03 05 30 30.000000  1    0.190401350924E-03                              
AS G27  2026 09 03 05 30 30.000000  1    0.449881153498E-06                              
AS G30  2026 09 03 05 30 30.000000  1    0.351262809010E-03                              
AS G01  2026 09 03 05 31 00.000000  1    0.181461222519E-03                              
AS G02  2026 09 03 05 31 00.000000  1    0.169017371703E-03                              
AS G03  2026 09 03 05 31 00.000000  1    0.288744264290E-03                              
AS G05  2026 09 03 05 31 00.000000  1   -0.236488039257E-03                              
AS G06  2026 09 03 05 31 00.000000  1   -0.533873077102E-03                              
AS G07  2026 09 03 05 31 00.000000  1   -0.221253853745E-03                              
AS G08  2026 09 03 05 31 00.000000  1    0.356885470384E-03                              
AS G09  2026 09 03 05 31 00.000000  1    0.687261536389E-03                              
AS G10  2026 09 03 05 31 00.000000  1   -0.540061560991E-03                              
AS G12  2026 09 03 05 31 00.000000  1   -0.602918490815E-03                              
AS G13  2026 09 03 05 31 00.000000  1    0.437295795495E-03                              
AS G15  2026 09 03 05 31 00.000000  1    0.441659528591E-03                              
AS G17  2026 09 03 05 31 00.000000  1   -0.196514203283E-03                              
AS G19  2026 09 03 05 31 00.000000  1    0.704936065442E-03                              
AS G20  2026 09 03 05 31 00.000000  1    0.276734630053E-03                              
AS G21  2026 09 03 05 31 00.000000  1    0.370808802723E-03                              
AS G22  2026 09 03 05 31 00.000000  1    0.725695187332E-04                              
AS G23  2026 09 03 05 31 00.000000  1    0.685434595705E-03                              
AS G24  2026 09 03 05 31 00.000000  1    0.190401860225E-03                              
AS G27  2026 09 03 05 31 00.000000  1    0.449953330994E-06                              
AS G30  2026 09 03 05 31 00.000000  1    0.351263179825E-03                              
AS G01  2026 09 03 05 31 30.000000  1    0.181460947246E-03                              
AS G02  2026 09 03 05 31 30.000000  1    0.169017561265E-03                              
AS G03  2026 09 03 05 31 30.000000  1    0.288743631997E-03                              
AS G05  2026 09 03 05 31 30.000000  1   -0.236487880533E-03                              
AS G06  2026 09 03 05 31 30.000000  1   -0.533872765586E-03                              
AS G07  2026 09 03 05 31 30.000000  1   -0.221254025094E-03                              
AS G08  2026 09 03 05 31 30.000000  1    0.356885162981E-03                              
AS G09  2026 09 03 05 31 30.000000  1    0.687261267518E-03                              
AS G10  2026 09 03 05 31 30.000000  1   -0.540061345745E-03                              
AS G12  2026 09 03 05 31 30.000000  1   -0.602918454758E-03                              
AS G13  2026 09 03 05 31 30.000000  1    0.437295940033E-03                              
AS G15  2026 09 03 05 31 30.000000  1    0.441659582217E-03                              
AS G17  2026 09 03 05 31 30.000000  1   -0.196514358045E-03                              
AS G19  2026 09 03 05 31 30.000000  1    0.704936029821E-03                              
AS G20  2026 09 03 05 31 30.000000  1    0.276734901592E-03                              
AS G21  2026 09 03 05 31 30.000000  1    0.370808561915E-03                              
AS G22  2026 09 03 05 31 30.000000  1    0.725697824714E-04                              
AS G23  2026 09 03 05 31 30.000000  1    0.685434704324E-03                              
AS G24  2026 09 03 05 31 30.000000  1    0.190402381491E-03                              
AS G27  2026 09 03 05 31 30.000000  1    0.450038425529E-06                              
AS G30  2026 09 03 05 31 30.000000  1    0.351263548566E-03                              
AS G01  2026 09 03 05 32 00.000000  1    0.181460673217E-03                              
AS G02  2026 09 03 05 32 00.000000  1    0.169017696744E-03                              
AS G03  2026 09 03 05 32 00.000000  1    0.288743000450E-03                              
AS G05  2026 09 03 05 32 00.000000  1   -0.236487910682E-03                              
AS G06  2026 09 03 05 32 00.000000  1   -0.533872452580E-03                              
AS G07  2026 09 03 05 32 00.000000  1   -0.221254068406E-03                              
AS G08  2026 09 03 05 32 00.000000  1    0.356884848541E-03                              
AS G09  2026 09 03 05 32 00.000000  1    0.687260995736E-03                              
AS G10  2026 09 03 05 32 00.000000  1   -0.540061130830E-03                              
AS G12  2026 09 03 05 32 00.000000  1   -0.602918354465E-03                              
AS G13  2026 09 03 05 32 00.000000  1    0.437296076595E-03                              
AS G15  2026 09 03 05 32 00.000000  1    0.441659816442E-03                              
AS G17  2026 09 03 05 32 00.000000  1   -0.196514583768E-03                              
AS G19  2026 09 03 05 32 00.000000  1    0.704935999875E-03                              
AS G20  2026 09 03 05 32 00.000000  1    0.276735159727E-03                              
AS G21  2026 09 03 05 32 00.000000  1    0.370808335201E-03                              
AS G22  2026 09 03 05 32 00.000000  1    0.725702760110E-04                              
AS G23  2026 09 03 05 32 00.000000  1    0.685434809722E-03                              
AS G24  2026 09 03 05 32 00.000000  1    0.190402892075E-03                              
AS G27  2026 09 03 05 32 00.000000  1    0.450055025095E-06                              
AS G30  2026 09 03 05 32 00.000000  1    0.351263921588E-03                              
AS G01  2026 09 03 05 32 30.000000  1    0.181460400999E-03                              
AS G02  2026 09 03 05 32 30.000000  1    0.169017902721E-03                              
AS G03  2026 09 03 05 32 30.000000  1    0.288742373778E-03                              
AS G05  2026 09 03 05 32 30.000000  1   -0.236487681166E-03                              
AS G06  2026 09 03 05 32 30.000000  1   -0.533872127379E-03                              
AS G07  2026 09 03 05 32 30.000000  1   -0.221254182701E-03                              
AS G08  2026 09 03 05 32 30.000000  1    0.356884544618E-03                              
AS G09  2026 09 03 05 32 30.000000  1    0.687260736873E-03                              
AS G10  2026 09 03 05 32 30.000000  1   -0.540060913017E-03                              
AS G12  2026 09 03 05 32 30.000000  1   -0.602918307160E-03                              
AS G13  2026 09 03 05 32 30.000000  1    0.437296217004E-03                              
AS G15  2026 09 03 05 32 30.000000  1    0.441659901729E-03                              
AS G17  2026 09 03 05 32 30.000000  1   -0.196514737553E-03                              
AS G19  2026 09 03 05 32 30.000000  1    0.704936073564E-03                              
AS G20  2026 09 03 05 32 30.000000  1    0.276735430611E-03                              
AS G21  2026 09 03 05 32 30.000000  1    0.370808110850E-03                              
AS G22  2026 09 03 05 32 30.000000  1    0.725704900667E-04                              
AS G23  2026 09 03 05 32 30.000000  1    0.685434915804E-03                              
AS G24  2026 09 03 05 32 30.000000  1    0.190403410866E-03                              
AS G27  2026 09 03 05 32 30.000000  1    0.450015375461E-06                              
AS G30  2026 09 03 05 32 30.000000  1    0.351264295072E-03                              
AS G01  2026 09 03 05 33 00.000000  1    0.181460120886E-03                              
AS G02  2026 09 03 05 33 00.000000  1    0.169018081870E-03                              
AS G03  2026 09 03 05 33 00.000000  1    0.288741754796E-03                              
AS G05  2026 09 03 05 33 00.000000  1   -0.236487719453E-03                              
AS G06  2026 09 03 05 33 00.000000  1   -0.533871808086E-03                              
AS G07  2026 09 03 05 33 00.000000  1   -0.221254297986E-03                              
AS G08  2026 09 03 05 33 00.000000  1    0.356884221261E-03                              
AS G09  2026 09 03 05 33 00.000000  1    0.687260475967E-03                              
AS G10  2026 09 03 05 33 00.000000  1   -0.540060709572E-03                              
AS G12  2026 09 03 05 33 00.000000  1   -0.602918316883E-03                              
AS G13  2026 09 03 05 33 00.000000  1    0.437296361776E-03                              
AS G15  2026 09 03 05 33 00.000000  1    0.441659963410E-03                              
AS G17  2026 09 03 05 33 00.000000  1   -0.196514835353E-03                              
AS G19  2026 09 03 05 33 00.000000  1    0.704936098830E-03                              
AS G20  2026 09 03 05 33 00.000000  1    0.276735699159E-03                              
AS G21  2026 09 03 05 33 00.000000  1    0.370807883069E-03                              
AS G22  2026 09 03 05 33 00.000000  1    0.725706636541E-04                              
AS G23  2026 09 03 05 33 00.000000  1    0.685435031028E-03                              
AS G24  2026 09 03 05 33 00.000000  1    0.190403923841E-03                              
AS G27  2026 09 03 05 33 00.000000  1    0.450015931572E-06                              
AS G30  2026 09 03 05 33 00.000000  1    0.351264664065E-03                              
AS G01  2026 09 03 05 33 30.000000  1    0.181459844044E-03                              
AS G02  2026 09 03 05 33 30.000000  1    0.169018317648E-03                              
AS G03  2026 09 03 05 33 30.000000  1    0.288741134898E-03                              
AS G05  2026 09 03 05 33 30.000000  1   -0.236487779593E-03                              
AS G06  2026 09 03 05 33 30.000000  1   -0.533871484577E-03                              
AS G07  2026 09 03 05 33 30.000000  1   -0.221254246199E-03                              
AS G08  2026 09 03 05 33 30.000000  1    0.356883911752E-03                              
AS G09  2026 09 03 05 33 30.000000  1    0.687260206961E-03                              
AS G10  2026 09 03 05 33 30.000000  1   -0.540060496848E-03                              
AS G12  2026 09 03 05 33 30.000000  1   -0.602918312625E-03                              
AS G13  2026 09 03 05 33 30.000000  1    0.437296506989E-03                              
AS G15  2026 09 03 05 33 30.000000  1    0.441659962391E-03                              
AS G17  2026 09 03 05 33 30.000000  1   -0.196514944085E-03                              
AS G19  2026 09 03 05 33 30.000000  1    0.704936090219E-03                              
AS G20  2026 09 03 05 33 30.000000  1    0.276735959301E-03                              
AS G21  2026 09 03 05 33 30.000000  1    0.370807648492E-03                              
AS G22  2026 09 03 05 33 30.000000  1    0.725709106397E-04                              
AS G23  2026 09 03 05 33 30.000000  1    0.685435136376E-03                              
AS G24  2026 09 03 05 33 30.000000  1    0.190404447301E-03                              
AS G27  2026 09 03 05 33 30.000000  1    0.450009524686E-06                              
AS G30  2026 09 03 05 33 30.000000  1    0.351265045273E-03                              
AS G01  2026 09 03 05 34 00.000000  1    0.181459561782E-03                              
AS G02  2026 09 03 05 34 00.000000  1    0.169018497265E-03                              
AS G03  2026 09 03 05 34 00.000000  1    0.288740518123E-03                              
AS G05  2026 09 03 05 34 00.000000  1   -0.236487726815E-03                              
AS G06  2026 09 03 05 34 00.000000  1   -0.533871174296E-03                              
AS G07  2026 09 03 05 34 00.000000  1   -0.221254448035E-03                              
AS G08  2026 09 03 05 34 00.000000  1    0.356883599112E-03                              
AS G09  2026 09 03 05 34 00.000000  1    0.687259938778E-03                              
AS G10  2026 09 03 05 34 00.000000  1   -0.540060286417E-03                              
AS G12  2026 09 03 05 34 00.000000  1   -0.602918215412E-03                              
AS G13  2026 09 03 05 34 00.000000  1    0.437296645719E-03                              
AS G15  2026 09 03 05 34 00.000000  1    0.441660008668E-03                              
AS G17  2026 09 03 05 34 00.000000  1   -0.196514911331E-03                              
AS G19  2026 09 03 05 34 00.000000  1    0.704936153622E-03                              
AS G20  2026 09 03 05 34 00.000000  1    0.276736231527E-03                              
AS G21  2026 09 03 05 34 00.000000  1    0.370807412644E-03                              
AS G22  2026 09 03 05 34 00.000000  1    0.725712085334E-04                              
AS G23  2026 09 03 05 34 00.000000  1    0.685435241572E-03                              
AS G24  2026 09 03 05 34 00.000000  1    0.190404957194E-03                              
AS G27  2026 09 03 05 34 00.000000  1    0.449896227310E-06                              
AS G30  2026 09 03 05 34 00.000000  1    0.351265414161E-03                              
AS G01  2026 09 03 05 34 30.000000  1    0.181459300432E-03                              
AS G02  2026 09 03 05 34 30.000000  1    0.169018771892E-03                              
AS G03  2026 09 03 05 34 30.000000  1    0.288739894098E-03                              
AS G05  2026 09 03 05 34 30.000000  1   -0.236488080052E-03                              
AS G06  2026 09 03 05 34 30.000000  1   -0.533870845863E-03                              
AS G07  2026 09 03 05 34 30.000000  1   -0.221254677249E-03                              
AS G08  2026 09 03 05 34 30.000000  1    0.356883290124E-03                              
AS G09  2026 09 03 05 34 30.000000  1    0.687259689045E-03                              
AS G10  2026 09 03 05 34 30.000000  1   -0.540060089375E-03                              
AS G12  2026 09 03 05 34 30.000000  1   -0.602918164980E-03                              
AS G13  2026 09 03 05 34 30.000000  1    0.437296799513E-03                              
AS G15  2026 09 03 05 34 30.000000  1    0.441660151731E-03                              
AS G17  2026 09 03 05 34 30.000000  1   -0.196514994547E-03                              
AS G19  2026 09 03 05 34 30.000000  1    0.704936126007E-03                              
AS G20  2026 09 03 05 34 30.000000  1    0.276736504749E-03                              
AS G21  2026 09 03 05 34 30.000000  1    0.370807176044E-03                              
AS G22  2026 09 03 05 34 30.000000  1    0.725714553188E-04                              
AS G23  2026 09 03 05 34 30.000000  1    0.685435345300E-03                              
AS G24  2026 09 03 05 34 30.000000  1    0.190405476328E-03                              
AS G27  2026 09 03 05 34 30.000000  1    0.449957103022E-06                              
AS G30  2026 09 03 05 34 30.000000  1    0.351265786997E-03                              
AS G01  2026 09 03 05 35 00.000000  2    0.181459024890E-03  0.862450957565E-11          
AS G02  2026 09 03 05 35 00.000000  2    0.169018966131E-03  0.863629205117E-11          
AS G03  2026 09 03 05 35 00.000000  2    0.288739264616E-03  0.869152077617E-11          
AS G05  2026 09 03 05 35 00.000000  2   -0.236487912209E-03  0.883903494070E-11          
AS G06  2026 09 03 05 35 00.000000  2   -0.533870526603E-03  0.890437622994E-11          
AS G07  2026 09 03 05 35 00.000000  2   -0.221254833645E-03  0.896023593631E-11          
AS G08  2026 09 03 05 35 00.000000  2    0.356882985544E-03  0.871793857859E-11          
AS G09  2026 09 03 05 35 00.000000  2    0.687259422056E-03  0.902841493698E-11          
AS G10  2026 09 03 05 35 00.000000  2   -0.540059868760E-03  0.896338410665E-11          
AS G12  2026 09 03 05 35 00.000000  2   -0.602918170345E-03  0.904430391930E-11          
AS G13  2026 09 03 05 35 00.000000  2    0.437296944759E-03  0.911606181812E-11          
AS G15  2026 09 03 05 35 00.000000  2    0.441660281740E-03  0.896550087167E-11          
AS G17  2026 09 03 05 35 00.000000  2   -0.196515234666E-03  0.868864486902E-11          
AS G19  2026 09 03 05 35 00.000000  2    0.704936149518E-03  0.880500510395E-11          
AS G20  2026 09 03 05 35 00.000000  2    0.276736773758E-03  0.896021073552E-11          
AS G21  2026 09 03 05 35 00.000000  2    0.370806936630E-03  0.900475931497E-11          
AS G22  2026 09 03 05 35 00.000000  2    0.725716588369E-04  0.868579787830E-11          
AS G23  2026 09 03 05 35 00.000000  2    0.685435461612E-03  0.901168831428E-11          
AS G24  2026 09 03 05 35 00.000000  2    0.190405993375E-03  0.885773939368E-11          
AS G27  2026 09 03 05 35 00.000000  2    0.449875546063E-06  0.896566544279E-11          
AS G30  2026 09 03 05 35 00.000000  2    0.351266155619E-03  0.890923014598E-11          
AS G01  2026 09 03 05 35 30.000000  1    0.181458758864E-03                              
AS G02  2026 09 03 05 35 30.000000  1    0.169019049264E-03                              
AS G03  2026 09 03 05 35 30.000000  1    0.288738644826E-03                              
AS G05  2026 09 03 05 35 30.000000  1   -0.236488088185E-03                              
AS G06  2026 09 03 05 35 30.000000  1   -0.533870198416E-03                              
AS G07  2026 09 03 05 35 30.000000  1   -0.221254669075E-03                              
AS G08  2026 09 03 05 35 30.000000  1    0.356882675719E-03                              
AS G09  2026 09 03 05 35 30.000000  1    0.687259150162E-03                              
AS G10  2026 09 03 05 35 30.000000  1   -0.540059653985E-03                              
AS G12  2026 09 03 05 35 30.000000  1   -0.602918109256E-03                              
AS G13  2026 09 03 05 35 30.000000  1    0.437297077760E-03                              
AS G15  2026 09 03 05 35 30.000000  1    0.441660366748E-03                              
AS G17  2026 09 03 05 35 30.000000  1   -0.196515332527E-03                              
AS G19  2026 09 03 05 35 30.000000  1    0.704936151038E-03                              
AS G20  2026 09 03 05 35 30.000000  1    0.276737049179E-03                              
AS G21  2026 09 03 05 35 30.000000  1    0.370806703769E-03                              
AS G22  2026 09 03 05 35 30.000000  1    0.725719520548E-04                              
AS G23  2026 09 03 05 35 30.000000  1    0.685435563663E-03                              
AS G24  2026 09 03 05 35 30.000000  1    0.190406511039E-03                              
AS G27  2026 09 03 05 35 30.000000  1    0.449896030632E-06                              
AS G30  2026 09 03 05 35 30.000000  1    0.351266542890E-03                              
AS G01  2026 09 03 05 36 00.000000  1    0.181458481509E-03                              
AS G02  2026 09 03 05 36 00.000000  1    0.169019309730E-03                              
AS G03  2026 09 03 05 36 00.000000  1    0.288738022226E-03                              
AS G05  2026 09 03 05 36 00.000000  1   -0.236488230417E-03                              
AS G06  2026 09 03 05 36 00.000000  1   -0.533869874296E-03                              
AS G07  2026 09 03 05 36 00.000000  1   -0.221254552764E-03                              
AS G08  2026 09 03 05 36 00.000000  1    0.356882359286E-03                              
AS G09  2026 09 03 05 36 00.000000  1    0.687258887749E-03                              
AS G10  2026 09 03 05 36 00.000000  1   -0.540059434616E-03                              
AS G12  2026 09 03 05 36 00.000000  1   -0.602918133348E-03                              
AS G13  2026 09 03 05 36 00.000000  1    0.437297228300E-03                              
AS G15  2026 09 03 05 36 00.000000  1    0.441660494703E-03                              
AS G17  2026 09 03 05 36 00.000000  1   -0.196515454184E-03                              
AS G19  2026 09 03 05 36 00.000000  1    0.704936154871E-03                              
AS G20  2026 09 03 05 36 00.000000  1    0.276737332554E-03                              
AS G21  2026 09 03 05 36 00.000000  1    0.370806462266E-03                              
AS G22  2026 09 03 05 36 00.000000  1    0.725721793346E-04                              
AS G23  2026 09 03 05 36 00.000000  1    0.685435669895E-03                              
AS G24  2026 09 03 05 36 00.000000  1    0.190407040032E-03                              
AS G27  2026 09 03 05 36 00.000000  1    0.449970405154E-06                              
AS G30  2026 09 03 05 36 00.000000  1    0.351266912589E-03                              
AS G01  2026 09 03 05 36 30.000000  1    0.181458214884E-03                              
AS G02  2026 09 03 05 36 30.000000  1    0.169019479758E-03                              
AS G03  2026 09 03 05 36 30.000000  1    0.288737403559E-03                              
AS G05  2026 09 03 05 36 30.000000  1   -0.236488276962E-03                              
AS G06  2026 09 03 05 36 30.000000  1   -0.533869546715E-03                              
AS G07  2026 09 03 05 36 30.000000  1   -0.221254671392E-03                              
AS G08  2026 09 03 05 36 30.000000  1    0.356882046640E-03                              
AS G09  2026 09 03 05 36 30.000000  1    0.687258635542E-03                              
AS G10  2026 09 03 05 36 30.000000  1   -0.540059226132E-03                              
AS G12  2026 09 03 05 36 30.000000  1   -0.602918086726E-03                              
AS G13  2026 09 03 05 36 30.000000  1    0.437297372015E-03                              
AS G15  2026 09 03 05 36 30.000000  1    0.441660580896E-03                              
AS G17  2026 09 03 05 36 30.000000  1   -0.196515619047E-03                              
AS G19  2026 09 03 05 36 30.000000  1    0.704936060605E-03                              
AS G20  2026 09 03 05 36 30.000000  1    0.276737615713E-03                              
AS G21  2026 09 03 05 36 30.000000  1    0.370806235792E-03                              
AS G22  2026 09 03 05 36 30.000000  1    0.725725057122E-04                              
AS G23  2026 09 03 05 36 30.000000  1    0.685435775882E-03                              
AS G24  2026 09 03 05 36 30.000000  1    0.190407568466E-03                              
AS G27  2026 09 03 05 36 30.000000  1    0.449943344626E-06                              
AS G30  2026 09 03 05 36 30.000000  1    0.351267291645E-03                              
AS G01  2026 09 03 05 37 00.000000  1    0.181457955008E-03                              
AS G02  2026 09 03 05 37 00.000000  1    0.169019794416E-03                              
AS G03  2026 09 03 05 37 00.000000  1    0.288736786326E-03                              
AS G05  2026 09 03 05 37 00.000000  1   -0.236488284792E-03                              
AS G06  2026 09 03 05 37 00.000000  1   -0.533869227675E-03                              
AS G07  2026 09 03 05 37 00.000000  1   -0.221254895304E-03                              
AS G08  2026 09 03 05 37 00.000000  1    0.356881743002E-03                              
AS G09  2026 09 03 05 37 00.000000  1    0.687258368724E-03                              
AS G10  2026 09 03 05 37 00.000000  1   -0.540059004216E-03                              
AS G12  2026 09 03 05 37 00.000000  1   -0.602918002096E-03                              
AS G13  2026 09 03 05 37 00.000000  1    0.437297517629E-03                              
AS G15  2026 09 03 05 37 00.000000  1    0.441660691779E-03                              
AS G17  2026 09 03 05 37 00.000000  1   -0.196515924812E-03                              
AS G19  2026 09 03 05 37 00.000000  1    0.704936152267E-03                              
AS G20  2026 09 03 05 37 00.000000  1    0.276737889463E-03                              
AS G21  2026 09 03 05 37 00.000000  1    0.370806006452E-03                              
AS G22  2026 09 03 05 37 00.000000  1    0.725728579885E-04                              
AS G23  2026 09 03 05 37 00.000000  1    0.685435903683E-03                              
AS G24  2026 09 03 05 37 00.000000  1    0.190408094168E-03                              
AS G27  2026 09 03 05 37 00.000000  1    0.449945900780E-06                              
AS G30  2026 09 03 05 37 00.000000  1    0.351267672286E-03                              
AS G01  2026 09 03 05 37 30.000000  1    0.181457681677E-03                              
AS G02  2026 09 03 05 37 30.000000  1    0.169020059364E-03                              
AS G03  2026 09 03 05 37 30.000000  1    0.288736160974E-03                              
AS G05  2026 09 03 05 37 30.000000  1   -0.236488228898E-03                              
AS G06  2026 09 03 05 37 30.000000  1   -0.533868903645E-03                              
AS G07  2026 09 03 05 37 30.000000  1   -0.221255216222E-03                              
AS G08  2026 09 03 05 37 30.000000  1    0.356881435369E-03                              
AS G09  2026 09 03 05 37 30.000000  1    0.687258103943E-03                              
AS G10  2026 09 03 05 37 30.000000  1   -0.540058791369E-03                              
AS G12  2026 09 03 05 37 30.000000  1   -0.602917966047E-03                              
AS G13  2026 09 03 05 37 30.000000  1    0.437297651420E-03                              
AS G15  2026 09 03 05 37 30.000000  1    0.441660735898E-03                              
AS G17  2026 09 03 05 37 30.000000  1   -0.196516107320E-03                              
AS G19  2026 09 03 05 37 30.000000  1    0.704936274076E-03                              
AS G20  2026 09 03 05 37 30.000000  1    0.276738162097E-03                              
AS G21  2026 09 03 05 37 30.000000  1    0.370805765007E-03                              
AS G22  2026 09 03 05 37 30.000000  1    0.725731660003E-04                              
AS G23  2026 09 03 05 37 30.000000  1    0.685436001497E-03                              
AS G24  2026 09 03 05 37 30.000000  1    0.190408608658E-03                              
AS G27  2026 09 03 05 37 30.000000  1    0.449936525962E-06                              
AS G30  2026 09 03 05 37 30.000000  1    0.351268042370E-03                              
AS G01  2026 09 03 05 38 00.000000  1    0.181457413045E-03                              
AS G02  2026 09 03 05 38 00.000000  1    0.169020007580E-03                              
AS G03  2026 09 03 05 38 00.000000  1    0.288735536829E-03                              
AS G05  2026 09 03 05 38 00.000000  1   -0.236488389557E-03                              
AS G06  2026 09 03 05 38 00.000000  1   -0.533868581991E-03                              
AS G07  2026 09 03 05 38 00.000000  1   -0.221255420911E-03                              
AS G08  2026 09 03 05 38 00.000000  1    0.356881126096E-03                              
AS G09  2026 09 03 05 38 00.000000  1    0.687257842319E-03                              
AS G10  2026 09 03 05 38 00.000000  1   -0.540058591599E-03                              
AS G12  2026 09 03 05 38 00.000000  1   -0.602917953170E-03                              
AS G13  2026 09 03 05 38 00.000000  1    0.437297796136E-03                              
AS G15  2026 09 03 05 38 00.000000  1    0.441660789529E-03                              
AS G17  2026 09 03 05 38 00.000000  1   -0.196516174419E-03                              
AS G19  2026 09 03 05 38 00.000000  1    0.704936213655E-03                              
AS G20  2026 09 03 05 38 00.000000  1    0.276738435354E-03                              
AS G21  2026 09 03 05 38 00.000000  1    0.370805517979E-03                              
AS G22  2026 09 03 05 38 00.000000  1    0.725734249113E-04                              
AS G23  2026 09 03 05 38 00.000000  1    0.685436101362E-03                              
AS G24  2026 09 03 05 38 00.000000  1    0.190409126970E-03                              
AS G27  2026 09 03 05 38 00.000000  1    0.449930698273E-06                              
AS G30  2026 09 03 05 38 00.000000  1    0.351268413643E-03                              
AS G01  2026 09 03 05 38 30.000000  1    0.181457135781E-03                              
AS G02  2026 09 03 05 38 30.000000  1    0.169020347983E-03                              
AS G03  2026 09 03 05 38 30.000000  1    0.288734918372E-03                              
AS G05  2026 09 03 05 38 30.000000  1   -0.236488324951E-03                              
AS G06  2026 09 03 05 38 30.000000  1   -0.533868247573E-03                              
AS G07  2026 09 03 05 38 30.000000  1   -0.221255554177E-03                              
AS G08  2026 09 03 05 38 30.000000  1    0.356880808458E-03                              
AS G09  2026 09 03 05 38 30.000000  1    0.687257583898E-03                              
AS G10  2026 09 03 05 38 30.000000  1   -0.540058373643E-03                              
AS G12  2026 09 03 05 38 30.000000  1   -0.602917952323E-03                              
AS G13  2026 09 03 05 38 30.000000  1    0.437297949495E-03                              
AS G15  2026 09 03 05 38 30.000000  1    0.441660833793E-03                              
AS G17  2026 09 03 05 38 30.000000  1   -0.196516475547E-03                              
AS G19  2026 09 03 05 38 30.000000  1    0.704936174457E-03                              
AS G20  2026 09 03 05 38 30.000000  1    0.276738716053E-03                              
AS G21  2026 09 03 05 38 30.000000  1    0.370805289660E-03                              
AS G22  2026 09 03 05 38 30.000000  1    0.725737488794E-04                              
AS G23  2026 09 03 05 38 30.000000  1    0.685436212412E-03                              
AS G24  2026 09 03 05 38 30.000000  1    0.190409653920E-03                              
AS G27  2026 09 03 05 38 30.000000  1    0.449943814496E-06                              
AS G30  2026 09 03 05 38 30.000000  1    0.351268797270E-03                              
AS G01  2026 09 03 05 39 00.000000  1    0.181456868857E-03                              
AS G02  2026 09 03 05 39 00.000000  1    0.169020646851E-03                              
AS G03  2026 09 03 05 39 00.000000  1    0.288734303170E-03                              
AS G05  2026 09 03 05 39 00.000000  1   -0.236488113793E-03                              
AS G06  2026 09 03 05 39 00.000000  1   -0.533867921789E-03                              
AS G07  2026 09 03 05 39 00.000000  1   -0.221255270783E-03                              
AS G08  2026 09 03 05 39 00.000000  1    0.356880501222E-03                              
AS G09  2026 09 03 05 39 00.000000  1    0.687257320576E-03                              
AS G10  2026 09 03 05 39 00.000000  1   -0.540058149880E-03                              
AS G12  2026 09 03 05 39 00.000000  1   -0.602917897030E-03                              
AS G13  2026 09 03 05 39 00.000000  1    0.437298101606E-03                              
AS G15  2026 09 03 05 39 00.000000  1    0.441660908734E-03                              
AS G17  2026 09 03 05 39 00.000000  1   -0.196516616097E-03                              
AS G19  2026 09 03 05 39 00.000000  1    0.704936252140E-03                              
AS G20  2026 09 03 05 39 00.000000  1    0.276738992836E-03                              
AS G21  2026 09 03 05 39 00.000000  1    0.370805059347E-03                              
AS G22  2026 09 03 05 39 00.000000  1    0.725741573826E-04                              
AS G23  2026 09 03 05 39 00.000000  1    0.685436327222E-03                              
AS G24  2026 09 03 05 39 00.000000  1    0.190410168090E-03                              
AS G27  2026 09 03 05 39 00.000000  1    0.449924323756E-06                              
AS G30  2026 09 03 05 39 00.000000  1    0.351269165465E-03                              
AS G01  2026 09 03 05 39 30.000000  1    0.181456593947E-03                              
AS G02  2026 09 03 05 39 30.000000  1    0.169020922681E-03                              
AS G03  2026 09 03 05 39 30.000000  1    0.288733671811E-03                              
AS G05  2026 09 03 05 39 30.000000  1   -0.236488307664E-03                              
AS G06  2026 09 03 05 39 30.000000  1   -0.533867598234E-03                              
AS G07  2026 09 03 05 39 30.000000  1   -0.221255323619E-03                              
AS G08  2026 09 03 05 39 30.000000  1    0.356880199728E-03                              
AS G09  2026 09 03 05 39 30.000000  1    0.687257057590E-03                              
AS G10  2026 09 03 05 39 30.000000  1   -0.540057934449E-03                              
AS G12  2026 09 03 05 39 30.000000  1   -0.602917773652E-03                              
AS G13  2026 09 03 05 39 30.000000  1    0.437298241466E-03                              
AS G15  2026 09 03 05 39 30.000000  1    0.441661099392E-03                              
AS G17  2026 09 03 05 39 30.000000  1   -0.196516834359E-03                              
AS G19  2026 09 03 05 39 30.000000  1    0.704936190588E-03                              
AS G20  2026 09 03 05 39 30.000000  1    0.276739264194E-03                              
AS G21  2026 09 03 05 39 30.000000  1    0.370804812310E-03                              
AS G22  2026 09 03 05 39 30.000000  1    0.725743803410E-04                              
AS G23  2026 09 03 05 39 30.000000  1    0.685436435265E-03                              
AS G24  2026 09 03 05 39 30.000000  1    0.190410679249E-03                              
AS G27  2026 09 03 05 39 30.000000  1    0.449900833417E-06                              
AS G30  2026 09 03 05 39 30.000000  1    0.351269531637E-03                              
AS G01  2026 09 03 05 40 00.000000  2    0.181456318005E-03  0.846226164444E-11          
AS G02  2026 09 03 05 40 00.000000  2    0.169021125086E-03  0.847618649102E-11          
AS G03  2026 09 03 05 40 00.000000  2    0.288733043555E-03  0.852208722983E-11          
AS G05  2026 09 03 05 40 00.000000  2   -0.236488516218E-03  0.868489174141E-11          
AS G06  2026 09 03 05 40 00.000000  2   -0.533867276345E-03  0.873053234455E-11          
AS G07  2026 09 03 05 40 00.000000  2   -0.221255524782E-03  0.880612415568E-11          
AS G08  2026 09 03 05 40 00.000000  2    0.356879890634E-03  0.856686681123E-11          
AS G09  2026 09 03 05 40 00.000000  2    0.687256800456E-03  0.886676346753E-11          
AS G10  2026 09 03 05 40 00.000000  2   -0.540057737571E-03  0.884314629848E-11          
AS G12  2026 09 03 05 40 00.000000  2   -0.602917732208E-03  0.890568650385E-11          
AS G13  2026 09 03 05 40 00.000000  2    0.437298395978E-03  0.894332309162E-11          
AS G15  2026 09 03 05 40 00.000000  2    0.441661149260E-03  0.880122555834E-11          
AS G17  2026 09 03 05 40 00.000000  2   -0.196516966767E-03  0.852108378987E-11          
AS G19  2026 09 03 05 40 00.000000  2    0.704936250722E-03  0.863542026900E-11          
AS G20  2026 09 03 05 40 00.000000  2    0.276739528549E-03  0.880045198833E-11          
AS G21  2026 09 03 05 40 00.000000  2    0.370804565760E-03  0.885807903534E-11          
AS G22  2026 09 03 05 40 00.000000  2    0.725746775774E-04  0.852306322718E-11          
AS G23  2026 09 03 05 40 00.000000  2    0.685436524035E-03  0.883171821604E-11          
AS G24  2026 09 03 05 40 00.000000  2    0.190411200037E-03  0.869439198441E-11          
AS G27  2026 09 03 05 40 00.000000  2    0.449784306303E-06  0.882023033562E-11          
AS G30  2026 09 03 05 40 00.000000  2    0.351269905851E-03  0.876702901233E-11          
AS G01  2026 09 03 05 40 30.000000  1    0.181456041445E-03                              
AS G02  2026 09 03 05 40 30.000000  1    0.169021325630E-03                              
AS G03  2026 09 03 05 40 30.000000  1    0.288732418529E-03                              
AS G05  2026 09 03 05 40 30.000000  1   -0.236488452956E-03                              
AS G06  2026 09 03 05 40 30.000000  1   -0.533866962928E-03                              
AS G07  2026 09 03 05 40 30.000000  1   -0.221255749990E-03                              
AS G08  2026 09 03 05 40 30.000000  1    0.356879576974E-03                              
AS G09  2026 09 03 05 40 30.000000  1    0.687256527357E-03                              
AS G10  2026 09 03 05 40 30.000000  1   -0.540057512153E-03                              
AS G12  2026 09 03 05 40 30.000000  1   -0.602917745160E-03                              
AS G13  2026 09 03 05 40 30.000000  1    0.437298543176E-03                              
AS G15  2026 09 03 05 40 30.000000  1    0.441661303769E-03                              
AS G17  2026 09 03 05 40 30.000000  1   -0.196517083032E-03                              
AS G19  2026 09 03 05 40 30.000000  1    0.704936289753E-03                              
AS G20  2026 09 03 05 40 30.000000  1    0.276739793540E-03                              
AS G21  2026 09 03 05 40 30.000000  1    0.370804321125E-03                              
AS G22  2026 09 03 05 40 30.000000  1    0.725749570812E-04                              
AS G23  2026 09 03 05 40 30.000000  1    0.685436626210E-03                              
AS G24  2026 09 03 05 40 30.000000  1    0.190411712773E-03                              
AS G27  2026 09 03 05 40 30.000000  1    0.449748432793E-06                              
AS G30  2026 09 03 05 40 30.000000  1    0.351270281156E-03                              
AS G01  2026 09 03 05 41 00.000000  1    0.181455749089E-03                              
AS G02  2026 09 03 05 41 00.000000  1    0.169021463145E-03                              
AS G03  2026 09 03 05 41 00.000000  1    0.288731789897E-03                              
AS G05  2026 09 03 05 41 00.000000  1   -0.236488320525E-03                              
AS G06  2026 09 03 05 41 00.000000  1   -0.533866641750E-03                              
AS G07  2026 09 03 05 41 00.000000  1   -0.221255816849E-03                              
AS G08  2026 09 03 05 41 00.000000  1    0.356879273952E-03                              
AS G09  2026 09 03 05 41 00.000000  1    0.687256261908E-03                              
AS G10  2026 09 03 05 41 00.000000  1   -0.540057299638E-03                              
AS G12  2026 09 03 05 41 00.000000  1   -0.602917700940E-03                              
AS G13  2026 09 03 05 41 00.000000  1    0.437298689913E-03                              
AS G15  2026 09 03 05 41 00.000000  1    0.441661463453E-03                              
AS G17  2026 09 03 05 41 00.000000  1   -0.196517304409E-03                              
AS G19  2026 09 03 05 41 00.000000  1    0.704936300209E-03                              
AS G20  2026 09 03 05 41 00.000000  1    0.276740076532E-03                              
AS G21  2026 09 03 05 41 00.000000  1    0.370804088428E-03                              
AS G22  2026 09 03 05 41 00.000000  1    0.725751999721E-04                              
AS G23  2026 09 03 05 41 00.000000  1    0.685436736485E-03                              
AS G24  2026 09 03 05 41 00.000000  1    0.190412239913E-03                              
AS G27  2026 09 03 05 41 00.000000  1    0.449772458299E-06                              
AS G30  2026 09 03 05 41 00.000000  1    0.351270655995E-03                              
AS G01  2026 09 03 05 41 30.000000  1    0.181455478224E-03                              
AS G02  2026 09 03 05 41 30.000000  1    0.169021647446E-03                              
AS G03  2026 09 03 05 41 30.000000  1    0.288731174891E-03                              
AS G05  2026 09 03 05 41 30.000000  1   -0.236488210680E-03                              
AS G06  2026 09 03 05 41 30.000000  1   -0.533866314005E-03                              
AS G07  2026 09 03 05 41 30.000000  1   -0.221255932515E-03                              
AS G08  2026 09 03 05 41 30.000000  1    0.356878964418E-03                              
AS G09  2026 09 03 05 41 30.000000  1    0.687255996465E-03                              
AS G10  2026 09 03 05 41 30.000000  1   -0.540057092813E-03                              
AS G12  2026 09 03 05 41 30.000000  1   -0.602917772822E-03                              
AS G13  2026 09 03 05 41 30.000000  1    0.437298841272E-03                              
AS G15  2026 09 03 05 41 30.000000  1    0.441661511511E-03                              
AS G17  2026 09 03 05 41 30.000000  1   -0.196517557381E-03                              
AS G19  2026 09 03 05 41 30.000000  1    0.704936327329E-03                              
AS G20  2026 09 03 05 41 30.000000  1    0.276740346522E-03                              
AS G21  2026 09 03 05 41 30.000000  1    0.370803859516E-03                              
AS G22  2026 09 03 05 41 30.000000  1    0.725754274349E-04                              
AS G23  2026 09 03 05 41 30.000000  1    0.685436846685E-03                              
AS G24  2026 09 03 05 41 30.000000  1    0.190412751994E-03                              
AS G27  2026 09 03 05 41 30.000000  1    0.449807824392E-06                              
AS G30  2026 09 03 05 41 30.000000  1    0.351271035362E-03                              
AS G01  2026 09 03 05 42 00.000000  1    0.181455197918E-03                              
AS G02  2026 09 03 05 42 00.000000  1    0.169021907710E-03                              
AS G03  2026 09 03 05 42 00.000000  1    0.288730546133E-03                              
AS G05  2026 09 03 05 42 00.000000  1   -0.236488414223E-03                              
AS G06  2026 09 03 05 42 00.000000  1   -0.533865989826E-03                              
AS G07  2026 09 03 05 42 00.000000  1   -0.221255854928E-03                              
AS G08  2026 09 03 05 42 00.000000  1    0.356878645929E-03                              
AS G09  2026 09 03 05 42 00.000000  1    0.687255739870E-03                              
AS G10  2026 09 03 05 42 00.000000  1   -0.540056882345E-03                              
AS G12  2026 09 03 05 42 00.000000  1   -0.602917686390E-03                              
AS G13  2026 09 03 05 42 00.000000  1    0.437298974936E-03                              
AS G15  2026 09 03 05 42 00.000000  1    0.441661539802E-03                              
AS G17  2026 09 03 05 42 00.000000  1   -0.196517725706E-03                              
AS G19  2026 09 03 05 42 00.000000  1    0.704936355900E-03                              
AS G20  2026 09 03 05 42 00.000000  1    0.276740603788E-03                              
AS G21  2026 09 03 05 42 00.000000  1    0.370803622834E-03                              
AS G22  2026 09 03 05 42 00.000000  1    0.725757602266E-04                              
AS G23  2026 09 03 05 42 00.000000  1    0.685436954754E-03                              
AS G24  2026 09 03 05 42 00.000000  1    0.190413263771E-03                              
AS G27  2026 09 03 05 42 00.000000  1    0.449911993551E-06                              
AS G30  2026 09 03 05 42 00.000000  1    0.351271408778E-03                              
AS G01  2026 09 03 05 42 30.000000  1    0.181454929677E-03                              
AS G02  2026 09 03 05 42 30.000000  1    0.169022113080E-03                              
AS G03  2026 09 03 05 42 30.000000  1    0.288729932725E-03                              
AS G05  2026 09 03 05 42 30.000000  1   -0.236488333055E-03                              
AS G06  2026 09 03 05 42 30.000000  1   -0.533865666810E-03                              
AS G07  2026 09 03 05 42 30.000000  1   -0.221255965347E-03                              
AS G08  2026 09 03 05 42 30.000000  1    0.356878331173E-03                              
AS G09  2026 09 03 05 42 30.000000  1    0.687255477705E-03                              
AS G10  2026 09 03 05 42 30.000000  1   -0.540056657538E-03                              
AS G12  2026 09 03 05 42 30.000000  1   -0.602917860513E-03                              
AS G13  2026 09 03 05 42 30.000000  1    0.437299118690E-03                              
AS G15  2026 09 03 05 42 30.000000  1    0.441661630621E-03                              
AS G17  2026 09 03 05 42 30.000000  1   -0.196517722011E-03                              
AS G19  2026 09 03 05 42 30.000000  1    0.704936299604E-03                              
AS G20  2026 09 03 05 42 30.000000  1    0.276740884009E-03                              
AS G21  2026 09 03 05 42 30.000000  1    0.370803387344E-03                              
AS G22  2026 09 03 05 42 30.000000  1    0.725760654368E-04                              
AS G23  2026 09 03 05 42 30.000000  1    0.685437062018E-03                              
AS G24  2026 09 03 05 42 30.000000  1    0.190413786250E-03                              
AS G27  2026 09 03 05 42 30.000000  1    0.449896880782E-06                              
AS G30  2026 09 03 05 42 30.000000  1    0.351271784594E-03                              
AS G01  2026 09 03 05 43 00.000000  1    0.181454654154E-03                              
AS G02  2026 09 03 05 43 00.000000  1    0.169022235351E-03                              
AS G03  2026 09 03 05 43 00.000000  1    0.288729305423E-03                              
AS G05  2026 09 03 05 43 00.000000  1   -0.236488316875E-03                              
AS G06  2026 09 03 05 43 00.000000  1   -0.533865356019E-03                              
AS G07  2026 09 03 05 43 00.000000  1   -0.221256177583E-03                              
AS G08  2026 09 03 05 43 00.000000  1    0.356878020585E-03                              
AS G09  2026 09 03 05 43 00.000000  1    0.687255204639E-03                              
AS G10  2026 09 03 05 43 00.000000  1   -0.540056447542E-03                              
AS G12  2026 09 03 05 43 00.000000  1   -0.602917854641E-03                              
AS G13  2026 09 03 05 43 00.000000  1    0.437299256989E-03                              
AS G15  2026 09 03 05 43 00.000000  1    0.441661794546E-03                              
AS G17  2026 09 03 05 43 00.000000  1   -0.196517682662E-03                              
AS G19  2026 09 03 05 43 00.000000  1    0.704936228949E-03                              
AS G20  2026 09 03 05 43 00.000000  1    0.276741161654E-03                              
AS G21  2026 09 03 05 43 00.000000  1    0.370803151759E-03                              
AS G22  2026 09 03 05 43 00.000000  1    0.725763509565E-04                              
AS G23  2026 09 03 05 43 00.000000  1    0.685437173806E-03                              
AS G24  2026 09 03 05 43 00.000000  1    0.190414301574E-03                              
AS G27  2026 09 03 05 43 00.000000  1    0.449920080713E-06                              
AS G30  2026 09 03 05 43 00.000000  1    0.351272164786E-03                              
AS G01  2026 09 03 05 43 30.000000  1    0.181454383059E-03                              
AS G02  2026 09 03 05 43 30.000000  1    0.169022422497E-03                              
AS G03  2026 09 03 05 43 30.000000  1    0.288728671861E-03                              
AS G05  2026 09 03 05 43 30.000000  1   -0.236488328359E-03                              
AS G06  2026 09 03 05 43 30.000000  1   -0.533865026773E-03                              
AS G07  2026 09 03 05 43 30.000000  1   -0.221256244488E-03                              
AS G08  2026 09 03 05 43 30.000000  1    0.356877724754E-03                              
AS G09  2026 09 03 05 43 30.000000  1    0.687254939953E-03                              
AS G10  2026 09 03 05 43 30.000000  1   -0.540056229724E-03                              
AS G12  2026 09 03 05 43 30.000000  1   -0.602917818554E-03                              
AS G13  2026 09 03 05 43 30.000000  1    0.437299404793E-03                              
AS G15  2026 09 03 05 43 30.000000  1    0.441661988979E-03                              
AS G17  2026 09 03 05 43 30.000000  1   -0.196517761592E-03                              
AS G19  2026 09 03 05 43 30.000000  1    0.704936180640E-03                              
AS G20  2026 09 03 05 43 30.000000  1    0.276741427121E-03                              
AS G21  2026 09 03 05 43 30.000000  1    0.370802915236E-03                              
AS G22  2026 09 03 05 43 30.000000  1    0.725767476544E-04                              
AS G23  2026 09 03 05 43 30.000000  1    0.685437276048E-03                              
AS G24  2026 09 03 05 43 30.000000  1    0.190414821089E-03                              
AS G27  2026 09 03 05 43 30.000000  1    0.449915197379E-06                              
AS G30  2026 09 03 05 43 30.000000  1    0.351272548704E-03                              
AS G01  2026 09 03 05 44 00.000000  1    0.181454114046E-03                              
AS G02  2026 09 03 05 44 00.000000  1    0.169022603314E-03                              
AS G03  2026 09 03 05 44 00.000000  1    0.288728053915E-03                              
AS G05  2026 09 03 05 44 00.000000  1   -0.236488190245E-03                              
AS G06  2026 09 03 05 44 00.000000  1   -0.533864696095E-03                              
AS G07  2026 09 03 05 44 00.000000  1   -0.221256117418E-03                              
AS G08  2026 09 03 05 44 00.000000  1    0.356877420840E-03                              
AS G09  2026 09 03 05 44 00.000000  1    0.687254678225E-03                              
AS G10  2026 09 03 05 44 00.000000  1   -0.540056022203E-03                              
AS G12  2026 09 03 05 44 00.000000  1   -0.602917801932E-03                              
AS G13  2026 09 03 05 44 00.000000  1    0.437299562416E-03                              
AS G15  2026 09 03 05 44 00.000000  1    0.441662108043E-03                              
AS G17  2026 09 03 05 44 00.000000  1   -0.196517905086E-03                              
AS G19  2026 09 03 05 44 00.000000  1    0.704936134718E-03                              
AS G20  2026 09 03 05 44 00.000000  1    0.276741708246E-03                              
AS G21  2026 09 03 05 44 00.000000  1    0.370802699896E-03                              
AS G22  2026 09 03 05 44 00.000000  1    0.725770243665E-04                              
AS G23  2026 09 03 05 44 00.000000  1    0.685437395489E-03                              
AS G24  2026 09 03 05 44 00.000000  1    0.190415348318E-03                              
AS G27  2026 09 03 05 44 00.000000  1    0.449881281666E-06                              
AS G30  2026 09 03 05 44 00.000000  1    0.351272925724E-03                              
AS G01  2026 09 03 05 44 30.000000  1    0.181453837444E-03                              
AS G02  2026 09 03 05 44 30.000000  1    0.169022905574E-03                              
AS G03  2026 09 03 05 44 30.000000  1    0.288727431458E-03                              
AS G05  2026 09 03 05 44 30.000000  1   -0.236488273874E-03                              
AS G06  2026 09 03 05 44 30.000000  1   -0.533864373826E-03                              
AS G07  2026 09 03 05 44 30.000000  1   -0.221256334267E-03                              
AS G08  2026 09 03 05 44 30.000000  1    0.356877103848E-03                              
AS G09  2026 09 03 05 44 30.000000  1    0.687254415176E-03                              
AS G10  2026 09 03 05 44 30.000000  1   -0.540055813684E-03                              
AS G12  2026 09 03 05 44 30.000000  1   -0.602917744148E-03                              
AS G13  2026 09 03 05 44 30.000000  1    0.437299704004E-03                              
AS G15  2026 09 03 05 44 30.000000  1    0.441662150827E-03                              
AS G17  2026 09 03 05 44 30.000000  1   -0.196518036788E-03                              
AS G19  2026 09 03 05 44 30.000000  1    0.704936091990E-03                              
AS G20  2026 09 03 05 44 30.000000  1    0.276741972056E-03                              
AS G21  2026 09 03 05 44 30.000000  1    0.370802472880E-03                              
AS G22  2026 09 03 05 44 30.000000  1    0.725771522178E-04                              
AS G23  2026 09 03 05 44 30.000000  1    0.685437504822E-03                              
AS G24  2026 09 03 05 44 30.000000  1    0.190415864392E-03                              
AS G27  2026 09 03 05 44 30.000000  1    0.449777184076E-06                              
AS G30  2026 09 03 05 44 30.000000  1    0.351273297917E-03                              
AS G01  2026 09 03 05 45 00.000000  2    0.181453577024E-03  0.871103603954E-11          
AS G02  2026 09 03 05 45 00.000000  2    0.169023065553E-03  0.872705895438E-11          
AS G03  2026 09 03 05 45 00.000000  2    0.288726820967E-03  0.876148581172E-11          
AS G05  2026 09 03 05 45 00.000000  2   -0.236488261936E-03  0.893402010681E-11          
AS G06  2026 09 03 05 45 00.000000  2   -0.533864043224E-03  0.895714773579E-11          
AS G07  2026 09 03 05 45 00.000000  2   -0.221256662757E-03  0.905279975165E-11          
AS G08  2026 09 03 05 45 00.000000  2    0.356876799171E-03  0.882511106113E-11          
AS G09  2026 09 03 05 45 00.000000  2    0.687254160439E-03  0.910427408267E-11          
AS G10  2026 09 03 05 45 00.000000  2   -0.540055580751E-03  0.912258448335E-11          
AS G12  2026 09 03 05 45 00.000000  2   -0.602917740894E-03  0.915671543934E-11          
AS G13  2026 09 03 05 45 00.000000  2    0.437299854833E-03  0.918369270097E-11          
AS G15  2026 09 03 05 45 00.000000  2    0.441662000074E-03  0.903861700484E-11          
AS G17  2026 09 03 05 45 00.000000  2   -0.196518171044E-03  0.876318811685E-11          
AS G19  2026 09 03 05 45 00.000000  2    0.704936137672E-03  0.887350785837E-11          
AS G20  2026 09 03 05 45 00.000000  2    0.276742256870E-03  0.903603243629E-11          
AS G21  2026 09 03 05 45 00.000000  2    0.370802254817E-03  0.910654248914E-11          
AS G22  2026 09 03 05 45 00.000000  2    0.725772134706E-04  0.877003199902E-11          
AS G23  2026 09 03 05 45 00.000000  2    0.685437629792E-03  0.904895553643E-11          
AS G24  2026 09 03 05 45 00.000000  2    0.190416386454E-03  0.893340721232E-11          
AS G27  2026 09 03 05 45 00.000000  2    0.449637483059E-06  0.907844712877E-11          
AS G30  2026 09 03 05 45 00.000000  2    0.351273680478E-03  0.902205012675E-11          
AS G01  2026 09 03 05 45 30.000000  1    0.181453301072E-03                              
AS G02  2026 09 03 05 45 30.000000  1    0.169023328343E-03                              
AS G03  2026 09 03 05 45 30.000000  1    0.288726208030E-03                              
AS G05  2026 09 03 05 45 30.000000  1   -0.236488260398E-03                              
AS G06  2026 09 03 05 45 30.000000  1   -0.533863724944E-03                              
AS G07  2026 09 03 05 45 30.000000  1   -0.221256661887E-03                              
AS G08  2026 09 03 05 45 30.000000  1    0.356876485109E-03                              
AS G09  2026 09 03 05 45 30.000000  1    0.687253905632E-03                              
AS G10  2026 09 03 05 45 30.000000  1   -0.540055371264E-03                              
AS G12  2026 09 03 05 45 30.000000  1   -0.602917650149E-03                              
AS G13  2026 09 03 05 45 30.000000  1    0.437299999153E-03                              
AS G15  2026 09 03 05 45 30.000000  1    0.441662137671E-03                              
AS G17  2026 09 03 05 45 30.000000  1   -0.196518367168E-03                              
AS G19  2026 09 03 05 45 30.000000  1    0.704936158213E-03                              
AS G20  2026 09 03 05 45 30.000000  1    0.276742533480E-03                              
AS G21  2026 09 03 05 45 30.000000  1    0.370802008093E-03                              
AS G22  2026 09 03 05 45 30.000000  1    0.725774678533E-04                              
AS G23  2026 09 03 05 45 30.000000  1    0.685437749888E-03                              
AS G24  2026 09 03 05 45 30.000000  1    0.190416905008E-03                              
AS G27  2026 09 03 05 45 30.000000  1    0.449609591791E-06                              
AS G30  2026 09 03 05 45 30.000000  1    0.351274050029E-03                              
AS G01  2026 09 03 05 46 00.000000  1    0.181453028313E-03                              
AS G02  2026 09 03 05 46 00.000000  1    0.169023564433E-03                              
AS G03  2026 09 03 05 46 00.000000  1    0.288725578973E-03                              
AS G05  2026 09 03 05 46 00.000000  1   -0.236488107927E-03                              
AS G06  2026 09 03 05 46 00.000000  1   -0.533863403083E-03                              
AS G07  2026 09 03 05 46 00.000000  1   -0.221256722756E-03                              
AS G08  2026 09 03 05 46 00.000000  1    0.356876181815E-03                              
AS G09  2026 09 03 05 46 00.000000  1    0.687253642802E-03                              
AS G10  2026 09 03 05 46 00.000000  1   -0.540055150219E-03                              
AS G12  2026 09 03 05 46 00.000000  1   -0.602917628950E-03                              
AS G13  2026 09 03 05 46 00.000000  1    0.437300160593E-03                              
AS G15  2026 09 03 05 46 00.000000  1    0.441662363336E-03                              
AS G17  2026 09 03 05 46 00.000000  1   -0.196518546196E-03                              
AS G19  2026 09 03 05 46 00.000000  1    0.704936195063E-03                              
AS G20  2026 09 03 05 46 00.000000  1    0.276742808818E-03                              
AS G21  2026 09 03 05 46 00.000000  1    0.370801770039E-03                              
AS G22  2026 09 03 05 46 00.000000  1    0.725778561452E-04                              
AS G23  2026 09 03 05 46 00.000000  1    0.685437863649E-03                              
AS G24  2026 09 03 05 46 00.000000  1    0.190417423656E-03                              
AS G27  2026 09 03 05 46 00.000000  1    0.449532052401E-06                              
AS G30  2026 09 03 05 46 00.000000  1    0.351274427558E-03                              
AS G01  2026 09 03 05 46 30.000000  1    0.181452757895E-03                              
AS G02  2026 09 03 05 46 30.000000  1    0.169023746463E-03                              
AS G03  2026 09 03 05 46 30.000000  1    0.288724952989E-03                              
AS G05  2026 09 03 05 46 30.000000  1   -0.236488122581E-03                              
AS G06  2026 09 03 05 46 30.000000  1   -0.533863070635E-03                              
AS G07  2026 09 03 05 46 30.000000  1   -0.221256867423E-03                              
AS G08  2026 09 03 05 46 30.000000  1    0.356875872938E-03                              
AS G09  2026 09 03 05 46 30.000000  1    0.687253387975E-03                              
AS G10  2026 09 03 05 46 30.000000  1   -0.540054926495E-03                              
AS G12  2026 09 03 05 46 30.000000  1   -0.602917537437E-03                              
AS G13  2026 09 03 05 46 30.000000  1    0.437300303001E-03                              
AS G15  2026 09 03 05 46 30.000000  1    0.441662304954E-03                              
AS G17  2026 09 03 05 46 30.000000  1   -0.196518763804E-03                              
AS G19  2026 09 03 05 46 30.000000  1    0.704936130519E-03                              
AS G20  2026 09 03 05 46 30.000000  1    0.276743079325E-03                              
AS G21  2026 09 03 05 46 30.000000  1    0.370801532612E-03                              
AS G22  2026 09 03 05 46 30.000000  1    0.725781798814E-04                              
AS G23  2026 09 03 05 46 30.000000  1    0.685437961385E-03                              
AS G24  2026 09 03 05 46 30.000000  1    0.190417958161E-03                              
AS G27  2026 09 03 05 46 30.000000  1    0.449489096032E-06                              
AS G30  2026 09 03 05 46 30.000000  1    0.351274814432E-03                              
AS G01  2026 09 03 05 47 00.000000  1    0.181452482486E-03                              
AS G02  2026 09 03 05 47 00.000000  1    0.169023977088E-03                              
AS G03  2026 09 03 05 47 00.000000  1    0.288724340955E-03                              
AS G05  2026 09 03 05 47 00.000000  1   -0.236488863378E-03                              
AS G06  2026 09 03 05 47 00.000000  1   -0.533862751357E-03                              
AS G07  2026 09 03 05 47 00.000000  1   -0.221257004238E-03                              
AS G08  2026 09 03 05 47 00.000000  1    0.356875569156E-03                              
AS G09  2026 09 03 05 47 00.000000  1    0.687253118448E-03                              
AS G10  2026 09 03 05 47 00.000000  1   -0.540054716701E-03                              
AS G12  2026 09 03 05 47 00.000000  1   -0.602917486829E-03                              
AS G13  2026 09 03 05 47 00.000000  1    0.437300442135E-03                              
AS G15  2026 09 03 05 47 00.000000  1    0.441662493438E-03                              
AS G17  2026 09 03 05 47 00.000000  1   -0.196518892423E-03                              
AS G19  2026 09 03 05 47 00.000000  1    0.704936040493E-03                              
AS G20  2026 09 03 05 47 00.000000  1    0.276743363786E-03                              
AS G21  2026 09 03 05 47 00.000000  1    0.370801301351E-03                              
AS G22  2026 09 03 05 47 00.000000  1    0.725785012224E-04                              
AS G23  2026 09 03 05 47 00.000000  1    0.685438068787E-03                              
AS G24  2026 09 03 05 47 00.000000  1    0.190418466723E-03                              
AS G27  2026 09 03 05 47 00.000000  1    0.449482322470E-06                              
AS G30  2026 09 03 05 47 00.000000  1    0.351275190941E-03                              
AS G01  2026 09 03 05 47 30.000000  1    0.181452220732E-03                              
AS G02  2026 09 03 05 47 30.000000  1    0.169024155200E-03                              
AS G03  2026 09 03 05 47 30.000000  1    0.288723715893E-03                              
AS G05  2026 09 03 05 47 30.000000  1   -0.236488722233E-03                              
AS G06  2026 09 03 05 47 30.000000  1   -0.533862422019E-03                              
AS G07  2026 09 03 05 47 30.000000  1   -0.221256989622E-03                              
AS G08  2026 09 03 05 47 30.000000  1    0.356875259328E-03                              
AS G09  2026 09 03 05 47 30.000000  1    0.687252853429E-03                              
AS G10  2026 09 03 05 47 30.000000  1   -0.540054510845E-03                              
AS G12  2026 09 03 05 47 30.000000  1   -0.602917496636E-03                              
AS G13  2026 09 03 05 47 30.000000  1    0.437300591274E-03                              
AS G15  2026 09 03 05 47 30.000000  1    0.441662704518E-03                              
AS G17  2026 09 03 05 47 30.000000  1   -0.196519013693E-03                              
AS G19  2026 09 03 05 47 30.000000  1    0.704935991484E-03                              
AS G20  2026 09 03 05 47 30.000000  1    0.276743647299E-03                              
AS G21  2026 09 03 05 47 30.000000  1    0.370801061633E-03                              
AS G22  2026 09 03 05 47 30.000000  1    0.725788150265E-04                              
AS G23  2026 09 03 05 47 30.000000  1    0.685438188149E-03                              
AS G24  2026 09 03 05 47 30.000000  1    0.190418987492E-03                              
AS G27  2026 09 03 05 47 30.000000  1    0.449539427052E-06                              
AS G30  2026 09 03 05 47 30.000000  1    0.351275568962E-03                              
AS G01  2026 09 03 05 48 00.000000  1    0.181451956488E-03                              
AS G02  2026 09 03 05 48 00.000000  1    0.169024351944E-03                              
AS G03  2026 09 03 05 48 00.000000  1    0.288723092792E-03                              
AS G05  2026 09 03 05 48 00.000000  1   -0.236488567473E-03                              
AS G06  2026 09 03 05 48 00.000000  1   -0.533862105810E-03                              
AS G07  2026 09 03 05 48 00.000000  1   -0.221257006088E-03                              
AS G08  2026 09 03 05 48 00.000000  1    0.356874953157E-03                              
AS G09  2026 09 03 05 48 00.000000  1    0.687252591087E-03                              
AS G10  2026 09 03 05 48 00.000000  1   -0.540054303541E-03                              
AS G12  2026 09 03 05 48 00.000000  1   -0.602917410993E-03                              
AS G13  2026 09 03 05 48 00.000000  1    0.437300733846E-03                              
AS G15  2026 09 03 05 48 00.000000  1    0.441662880097E-03                              
AS G17  2026 09 03 05 48 00.000000  1   -0.196519044137E-03                              
AS G19  2026 09 03 05 48 00.000000  1    0.704935933543E-03                              
AS G20  2026 09 03 05 48 00.000000  1    0.276743932182E-03                              
AS G21  2026 09 03 05 48 00.000000  1    0.370800829372E-03                              
AS G22  2026 09 03 05 48 00.000000  1    0.725791422476E-04                              
AS G23  2026 09 03 05 48 00.000000  1    0.685438298677E-03                              
AS G24  2026 09 03 05 48 00.000000  1    0.190419522314E-03                              
AS G27  2026 09 03 05 48 00.000000  1    0.449523868893E-06                              
AS G30  2026 09 03 05 48 00.000000  1    0.351275935605E-03                              
AS G01  2026 09 03 05 48 30.000000  1    0.181451693462E-03                              
AS G02  2026 09 03 05 48 30.000000  1    0.169024598659E-03                              
AS G03  2026 09 03 05 48 30.000000  1    0.288722465890E-03                              
AS G05  2026 09 03 05 48 30.000000  1   -0.236488554829E-03                              
AS G06  2026 09 03 05 48 30.000000  1   -0.533861786460E-03                              
AS G07  2026 09 03 05 48 30.000000  1   -0.221257016679E-03                              
AS G08  2026 09 03 05 48 30.000000  1    0.356874641740E-03                              
AS G09  2026 09 03 05 48 30.000000  1    0.687252319124E-03                              
AS G10  2026 09 03 05 48 30.000000  1   -0.540054088685E-03                              
AS G12  2026 09 03 05 48 30.000000  1   -0.602917653738E-03                              
AS G13  2026 09 03 05 48 30.000000  1    0.437300877430E-03                              
AS G15  2026 09 03 05 48 30.000000  1    0.441662936598E-03                              
AS G17  2026 09 03 05 48 30.000000  1   -0.196519173743E-03                              
AS G19  2026 09 03 05 48 30.000000  1    0.704935953653E-03                              
AS G20  2026 09 03 05 48 30.000000  1    0.276744215196E-03                              
AS G21  2026 09 03 05 48 30.000000  1    0.370800599353E-03                              
AS G22  2026 09 03 05 48 30.000000  1    0.725793795144E-04                              
AS G23  2026 09 03 05 48 30.000000  1    0.685438405066E-03                              
AS G24  2026 09 03 05 48 30.000000  1    0.190420044087E-03                              
AS G27  2026 09 03 05 48 30.000000  1    0.449534508292E-06                              
AS G30  2026 09 03 05 48 30.000000  1    0.351276315114E-03                              
AS G01  2026 09 03 05 49 00.000000  1    0.181451427029E-03                              
AS G02  2026 09 03 05 49 00.000000  1    0.169024760217E-03                              
AS G03  2026 09 03 05 49 00.000000  1    0.288721834824E-03                              
AS G05  2026 09 03 05 49 00.000000  1   -0.236488554683E-03                              
AS G06  2026 09 03 05 49 00.000000  1   -0.533861468576E-03                              
AS G07  2026 09 03 05 49 00.000000  1   -0.221257234279E-03                              
AS G08  2026 09 03 05 49 00.000000  1    0.356874322104E-03                              
AS G09  2026 09 03 05 49 00.000000  1    0.687252047924E-03                              
AS G10  2026 09 03 05 49 00.000000  1   -0.540053868214E-03                              
AS G12  2026 09 03 05 49 00.000000  1   -0.602917740402E-03                              
AS G13  2026 09 03 05 49 00.000000  1    0.437301020029E-03                              
AS G15  2026 09 03 05 49 00.000000  1    0.441662913515E-03                              
AS G17  2026 09 03 05 49 00.000000  1   -0.196519326895E-03                              
AS G19  2026 09 03 05 49 00.000000  1    0.704935952199E-03                              
AS G20  2026 09 03 05 49 00.000000  1    0.276744477350E-03                              
AS G21  2026 09 03 05 49 00.000000  1    0.370800361900E-03                              
AS G22  2026 09 03 05 49 00.000000  1    0.725797150501E-04                              
AS G23  2026 09 03 05 49 00.000000  1    0.685438493089E-03                              
AS G24  2026 09 03 05 49 00.000000  1    0.190420564491E-03                              
AS G27  2026 09 03 05 49 00.000000  1    0.449525154069E-06                              
AS G30  2026 09 03 05 49 00.000000  1    0.351276700671E-03                              
AS G01  2026 09 03 05 49 30.000000  1    0.181451143495E-03                              
AS G02  2026 09 03 05 49 30.000000  1    0.169024887905E-03                              
AS G03  2026 09 03 05 49 30.000000  1    0.288721210310E-03                              
AS G05  2026 09 03 05 49 30.000000  1   -0.236488664479E-03                              
AS G06  2026 09 03 05 49 30.000000  1   -0.533861146727E-03                              
AS G07  2026 09 03 05 49 30.000000  1   -0.221257413785E-03                              
AS G08  2026 09 03 05 49 30.000000  1    0.356874012110E-03                              
AS G09  2026 09 03 05 49 30.000000  1    0.687251786604E-03                              
AS G10  2026 09 03 05 49 30.000000  1   -0.540053650102E-03                              
AS G12  2026 09 03 05 49 30.000000  1   -0.602917681273E-03                              
AS G13  2026 09 03 05 49 30.000000  1    0.437301171207E-03                              
AS G15  2026 09 03 05 49 30.000000  1    0.441663041010E-03                              
AS G17  2026 09 03 05 49 30.000000  1   -0.196519584903E-03                              
AS G19  2026 09 03 05 49 30.000000  1    0.704935988445E-03                              
AS G20  2026 09 03 05 49 30.000000  1    0.276744746121E-03                              
AS G21  2026 09 03 05 49 30.000000  1    0.370800118410E-03                              
AS G22  2026 09 03 05 49 30.000000  1    0.725800284256E-04                              
AS G23  2026 09 03 05 49 30.000000  1    0.685438603410E-03                              
AS G24  2026 09 03 05 49 30.000000  1    0.190421073152E-03                              
AS G27  2026 09 03 05 49 30.000000  1    0.449587240624E-06                              
AS G30  2026 09 03 05 49 30.000000  1    0.351277072907E-03                              
AS G01  2026 09 03 05 50 00.000000  2    0.181450865915E-03  0.844043963825E-11          
AS G02  2026 09 03 05 50 00.000000  2    0.169025079502E-03  0.845856304674E-11          
AS G03  2026 09 03 05 50 00.000000  2    0.288720592555E-03  0.848521160490E-11          
AS G05  2026 09 03 05 50 00.000000  2   -0.236488678637E-03  0.867604924268E-11          
AS G06  2026 09 03 05 50 00.000000  2   -0.533860823573E-03  0.867936014701E-11          
AS G07  2026 09 03 05 50 00.000000  2   -0.221257419180E-03  0.879567516692E-11          
AS G08  2026 09 03 05 50 00.000000  2    0.356873705046E-03  0.856834929989E-11          
AS G09  2026 09 03 05 50 00.000000  2    0.687251521853E-03  0.883703623190E-11          
AS G10  2026 09 03 05 50 00.000000  2   -0.540053433260E-03  0.889434658756E-11          
AS G12  2026 09 03 05 50 00.000000  2   -0.602917508113E-03  0.890383101399E-11          
AS G13  2026 09 03 05 50 00.000000  2    0.437301319501E-03  0.893525810806E-11          
AS G15  2026 09 03 05 50 00.000000  2    0.441663105205E-03  0.876739720768E-11          
AS G17  2026 09 03 05 50 00.000000  2   -0.196519796809E-03  0.848745519602E-11          
AS G19  2026 09 03 05 50 00.000000  2    0.704936053047E-03  0.859627554244E-11          
AS G20  2026 09 03 05 50 00.000000  2    0.276745015694E-03  0.877067056838E-11          
AS G21  2026 09 03 05 50 00.000000  2    0.370799875592E-03  0.884749461717E-11          
AS G22  2026 09 03 05 50 00.000000  2    0.725801913857E-04  0.850004238898E-11          
AS G23  2026 09 03 05 50 00.000000  2    0.685438715087E-03  0.876682922055E-11          
AS G24  2026 09 03 05 50 00.000000  2    0.190421590727E-03  0.866590910907E-11          
AS G27  2026 09 03 05 50 00.000000  2    0.449777678281E-06  0.882549987295E-11          
AS G30  2026 09 03 05 50 00.000000  2    0.351277455779E-03  0.876770785404E-11          
AS G01  2026 09 03 05 50 30.000000  1    0.181450601626E-03                              
AS G02  2026 09 03 05 50 30.000000  1    0.169025327449E-03                              
AS G03  2026 09 03 05 50 30.000000  1    0.288719966105E-03                              
AS G05  2026 09 03 05 50 30.000000  1   -0.236488671048E-03                              
AS G06  2026 09 03 05 50 30.000000  1   -0.533860501450E-03                              
AS G07  2026 09 03 05 50 30.000000  1   -0.221257575014E-03                              
AS G08  2026 09 03 05 50 30.000000  1    0.356873399341E-03                              
AS G09  2026 09 03 05 50 30.000000  1    0.687251257328E-03                              
AS G10  2026 09 03 05 50 30.000000  1   -0.540053208519E-03                              
AS G12  2026 09 03 05 50 30.000000  1   -0.602917470314E-03                              
AS G13  2026 09 03 05 50 30.000000  1    0.437301461338E-03                              
AS G15  2026 09 03 05 50 30.000000  1    0.441663183683E-03                              
AS G17  2026 09 03 05 50 30.000000  1   -0.196519783884E-03                              
AS G19  2026 09 03 05 50 30.000000  1    0.704936098191E-03                              
AS G20  2026 09 03 05 50 30.000000  1    0.276745294666E-03                              
AS G21  2026 09 03 05 50 30.000000  1    0.370799636677E-03                              
AS G22  2026 09 03 05 50 30.000000  1    0.725805452786E-04                              
AS G23  2026 09 03 05 50 30.000000  1    0.685438819369E-03                              
AS G24  2026 09 03 05 50 30.000000  1    0.190422116456E-03                              
AS G27  2026 09 03 05 50 30.000000  1    0.449773431500E-06                              
AS G30  2026 09 03 05 50 30.000000  1    0.351277823929E-03                              
AS G01  2026 09 03 05 51 00.000000  1    0.181450327084E-03                              
AS G02  2026 09 03 05 51 00.000000  1    0.169025547994E-03                              
AS G03  2026 09 03 05 51 00.000000  1    0.288719337929E-03                              
AS G05  2026 09 03 05 51 00.000000  1   -0.236488454010E-03                              
AS G06  2026 09 03 05 51 00.000000  1   -0.533860184907E-03                              
AS G07  2026 09 03 05 51 00.000000  1   -0.221257854558E-03                              
AS G08  2026 09 03 05 51 00.000000  1    0.356873084245E-03                              
AS G09  2026 09 03 05 51 00.000000  1    0.687250999678E-03                              
AS G10  2026 09 03 05 51 00.000000  1   -0.540053007220E-03                              
AS G12  2026 09 03 05 51 00.000000  1   -0.602917424816E-03                              
AS G13  2026 09 03 05 51 00.000000  1    0.437301597407E-03                              
AS G15  2026 09 03 05 51 00.000000  1    0.441663384917E-03                              
AS G17  2026 09 03 05 51 00.000000  1   -0.196519985279E-03                              
AS G19  2026 09 03 05 51 00.000000  1    0.704936114847E-03                              
AS G20  2026 09 03 05 51 00.000000  1    0.276745555173E-03                              
AS G21  2026 09 03 05 51 00.000000  1    0.370799401055E-03                              
AS G22  2026 09 03 05 51 00.000000  1    0.725807929094E-04                              
AS G23  2026 09 03 05 51 00.000000  1    0.685438920472E-03                              
AS G24  2026 09 03 05 51 00.000000  1    0.190422636427E-03                              
AS G27  2026 09 03 05 51 00.000000  1    0.449643408816E-06                              
AS G30  2026 09 03 05 51 00.000000  1    0.351278198427E-03                              
AS G01  2026 09 03 05 51 30.000000  1    0.181450053322E-03                              
AS G02  2026 09 03 05 51 30.000000  1    0.169025658334E-03                              
AS G03  2026 09 03 05 51 30.000000  1    0.288718702565E-03                              
AS G05  2026 09 03 05 51 30.000000  1   -0.236488495690E-03                              
AS G06  2026 09 03 05 51 30.000000  1   -0.533859865687E-03                              
AS G07  2026 09 03 05 51 30.000000  1   -0.221257892474E-03                              
AS G08  2026 09 03 05 51 30.000000  1    0.356872769929E-03                              
AS G09  2026 09 03 05 51 30.000000  1    0.687250735333E-03                              
AS G10  2026 09 03 05 51 30.000000  1   -0.540052790721E-03                              
AS G12  2026 09 03 05 51 30.000000  1   -0.602917334930E-03                              
AS G13  2026 09 03 05 51 30.000000  1    0.437301750445E-03                              
AS G15  2026 09 03 05 51 30.000000  1    0.441663506318E-03                              
AS G17  2026 09 03 05 51 30.000000  1   -0.196520268672E-03                              
AS G19  2026 09 03 05 51 30.000000  1    0.704936144426E-03                              
AS G20  2026 09 03 05 51 30.000000  1    0.276745827753E-03                              
AS G21  2026 09 03 05 51 30.000000  1    0.370799159096E-03                              
AS G22  2026 09 03 05 51 30.000000  1    0.725810024055E-04                              
AS G23  2026 09 03 05 51 30.000000  1    0.685439026401E-03                              
AS G24  2026 09 03 05 51 30.000000  1    0.190423150588E-03                              
AS G27  2026 09 03 05 51 30.000000  1    0.449616524059E-06                              
AS G30  2026 09 03 05 51 30.000000  1    0.351278577222E-03                              
AS G01  2026 09 03 05 52 00.000000  1    0.181449774090E-03                              
AS G02  2026 09 03 05 52 00.000000  1    0.169025820260E-03                              
AS G03  2026 09 03 05 52 00.000000  1    0.288718081681E-03                              
AS G05  2026 09 03 05 52 00.000000  1   -0.236488500163E-03                              
AS G06  2026 09 03 05 52 00.000000  1   -0.533859548531E-03                              
AS G07  2026 09 03 05 52 00.000000  1   -0.221257867582E-03                              
AS G08  2026 09 03 05 52 00.000000  1    0.356872459143E-03                              
AS G09  2026 09 03 05 52 00.000000  1    0.687250460902E-03                              
AS G10  2026 09 03 05 52 00.000000  1   -0.540052571087E-03                              
AS G12  2026 09 03 05 52 00.000000  1   -0.602917245967E-03                              
AS G13  2026 09 03 05 52 00.000000  1    0.437301903528E-03                              
AS G15  2026 09 03 05 52 00.000000  1    0.441663569069E-03                              
AS G17  2026 09 03 05 52 00.000000  1   -0.196520276824E-03                              
AS G19  2026 09 03 05 52 00.000000  1    0.704936205648E-03                              
AS G20  2026 09 03 05 52 00.000000  1    0.276746105047E-03                              
AS G21  2026 09 03 05 52 00.000000  1    0.370798923103E-03                              
AS G22  2026 09 03 05 52 00.000000  1    0.725811758515E-04                              
AS G23  2026 09 03 05 52 00.000000  1    0.685439141880E-03                              
AS G24  2026 09 03 05 52 00.000000  1    0.190423664953E-03                              
AS G27  2026 09 03 05 52 00.000000  1    0.449638690136E-06                              
AS G30  2026 09 03 05 52 00.000000  1    0.351278960445E-03                              
AS G01  2026 09 03 05 52 30.000000  1    0.181449494062E-03                              
AS G02  2026 09 03 05 52 30.000000  1    0.169025950785E-03                              
AS G03  2026 09 03 05 52 30.000000  1    0.288717463227E-03                              
AS G05  2026 09 03 05 52 30.000000  1   -0.236488493039E-03                              
AS G06  2026 09 03 05 52 30.000000  1   -0.533859225330E-03                              
AS G07  2026 09 03 05 52 30.000000  1   -0.221257993988E-03                              
AS G08  2026 09 03 05 52 30.000000  1    0.356872151063E-03                              
AS G09  2026 09 03 05 52 30.000000  1    0.687250192248E-03                              
AS G10  2026 09 03 05 52 30.000000  1   -0.540052356743E-03                              
AS G12  2026 09 03 05 52 30.000000  1   -0.602917323272E-03                              
AS G13  2026 09 03 05 52 30.000000  1    0.437302060282E-03                              
AS G15  2026 09 03 05 52 30.000000  1    0.441663703690E-03                              
AS G17  2026 09 03 05 52 30.000000  1   -0.196520526364E-03                              
AS G19  2026 09 03 05 52 30.000000  1    0.704936212527E-03                              
AS G20  2026 09 03 05 52 30.000000  1    0.276746380518E-03                              
AS G21  2026 09 03 05 52 30.000000  1    0.370798679754E-03                              
AS G22  2026 09 03 05 52 30.000000  1    0.725813252819E-04                              
AS G23  2026 09 03 05 52 30.000000  1    0.685439245190E-03                              
AS G24  2026 09 03 05 52 30.000000  1    0.190424182228E-03                              
AS G27  2026 09 03 05 52 30.000000  1    0.449657999540E-06                              
AS G30  2026 09 03 05 52 30.000000  1    0.351279326472E-03                              
AS G01  2026 09 03 05 53 00.000000  1    0.181449229928E-03                              
AS G02  2026 09 03 05 53 00.000000  1    0.169026125546E-03                              
AS G03  2026 09 03 05 53 00.000000  1    0.288716839734E-03                              
AS G05  2026 09 03 05 53 00.000000  1   -0.236488349126E-03                              
AS G06  2026 09 03 05 53 00.000000  1   -0.533858897011E-03                              
AS G07  2026 09 03 05 53 00.000000  1   -0.221257949346E-03                              
AS G08  2026 09 03 05 53 00.000000  1    0.356871844888E-03                              
AS G09  2026 09 03 05 53 00.000000  1    0.687249936032E-03                              
AS G10  2026 09 03 05 53 00.000000  1   -0.540052135033E-03                              
AS G12  2026 09 03 05 53 00.000000  1   -0.602917293541E-03                              
AS G13  2026 09 03 05 53 00.000000  1    0.437302201159E-03                              
AS G15  2026 09 03 05 53 00.000000  1    0.441663719366E-03                              
AS G17  2026 09 03 05 53 00.000000  1   -0.196520697734E-03                              
AS G19  2026 09 03 05 53 00.000000  1    0.704936152443E-03                              
AS G20  2026 09 03 05 53 00.000000  1    0.276746661211E-03                              
AS G21  2026 09 03 05 53 00.000000  1    0.370798442207E-03                              
AS G22  2026 09 03 05 53 00.000000  1    0.725816122945E-04                              
AS G23  2026 09 03 05 53 00.000000  1    0.685439355725E-03                              
AS G24  2026 09 03 05 53 00.000000  1    0.190424709144E-03                              
AS G27  2026 09 03 05 53 00.000000  1    0.449744156565E-06                              
AS G30  2026 09 03 05 53 00.000000  1    0.351279715716E-03                              
AS G01  2026 09 03 05 53 30.000000  1    0.181448957839E-03                              
AS G02  2026 09 03 05 53 30.000000  1    0.169026489809E-03                              
AS G03  2026 09 03 05 53 30.000000  1    0.288716220047E-03                              
AS G05  2026 09 03 05 53 30.000000  1   -0.236488384921E-03                              
AS G06  2026 09 03 05 53 30.000000  1   -0.533858569159E-03                              
AS G07  2026 09 03 05 53 30.000000  1   -0.221258107513E-03                              
AS G08  2026 09 03 05 53 30.000000  1    0.356871536290E-03                              
AS G09  2026 09 03 05 53 30.000000  1    0.687249669599E-03                              
AS G10  2026 09 03 05 53 30.000000  1   -0.540051914582E-03                              
AS G12  2026 09 03 05 53 30.000000  1   -0.602917647293E-03                              
AS G13  2026 09 03 05 53 30.000000  1    0.437302354590E-03                              
AS G15  2026 09 03 05 53 30.000000  1    0.441663763307E-03                              
AS G17  2026 09 03 05 53 30.000000  1   -0.196520854574E-03                              
AS G19  2026 09 03 05 53 30.000000  1    0.704936239248E-03                              
AS G20  2026 09 03 05 53 30.000000  1    0.276746928353E-03                              
AS G21  2026 09 03 05 53 30.000000  1    0.370798213916E-03                              
AS G22  2026 09 03 05 53 30.000000  1    0.725818880155E-04                              
AS G23  2026 09 03 05 53 30.000000  1    0.685439461609E-03                              
AS G24  2026 09 03 05 53 30.000000  1    0.190425241517E-03                              
AS G27  2026 09 03 05 53 30.000000  1    0.449709859145E-06                              
AS G30  2026 09 03 05 53 30.000000  1    0.351280099988E-03                              
AS G01  2026 09 03 05 54 00.000000  1    0.181448680694E-03                              
AS G02  2026 09 03 05 54 00.000000  1    0.169026756789E-03                              
AS G03  2026 09 03 05 54 00.000000  1    0.288715598506E-03                              
AS G05  2026 09 03 05 54 00.000000  1   -0.236488505819E-03                              
AS G06  2026 09 03 05 54 00.000000  1   -0.533858250225E-03                              
AS G07  2026 09 03 05 54 00.000000  1   -0.221258189714E-03                              
AS G08  2026 09 03 05 54 00.000000  1    0.356871227628E-03                              
AS G09  2026 09 03 05 54 00.000000  1    0.687249408479E-03                              
AS G10  2026 09 03 05 54 00.000000  1   -0.540051698510E-03                              
AS G12  2026 09 03 05 54 00.000000  1   -0.602917565123E-03                              
AS G13  2026 09 03 05 54 00.000000  1    0.437302502609E-03                              
AS G15  2026 09 03 05 54 00.000000  1    0.441663747261E-03                              
AS G17  2026 09 03 05 54 00.000000  1   -0.196521033648E-03                              
AS G19  2026 09 03 05 54 00.000000  1    0.704936306180E-03                              
AS G20  2026 09 03 05 54 00.000000  1    0.276747206527E-03                              
AS G21  2026 09 03 05 54 00.000000  1    0.370797983654E-03                              
AS G22  2026 09 03 05 54 00.000000  1    0.725822428544E-04                              
AS G23  2026 09 03 05 54 00.000000  1    0.685439576435E-03                              
AS G24  2026 09 03 05 54 00.000000  1    0.190425749398E-03                              
AS G27  2026 09 03 05 54 00.000000  1    0.449713532991E-06                              
AS G30  2026 09 03 05 54 00.000000  1    0.351280482265E-03                              
AS G01  2026 09 03 05 54 30.000000  1    0.181448413850E-03                              
AS G02  2026 09 03 05 54 30.000000  1    0.169027001662E-03                              
AS G03  2026 09 03 05 54 30.000000  1    0.288714973488E-03                              
AS G05  2026 09 03 05 54 30.000000  1   -0.236488707116E-03                              
AS G06  2026 09 03 05 54 30.000000  1   -0.533857927065E-03                              
AS G07  2026 09 03 05 54 30.000000  1   -0.221258411118E-03                              
AS G08  2026 09 03 05 54 30.000000  1    0.356870917063E-03                              
AS G09  2026 09 03 05 54 30.000000  1    0.687249150883E-03                              
AS G10  2026 09 03 05 54 30.000000  1   -0.540051493272E-03                              
AS G12  2026 09 03 05 54 30.000000  1   -0.602917404377E-03                              
AS G13  2026 09 03 05 54 30.000000  1    0.437302650206E-03                              
AS G15  2026 09 03 05 54 30.000000  1    0.441663880428E-03                              
AS G17  2026 09 03 05 54 30.000000  1   -0.196521242012E-03                              
AS G19  2026 09 03 05 54 30.000000  1    0.704936264585E-03                              
AS G20  2026 09 03 05 54 30.000000  1    0.276747476359E-03                              
AS G21  2026 09 03 05 54 30.000000  1    0.370797754542E-03                              
AS G22  2026 09 03 05 54 30.000000  1    0.725825297212E-04                              
AS G23  2026 09 03 05 54 30.000000  1    0.685439690422E-03                              
AS G24  2026 09 03 05 54 30.000000  1    0.190426276969E-03                              
AS G27  2026 09 03 05 54 30.000000  1    0.449809111680E-06                              
AS G30  2026 09 03 05 54 30.000000  1    0.351280852323E-03                              
AS G01  2026 09 03 05 55 00.000000  2    0.181448148020E-03  0.867617304046E-11          
AS G02  2026 09 03 05 55 00.000000  2    0.169027257042E-03  0.869655769398E-11          
AS G03  2026 09 03 05 55 00.000000  2    0.288714363400E-03  0.871280886664E-11          
AS G05  2026 09 03 05 55 00.000000  2   -0.236488781375E-03  0.891340915984E-11          
AS G06  2026 09 03 05 55 00.000000  2   -0.533857603686E-03  0.889507620875E-11          
AS G07  2026 09 03 05 55 00.000000  2   -0.221258605870E-03  0.902965316198E-11          
AS G08  2026 09 03 05 55 00.000000  2    0.356870604946E-03  0.881478740837E-11          
AS G09  2026 09 03 05 55 00.000000  2    0.687248893153E-03  0.906562082713E-11          
AS G10  2026 09 03 05 55 00.000000  2   -0.540051270424E-03  0.913867397374E-11          
AS G12  2026 09 03 05 55 00.000000  2   -0.602917413840E-03  0.913810507763E-11          
AS G13  2026 09 03 05 55 00.000000  2    0.437302799735E-03  0.913922126923E-11          
AS G15  2026 09 03 05 55 00.000000  2    0.441663739662E-03  0.899097749325E-11          
AS G17  2026 09 03 05 55 00.000000  2   -0.196521321543E-03  0.871700097564E-11          
AS G19  2026 09 03 05 55 00.000000  2    0.704936220884E-03  0.882247512441E-11          
AS G20  2026 09 03 05 55 00.000000  2    0.276747746759E-03  0.899700742509E-11          
AS G21  2026 09 03 05 55 00.000000  2    0.370797523349E-03  0.907718693547E-11          
AS G22  2026 09 03 05 55 00.000000  2    0.725827585567E-04  0.873451996530E-11          
AS G23  2026 09 03 05 55 00.000000  2    0.685439799964E-03  0.897822467962E-11          
AS G24  2026 09 03 05 55 00.000000  2    0.190426801703E-03  0.889309890703E-11          
AS G27  2026 09 03 05 55 00.000000  2    0.449756749666E-06  0.906703616280E-11          
AS G30  2026 09 03 05 55 00.000000  2    0.351281240774E-03  0.900663302426E-11          
AS G01  2026 09 03 05 55 30.000000  1    0.181447869897E-03                              
AS G02  2026 09 03 05 55 30.000000  1    0.169027521606E-03                              
AS G03  2026 09 03 05 55 30.000000  1    0.288713743617E-03                              
AS G05  2026 09 03 05 55 30.000000  1   -0.236488733492E-03                              
AS G06  2026 09 03 05 55 30.000000  1   -0.533857284657E-03                              
AS G07  2026 09 03 05 55 30.000000  1   -0.221258437790E-03                              
AS G08  2026 09 03 05 55 30.000000  1    0.356870294786E-03                              
AS G09  2026 09 03 05 55 30.000000  1    0.687248627616E-03                              
AS G10  2026 09 03 05 55 30.000000  1   -0.540051042128E-03                              
AS G12  2026 09 03 05 55 30.000000  1   -0.602917429162E-03                              
AS G13  2026 09 03 05 55 30.000000  1    0.437302939144E-03                              
AS G15  2026 09 03 05 55 30.000000  1    0.441663865369E-03                              
AS G17  2026 09 03 05 55 30.000000  1   -0.196521309918E-03                              
AS G19  2026 09 03 05 55 30.000000  1    0.704936178808E-03                              
AS G20  2026 09 03 05 55 30.000000  1    0.276748016084E-03                              
AS G21  2026 09 03 05 55 30.000000  1    0.370797289346E-03                              
AS G22  2026 09 03 05 55 30.000000  1    0.725830027610E-04                              
AS G23  2026 09 03 05 55 30.000000  1    0.685439909380E-03                              
AS G24  2026 09 03 05 55 30.000000  1    0.190427314556E-03                              
AS G27  2026 09 03 05 55 30.000000  1    0.449775186793E-06                              
AS G30  2026 09 03 05 55 30.000000  1    0.351281618142E-03                              
AS G01  2026 09 03 05 56 00.000000  1    0.181447597871E-03                              
AS G02  2026 09 03 05 56 00.000000  1    0.169027757263E-03                              
AS G03  2026 09 03 05 56 00.000000  1    0.288713114799E-03                              
AS G05  2026 09 03 05 56 00.000000  1   -0.236488610613E-03                              
AS G06  2026 09 03 05 56 00.000000  1   -0.533856961793E-03                              
AS G07  2026 09 03 05 56 00.000000  1   -0.221258476143E-03                              
AS G08  2026 09 03 05 56 00.000000  1    0.356869979669E-03                              
AS G09  2026 09 03 05 56 00.000000  1    0.687248366583E-03                              
AS G10  2026 09 03 05 56 00.000000  1   -0.540050835735E-03                              
AS G12  2026 09 03 05 56 00.000000  1   -0.602917291076E-03                              
AS G13  2026 09 03 05 56 00.000000  1    0.437303074059E-03                              
AS G15  2026 09 03 05 56 00.000000  1    0.441664025007E-03                              
AS G17  2026 09 03 05 56 00.000000  1   -0.196521358824E-03                              
AS G19  2026 09 03 05 56 00.000000  1    0.704936142555E-03                              
AS G20  2026 09 03 05 56 00.000000  1    0.276748281480E-03                              
AS G21  2026 09 03 05 56 00.000000  1    0.370797045204E-03                              
AS G22  2026 09 03 05 56 00.000000  1    0.725832721952E-04                              
AS G23  2026 09 03 05 56 00.000000  1    0.685440024465E-03                              
AS G24  2026 09 03 05 56 00.000000  1    0.190427832783E-03                              
AS G27  2026 09 03 05 56 00.000000  1    0.449759146249E-06                              
AS G30  2026 09 03 05 56 00.000000  1    0.351281994437E-03                              
AS G01  2026 09 03 05 56 30.000000  1    0.181447332254E-03                              
AS G02  2026 09 03 05 56 30.000000  1    0.169027876346E-03                              
AS G03  2026 09 03 05 56 30.000000  1    0.288712484086E-03                              
AS G05  2026 09 03 05 56 30.000000  1   -0.236488435066E-03                              
AS G06  2026 09 03 05 56 30.000000  1   -0.533856640311E-03                              
AS G07  2026 09 03 05 56 30.000000  1   -0.221258755883E-03                              
AS G08  2026 09 03 05 56 30.000000  1    0.356869671633E-03                              
AS G09  2026 09 03 05 56 30.000000  1    0.687248102050E-03                              
AS G10  2026 09 03 05 56 30.000000  1   -0.540050619301E-03                              
AS G12  2026 09 03 05 56 30.000000  1   -0.602917343840E-03                              
AS G13  2026 09 03 05 56 30.000000  1    0.437303216406E-03                              
AS G15  2026 09 03 05 56 30.000000  1    0.441664135470E-03                              
AS G17  2026 09 03 05 56 30.000000  1   -0.196521509869E-03                              
AS G19  2026 09 03 05 56 30.000000  1    0.704936108766E-03                              
AS G20  2026 09 03 05 56 30.000000  1    0.276748553023E-03                              
AS G21  2026 09 03 05 56 30.000000  1    0.370796815400E-03                              
AS G22  2026 09 03 05 56 30.000000  1    0.725834573147E-04                              
AS G23  2026 09 03 05 56 30.000000  1    0.685440127260E-03                              
AS G24  2026 09 03 05 56 30.000000  1    0.190428353288E-03                              
AS G27  2026 09 03 05 56 30.000000  1    0.449796001421E-06                              
AS G30  2026 09 03 05 56 30.000000  1    0.351282373236E-03                              
AS G01  2026 09 03 05 57 00.000000  1    0.181447054143E-03                              
AS G02  2026 09 03 05 57 00.000000  1    0.169028038585E-03                              
AS G03  2026 09 03 05 57 00.000000  1    0.288711851647E-03                              
AS G05  2026 09 03 05 57 00.000000  1   -0.236488301881E-03                              
AS G06  2026 09 03 05 57 00.000000  1   -0.533856320320E-03                              
AS G07  2026 09 03 05 57 00.000000  1   -0.221258795740E-03                              
AS G08  2026 09 03 05 57 00.000000  1    0.356869360278E-03                              
AS G09  2026 09 03 05 57 00.000000  1    0.687247839095E-03                              
AS G10  2026 09 03 05 57 00.000000  1   -0.540050413734E-03                              
AS G12  2026 09 03 05 57 00.000000  1   -0.602917312796E-03                              
AS G13  2026 09 03 05 57 00.000000  1    0.437303372361E-03                              
AS G15  2026 09 03 05 57 00.000000  1    0.441664234147E-03                              
AS G17  2026 09 03 05 57 00.000000  1   -0.196521690661E-03                              
AS G19  2026 09 03 05 57 00.000000  1    0.704936044680E-03                              
AS G20  2026 09 03 05 57 00.000000  1    0.276748826304E-03                              
AS G21  2026 09 03 05 57 00.000000  1    0.370796584707E-03                              
AS G22  2026 09 03 05 57 00.000000  1    0.725837429707E-04                              
AS G23  2026 09 03 05 57 00.000000  1    0.685440239481E-03                              
AS G24  2026 09 03 05 57 00.000000  1    0.190428871170E-03                              
AS G27  2026 09 03 05 57 00.000000  1    0.449815400543E-06                              
AS G30  2026 09 03 05 57 00.000000  1    0.351282750814E-03                              
AS G01  2026 09 03 05 57 30.000000  1    0.181446764939E-03                              
AS G02  2026 09 03 05 57 30.000000  1    0.169028225173E-03                              
AS G03  2026 09 03 05 57 30.000000  1    0.288711230118E-03                              
AS G05  2026 09 03 05 57 30.000000  1   -0.236488468350E-03                              
AS G06  2026 09 03 05 57 30.000000  1   -0.533855997680E-03                              
AS G07  2026 09 03 05 57 30.000000  1   -0.221258920384E-03                              
AS G08  2026 09 03 05 57 30.000000  1    0.356869041539E-03                              
AS G09  2026 09 03 05 57 30.000000  1    0.687247572202E-03                              
AS G10  2026 09 03 05 57 30.000000  1   -0.540050204618E-03                              
AS G12  2026 09 03 05 57 30.000000  1   -0.602917208209E-03                              
AS G13  2026 09 03 05 57 30.000000  1    0.437303504305E-03                              
AS G15  2026 09 03 05 57 30.000000  1    0.441664324949E-03                              
AS G17  2026 09 03 05 57 30.000000  1   -0.196521767180E-03                              
AS G19  2026 09 03 05 57 30.000000  1    0.704935982313E-03                              
AS G20  2026 09 03 05 57 30.000000  1    0.276749094708E-03                              
AS G21  2026 09 03 05 57 30.000000  1    0.370796350940E-03                              
AS G22  2026 09 03 05 57 30.000000  1    0.725841271920E-04                              
AS G23  2026 09 03 05 57 30.000000  1    0.685440342952E-03                              
AS G24  2026 09 03 05 57 30.000000  1    0.190429389260E-03                              
AS G27  2026 09 03 05 57 30.000000  1    0.449812221825E-06                              
AS G30  2026 09 03 05 57 30.000000  1    0.351283120268E-03                              
AS G01  2026 09 03 05 58 00.000000  1    0.181446489326E-03                              
AS G02  2026 09 03 05 58 00.000000  1    0.169028476599E-03                              
AS G03  2026 09 03 05 58 00.000000  1    0.288710606551E-03                              
AS G05  2026 09 03 05 58 00.000000  1   -0.236488456741E-03                              
AS G06  2026 09 03 05 58 00.000000  1   -0.533855672668E-03                              
AS G07  2026 09 03 05 58 00.000000  1   -0.221259102571E-03                              
AS G08  2026 09 03 05 58 00.000000  1    0.356868732719E-03                              
AS G09  2026 09 03 05 58 00.000000  1    0.687247305387E-03                              
AS G10  2026 09 03 05 58 00.000000  1   -0.540049989886E-03                              
AS G12  2026 09 03 05 58 00.000000  1   -0.602917136630E-03                              
AS G13  2026 09 03 05 58 00.000000  1    0.437303647265E-03                              
AS G15  2026 09 03 05 58 00.000000  1    0.441664366604E-03                              
AS G17  2026 09 03 05 58 00.000000  1   -0.196521944513E-03                              
AS G19  2026 09 03 05 58 00.000000  1    0.704935975395E-03                              
AS G20  2026 09 03 05 58 00.000000  1    0.276749362504E-03                              
AS G21  2026 09 03 05 58 00.000000  1    0.370796125294E-03                              
AS G22  2026 09 03 05 58 00.000000  1    0.725845268217E-04                              
AS G23  2026 09 03 05 58 00.000000  1    0.685440451958E-03                              
AS G24  2026 09 03 05 58 00.000000  1    0.190429899016E-03                              
AS G27  2026 09 03 05 58 00.000000  1    0.449859277683E-06                              
AS G30  2026 09 03 05 58 00.000000  1    0.351283491599E-03                              
AS G01  2026 09 03 05 58 30.000000  1    0.181446219942E-03                              
AS G02  2026 09 03 05 58 30.000000  1    0.169028723636E-03                              
AS G03  2026 09 03 05 58 30.000000  1    0.288709980427E-03                              
AS G05  2026 09 03 05 58 30.000000  1   -0.236488645036E-03                              
AS G06  2026 09 03 05 58 30.000000  1   -0.533855351099E-03                              
AS G07  2026 09 03 05 58 30.000000  1   -0.221259190331E-03                              
AS G08  2026 09 03 05 58 30.000000  1    0.356868427371E-03                              
AS G09  2026 09 03 05 58 30.000000  1    0.687247035709E-03                              
AS G10  2026 09 03 05 58 30.000000  1   -0.540049774551E-03                              
AS G12  2026 09 03 05 58 30.000000  1   -0.602917011509E-03                              
AS G13  2026 09 03 05 58 30.000000  1    0.437303795280E-03                              
AS G15  2026 09 03 05 58 30.000000  1    0.441664440361E-03                              
AS G17  2026 09 03 05 58 30.000000  1   -0.196522125215E-03                              
AS G19  2026 09 03 05 58 30.000000  1    0.704936045530E-03                              
AS G20  2026 09 03 05 58 30.000000  1    0.276749629798E-03                              
AS G21  2026 09 03 05 58 30.000000  1    0.370795877362E-03                              
AS G22  2026 09 03 05 58 30.000000  1    0.725847894307E-04                              
AS G23  2026 09 03 05 58 30.000000  1    0.685440559265E-03                              
AS G24  2026 09 03 05 58 30.000000  1    0.190430412885E-03                              
AS G27  2026 09 03 05 58 30.000000  1    0.449849344158E-06                              
AS G30  2026 09 03 05 58 30.000000  1    0.351283873513E-03                              
AS G01  2026 09 03 05 59 00.000000  1    0.181445943606E-03                              
AS G02  2026 09 03 05 59 00.000000  1    0.169029122767E-03                              
AS G03  2026 09 03 05 59 00.000000  1    0.288709359267E-03                              
AS G05  2026 09 03 05 59 00.000000  1   -0.236488652807E-03                              
AS G06  2026 09 03 05 59 00.000000  1   -0.533855042559E-03                              
AS G07  2026 09 03 05 59 00.000000  1   -0.221259107130E-03                              
AS G08  2026 09 03 05 59 00.000000  1    0.356868110919E-03                              
AS G09  2026 09 03 05 59 00.000000  1    0.687246765923E-03                              
AS G10  2026 09 03 05 59 00.000000  1   -0.540049561988E-03                              
AS G12  2026 09 03 05 59 00.000000  1   -0.602916885290E-03                              
AS G13  2026 09 03 05 59 00.000000  1    0.437303934609E-03                              
AS G15  2026 09 03 05 59 00.000000  1    0.441664512541E-03                              
AS G17  2026 09 03 05 59 00.000000  1   -0.196522364667E-03                              
AS G19  2026 09 03 05 59 00.000000  1    0.704936121308E-03                              
AS G20  2026 09 03 05 59 00.000000  1    0.276749895290E-03                              
AS G21  2026 09 03 05 59 00.000000  1    0.370795658820E-03                              
AS G22  2026 09 03 05 59 00.000000  1    0.725849749907E-04                              
AS G23  2026 09 03 05 59 00.000000  1    0.685440650259E-03                              
AS G24  2026 09 03 05 59 00.000000  1    0.190430937062E-03                              
AS G27  2026 09 03 05 59 00.000000  1    0.449857126881E-06                              
AS G30  2026 09 03 05 59 00.000000  1    0.351284238253E-03                              
AS G01  2026 09 03 05 59 30.000000  1    0.181445669128E-03                              
AS G02  2026 09 03 05 59 30.000000  1    0.169029292643E-03                              
AS G03  2026 09 03 05 59 30.000000  1    0.288708732267E-03                              
AS G05  2026 09 03 05 59 30.000000  1   -0.236488550034E-03                              
AS G06  2026 09 03 05 59 30.000000  1   -0.533854722355E-03                              
AS G07  2026 09 03 05 59 30.000000  1   -0.221259299991E-03                              
AS G08  2026 09 03 05 59 30.000000  1    0.356867804774E-03                              
AS G09  2026 09 03 05 59 30.000000  1    0.687246498956E-03                              
AS G10  2026 09 03 05 59 30.000000  1   -0.540049353268E-03                              
AS G12  2026 09 03 05 59 30.000000  1   -0.602916819979E-03                              
AS G13  2026 09 03 05 59 30.000000  1    0.437304079484E-03                              
AS G15  2026 09 03 05 59 30.000000  1    0.441664548634E-03                              
AS G17  2026 09 03 05 59 30.000000  1   -0.196522559047E-03                              
AS G19  2026 09 03 05 59 30.000000  1    0.704936087041E-03                              
AS G20  2026 09 03 05 59 30.000000  1    0.276750169841E-03                              
AS G21  2026 09 03 05 59 30.000000  1    0.370795435817E-03                              
AS G22  2026 09 03 05 59 30.000000  1    0.725850161471E-04                              
AS G23  2026 09 03 05 59 30.000000  1    0.685440763841E-03                              
AS G24  2026 09 03 05 59 30.000000  1    0.190431442850E-03                              
AS G27  2026 09 03 05 59 30.000000  1    0.449843406038E-06                              
AS G30  2026 09 03 05 59 30.000000  1    0.351284617227E-03                              
AS G01  2026 09 03 06 00 00.000000  2    0.181445393294E-03  0.889387211583E-11          
AS G02  2026 09 03 06 00 00.000000  2    0.169029441397E-03  0.891602074175E-11          
AS G03  2026 09 03 06 00 00.000000  2    0.288708105940E-03  0.892330745825E-11          
AS G05  2026 09 03 06 00 00.000000  2   -0.236488519714E-03  0.913314153519E-11          
AS G06  2026 09 03 06 00 00.000000  2   -0.533854402326E-03  0.909482353690E-11          
AS G07  2026 09 03 06 00 00.000000  2   -0.221259470490E-03  0.924765910762E-11          
AS G08  2026 09 03 06 00 00.000000  2    0.356867495138E-03  0.904407696619E-11          
AS G09  2026 09 03 06 00 00.000000  2    0.687246232179E-03  0.929541445868E-11          
AS G10  2026 09 03 06 00 00.000000  2   -0.540049136422E-03  0.936241132538E-11          
AS G12  2026 09 03 06 00 00.000000  2   -0.602916838272E-03  0.934691615212E-11          
AS G13  2026 09 03 06 00 00.000000  2    0.437304226374E-03  0.933127784609E-11          
AS G15  2026 09 03 06 00 00.000000  2    0.441664593049E-03  0.919922894837E-11          
AS G17  2026 09 03 06 00 00.000000  2   -0.196522713992E-03  0.892917331204E-11          
AS G19  2026 09 03 06 00 00.000000  2    0.704936028437E-03  0.903229528305E-11          
AS G20  2026 09 03 06 00 00.000000  2    0.276750446509E-03  0.921067251900E-11          
AS G21  2026 09 03 06 00 00.000000  2    0.370795194729E-03  0.928868922096E-11          
AS G22  2026 09 03 06 00 00.000000  2    0.725853349473E-04  0.895135466111E-11          
AS G23  2026 09 03 06 00 00.000000  2    0.685440882592E-03  0.919546381824E-11          
AS G24  2026 09 03 06 00 00.000000  2    0.190431956018E-03  0.910440994461E-11          
AS G27  2026 09 03 06 00 00.000000  2    0.449727986275E-06  0.929027215940E-11          
AS G30  2026 09 03 06 00 00.000000  2    0.351284997447E-03  0.922568981055E-11          
AS G01  2026 09 03 06 00 30.000000  1    0.181445105898E-03                              
AS G02  2026 09 03 06 00 30.000000  1    0.169029562948E-03                              
AS G03  2026 09 03 06 00 30.000000  1    0.288707476869E-03                              
AS G05  2026 09 03 06 00 30.000000  1   -0.236488627602E-03                              
AS G06  2026 09 03 06 00 30.000000  1   -0.533854095261E-03                              
AS G07  2026 09 03 06 00 30.000000  1   -0.221259439537E-03                              
AS G08  2026 09 03 06 00 30.000000  1    0.356867181729E-03                              
AS G09  2026 09 03 06 00 30.000000  1    0.687245972495E-03                              
AS G10  2026 09 03 06 00 30.000000  1   -0.540048936456E-03                              
AS G12  2026 09 03 06 00 30.000000  1   -0.602916814620E-03                              
AS G13  2026 09 03 06 00 30.000000  1    0.437304363650E-03                              
AS G15  2026 09 03 06 00 30.000000  1    0.441664703376E-03                              
AS G17  2026 09 03 06 00 30.000000  1   -0.196522879134E-03                              
AS G19  2026 09 03 06 00 30.000000  1    0.704936050052E-03                              
AS G20  2026 09 03 06 00 30.000000  1    0.276750712107E-03                              
AS G21  2026 09 03 06 00 30.000000  1    0.370794957561E-03                              
AS G22  2026 09 03 06 00 30.000000  1    0.725856995515E-04                              
AS G23  2026 09 03 06 00 30.000000  1    0.685440986835E-03                              
AS G24  2026 09 03 06 00 30.000000  1    0.190432481222E-03                              
AS G27  2026 09 03 06 00 30.000000  1    0.449810911510E-06                              
AS G30  2026 09 03 06 00 30.000000  1    0.351285367962E-03                              
AS G01  2026 09 03 06 01 00.000000  1    0.181444842214E-03                              
AS G02  2026 09 03 06 01 00.000000  1    0.169029580557E-03                              
AS G03  2026 09 03 06 01 00.000000  1    0.288706864219E-03                              
AS G05  2026 09 03 06 01 00.000000  1   -0.236488731699E-03                              
AS G06  2026 09 03 06 01 00.000000  1   -0.533853767830E-03                              
AS G07  2026 09 03 06 01 00.000000  1   -0.221259460735E-03                              
AS G08  2026 09 03 06 01 00.000000  1    0.356866871105E-03                              
AS G09  2026 09 03 06 01 00.000000  1    0.687245701352E-03                              
AS G10  2026 09 03 06 01 00.000000  1   -0.540048718039E-03                              
AS G12  2026 09 03 06 01 00.000000  1   -0.602916733603E-03                              
AS G13  2026 09 03 06 01 00.000000  1    0.437304523326E-03                              
AS G15  2026 09 03 06 01 00.000000  1    0.441664759406E-03                              
AS G17  2026 09 03 06 01 00.000000  1   -0.196522972511E-03                              
AS G19  2026 09 03 06 01 00.000000  1    0.704936061289E-03                              
AS G20  2026 09 03 06 01 00.000000  1    0.276750985405E-03                              
AS G21  2026 09 03 06 01 00.000000  1    0.370794717075E-03                              
AS G22  2026 09 03 06 01 00.000000  1    0.725859468999E-04                              
AS G23  2026 09 03 06 01 00.000000  1    0.685441098676E-03                              
AS G24  2026 09 03 06 01 00.000000  1    0.190433008316E-03                              
AS G27  2026 09 03 06 01 00.000000  1    0.449830666863E-06                              
AS G30  2026 09 03 06 01 00.000000  1    0.351285743499E-03                              
AS G01  2026 09 03 06 01 30.000000  1    0.181444574369E-03                              
AS G02  2026 09 03 06 01 30.000000  1    0.169029817314E-03                              
AS G03  2026 09 03 06 01 30.000000  1    0.288706243023E-03                              
AS G05  2026 09 03 06 01 30.000000  1   -0.236488850979E-03                              
AS G06  2026 09 03 06 01 30.000000  1   -0.533853435002E-03                              
AS G07  2026 09 03 06 01 30.000000  1   -0.221259729418E-03                              
AS G08  2026 09 03 06 01 30.000000  1    0.356866559300E-03                              
AS G09  2026 09 03 06 01 30.000000  1    0.687245440849E-03                              
AS G10  2026 09 03 06 01 30.000000  1   -0.540048482198E-03                              
AS G12  2026 09 03 06 01 30.000000  1   -0.602916734889E-03                              
AS G13  2026 09 03 06 01 30.000000  1    0.437304664619E-03                              
AS G15  2026 09 03 06 01 30.000000  1    0.441664900376E-03                              
AS G17  2026 09 03 06 01 30.000000  1   -0.196523229671E-03                              
AS G19  2026 09 03 06 01 30.000000  1    0.704936031072E-03                              
AS G20  2026 09 03 06 01 30.000000  1    0.276751268038E-03                              
AS G21  2026 09 03 06 01 30.000000  1    0.370794495134E-03                              
AS G22  2026 09 03 06 01 30.000000  1    0.725862990283E-04                              
AS G23  2026 09 03 06 01 30.000000  1    0.685441203846E-03                              
AS G24  2026 09 03 06 01 30.000000  1    0.190433527465E-03                              
AS G27  2026 09 03 06 01 30.000000  1    0.449767019397E-06                              
AS G30  2026 09 03 06 01 30.000000  1    0.351286126808E-03                              
AS G01  2026 09 03 06 02 00.000000  1    0.181444305035E-03                              
AS G02  2026 09 03 06 02 00.000000  1    0.169030109888E-03                              
AS G03  2026 09 03 06 02 00.000000  1    0.288705627598E-03                              
AS G05  2026 09 03 06 02 00.000000  1   -0.236488955473E-03                              
AS G06  2026 09 03 06 02 00.000000  1   -0.533853107909E-03                              
AS G07  2026 09 03 06 02 00.000000  1   -0.221259895489E-03                              
AS G08  2026 09 03 06 02 00.000000  1    0.356866261747E-03                              
AS G09  2026 09 03 06 02 00.000000  1    0.687245179500E-03                              
AS G10  2026 09 03 06 02 00.000000  1   -0.540048269164E-03                              
AS G12  2026 09 03 06 02 00.000000  1   -0.602916883257E-03                              
AS G13  2026 09 03 06 02 00.000000  1    0.437304824107E-03                              
AS G15  2026 09 03 06 02 00.000000  1    0.441665067554E-03                              
AS G17  2026 09 03 06 02 00.000000  1   -0.196523234316E-03                              
AS G19  2026 09 03 06 02 00.000000  1    0.704936065757E-03                              
AS G20  2026 09 03 06 02 00.000000  1    0.276751548246E-03                              
AS G21  2026 09 03 06 02 00.000000  1    0.370794251709E-03                              
AS G22  2026 09 03 06 02 00.000000  1    0.725865476735E-04                              
AS G23  2026 09 03 06 02 00.000000  1    0.685441324250E-03                              
AS G24  2026 09 03 06 02 00.000000  1    0.190434052481E-03                              
AS G27  2026 09 03 06 02 00.000000  1    0.449800446200E-06                              
AS G30  2026 09 03 06 02 00.000000  1    0.351286512662E-03                              
